[pod/vitess-operator-dcb9bc6cc-4bwlw/vitess-operator] {"level":"info","ts":"2026-02-12T18:35:46Z","logger":"manager","msg":"Operator Version: 2.16.0"}
[pod/vitess-operator-dcb9bc6cc-4bwlw/vitess-operator] {"level":"info","ts":"2026-02-12T18:35:46Z","logger":"manager","msg":"Go Version: go1.25.1"}
[pod/vitess-operator-dcb9bc6cc-4bwlw/vitess-operator] {"level":"info","ts":"2026-02-12T18:35:46Z","logger":"manager","msg":"Go OS/Arch: linux/amd64"}
[pod/vitess-operator-dcb9bc6cc-4bwlw/vitess-operator] {"level":"info","ts":"2026-02-12T18:35:46Z","logger":"leader","msg":"Trying to become the leader."}
[pod/vitess-operator-dcb9bc6cc-4bwlw/vitess-operator] {"level":"info","ts":"2026-02-12T18:35:46Z","logger":"leader","msg":"No pre-existing lock was found."}
[pod/vitess-operator-dcb9bc6cc-4bwlw/vitess-operator] {"level":"info","ts":"2026-02-12T18:35:46Z","logger":"leader","msg":"Became the leader."}
[pod/vitess-operator-dcb9bc6cc-4bwlw/vitess-operator] {"level":"info","ts":"2026-02-12T18:35:46Z","logger":"controller-manager","msg":"Registering Components."}
[pod/vitess-operator-dcb9bc6cc-4bwlw/vitess-operator] {"level":"info","ts":"2026-02-12T18:35:46Z","logger":"manager","msg":"Starting the manager."}
[pod/vitess-operator-dcb9bc6cc-4bwlw/vitess-operator] {"level":"info","ts":"2026-02-12T18:35:46Z","logger":"controller-runtime.metrics","msg":"Starting metrics server"}
[pod/vitess-operator-dcb9bc6cc-4bwlw/vitess-operator] {"level":"info","ts":"2026-02-12T18:35:46Z","logger":"controller-runtime.metrics","msg":"Serving metrics server","bindAddress":"0.0.0.0:8383","secure":false}
[pod/vitess-operator-dcb9bc6cc-4bwlw/vitess-operator] {"level":"info","ts":"2026-02-12T18:35:46Z","msg":"Starting EventSource","controller":"vitessbackupstorage-controller","source":"kind source: *v1.Pod"}
[pod/vitess-operator-dcb9bc6cc-4bwlw/vitess-operator] {"level":"info","ts":"2026-02-12T18:35:46Z","msg":"Starting EventSource","controller":"etcdlockserver-controller","source":"kind source: *v2.EtcdLockserver"}
[pod/vitess-operator-dcb9bc6cc-4bwlw/vitess-operator] {"level":"info","ts":"2026-02-12T18:35:46Z","msg":"Starting EventSource","controller":"etcdlockserver-controller","source":"kind source: *v1.Pod"}
[pod/vitess-operator-dcb9bc6cc-4bwlw/vitess-operator] {"level":"info","ts":"2026-02-12T18:35:46Z","msg":"Starting EventSource","controller":"etcdlockserver-controller","source":"kind source: *v1.Service"}
[pod/vitess-operator-dcb9bc6cc-4bwlw/vitess-operator] {"level":"info","ts":"2026-02-12T18:35:46Z","msg":"Starting EventSource","controller":"etcdlockserver-controller","source":"kind source: *v1.PersistentVolumeClaim"}
[pod/vitess-operator-dcb9bc6cc-4bwlw/vitess-operator] {"level":"info","ts":"2026-02-12T18:35:46Z","msg":"Starting EventSource","controller":"vitessbackupschedule-controller","source":"channel source: 0xc000373f10"}
[pod/vitess-operator-dcb9bc6cc-4bwlw/vitess-operator] {"level":"info","ts":"2026-02-12T18:35:46Z","msg":"Starting EventSource","controller":"vitessbackupstorage-controller","source":"kind source: *v2.VitessBackupStorage"}
[pod/vitess-operator-dcb9bc6cc-4bwlw/vitess-operator] {"level":"info","ts":"2026-02-12T18:35:46Z","msg":"Starting EventSource","controller":"etcdlockserver-controller","source":"kind source: *v1.PodDisruptionBudget"}
[pod/vitess-operator-dcb9bc6cc-4bwlw/vitess-operator] {"level":"info","ts":"2026-02-12T18:35:46Z","msg":"Starting EventSource","controller":"vitessbackupschedule-controller","source":"kind source: *v2.VitessBackupSchedule"}
[pod/vitess-operator-dcb9bc6cc-4bwlw/vitess-operator] {"level":"info","ts":"2026-02-12T18:35:46Z","msg":"Starting EventSource","controller":"vitessbackupschedule-controller","source":"kind source: *v1.Job"}
[pod/vitess-operator-dcb9bc6cc-4bwlw/vitess-operator] {"level":"info","ts":"2026-02-12T18:35:46Z","msg":"Starting EventSource","controller":"vitesscluster-controller","source":"channel source: 0xc0003800e0"}
[pod/vitess-operator-dcb9bc6cc-4bwlw/vitess-operator] {"level":"info","ts":"2026-02-12T18:35:46Z","msg":"Starting EventSource","controller":"vitesscluster-controller","source":"kind source: *v2.VitessCluster"}
[pod/vitess-operator-dcb9bc6cc-4bwlw/vitess-operator] {"level":"info","ts":"2026-02-12T18:35:46Z","msg":"Starting EventSource","controller":"vitesscluster-controller","source":"kind source: *v1.Service"}
[pod/vitess-operator-dcb9bc6cc-4bwlw/vitess-operator] {"level":"info","ts":"2026-02-12T18:35:46Z","msg":"Starting EventSource","controller":"vitesscluster-controller","source":"kind source: *v1.Deployment"}
[pod/vitess-operator-dcb9bc6cc-4bwlw/vitess-operator] {"level":"info","ts":"2026-02-12T18:35:46Z","msg":"Starting EventSource","controller":"vitesscell-controller","source":"channel source: 0xc000380070"}
[pod/vitess-operator-dcb9bc6cc-4bwlw/vitess-operator] {"level":"info","ts":"2026-02-12T18:35:46Z","msg":"Starting EventSource","controller":"vitesscluster-controller","source":"kind source: *v2.VitessCell"}
[pod/vitess-operator-dcb9bc6cc-4bwlw/vitess-operator] {"level":"info","ts":"2026-02-12T18:35:46Z","msg":"Starting EventSource","controller":"vitesscluster-controller","source":"kind source: *v2.VitessKeyspace"}
[pod/vitess-operator-dcb9bc6cc-4bwlw/vitess-operator] {"level":"info","ts":"2026-02-12T18:35:46Z","msg":"Starting EventSource","controller":"vitesscluster-controller","source":"kind source: *v2.VitessBackupStorage"}
[pod/vitess-operator-dcb9bc6cc-4bwlw/vitess-operator] {"level":"info","ts":"2026-02-12T18:35:46Z","msg":"Starting EventSource","controller":"vitesscluster-controller","source":"kind source: *v2.EtcdLockserver"}
[pod/vitess-operator-dcb9bc6cc-4bwlw/vitess-operator] {"level":"info","ts":"2026-02-12T18:35:46Z","msg":"Starting EventSource","controller":"vitesscell-controller","source":"kind source: *v2.VitessKeyspace"}
[pod/vitess-operator-dcb9bc6cc-4bwlw/vitess-operator] {"level":"info","ts":"2026-02-12T18:35:46Z","msg":"Starting EventSource","controller":"vitesscell-controller","source":"kind source: *v2.VitessCell"}
[pod/vitess-operator-dcb9bc6cc-4bwlw/vitess-operator] {"level":"info","ts":"2026-02-12T18:35:46Z","msg":"Starting EventSource","controller":"vitesscell-controller","source":"kind source: *v1.Service"}
[pod/vitess-operator-dcb9bc6cc-4bwlw/vitess-operator] {"level":"info","ts":"2026-02-12T18:35:46Z","msg":"Starting EventSource","controller":"vitesscell-controller","source":"kind source: *v1.Deployment"}
[pod/vitess-operator-dcb9bc6cc-4bwlw/vitess-operator] {"level":"info","ts":"2026-02-12T18:35:46Z","msg":"Starting EventSource","controller":"vitesscell-controller","source":"kind source: *v2.HorizontalPodAutoscaler"}
[pod/vitess-operator-dcb9bc6cc-4bwlw/vitess-operator] {"level":"info","ts":"2026-02-12T18:35:46Z","msg":"Starting EventSource","controller":"vitesscell-controller","source":"kind source: *v2.EtcdLockserver"}
[pod/vitess-operator-dcb9bc6cc-4bwlw/vitess-operator] {"level":"info","ts":"2026-02-12T18:35:46Z","msg":"Starting EventSource","controller":"vitesscell-controller","source":"kind source: *v1.Secret"}
[pod/vitess-operator-dcb9bc6cc-4bwlw/vitess-operator] {"level":"info","ts":"2026-02-12T18:35:46Z","msg":"Starting EventSource","controller":"vitesskeyspace-controller","source":"channel source: 0xc000380150"}
[pod/vitess-operator-dcb9bc6cc-4bwlw/vitess-operator] {"level":"info","ts":"2026-02-12T18:35:46Z","msg":"Starting EventSource","controller":"vitessshardreplication-controller","source":"channel source: 0xc0003802a0"}
[pod/vitess-operator-dcb9bc6cc-4bwlw/vitess-operator] {"level":"info","ts":"2026-02-12T18:35:46Z","msg":"Starting EventSource","controller":"vitesskeyspace-controller","source":"kind source: *v2.VitessKeyspace"}
[pod/vitess-operator-dcb9bc6cc-4bwlw/vitess-operator] {"level":"info","ts":"2026-02-12T18:35:46Z","msg":"Starting EventSource","controller":"vitesskeyspace-controller","source":"kind source: *v2.VitessShard"}
[pod/vitess-operator-dcb9bc6cc-4bwlw/vitess-operator] {"level":"info","ts":"2026-02-12T18:35:46Z","msg":"Starting EventSource","controller":"vitessshard-controller","source":"channel source: 0xc0003801c0"}
[pod/vitess-operator-dcb9bc6cc-4bwlw/vitess-operator] {"level":"info","ts":"2026-02-12T18:35:46Z","msg":"Starting EventSource","controller":"vitessshardreplication-controller","source":"kind source: *v2.VitessShard"}
[pod/vitess-operator-dcb9bc6cc-4bwlw/vitess-operator] {"level":"info","ts":"2026-02-12T18:35:46Z","msg":"Starting EventSource","controller":"vitessshardreplication-controller","source":"kind source: *v1.Pod"}
[pod/vitess-operator-dcb9bc6cc-4bwlw/vitess-operator] {"level":"info","ts":"2026-02-12T18:35:46Z","msg":"Starting EventSource","controller":"vitessshard-controller","source":"kind source: *v1.PersistentVolumeClaim"}
[pod/vitess-operator-dcb9bc6cc-4bwlw/vitess-operator] {"level":"info","ts":"2026-02-12T18:35:46Z","msg":"Starting EventSource","controller":"vitessshard-controller","source":"kind source: *v1.Pod"}
[pod/vitess-operator-dcb9bc6cc-4bwlw/vitess-operator] {"level":"info","ts":"2026-02-12T18:35:46Z","msg":"Starting EventSource","controller":"vitessshard-controller","source":"kind source: *v2.VitessBackup"}
[pod/vitess-operator-dcb9bc6cc-4bwlw/vitess-operator] {"level":"info","ts":"2026-02-12T18:35:46Z","msg":"Starting EventSource","controller":"vitessshard-controller","source":"kind source: *v2.VitessShard"}
[pod/vitess-operator-dcb9bc6cc-4bwlw/vitess-operator] {"level":"info","ts":"2026-02-12T18:35:46Z","msg":"Starting Controller","controller":"vitessbackupstorage-controller"}
[pod/vitess-operator-dcb9bc6cc-4bwlw/vitess-operator] {"level":"info","ts":"2026-02-12T18:35:46Z","msg":"Starting workers","controller":"vitessbackupstorage-controller","worker count":10}
[pod/vitess-operator-dcb9bc6cc-4bwlw/vitess-operator] {"level":"info","ts":"2026-02-12T18:35:46Z","msg":"Starting Controller","controller":"etcdlockserver-controller"}
[pod/vitess-operator-dcb9bc6cc-4bwlw/vitess-operator] {"level":"info","ts":"2026-02-12T18:35:46Z","msg":"Starting workers","controller":"etcdlockserver-controller","worker count":10}
[pod/vitess-operator-dcb9bc6cc-4bwlw/vitess-operator] {"level":"info","ts":"2026-02-12T18:35:46Z","msg":"Starting Controller","controller":"vitessbackupschedule-controller"}
[pod/vitess-operator-dcb9bc6cc-4bwlw/vitess-operator] {"level":"info","ts":"2026-02-12T18:35:46Z","msg":"Starting workers","controller":"vitessbackupschedule-controller","worker count":10}
[pod/vitess-operator-dcb9bc6cc-4bwlw/vitess-operator] {"level":"info","ts":"2026-02-12T18:35:46Z","msg":"Starting Controller","controller":"vitesscell-controller"}
[pod/vitess-operator-dcb9bc6cc-4bwlw/vitess-operator] {"level":"info","ts":"2026-02-12T18:35:46Z","msg":"Starting workers","controller":"vitesscell-controller","worker count":10}
[pod/vitess-operator-dcb9bc6cc-4bwlw/vitess-operator] {"level":"info","ts":"2026-02-12T18:35:46Z","msg":"Starting Controller","controller":"vitesskeyspace-controller"}
[pod/vitess-operator-dcb9bc6cc-4bwlw/vitess-operator] {"level":"info","ts":"2026-02-12T18:35:46Z","msg":"Starting workers","controller":"vitesskeyspace-controller","worker count":10}
[pod/vitess-operator-dcb9bc6cc-4bwlw/vitess-operator] {"level":"info","ts":"2026-02-12T18:35:46Z","msg":"Starting Controller","controller":"vitesscluster-controller"}
[pod/vitess-operator-dcb9bc6cc-4bwlw/vitess-operator] {"level":"info","ts":"2026-02-12T18:35:46Z","msg":"Starting workers","controller":"vitesscluster-controller","worker count":10}
[pod/vitess-operator-dcb9bc6cc-4bwlw/vitess-operator] {"level":"info","ts":"2026-02-12T18:35:47Z","msg":"Starting Controller","controller":"vitessshardreplication-controller"}
[pod/vitess-operator-dcb9bc6cc-4bwlw/vitess-operator] {"level":"info","ts":"2026-02-12T18:35:47Z","msg":"Starting workers","controller":"vitessshardreplication-controller","worker count":10}
[pod/vitess-operator-dcb9bc6cc-4bwlw/vitess-operator] {"level":"info","ts":"2026-02-12T18:35:47Z","msg":"Starting Controller","controller":"vitessshard-controller"}
[pod/vitess-operator-dcb9bc6cc-4bwlw/vitess-operator] {"level":"info","ts":"2026-02-12T18:35:47Z","msg":"Starting workers","controller":"vitessshard-controller","worker count":10}
[pod/vitess-operator-dcb9bc6cc-4bwlw/vitess-operator] time="2026-02-12T18:35:58Z" level=info msg="Reconciling VitessCluster" VitessCluster=example controller=VitessCluster namespace=vitess
[pod/vitess-operator-dcb9bc6cc-4bwlw/vitess-operator] time="2026-02-12T18:35:58Z" level=info msg="Reconciling EtcdLockserver" controller=EtcdLockserver etcdlockserver=example-etcd-faf13de3 namespace=vitess
[pod/vitess-operator-dcb9bc6cc-4bwlw/vitess-operator] time="2026-02-12T18:35:58Z" level=info msg="Reconciling VitessCell" controller=VitessCell namespace=vitess vitesscell=example-zone1-5abb61ae
[pod/vitess-operator-dcb9bc6cc-4bwlw/vitess-operator] time="2026-02-12T18:35:58Z" level=info msg="connecting to Vitess topology server" address="example-etcd-faf13de3-client.vitess.svc:2379" component=toposerver.connpool implementation=etcd2 rootPath=/vitess/example/global
[pod/vitess-operator-dcb9bc6cc-4bwlw/vitess-operator] W0212 18:35:58.647412       1 component.go:39] [core] [Channel #1 SubChannel #2]grpc: addrConn.createTransport failed to connect to {Addr: "example-etcd-faf13de3-client.vitess.svc:2379", ServerName: "example-etcd-faf13de3-client.vitess.svc:2379", }. Err: connection error: desc = "transport: Error while dialing: dial tcp 172.20.140.67:2379: connect: connection refused"
[pod/vitess-operator-dcb9bc6cc-4bwlw/vitess-operator] time="2026-02-12T18:35:58Z" level=info msg="Reconciling EtcdLockserver" controller=EtcdLockserver etcdlockserver=example-etcd-faf13de3 namespace=vitess
[pod/vitess-operator-dcb9bc6cc-4bwlw/vitess-operator] time="2026-02-12T18:35:58Z" level=info msg="Reconciling EtcdLockserver" controller=EtcdLockserver etcdlockserver=example-etcd-faf13de3 namespace=vitess
[pod/vitess-operator-dcb9bc6cc-4bwlw/vitess-operator] time="2026-02-12T18:35:58Z" level=info msg="Reconciling EtcdLockserver" controller=EtcdLockserver etcdlockserver=example-etcd-faf13de3 namespace=vitess
[pod/vitess-operator-dcb9bc6cc-4bwlw/vitess-operator] time="2026-02-12T18:35:58Z" level=info msg="Reconciling EtcdLockserver" controller=EtcdLockserver etcdlockserver=example-etcd-faf13de3 namespace=vitess
[pod/vitess-operator-dcb9bc6cc-4bwlw/vitess-operator] time="2026-02-12T18:35:58Z" level=info msg="Reconciling EtcdLockserver" controller=EtcdLockserver etcdlockserver=example-etcd-faf13de3 namespace=vitess
[pod/vitess-operator-dcb9bc6cc-4bwlw/vitess-operator] time="2026-02-12T18:35:59Z" level=info msg="Reconciling EtcdLockserver" controller=EtcdLockserver etcdlockserver=example-etcd-faf13de3 namespace=vitess
[pod/vitess-operator-dcb9bc6cc-4bwlw/vitess-operator] time="2026-02-12T18:35:59Z" level=info msg="Reconciling EtcdLockserver" controller=EtcdLockserver etcdlockserver=example-etcd-faf13de3 namespace=vitess
[pod/vitess-operator-dcb9bc6cc-4bwlw/vitess-operator] time="2026-02-12T18:35:59Z" level=info msg="Reconciling EtcdLockserver" controller=EtcdLockserver etcdlockserver=example-etcd-faf13de3 namespace=vitess
[pod/vitess-operator-dcb9bc6cc-4bwlw/vitess-operator] time="2026-02-12T18:35:59Z" level=info msg="Reconciling EtcdLockserver" controller=EtcdLockserver etcdlockserver=example-etcd-faf13de3 namespace=vitess
[pod/vitess-operator-dcb9bc6cc-4bwlw/vitess-operator] time="2026-02-12T18:35:59Z" level=info msg="Could not connect to topo at vitesskeyspace controller." controller=VitessKeyspace
[pod/vitess-operator-dcb9bc6cc-4bwlw/vitess-operator] W0212 18:35:59.650901       1 component.go:39] [core] [Channel #1 SubChannel #2]grpc: addrConn.createTransport failed to connect to {Addr: "example-etcd-faf13de3-client.vitess.svc:2379", ServerName: "example-etcd-faf13de3-client.vitess.svc:2379", }. Err: connection error: desc = "transport: Error while dialing: dial tcp 172.20.140.67:2379: connect: connection refused"
[pod/vitess-operator-dcb9bc6cc-4bwlw/vitess-operator] time="2026-02-12T18:35:59Z" level=info msg="Reconciling VitessCell" controller=VitessCell namespace=vitess vitesscell=example-zone1-5abb61ae
[pod/vitess-operator-dcb9bc6cc-4bwlw/vitess-operator] time="2026-02-12T18:35:59Z" level=info msg="Reconciling VitessCluster" VitessCluster=example controller=VitessCluster namespace=vitess
[pod/vitess-operator-dcb9bc6cc-4bwlw/vitess-operator] time="2026-02-12T18:36:00Z" level=info msg="Could not connect to topo at vitesskeyspace controller." controller=VitessKeyspace
[pod/vitess-operator-dcb9bc6cc-4bwlw/vitess-operator] time="2026-02-12T18:36:00Z" level=info msg="Reconciling VitessCell" controller=VitessCell namespace=vitess vitesscell=example-zone1-5abb61ae
[pod/vitess-operator-dcb9bc6cc-4bwlw/vitess-operator] time="2026-02-12T18:36:00Z" level=info msg="Updating object in place" diff="metadata:\n  annotations:\n    planetscale.com/observed-shard-generation: \"1\"\n" gvk="/v1, Kind=Pod" key=vitess/example-vttablet-zone1-0942943782-67bcbcdb
[pod/vitess-operator-dcb9bc6cc-4bwlw/vitess-operator] time="2026-02-12T18:36:00Z" level=info msg="Updating object in place" diff="metadata:\n  annotations:\n    planetscale.com/observed-shard-generation: \"1\"\n" gvk="/v1, Kind=Pod" key=vitess/example-vttablet-zone1-1954987028-3377f5aa
[pod/vitess-operator-dcb9bc6cc-4bwlw/vitess-operator] time="2026-02-12T18:36:00Z" level=info msg="Updating object in place" diff="metadata:\n  annotations:\n    planetscale.com/observed-shard-generation: \"1\"\n" gvk="/v1, Kind=Pod" key=vitess/example-vttablet-zone1-1085274074-76c88d55
[pod/vitess-operator-dcb9bc6cc-4bwlw/vitess-operator] time="2026-02-12T18:36:00Z" level=info msg="Updating object in place" diff="metadata:\n  annotations:\n    planetscale.com/observed-shard-generation: \"1\"\n" gvk="/v1, Kind=Pod" key=vitess/example-vttablet-zone1-0869309135-fda6e8dd
[pod/vitess-operator-dcb9bc6cc-4bwlw/vitess-operator] time="2026-02-12T18:36:00Z" level=info msg="Updating object in place" diff="metadata:\n  annotations:\n    planetscale.com/observed-shard-generation: \"1\"\n" gvk="/v1, Kind=Pod" key=vitess/example-vttablet-zone1-4008724850-4dac0145
[pod/vitess-operator-dcb9bc6cc-4bwlw/vitess-operator] time="2026-02-12T18:36:00Z" level=info msg="Updating object in place" diff="metadata:\n  annotations:\n    planetscale.com/observed-shard-generation: \"1\"\n" gvk="/v1, Kind=Pod" key=vitess/example-vttablet-zone1-0540814898-2a8ec4b2
[pod/vitess-operator-dcb9bc6cc-4bwlw/vitess-operator] time="2026-02-12T18:36:00Z" level=info msg="Reconciling VitessCluster" VitessCluster=example controller=VitessCluster namespace=vitess
[pod/vitess-operator-dcb9bc6cc-4bwlw/vitess-operator] time="2026-02-12T18:36:00Z" level=info msg="Updating object in place" diff="metadata:\n  annotations:\n    planetscale.com/observed-shard-generation: \"1\"\n" gvk="/v1, Kind=Pod" key=vitess/example-vttablet-zone1-3655057523-5837bb43
[pod/vitess-operator-dcb9bc6cc-4bwlw/vitess-operator] time="2026-02-12T18:36:00Z" level=info msg="Updating object in place" diff="metadata:\n  annotations:\n    planetscale.com/observed-shard-generation: \"1\"\n" gvk="/v1, Kind=Pod" key=vitess/example-vttablet-zone1-0975494357-3b656c4f
[pod/vitess-operator-dcb9bc6cc-4bwlw/vitess-operator] time="2026-02-12T18:36:00Z" level=info msg="Updating object in place" diff="metadata:\n  annotations:\n    planetscale.com/observed-shard-generation: \"1\"\n" gvk="/v1, Kind=Pod" key=vitess/example-vttablet-zone1-3206332824-35a47ead
[pod/vitess-operator-dcb9bc6cc-4bwlw/vitess-operator] time="2026-02-12T18:36:00Z" level=info msg="Updating object in place" diff="metadata:\n  annotations:\n    planetscale.com/observed-shard-generation: \"1\"\n" gvk="/v1, Kind=Pod" key=vitess/example-vttablet-zone1-0732481799-30a8f8f3
[pod/vitess-operator-dcb9bc6cc-4bwlw/vitess-operator] time="2026-02-12T18:36:01Z" level=info msg="Reconciling EtcdLockserver" controller=EtcdLockserver etcdlockserver=example-etcd-faf13de3 namespace=vitess
[pod/vitess-operator-dcb9bc6cc-4bwlw/vitess-operator] time="2026-02-12T18:36:01Z" level=info msg="Reconciling EtcdLockserver" controller=EtcdLockserver etcdlockserver=example-etcd-faf13de3 namespace=vitess
[pod/vitess-operator-dcb9bc6cc-4bwlw/vitess-operator] time="2026-02-12T18:36:01Z" level=info msg="Reconciling EtcdLockserver" controller=EtcdLockserver etcdlockserver=example-etcd-faf13de3 namespace=vitess
[pod/vitess-operator-dcb9bc6cc-4bwlw/vitess-operator] time="2026-02-12T18:36:01Z" level=info msg="Reconciling EtcdLockserver" controller=EtcdLockserver etcdlockserver=example-etcd-faf13de3 namespace=vitess
[pod/vitess-operator-dcb9bc6cc-4bwlw/vitess-operator] time="2026-02-12T18:36:01Z" level=info msg="Reconciling EtcdLockserver" controller=EtcdLockserver etcdlockserver=example-etcd-faf13de3 namespace=vitess
[pod/vitess-operator-dcb9bc6cc-4bwlw/vitess-operator] time="2026-02-12T18:36:01Z" level=info msg="Reconciling EtcdLockserver" controller=EtcdLockserver etcdlockserver=example-etcd-faf13de3 namespace=vitess
[pod/vitess-operator-dcb9bc6cc-4bwlw/vitess-operator] W0212 18:36:01.388808       1 component.go:39] [core] [Channel #1 SubChannel #2]grpc: addrConn.createTransport failed to connect to {Addr: "example-etcd-faf13de3-client.vitess.svc:2379", ServerName: "example-etcd-faf13de3-client.vitess.svc:2379", }. Err: connection error: desc = "transport: Error while dialing: dial tcp 172.20.140.67:2379: connect: connection refused"
[pod/vitess-operator-dcb9bc6cc-4bwlw/vitess-operator] time="2026-02-12T18:36:01Z" level=info msg="Could not connect to topo at vitesskeyspace controller." controller=VitessKeyspace
[pod/vitess-operator-dcb9bc6cc-4bwlw/vitess-operator] time="2026-02-12T18:36:01Z" level=info msg="Reconciling VitessCell" controller=VitessCell namespace=vitess vitesscell=example-zone1-5abb61ae
[pod/vitess-operator-dcb9bc6cc-4bwlw/vitess-operator] {"level":"info","ts":"2026-02-12T18:36:01Z","msg":"Warning: Reconciler returned both a non-zero result and a non-nil error. The result will always be ignored if the error is non-nil and the non-nil error causes requeuing with exponential backoff. For more details, see: https://pkg.go.dev/sigs.k8s.io/controller-runtime/pkg/reconcile#Reconciler","controller":"vitessshard-controller","object":{"name":"example-benchmark-x-33-3c49bddd","namespace":"vitess"},"namespace":"vitess","name":"example-benchmark-x-33-3c49bddd","reconcileID":"8b17ea1d-5715-472c-b623-6ef796588c34"}
[pod/vitess-operator-dcb9bc6cc-4bwlw/vitess-operator] {"level":"error","ts":"2026-02-12T18:36:01Z","msg":"Reconciler error","controller":"vitessshard-controller","object":{"name":"example-benchmark-x-33-3c49bddd","namespace":"vitess"},"namespace":"vitess","name":"example-benchmark-x-33-3c49bddd","reconcileID":"8b17ea1d-5715-472c-b623-6ef796588c34","error":"Operation cannot be fulfilled on vitessshards.planetscale.com \"example-benchmark-x-33-3c49bddd\": the object has been modified; please apply your changes to the latest version and try again","stacktrace":"sigs.k8s.io/controller-runtime/pkg/internal/controller.(*Controller[...]).reconcileHandler\n\t/go/pkg/mod/sigs.k8s.io/controller-runtime@v0.20.2/pkg/internal/controller/controller.go:341\nsigs.k8s.io/controller-runtime/pkg/internal/controller.(*Controller[...]).processNextWorkItem\n\t/go/pkg/mod/sigs.k8s.io/controller-runtime@v0.20.2/pkg/internal/controller/controller.go:288\nsigs.k8s.io/controller-runtime/pkg/internal/controller.(*Controller[...]).Start.func2.2\n\t/go/pkg/mod/sigs.k8s.io/controller-runtime@v0.20.2/pkg/internal/controller/controller.go:249"}
[pod/vitess-operator-dcb9bc6cc-4bwlw/vitess-operator] time="2026-02-12T18:36:01Z" level=info msg="Reconciling VitessCluster" VitessCluster=example controller=VitessCluster namespace=vitess
[pod/vitess-operator-dcb9bc6cc-4bwlw/vitess-operator] {"level":"info","ts":"2026-02-12T18:36:02Z","msg":"Warning: Reconciler returned both a non-zero result and a non-nil error. The result will always be ignored if the error is non-nil and the non-nil error causes requeuing with exponential backoff. For more details, see: https://pkg.go.dev/sigs.k8s.io/controller-runtime/pkg/reconcile#Reconciler","controller":"vitessshard-controller","object":{"name":"example-benchmark-cc-x-1088662d","namespace":"vitess"},"namespace":"vitess","name":"example-benchmark-cc-x-1088662d","reconcileID":"b4fc8349-e988-4c98-94b5-c9963fc15459"}
[pod/vitess-operator-dcb9bc6cc-4bwlw/vitess-operator] {"level":"error","ts":"2026-02-12T18:36:02Z","msg":"Reconciler error","controller":"vitessshard-controller","object":{"name":"example-benchmark-cc-x-1088662d","namespace":"vitess"},"namespace":"vitess","name":"example-benchmark-cc-x-1088662d","reconcileID":"b4fc8349-e988-4c98-94b5-c9963fc15459","error":"Operation cannot be fulfilled on vitessshards.planetscale.com \"example-benchmark-cc-x-1088662d\": the object has been modified; please apply your changes to the latest version and try again","stacktrace":"sigs.k8s.io/controller-runtime/pkg/internal/controller.(*Controller[...]).reconcileHandler\n\t/go/pkg/mod/sigs.k8s.io/controller-runtime@v0.20.2/pkg/internal/controller/controller.go:341\nsigs.k8s.io/controller-runtime/pkg/internal/controller.(*Controller[...]).processNextWorkItem\n\t/go/pkg/mod/sigs.k8s.io/controller-runtime@v0.20.2/pkg/internal/controller/controller.go:288\nsigs.k8s.io/controller-runtime/pkg/internal/controller.(*Controller[...]).Start.func2.2\n\t/go/pkg/mod/sigs.k8s.io/controller-runtime@v0.20.2/pkg/internal/controller/controller.go:249"}
[pod/vitess-operator-dcb9bc6cc-4bwlw/vitess-operator] time="2026-02-12T18:36:02Z" level=info msg="Reconciling EtcdLockserver" controller=EtcdLockserver etcdlockserver=example-etcd-faf13de3 namespace=vitess
[pod/vitess-operator-dcb9bc6cc-4bwlw/vitess-operator] time="2026-02-12T18:36:02Z" level=info msg="Reconciling EtcdLockserver" controller=EtcdLockserver etcdlockserver=example-etcd-faf13de3 namespace=vitess
[pod/vitess-operator-dcb9bc6cc-4bwlw/vitess-operator] time="2026-02-12T18:36:02Z" level=info msg="Reconciling EtcdLockserver" controller=EtcdLockserver etcdlockserver=example-etcd-faf13de3 namespace=vitess
[pod/vitess-operator-dcb9bc6cc-4bwlw/vitess-operator] time="2026-02-12T18:36:02Z" level=info msg="Reconciling EtcdLockserver" controller=EtcdLockserver etcdlockserver=example-etcd-faf13de3 namespace=vitess
[pod/vitess-operator-dcb9bc6cc-4bwlw/vitess-operator] time="2026-02-12T18:36:02Z" level=info msg="Could not connect to topo at vitesskeyspace controller." controller=VitessKeyspace
[pod/vitess-operator-dcb9bc6cc-4bwlw/vitess-operator] {"level":"info","ts":"2026-02-12T18:36:03Z","msg":"Warning: Reconciler returned both a non-zero result and a non-nil error. The result will always be ignored if the error is non-nil and the non-nil error causes requeuing with exponential backoff. For more details, see: https://pkg.go.dev/sigs.k8s.io/controller-runtime/pkg/reconcile#Reconciler","controller":"vitessshard-controller","object":{"name":"example-benchmark-33-66-c8a85782","namespace":"vitess"},"namespace":"vitess","name":"example-benchmark-33-66-c8a85782","reconcileID":"43ebc83b-29dc-4e03-84fb-8941a42ddf66"}
[pod/vitess-operator-dcb9bc6cc-4bwlw/vitess-operator] {"level":"error","ts":"2026-02-12T18:36:03Z","msg":"Reconciler error","controller":"vitessshard-controller","object":{"name":"example-benchmark-33-66-c8a85782","namespace":"vitess"},"namespace":"vitess","name":"example-benchmark-33-66-c8a85782","reconcileID":"43ebc83b-29dc-4e03-84fb-8941a42ddf66","error":"Operation cannot be fulfilled on vitessshards.planetscale.com \"example-benchmark-33-66-c8a85782\": the object has been modified; please apply your changes to the latest version and try again","stacktrace":"sigs.k8s.io/controller-runtime/pkg/internal/controller.(*Controller[...]).reconcileHandler\n\t/go/pkg/mod/sigs.k8s.io/controller-runtime@v0.20.2/pkg/internal/controller/controller.go:341\nsigs.k8s.io/controller-runtime/pkg/internal/controller.(*Controller[...]).processNextWorkItem\n\t/go/pkg/mod/sigs.k8s.io/controller-runtime@v0.20.2/pkg/internal/controller/controller.go:288\nsigs.k8s.io/controller-runtime/pkg/internal/controller.(*Controller[...]).Start.func2.2\n\t/go/pkg/mod/sigs.k8s.io/controller-runtime@v0.20.2/pkg/internal/controller/controller.go:249"}
[pod/vitess-operator-dcb9bc6cc-4bwlw/vitess-operator] time="2026-02-12T18:36:03Z" level=info msg="Reconciling EtcdLockserver" controller=EtcdLockserver etcdlockserver=example-etcd-faf13de3 namespace=vitess
[pod/vitess-operator-dcb9bc6cc-4bwlw/vitess-operator] time="2026-02-12T18:36:03Z" level=info msg="Reconciling VitessCluster" VitessCluster=example controller=VitessCluster namespace=vitess
[pod/vitess-operator-dcb9bc6cc-4bwlw/vitess-operator] time="2026-02-12T18:36:03Z" level=info msg="Reconciling EtcdLockserver" controller=EtcdLockserver etcdlockserver=example-etcd-faf13de3 namespace=vitess
[pod/vitess-operator-dcb9bc6cc-4bwlw/vitess-operator] time="2026-02-12T18:36:03Z" level=warning msg="failed to connect to Vitess topology server" address="example-etcd-faf13de3-client.vitess.svc:2379" component=toposerver.connpool err="context deadline exceeded" implementation=etcd2 rootPath=/vitess/example/global
[pod/vitess-operator-dcb9bc6cc-4bwlw/vitess-operator] time="2026-02-12T18:36:03Z" level=info msg="Could not connect to topo at vitesskeyspace controller." controller=VitessKeyspace
[pod/vitess-operator-dcb9bc6cc-4bwlw/vitess-operator] time="2026-02-12T18:36:03Z" level=info msg="connecting to Vitess topology server" address="example-etcd-faf13de3-client.vitess.svc:2379" component=toposerver.connpool implementation=etcd2 rootPath=/vitess/example/global
[pod/vitess-operator-dcb9bc6cc-4bwlw/vitess-operator] W0212 18:36:03.672961       1 component.go:39] [core] [Channel #3 SubChannel #4]grpc: addrConn.createTransport failed to connect to {Addr: "example-etcd-faf13de3-client.vitess.svc:2379", ServerName: "example-etcd-faf13de3-client.vitess.svc:2379", }. Err: connection error: desc = "transport: Error while dialing: dial tcp 172.20.140.67:2379: connect: connection refused"
[pod/vitess-operator-dcb9bc6cc-4bwlw/vitess-operator] time="2026-02-12T18:36:04Z" level=info msg="Could not connect to topo at vitesskeyspace controller." controller=VitessKeyspace
[pod/vitess-operator-dcb9bc6cc-4bwlw/vitess-operator] time="2026-02-12T18:36:04Z" level=info msg="Reconciling VitessCluster" VitessCluster=example controller=VitessCluster namespace=vitess
[pod/vitess-operator-dcb9bc6cc-4bwlw/vitess-operator] time="2026-02-12T18:36:04Z" level=info msg="Reconciling VitessCell" controller=VitessCell namespace=vitess vitesscell=example-zone1-5abb61ae
[pod/vitess-operator-dcb9bc6cc-4bwlw/vitess-operator] W0212 18:36:04.675070       1 component.go:39] [core] [Channel #3 SubChannel #4]grpc: addrConn.createTransport failed to connect to {Addr: "example-etcd-faf13de3-client.vitess.svc:2379", ServerName: "example-etcd-faf13de3-client.vitess.svc:2379", }. Err: connection error: desc = "transport: Error while dialing: dial tcp 172.20.140.67:2379: connect: connection refused"
[pod/vitess-operator-dcb9bc6cc-4bwlw/vitess-operator] time="2026-02-12T18:36:05Z" level=info msg="Could not connect to topo at vitesskeyspace controller." controller=VitessKeyspace
[pod/vitess-operator-dcb9bc6cc-4bwlw/vitess-operator] time="2026-02-12T18:36:05Z" level=info msg="Reconciling VitessCell" controller=VitessCell namespace=vitess vitesscell=example-zone1-5abb61ae
[pod/vitess-operator-dcb9bc6cc-4bwlw/vitess-operator] time="2026-02-12T18:36:05Z" level=info msg="Reconciling VitessCluster" VitessCluster=example controller=VitessCluster namespace=vitess
[pod/vitess-operator-dcb9bc6cc-4bwlw/vitess-operator] W0212 18:36:06.413955       1 component.go:39] [core] [Channel #3 SubChannel #4]grpc: addrConn.createTransport failed to connect to {Addr: "example-etcd-faf13de3-client.vitess.svc:2379", ServerName: "example-etcd-faf13de3-client.vitess.svc:2379", }. Err: connection error: desc = "transport: Error while dialing: dial tcp 172.20.140.67:2379: connect: connection refused"
[pod/vitess-operator-dcb9bc6cc-4bwlw/vitess-operator] time="2026-02-12T18:36:06Z" level=info msg="Could not connect to topo at vitesskeyspace controller." controller=VitessKeyspace
[pod/vitess-operator-dcb9bc6cc-4bwlw/vitess-operator] time="2026-02-12T18:36:06Z" level=info msg="Reconciling VitessCell" controller=VitessCell namespace=vitess vitesscell=example-zone1-5abb61ae
[pod/vitess-operator-dcb9bc6cc-4bwlw/vitess-operator] time="2026-02-12T18:36:06Z" level=info msg="Reconciling VitessCluster" VitessCluster=example controller=VitessCluster namespace=vitess
[pod/vitess-operator-dcb9bc6cc-4bwlw/vitess-operator] time="2026-02-12T18:36:08Z" level=info msg="Could not connect to topo at vitesskeyspace controller." controller=VitessKeyspace
[pod/vitess-operator-dcb9bc6cc-4bwlw/vitess-operator] time="2026-02-12T18:36:08Z" level=info msg="Reconciling VitessCell" controller=VitessCell namespace=vitess vitesscell=example-zone1-5abb61ae
[pod/vitess-operator-dcb9bc6cc-4bwlw/vitess-operator] time="2026-02-12T18:36:08Z" level=info msg="Reconciling VitessCluster" VitessCluster=example controller=VitessCluster namespace=vitess
[pod/vitess-operator-dcb9bc6cc-4bwlw/vitess-operator] time="2026-02-12T18:36:08Z" level=warning msg="failed to connect to Vitess topology server" address="example-etcd-faf13de3-client.vitess.svc:2379" component=toposerver.connpool err="context deadline exceeded" implementation=etcd2 rootPath=/vitess/example/global
[pod/vitess-operator-dcb9bc6cc-4bwlw/vitess-operator] time="2026-02-12T18:36:08Z" level=info msg="Could not connect to topo at vitesskeyspace controller." controller=VitessKeyspace
[pod/vitess-operator-dcb9bc6cc-4bwlw/vitess-operator] time="2026-02-12T18:36:08Z" level=info msg="connecting to Vitess topology server" address="example-etcd-faf13de3-client.vitess.svc:2379" component=toposerver.connpool implementation=etcd2 rootPath=/vitess/example/global
[pod/vitess-operator-dcb9bc6cc-4bwlw/vitess-operator] W0212 18:36:08.661200       1 component.go:39] [core] [Channel #5 SubChannel #6]grpc: addrConn.createTransport failed to connect to {Addr: "example-etcd-faf13de3-client.vitess.svc:2379", ServerName: "example-etcd-faf13de3-client.vitess.svc:2379", }. Err: connection error: desc = "transport: Error while dialing: dial tcp 172.20.140.67:2379: connect: connection refused"
[pod/vitess-operator-dcb9bc6cc-4bwlw/vitess-operator] time="2026-02-12T18:36:08Z" level=info msg="Reconciling VitessCluster" VitessCluster=example controller=VitessCluster namespace=vitess
[pod/vitess-operator-dcb9bc6cc-4bwlw/vitess-operator] time="2026-02-12T18:36:08Z" level=info msg="Reconciling VitessCell" controller=VitessCell namespace=vitess vitesscell=example-zone1-5abb61ae
[pod/vitess-operator-dcb9bc6cc-4bwlw/vitess-operator] time="2026-02-12T18:36:09Z" level=info msg="Reconciling EtcdLockserver" controller=EtcdLockserver etcdlockserver=example-etcd-faf13de3 namespace=vitess
[pod/vitess-operator-dcb9bc6cc-4bwlw/vitess-operator] time="2026-02-12T18:36:09Z" level=info msg="Could not connect to topo at vitesskeyspace controller." controller=VitessKeyspace
[pod/vitess-operator-dcb9bc6cc-4bwlw/vitess-operator] W0212 18:36:09.664077       1 component.go:39] [core] [Channel #5 SubChannel #6]grpc: addrConn.createTransport failed to connect to {Addr: "example-etcd-faf13de3-client.vitess.svc:2379", ServerName: "example-etcd-faf13de3-client.vitess.svc:2379", }. Err: connection error: desc = "transport: Error while dialing: dial tcp 172.20.140.67:2379: connect: connection refused"
[pod/vitess-operator-dcb9bc6cc-4bwlw/vitess-operator] time="2026-02-12T18:36:09Z" level=info msg="Reconciling VitessCell" controller=VitessCell namespace=vitess vitesscell=example-zone1-5abb61ae
[pod/vitess-operator-dcb9bc6cc-4bwlw/vitess-operator] time="2026-02-12T18:36:09Z" level=info msg="Reconciling VitessCluster" VitessCluster=example controller=VitessCluster namespace=vitess
[pod/vitess-operator-dcb9bc6cc-4bwlw/vitess-operator] time="2026-02-12T18:36:10Z" level=info msg="Could not connect to topo at vitesskeyspace controller." controller=VitessKeyspace
[pod/vitess-operator-dcb9bc6cc-4bwlw/vitess-operator] time="2026-02-12T18:36:10Z" level=info msg="Reconciling VitessCell" controller=VitessCell namespace=vitess vitesscell=example-zone1-5abb61ae
[pod/vitess-operator-dcb9bc6cc-4bwlw/vitess-operator] time="2026-02-12T18:36:10Z" level=info msg="Reconciling VitessCluster" VitessCluster=example controller=VitessCluster namespace=vitess
[pod/vitess-operator-dcb9bc6cc-4bwlw/vitess-operator] W0212 18:36:11.616484       1 component.go:39] [core] [Channel #5 SubChannel #6]grpc: addrConn.createTransport failed to connect to {Addr: "example-etcd-faf13de3-client.vitess.svc:2379", ServerName: "example-etcd-faf13de3-client.vitess.svc:2379", }. Err: connection error: desc = "transport: Error while dialing: dial tcp 172.20.140.67:2379: connect: connection refused"
[pod/vitess-operator-dcb9bc6cc-4bwlw/vitess-operator] time="2026-02-12T18:36:11Z" level=info msg="Reconciling VitessCell" controller=VitessCell namespace=vitess vitesscell=example-zone1-5abb61ae
[pod/vitess-operator-dcb9bc6cc-4bwlw/vitess-operator] time="2026-02-12T18:36:12Z" level=info msg="Reconciling VitessCluster" VitessCluster=example controller=VitessCluster namespace=vitess
[pod/vitess-operator-dcb9bc6cc-4bwlw/vitess-operator] time="2026-02-12T18:36:12Z" level=info msg="Reconciling VitessCell" controller=VitessCell namespace=vitess vitesscell=example-zone1-5abb61ae
[pod/vitess-operator-dcb9bc6cc-4bwlw/vitess-operator] time="2026-02-12T18:36:12Z" level=info msg="Reconciling EtcdLockserver" controller=EtcdLockserver etcdlockserver=example-etcd-faf13de3 namespace=vitess
[pod/vitess-operator-dcb9bc6cc-4bwlw/vitess-operator] time="2026-02-12T18:36:12Z" level=info msg="Reconciling EtcdLockserver" controller=EtcdLockserver etcdlockserver=example-etcd-faf13de3 namespace=vitess
[pod/vitess-operator-dcb9bc6cc-4bwlw/vitess-operator] time="2026-02-12T18:36:13Z" level=info msg="Reconciling EtcdLockserver" controller=EtcdLockserver etcdlockserver=example-etcd-faf13de3 namespace=vitess
[pod/vitess-operator-dcb9bc6cc-4bwlw/vitess-operator] time="2026-02-12T18:36:13Z" level=info msg="Reconciling EtcdLockserver" controller=EtcdLockserver etcdlockserver=example-etcd-faf13de3 namespace=vitess
[pod/vitess-operator-dcb9bc6cc-4bwlw/vitess-operator] time="2026-02-12T18:36:13Z" level=info msg="Reconciling EtcdLockserver" controller=EtcdLockserver etcdlockserver=example-etcd-faf13de3 namespace=vitess
[pod/vitess-operator-dcb9bc6cc-4bwlw/vitess-operator] time="2026-02-12T18:36:13Z" level=info msg="Reconciling EtcdLockserver" controller=EtcdLockserver etcdlockserver=example-etcd-faf13de3 namespace=vitess
[pod/vitess-operator-dcb9bc6cc-4bwlw/vitess-operator] time="2026-02-12T18:36:13Z" level=info msg="Reconciling EtcdLockserver" controller=EtcdLockserver etcdlockserver=example-etcd-faf13de3 namespace=vitess
[pod/vitess-operator-dcb9bc6cc-4bwlw/vitess-operator] time="2026-02-12T18:36:13Z" level=warning msg="failed to connect to Vitess topology server" address="example-etcd-faf13de3-client.vitess.svc:2379" component=toposerver.connpool err="context deadline exceeded" implementation=etcd2 rootPath=/vitess/example/global
[pod/vitess-operator-dcb9bc6cc-4bwlw/vitess-operator] time="2026-02-12T18:36:13Z" level=info msg="connecting to Vitess topology server" address="example-etcd-faf13de3-client.vitess.svc:2379" component=toposerver.connpool implementation=etcd2 rootPath=/vitess/example/global
[pod/vitess-operator-dcb9bc6cc-4bwlw/vitess-operator] time="2026-02-12T18:36:13Z" level=info msg="Could not connect to topo at vitesskeyspace controller." controller=VitessKeyspace
[pod/vitess-operator-dcb9bc6cc-4bwlw/vitess-operator] time="2026-02-12T18:36:13Z" level=info msg="Reconciling VitessCluster" VitessCluster=example controller=VitessCluster namespace=vitess
[pod/vitess-operator-dcb9bc6cc-4bwlw/vitess-operator] time="2026-02-12T18:36:13Z" level=info msg="Reconciling VitessCell" controller=VitessCell namespace=vitess vitesscell=example-zone1-5abb61ae
[pod/vitess-operator-dcb9bc6cc-4bwlw/vitess-operator] W0212 18:36:13.727163       1 component.go:39] [core] [Channel #7 SubChannel #8]grpc: addrConn.createTransport failed to connect to {Addr: "example-etcd-faf13de3-client.vitess.svc:2379", ServerName: "example-etcd-faf13de3-client.vitess.svc:2379", }. Err: connection error: desc = "transport: Error while dialing: dial tcp 172.20.140.67:2379: connect: connection refused"
[pod/vitess-operator-dcb9bc6cc-4bwlw/vitess-operator] time="2026-02-12T18:36:14Z" level=info msg="Reconciling EtcdLockserver" controller=EtcdLockserver etcdlockserver=example-etcd-faf13de3 namespace=vitess
[pod/vitess-operator-dcb9bc6cc-4bwlw/vitess-operator] time="2026-02-12T18:36:14Z" level=info msg="Reconciling EtcdLockserver" controller=EtcdLockserver etcdlockserver=example-etcd-faf13de3 namespace=vitess
[pod/vitess-operator-dcb9bc6cc-4bwlw/vitess-operator] time="2026-02-12T18:36:14Z" level=info msg="Could not connect to topo at vitesskeyspace controller." controller=VitessKeyspace
[pod/vitess-operator-dcb9bc6cc-4bwlw/vitess-operator] time="2026-02-12T18:36:14Z" level=info msg="Reconciling VitessCell" controller=VitessCell namespace=vitess vitesscell=example-zone1-5abb61ae
[pod/vitess-operator-dcb9bc6cc-4bwlw/vitess-operator] time="2026-02-12T18:36:14Z" level=info msg="Reconciling VitessCluster" VitessCluster=example controller=VitessCluster namespace=vitess
[pod/vitess-operator-dcb9bc6cc-4bwlw/vitess-operator] time="2026-02-12T18:36:14Z" level=info msg="successfully connected to Vitess topology server" address="example-etcd-faf13de3-client.vitess.svc:2379" component=toposerver.connpool implementation=etcd2 rootPath=/vitess/example/global
[pod/vitess-operator-dcb9bc6cc-4bwlw/vitess-operator] time="2026-02-12T18:36:14Z" level=info msg="Reconciling VitessCell" controller=VitessCell namespace=vitess vitesscell=example-zone1-5abb61ae
[pod/vitess-operator-dcb9bc6cc-4bwlw/vitess-operator] I0212 18:36:14.887111       1 locks.go:166] Locking keyspace benchmark for action SetKeyspaceDurabilityPolicy with options: {lockType:0 ttl:0}
[pod/vitess-operator-dcb9bc6cc-4bwlw/vitess-operator] {"level":"info","ts":"2026-02-12T18:36:14Z","msg":"Warning: Reconciler returned both a non-zero result and a non-nil error. The result will always be ignored if the error is non-nil and the non-nil error causes requeuing with exponential backoff. For more details, see: https://pkg.go.dev/sigs.k8s.io/controller-runtime/pkg/reconcile#Reconciler","controller":"vitessshard-controller","object":{"name":"example-benchmark-cc-x-1088662d","namespace":"vitess"},"namespace":"vitess","name":"example-benchmark-cc-x-1088662d","reconcileID":"7433f759-f7a4-4419-ae87-a5b5e2b10227"}
[pod/vitess-operator-dcb9bc6cc-4bwlw/vitess-operator] {"level":"error","ts":"2026-02-12T18:36:14Z","msg":"Reconciler error","controller":"vitessshard-controller","object":{"name":"example-benchmark-cc-x-1088662d","namespace":"vitess"},"namespace":"vitess","name":"example-benchmark-cc-x-1088662d","reconcileID":"7433f759-f7a4-4419-ae87-a5b5e2b10227","error":"Operation cannot be fulfilled on vitessshards.planetscale.com \"example-benchmark-cc-x-1088662d\": the object has been modified; please apply your changes to the latest version and try again","stacktrace":"sigs.k8s.io/controller-runtime/pkg/internal/controller.(*Controller[...]).reconcileHandler\n\t/go/pkg/mod/sigs.k8s.io/controller-runtime@v0.20.2/pkg/internal/controller/controller.go:341\nsigs.k8s.io/controller-runtime/pkg/internal/controller.(*Controller[...]).processNextWorkItem\n\t/go/pkg/mod/sigs.k8s.io/controller-runtime@v0.20.2/pkg/internal/controller/controller.go:288\nsigs.k8s.io/controller-runtime/pkg/internal/controller.(*Controller[...]).Start.func2.2\n\t/go/pkg/mod/sigs.k8s.io/controller-runtime@v0.20.2/pkg/internal/controller/controller.go:249"}
[pod/vitess-operator-dcb9bc6cc-4bwlw/vitess-operator] time="2026-02-12T18:36:14Z" level=info msg="Reconciling VitessCell" controller=VitessCell namespace=vitess vitesscell=example-zone1-5abb61ae
[pod/vitess-operator-dcb9bc6cc-4bwlw/vitess-operator] time="2026-02-12T18:36:15Z" level=info msg="Reconciling VitessCluster" VitessCluster=example controller=VitessCluster namespace=vitess
[pod/vitess-operator-dcb9bc6cc-4bwlw/vitess-operator] time="2026-02-12T18:36:15Z" level=info msg="Reconciling VitessCell" controller=VitessCell namespace=vitess vitesscell=example-zone1-5abb61ae
[pod/vitess-operator-dcb9bc6cc-4bwlw/vitess-operator] time="2026-02-12T18:36:15Z" level=info msg="Reconciling VitessCell" controller=VitessCell namespace=vitess vitesscell=example-zone1-5abb61ae
[pod/vitess-operator-dcb9bc6cc-4bwlw/vitess-operator] time="2026-02-12T18:36:15Z" level=info msg="Reconciling VitessCluster" VitessCluster=example controller=VitessCluster namespace=vitess
[pod/vitess-operator-dcb9bc6cc-4bwlw/vitess-operator] time="2026-02-12T18:36:15Z" level=info msg="Reconciling VitessCell" controller=VitessCell namespace=vitess vitesscell=example-zone1-5abb61ae
[pod/vitess-operator-dcb9bc6cc-4bwlw/vitess-operator] time="2026-02-12T18:36:15Z" level=info msg="Reconciling VitessCluster" VitessCluster=example controller=VitessCluster namespace=vitess
[pod/vitess-operator-dcb9bc6cc-4bwlw/vitess-operator] time="2026-02-12T18:36:31Z" level=info msg="Reconciling VitessCluster" VitessCluster=example controller=VitessCluster namespace=vitess
[pod/vitess-operator-dcb9bc6cc-4bwlw/vitess-operator] time="2026-02-12T18:36:31Z" level=info msg="Reconciling VitessCluster" VitessCluster=example controller=VitessCluster namespace=vitess
[pod/vitess-operator-dcb9bc6cc-4bwlw/vitess-operator] I0212 18:36:44.604817       1 locks.go:218] Unlocking keyspace benchmark for successful action SetKeyspaceDurabilityPolicy
[pod/vitess-operator-dcb9bc6cc-4bwlw/vitess-operator] time="2026-02-12T18:36:44Z" level=info msg="Reconciling VitessCluster" VitessCluster=example controller=VitessCluster namespace=vitess
[pod/vitess-operator-dcb9bc6cc-4bwlw/vitess-operator] time="2026-02-12T18:36:44Z" level=info msg="Reconciling VitessCell" controller=VitessCell namespace=vitess vitesscell=example-zone1-5abb61ae
[pod/vitess-operator-dcb9bc6cc-4bwlw/vitess-operator] time="2026-02-12T18:36:44Z" level=info msg="Reconciling VitessCell" controller=VitessCell namespace=vitess vitesscell=example-zone1-5abb61ae
[pod/vitess-operator-dcb9bc6cc-4bwlw/vitess-operator] time="2026-02-12T18:36:44Z" level=info msg="Reconciling VitessCluster" VitessCluster=example controller=VitessCluster namespace=vitess
[pod/vitess-operator-dcb9bc6cc-4bwlw/vitess-operator] time="2026-02-12T18:36:48Z" level=info msg="Reconciling VitessCluster" VitessCluster=example controller=VitessCluster namespace=vitess
[pod/vitess-operator-dcb9bc6cc-4bwlw/vitess-operator] time="2026-02-12T18:36:48Z" level=info msg="Reconciling VitessCell" controller=VitessCell namespace=vitess vitesscell=example-zone1-5abb61ae
[pod/vitess-operator-dcb9bc6cc-4bwlw/vitess-operator] I0212 18:36:48.259730       1 locks.go:166] Locking shard benchmark/cc- for action InitShardPrimary(zone1-0540814898) with options: {lockType:0 ttl:0}
[pod/vitess-operator-dcb9bc6cc-4bwlw/vitess-operator] I0212 18:36:48.276898       1 server.go:2830] Getting a new durability policy for none
[pod/vitess-operator-dcb9bc6cc-4bwlw/vitess-operator] W0212 18:36:48.286020       1 server.go:2857] primary-elect tablet zone1-0540814898 is not the shard primary, proceeding anyway as -force was used
[pod/vitess-operator-dcb9bc6cc-4bwlw/vitess-operator] W0212 18:36:48.286496       1 server.go:2863] primary-elect tablet zone1-0540814898 is not a primary in the shard, proceeding anyway as -force was used
[pod/vitess-operator-dcb9bc6cc-4bwlw/vitess-operator] I0212 18:36:48.286699       1 server.go:2894] resetting replication on tablet zone1-0975494357
[pod/vitess-operator-dcb9bc6cc-4bwlw/vitess-operator] I0212 18:36:48.286817       1 server.go:2894] resetting replication on tablet zone1-0540814898
[pod/vitess-operator-dcb9bc6cc-4bwlw/vitess-operator] I0212 18:36:48.312881       1 server.go:2913] initializing primary on zone1-0540814898
[pod/vitess-operator-dcb9bc6cc-4bwlw/vitess-operator] I0212 18:36:48.750283       1 locks.go:166] Locking shard benchmark/99-cc for action InitShardPrimary(zone1-0732481799) with options: {lockType:0 ttl:0}
[pod/vitess-operator-dcb9bc6cc-4bwlw/vitess-operator] I0212 18:36:48.764420       1 server.go:2830] Getting a new durability policy for none
[pod/vitess-operator-dcb9bc6cc-4bwlw/vitess-operator] time="2026-02-12T18:36:48Z" level=info msg="Reconciling VitessCluster" VitessCluster=example controller=VitessCluster namespace=vitess
[pod/vitess-operator-dcb9bc6cc-4bwlw/vitess-operator] time="2026-02-12T18:36:48Z" level=info msg="Reconciling VitessCell" controller=VitessCell namespace=vitess vitesscell=example-zone1-5abb61ae
[pod/vitess-operator-dcb9bc6cc-4bwlw/vitess-operator] W0212 18:36:48.789572       1 server.go:2857] primary-elect tablet zone1-0732481799 is not the shard primary, proceeding anyway as -force was used
[pod/vitess-operator-dcb9bc6cc-4bwlw/vitess-operator] W0212 18:36:48.789726       1 server.go:2863] primary-elect tablet zone1-0732481799 is not a primary in the shard, proceeding anyway as -force was used
[pod/vitess-operator-dcb9bc6cc-4bwlw/vitess-operator] I0212 18:36:48.789798       1 server.go:2894] resetting replication on tablet zone1-0732481799
[pod/vitess-operator-dcb9bc6cc-4bwlw/vitess-operator] I0212 18:36:48.790032       1 server.go:2894] resetting replication on tablet zone1-0869309135
[pod/vitess-operator-dcb9bc6cc-4bwlw/vitess-operator] time="2026-02-12T18:36:48Z" level=info msg="Reconciling VitessCell" controller=VitessCell namespace=vitess vitesscell=example-zone1-5abb61ae
[pod/vitess-operator-dcb9bc6cc-4bwlw/vitess-operator] I0212 18:36:48.821488       1 server.go:2913] initializing primary on zone1-0732481799
[pod/vitess-operator-dcb9bc6cc-4bwlw/vitess-operator] time="2026-02-12T18:36:48Z" level=info msg="Reconciling VitessCluster" VitessCluster=example controller=VitessCluster namespace=vitess
[pod/vitess-operator-dcb9bc6cc-4bwlw/vitess-operator] I0212 18:36:48.871150       1 locks.go:166] Locking shard benchmark/66-99 for action InitShardPrimary(zone1-3655057523) with options: {lockType:0 ttl:0}
[pod/vitess-operator-dcb9bc6cc-4bwlw/vitess-operator] I0212 18:36:48.895570       1 server.go:2830] Getting a new durability policy for none
[pod/vitess-operator-dcb9bc6cc-4bwlw/vitess-operator] time="2026-02-12T18:36:48Z" level=info msg="Reconciling VitessCell" controller=VitessCell namespace=vitess vitesscell=example-zone1-5abb61ae
[pod/vitess-operator-dcb9bc6cc-4bwlw/vitess-operator] time="2026-02-12T18:36:48Z" level=info msg="Reconciling VitessCluster" VitessCluster=example controller=VitessCluster namespace=vitess
[pod/vitess-operator-dcb9bc6cc-4bwlw/vitess-operator] W0212 18:36:48.920164       1 server.go:2857] primary-elect tablet zone1-3655057523 is not the shard primary, proceeding anyway as -force was used
[pod/vitess-operator-dcb9bc6cc-4bwlw/vitess-operator] W0212 18:36:48.920193       1 server.go:2863] primary-elect tablet zone1-3655057523 is not a primary in the shard, proceeding anyway as -force was used
[pod/vitess-operator-dcb9bc6cc-4bwlw/vitess-operator] I0212 18:36:48.920224       1 server.go:2894] resetting replication on tablet zone1-3655057523
[pod/vitess-operator-dcb9bc6cc-4bwlw/vitess-operator] I0212 18:36:48.920350       1 server.go:2894] resetting replication on tablet zone1-1954987028
[pod/vitess-operator-dcb9bc6cc-4bwlw/vitess-operator] I0212 18:36:48.948203       1 server.go:2913] initializing primary on zone1-3655057523
[pod/vitess-operator-dcb9bc6cc-4bwlw/vitess-operator] I0212 18:36:49.083339       1 server.go:2955] initializing replica zone1-0975494357
[pod/vitess-operator-dcb9bc6cc-4bwlw/vitess-operator] I0212 18:36:49.083502       1 server.go:2946] populating reparent journal on new primary zone1-0540814898
[pod/vitess-operator-dcb9bc6cc-4bwlw/vitess-operator] I0212 18:36:49.288204       1 locks.go:166] Locking shard benchmark/-33 for action InitShardPrimary(zone1-0942943782) with options: {lockType:0 ttl:0}
[pod/vitess-operator-dcb9bc6cc-4bwlw/vitess-operator] time="2026-02-12T18:36:49Z" level=info msg="Reconciling VitessCluster" VitessCluster=example controller=VitessCluster namespace=vitess
[pod/vitess-operator-dcb9bc6cc-4bwlw/vitess-operator] time="2026-02-12T18:36:49Z" level=info msg="Reconciling VitessCell" controller=VitessCell namespace=vitess vitesscell=example-zone1-5abb61ae
[pod/vitess-operator-dcb9bc6cc-4bwlw/vitess-operator] I0212 18:36:49.320184       1 server.go:2830] Getting a new durability policy for none
[pod/vitess-operator-dcb9bc6cc-4bwlw/vitess-operator] W0212 18:36:49.356801       1 server.go:2857] primary-elect tablet zone1-0942943782 is not the shard primary, proceeding anyway as -force was used
[pod/vitess-operator-dcb9bc6cc-4bwlw/vitess-operator] W0212 18:36:49.356902       1 server.go:2863] primary-elect tablet zone1-0942943782 is not a primary in the shard, proceeding anyway as -force was used
[pod/vitess-operator-dcb9bc6cc-4bwlw/vitess-operator] I0212 18:36:49.356980       1 server.go:2894] resetting replication on tablet zone1-1085274074
[pod/vitess-operator-dcb9bc6cc-4bwlw/vitess-operator] I0212 18:36:49.357011       1 server.go:2894] resetting replication on tablet zone1-0942943782
[pod/vitess-operator-dcb9bc6cc-4bwlw/vitess-operator] I0212 18:36:49.381983       1 server.go:2913] initializing primary on zone1-0942943782
[pod/vitess-operator-dcb9bc6cc-4bwlw/vitess-operator] I0212 18:36:49.732506       1 server.go:2946] populating reparent journal on new primary zone1-0732481799
[pod/vitess-operator-dcb9bc6cc-4bwlw/vitess-operator] I0212 18:36:49.732745       1 server.go:2955] initializing replica zone1-0869309135
[pod/vitess-operator-dcb9bc6cc-4bwlw/vitess-operator] I0212 18:36:49.751708       1 server.go:2946] populating reparent journal on new primary zone1-3655057523
[pod/vitess-operator-dcb9bc6cc-4bwlw/vitess-operator] I0212 18:36:49.752402       1 server.go:2955] initializing replica zone1-1954987028
[pod/vitess-operator-dcb9bc6cc-4bwlw/vitess-operator] I0212 18:36:50.143358       1 locks.go:218] Unlocking shard benchmark/cc- for successful action InitShardPrimary(zone1-0540814898)
[pod/vitess-operator-dcb9bc6cc-4bwlw/vitess-operator] I0212 18:36:50.299229       1 server.go:2955] initializing replica zone1-1085274074
[pod/vitess-operator-dcb9bc6cc-4bwlw/vitess-operator] I0212 18:36:50.299597       1 server.go:2946] populating reparent journal on new primary zone1-0942943782
[pod/vitess-operator-dcb9bc6cc-4bwlw/vitess-operator] I0212 18:36:50.395350       1 locks.go:218] Unlocking shard benchmark/66-99 for successful action InitShardPrimary(zone1-3655057523)
[pod/vitess-operator-dcb9bc6cc-4bwlw/vitess-operator] I0212 18:36:50.721563       1 locks.go:218] Unlocking shard benchmark/99-cc for successful action InitShardPrimary(zone1-0732481799)
[pod/vitess-operator-dcb9bc6cc-4bwlw/vitess-operator] I0212 18:36:51.214049       1 locks.go:218] Unlocking shard benchmark/-33 for successful action InitShardPrimary(zone1-0942943782)
[pod/vitess-operator-dcb9bc6cc-4bwlw/vitess-operator] time="2026-02-12T18:36:54Z" level=info msg="Reconciling VitessCluster" VitessCluster=example controller=VitessCluster namespace=vitess
[pod/vitess-operator-dcb9bc6cc-4bwlw/vitess-operator] time="2026-02-12T18:36:54Z" level=info msg="Reconciling VitessCell" controller=VitessCell namespace=vitess vitesscell=example-zone1-5abb61ae
[pod/vitess-operator-dcb9bc6cc-4bwlw/vitess-operator] time="2026-02-12T18:36:54Z" level=info msg="Reconciling VitessCell" controller=VitessCell namespace=vitess vitesscell=example-zone1-5abb61ae
[pod/vitess-operator-dcb9bc6cc-4bwlw/vitess-operator] time="2026-02-12T18:36:54Z" level=info msg="Reconciling VitessCell" controller=VitessCell namespace=vitess vitesscell=example-zone1-5abb61ae
[pod/vitess-operator-dcb9bc6cc-4bwlw/vitess-operator] time="2026-02-12T18:36:54Z" level=info msg="Reconciling VitessCluster" VitessCluster=example controller=VitessCluster namespace=vitess
[pod/vitess-operator-dcb9bc6cc-4bwlw/vitess-operator] time="2026-02-12T18:36:54Z" level=info msg="Reconciling VitessCell" controller=VitessCell namespace=vitess vitesscell=example-zone1-5abb61ae
[pod/vitess-operator-dcb9bc6cc-4bwlw/vitess-operator] time="2026-02-12T18:36:54Z" level=info msg="Reconciling VitessCluster" VitessCluster=example controller=VitessCluster namespace=vitess
[pod/vitess-operator-dcb9bc6cc-4bwlw/vitess-operator] time="2026-02-12T18:36:54Z" level=info msg="Reconciling VitessCell" controller=VitessCell namespace=vitess vitesscell=example-zone1-5abb61ae
[pod/vitess-operator-dcb9bc6cc-4bwlw/vitess-operator] time="2026-02-12T18:36:54Z" level=info msg="Reconciling VitessCell" controller=VitessCell namespace=vitess vitesscell=example-zone1-5abb61ae
[pod/vitess-operator-dcb9bc6cc-4bwlw/vitess-operator] time="2026-02-12T18:36:54Z" level=info msg="Reconciling VitessCluster" VitessCluster=example controller=VitessCluster namespace=vitess
[pod/vitess-operator-dcb9bc6cc-4bwlw/vitess-operator] time="2026-02-12T18:36:54Z" level=info msg="Reconciling VitessCell" controller=VitessCell namespace=vitess vitesscell=example-zone1-5abb61ae
[pod/vitess-operator-dcb9bc6cc-4bwlw/vitess-operator] time="2026-02-12T18:36:54Z" level=info msg="Reconciling VitessCell" controller=VitessCell namespace=vitess vitesscell=example-zone1-5abb61ae
[pod/vitess-operator-dcb9bc6cc-4bwlw/vitess-operator] time="2026-02-12T18:36:54Z" level=info msg="Reconciling VitessCluster" VitessCluster=example controller=VitessCluster namespace=vitess
[pod/vitess-operator-dcb9bc6cc-4bwlw/vitess-operator] time="2026-02-12T18:36:54Z" level=info msg="Reconciling VitessCell" controller=VitessCell namespace=vitess vitesscell=example-zone1-5abb61ae
[pod/vitess-operator-dcb9bc6cc-4bwlw/vitess-operator] time="2026-02-12T18:36:54Z" level=info msg="Reconciling VitessCluster" VitessCluster=example controller=VitessCluster namespace=vitess
[pod/vitess-operator-dcb9bc6cc-4bwlw/vitess-operator] time="2026-02-12T18:36:55Z" level=info msg="Reconciling VitessCluster" VitessCluster=example controller=VitessCluster namespace=vitess
[pod/vitess-operator-dcb9bc6cc-4bwlw/vitess-operator] time="2026-02-12T18:36:55Z" level=info msg="Reconciling VitessCell" controller=VitessCell namespace=vitess vitesscell=example-zone1-5abb61ae
[pod/vitess-operator-dcb9bc6cc-4bwlw/vitess-operator] {"level":"info","ts":"2026-02-12T18:36:55Z","msg":"Warning: Reconciler returned both a non-zero result and a non-nil error. The result will always be ignored if the error is non-nil and the non-nil error causes requeuing with exponential backoff. For more details, see: https://pkg.go.dev/sigs.k8s.io/controller-runtime/pkg/reconcile#Reconciler","controller":"vitessshard-controller","object":{"name":"example-benchmark-99-cc-47381cbb","namespace":"vitess"},"namespace":"vitess","name":"example-benchmark-99-cc-47381cbb","reconcileID":"fa764823-31c3-497e-bfd8-24cccf683b24"}
[pod/vitess-operator-dcb9bc6cc-4bwlw/vitess-operator] {"level":"error","ts":"2026-02-12T18:36:55Z","msg":"Reconciler error","controller":"vitessshard-controller","object":{"name":"example-benchmark-99-cc-47381cbb","namespace":"vitess"},"namespace":"vitess","name":"example-benchmark-99-cc-47381cbb","reconcileID":"fa764823-31c3-497e-bfd8-24cccf683b24","error":"Operation cannot be fulfilled on vitessshards.planetscale.com \"example-benchmark-99-cc-47381cbb\": the object has been modified; please apply your changes to the latest version and try again","stacktrace":"sigs.k8s.io/controller-runtime/pkg/internal/controller.(*Controller[...]).reconcileHandler\n\t/go/pkg/mod/sigs.k8s.io/controller-runtime@v0.20.2/pkg/internal/controller/controller.go:341\nsigs.k8s.io/controller-runtime/pkg/internal/controller.(*Controller[...]).processNextWorkItem\n\t/go/pkg/mod/sigs.k8s.io/controller-runtime@v0.20.2/pkg/internal/controller/controller.go:288\nsigs.k8s.io/controller-runtime/pkg/internal/controller.(*Controller[...]).Start.func2.2\n\t/go/pkg/mod/sigs.k8s.io/controller-runtime@v0.20.2/pkg/internal/controller/controller.go:249"}
[pod/vitess-operator-dcb9bc6cc-4bwlw/vitess-operator] time="2026-02-12T18:36:55Z" level=info msg="Reconciling VitessCell" controller=VitessCell namespace=vitess vitesscell=example-zone1-5abb61ae
[pod/vitess-operator-dcb9bc6cc-4bwlw/vitess-operator] time="2026-02-12T18:36:55Z" level=info msg="Reconciling VitessCell" controller=VitessCell namespace=vitess vitesscell=example-zone1-5abb61ae
[pod/vitess-operator-dcb9bc6cc-4bwlw/vitess-operator] time="2026-02-12T18:36:55Z" level=info msg="Reconciling VitessCluster" VitessCluster=example controller=VitessCluster namespace=vitess
[pod/vitess-operator-dcb9bc6cc-4bwlw/vitess-operator] time="2026-02-12T18:36:55Z" level=info msg="Reconciling VitessCell" controller=VitessCell namespace=vitess vitesscell=example-zone1-5abb61ae
[pod/vitess-operator-dcb9bc6cc-4bwlw/vitess-operator] time="2026-02-12T18:36:55Z" level=info msg="Reconciling VitessCluster" VitessCluster=example controller=VitessCluster namespace=vitess
[pod/vitess-operator-dcb9bc6cc-4bwlw/vitess-operator] time="2026-02-12T18:36:55Z" level=info msg="Reconciling VitessCell" controller=VitessCell namespace=vitess vitesscell=example-zone1-5abb61ae
[pod/vitess-operator-dcb9bc6cc-4bwlw/vitess-operator] time="2026-02-12T18:36:55Z" level=info msg="Reconciling VitessCluster" VitessCluster=example controller=VitessCluster namespace=vitess
[pod/vitess-operator-dcb9bc6cc-4bwlw/vitess-operator] time="2026-02-12T18:36:56Z" level=info msg="Reconciling VitessCell" controller=VitessCell namespace=vitess vitesscell=example-zone1-5abb61ae
[pod/vitess-operator-dcb9bc6cc-4bwlw/vitess-operator] time="2026-02-12T18:36:56Z" level=info msg="Reconciling VitessCluster" VitessCluster=example controller=VitessCluster namespace=vitess
[pod/vitess-operator-dcb9bc6cc-4bwlw/vitess-operator] time="2026-02-12T18:36:56Z" level=info msg="Reconciling VitessCell" controller=VitessCell namespace=vitess vitesscell=example-zone1-5abb61ae
[pod/vitess-operator-dcb9bc6cc-4bwlw/vitess-operator] time="2026-02-12T18:36:56Z" level=info msg="Reconciling VitessCell" controller=VitessCell namespace=vitess vitesscell=example-zone1-5abb61ae
[pod/vitess-operator-dcb9bc6cc-4bwlw/vitess-operator] time="2026-02-12T18:36:56Z" level=info msg="Reconciling VitessCluster" VitessCluster=example controller=VitessCluster namespace=vitess
[pod/vitess-operator-dcb9bc6cc-4bwlw/vitess-operator] {"level":"error","ts":"2026-02-12T18:36:56Z","msg":"Reconciler error","controller":"vitesscell-controller","object":{"name":"example-zone1-5abb61ae","namespace":"vitess"},"namespace":"vitess","name":"example-zone1-5abb61ae","reconcileID":"695f4929-d4a2-4ed8-9c29-78791a6dd367","error":"Operation cannot be fulfilled on vitesscells.planetscale.com \"example-zone1-5abb61ae\": the object has been modified; please apply your changes to the latest version and try again","stacktrace":"sigs.k8s.io/controller-runtime/pkg/internal/controller.(*Controller[...]).reconcileHandler\n\t/go/pkg/mod/sigs.k8s.io/controller-runtime@v0.20.2/pkg/internal/controller/controller.go:341\nsigs.k8s.io/controller-runtime/pkg/internal/controller.(*Controller[...]).processNextWorkItem\n\t/go/pkg/mod/sigs.k8s.io/controller-runtime@v0.20.2/pkg/internal/controller/controller.go:288\nsigs.k8s.io/controller-runtime/pkg/internal/controller.(*Controller[...]).Start.func2.2\n\t/go/pkg/mod/sigs.k8s.io/controller-runtime@v0.20.2/pkg/internal/controller/controller.go:249"}
[pod/vitess-operator-dcb9bc6cc-4bwlw/vitess-operator] time="2026-02-12T18:36:56Z" level=info msg="Reconciling VitessCell" controller=VitessCell namespace=vitess vitesscell=example-zone1-5abb61ae
[pod/vitess-operator-dcb9bc6cc-4bwlw/vitess-operator] time="2026-02-12T18:36:56Z" level=info msg="Reconciling VitessCell" controller=VitessCell namespace=vitess vitesscell=example-zone1-5abb61ae
[pod/vitess-operator-dcb9bc6cc-4bwlw/vitess-operator] time="2026-02-12T18:36:56Z" level=info msg="Reconciling VitessCluster" VitessCluster=example controller=VitessCluster namespace=vitess
[pod/vitess-operator-dcb9bc6cc-4bwlw/vitess-operator] time="2026-02-12T18:36:56Z" level=info msg="Reconciling VitessCell" controller=VitessCell namespace=vitess vitesscell=example-zone1-5abb61ae
[pod/vitess-operator-dcb9bc6cc-4bwlw/vitess-operator] time="2026-02-12T18:36:56Z" level=info msg="Reconciling VitessCluster" VitessCluster=example controller=VitessCluster namespace=vitess
[pod/vitess-operator-dcb9bc6cc-4bwlw/vitess-operator] time="2026-02-12T18:36:58Z" level=info msg="Reconciling VitessCluster" VitessCluster=example controller=VitessCluster namespace=vitess
[pod/vitess-operator-dcb9bc6cc-4bwlw/vitess-operator] time="2026-02-12T18:36:58Z" level=info msg="Reconciling VitessCell" controller=VitessCell namespace=vitess vitesscell=example-zone1-5abb61ae
[pod/vitess-operator-dcb9bc6cc-4bwlw/vitess-operator] time="2026-02-12T18:36:58Z" level=info msg="Reconciling VitessCluster" VitessCluster=example controller=VitessCluster namespace=vitess
[pod/vitess-operator-dcb9bc6cc-4bwlw/vitess-operator] time="2026-02-12T18:37:16Z" level=info msg="Reconciling VitessCell" controller=VitessCell namespace=vitess vitesscell=example-zone1-5abb61ae
[pod/vitess-operator-dcb9bc6cc-4bwlw/vitess-operator] time="2026-02-12T18:37:16Z" level=info msg="Reconciling VitessCell" controller=VitessCell namespace=vitess vitesscell=example-zone1-5abb61ae
[pod/vitess-operator-dcb9bc6cc-4bwlw/vitess-operator] time="2026-02-12T18:37:16Z" level=info msg="Reconciling VitessCluster" VitessCluster=example controller=VitessCluster namespace=vitess
[pod/vitess-operator-dcb9bc6cc-4bwlw/vitess-operator] time="2026-02-12T18:37:16Z" level=info msg="Reconciling VitessCell" controller=VitessCell namespace=vitess vitesscell=example-zone1-5abb61ae
[pod/vitess-operator-dcb9bc6cc-4bwlw/vitess-operator] time="2026-02-12T18:37:16Z" level=info msg="Reconciling VitessCluster" VitessCluster=example controller=VitessCluster namespace=vitess
[pod/vitess-operator-dcb9bc6cc-4bwlw/vitess-operator] time="2026-02-12T18:37:16Z" level=info msg="Reconciling VitessCell" controller=VitessCell namespace=vitess vitesscell=example-zone1-5abb61ae
[pod/vitess-operator-dcb9bc6cc-4bwlw/vitess-operator] time="2026-02-12T18:37:16Z" level=info msg="Reconciling VitessCell" controller=VitessCell namespace=vitess vitesscell=example-zone1-5abb61ae
[pod/vitess-operator-dcb9bc6cc-4bwlw/vitess-operator] time="2026-02-12T18:37:16Z" level=info msg="Reconciling VitessCluster" VitessCluster=example controller=VitessCluster namespace=vitess
[pod/vitess-operator-dcb9bc6cc-4bwlw/vitess-operator] time="2026-02-12T18:37:24Z" level=info msg="Reconciling VitessCell" controller=VitessCell namespace=vitess vitesscell=example-zone1-5abb61ae
[pod/vitess-operator-dcb9bc6cc-4bwlw/vitess-operator] time="2026-02-12T18:37:24Z" level=info msg="Reconciling VitessCell" controller=VitessCell namespace=vitess vitesscell=example-zone1-5abb61ae
[pod/vitess-operator-dcb9bc6cc-4bwlw/vitess-operator] time="2026-02-12T18:37:24Z" level=info msg="Reconciling VitessCluster" VitessCluster=example controller=VitessCluster namespace=vitess
[pod/vitess-operator-dcb9bc6cc-4bwlw/vitess-operator] time="2026-02-12T18:37:24Z" level=info msg="Reconciling VitessCell" controller=VitessCell namespace=vitess vitesscell=example-zone1-5abb61ae
[pod/vitess-operator-dcb9bc6cc-4bwlw/vitess-operator] time="2026-02-12T18:37:24Z" level=info msg="Reconciling VitessCluster" VitessCluster=example controller=VitessCluster namespace=vitess
[pod/vitess-operator-dcb9bc6cc-4bwlw/vitess-operator] time="2026-02-12T18:37:24Z" level=info msg="Reconciling VitessCell" controller=VitessCell namespace=vitess vitesscell=example-zone1-5abb61ae
[pod/vitess-operator-dcb9bc6cc-4bwlw/vitess-operator] time="2026-02-12T18:37:24Z" level=info msg="Reconciling VitessCell" controller=VitessCell namespace=vitess vitesscell=example-zone1-5abb61ae
[pod/vitess-operator-dcb9bc6cc-4bwlw/vitess-operator] time="2026-02-12T18:37:24Z" level=info msg="Reconciling VitessCluster" VitessCluster=example controller=VitessCluster namespace=vitess
[pod/vitess-operator-dcb9bc6cc-4bwlw/vitess-operator] {"level":"error","ts":"2026-02-12T18:37:24Z","msg":"Reconciler error","controller":"vitesscluster-controller","object":{"name":"example","namespace":"vitess"},"namespace":"vitess","name":"example","reconcileID":"1f282b72-8476-49fc-99ca-e8b5c9e6cad7","error":"Operation cannot be fulfilled on vitessclusters.planetscale.com \"example\": the object has been modified; please apply your changes to the latest version and try again","stacktrace":"sigs.k8s.io/controller-runtime/pkg/internal/controller.(*Controller[...]).reconcileHandler\n\t/go/pkg/mod/sigs.k8s.io/controller-runtime@v0.20.2/pkg/internal/controller/controller.go:341\nsigs.k8s.io/controller-runtime/pkg/internal/controller.(*Controller[...]).processNextWorkItem\n\t/go/pkg/mod/sigs.k8s.io/controller-runtime@v0.20.2/pkg/internal/controller/controller.go:288\nsigs.k8s.io/controller-runtime/pkg/internal/controller.(*Controller[...]).Start.func2.2\n\t/go/pkg/mod/sigs.k8s.io/controller-runtime@v0.20.2/pkg/internal/controller/controller.go:249"}
[pod/vitess-operator-dcb9bc6cc-4bwlw/vitess-operator] time="2026-02-12T18:37:24Z" level=info msg="Reconciling VitessCluster" VitessCluster=example controller=VitessCluster namespace=vitess
[pod/vitess-operator-dcb9bc6cc-4bwlw/vitess-operator] time="2026-02-12T18:37:24Z" level=info msg="Reconciling VitessCluster" VitessCluster=example controller=VitessCluster namespace=vitess
[pod/vitess-operator-dcb9bc6cc-4bwlw/vitess-operator] {"level":"info","ts":"2026-02-12T18:37:25Z","msg":"Warning: Reconciler returned both a non-zero result and a non-nil error. The result will always be ignored if the error is non-nil and the non-nil error causes requeuing with exponential backoff. For more details, see: https://pkg.go.dev/sigs.k8s.io/controller-runtime/pkg/reconcile#Reconciler","controller":"vitessshard-controller","object":{"name":"example-benchmark-99-cc-47381cbb","namespace":"vitess"},"namespace":"vitess","name":"example-benchmark-99-cc-47381cbb","reconcileID":"e96cd8c4-a384-4bd2-ab5b-2a47a921dfe8"}
[pod/vitess-operator-dcb9bc6cc-4bwlw/vitess-operator] {"level":"error","ts":"2026-02-12T18:37:25Z","msg":"Reconciler error","controller":"vitessshard-controller","object":{"name":"example-benchmark-99-cc-47381cbb","namespace":"vitess"},"namespace":"vitess","name":"example-benchmark-99-cc-47381cbb","reconcileID":"e96cd8c4-a384-4bd2-ab5b-2a47a921dfe8","error":"Operation cannot be fulfilled on vitessshards.planetscale.com \"example-benchmark-99-cc-47381cbb\": the object has been modified; please apply your changes to the latest version and try again","stacktrace":"sigs.k8s.io/controller-runtime/pkg/internal/controller.(*Controller[...]).reconcileHandler\n\t/go/pkg/mod/sigs.k8s.io/controller-runtime@v0.20.2/pkg/internal/controller/controller.go:341\nsigs.k8s.io/controller-runtime/pkg/internal/controller.(*Controller[...]).processNextWorkItem\n\t/go/pkg/mod/sigs.k8s.io/controller-runtime@v0.20.2/pkg/internal/controller/controller.go:288\nsigs.k8s.io/controller-runtime/pkg/internal/controller.(*Controller[...]).Start.func2.2\n\t/go/pkg/mod/sigs.k8s.io/controller-runtime@v0.20.2/pkg/internal/controller/controller.go:249"}
[pod/vitess-operator-dcb9bc6cc-4bwlw/vitess-operator] {"level":"info","ts":"2026-02-12T18:37:26Z","msg":"Warning: Reconciler returned both a non-zero result and a non-nil error. The result will always be ignored if the error is non-nil and the non-nil error causes requeuing with exponential backoff. For more details, see: https://pkg.go.dev/sigs.k8s.io/controller-runtime/pkg/reconcile#Reconciler","controller":"vitessshard-controller","object":{"name":"example-benchmark-66-99-790ed8ef","namespace":"vitess"},"namespace":"vitess","name":"example-benchmark-66-99-790ed8ef","reconcileID":"6c4401a4-0bed-4e95-b7c0-e25a264f79f6"}
[pod/vitess-operator-dcb9bc6cc-4bwlw/vitess-operator] {"level":"error","ts":"2026-02-12T18:37:26Z","msg":"Reconciler error","controller":"vitessshard-controller","object":{"name":"example-benchmark-66-99-790ed8ef","namespace":"vitess"},"namespace":"vitess","name":"example-benchmark-66-99-790ed8ef","reconcileID":"6c4401a4-0bed-4e95-b7c0-e25a264f79f6","error":"Operation cannot be fulfilled on vitessshards.planetscale.com \"example-benchmark-66-99-790ed8ef\": the object has been modified; please apply your changes to the latest version and try again","stacktrace":"sigs.k8s.io/controller-runtime/pkg/internal/controller.(*Controller[...]).reconcileHandler\n\t/go/pkg/mod/sigs.k8s.io/controller-runtime@v0.20.2/pkg/internal/controller/controller.go:341\nsigs.k8s.io/controller-runtime/pkg/internal/controller.(*Controller[...]).processNextWorkItem\n\t/go/pkg/mod/sigs.k8s.io/controller-runtime@v0.20.2/pkg/internal/controller/controller.go:288\nsigs.k8s.io/controller-runtime/pkg/internal/controller.(*Controller[...]).Start.func2.2\n\t/go/pkg/mod/sigs.k8s.io/controller-runtime@v0.20.2/pkg/internal/controller/controller.go:249"}
[pod/vitess-operator-dcb9bc6cc-4bwlw/vitess-operator] time="2026-02-12T18:40:21Z" level=info msg="Reconciling VitessCluster" VitessCluster=example controller=VitessCluster namespace=vitess
[pod/vitess-operator-dcb9bc6cc-4bwlw/vitess-operator] time="2026-02-12T18:40:21Z" level=info msg="Updating object in place" diff="spec:\n  gateway:\n    resources:\n      requests:\n        cpu: 30m\n        memory: 128Mi\n" gvk="planetscale.com/v2, Kind=VitessCell" key=vitess/example-zone1-5abb61ae
[pod/vitess-operator-dcb9bc6cc-4bwlw/vitess-operator] time="2026-02-12T18:40:21Z" level=info msg="Reconciling VitessCell" controller=VitessCell namespace=vitess vitesscell=example-zone1-5abb61ae
[pod/vitess-operator-dcb9bc6cc-4bwlw/vitess-operator] time="2026-02-12T18:40:21Z" level=info msg="Updating object in place" diff="spec:\n  partitionings:\n  - equal:\n      parts: 5\n      shardTemplate:\n        databaseInitScriptSecret:\n          key: init_db.sql\n          name: example-cluster-config\n        replication:\n          initializeBackup: true\n          initializeMaster: true\n          recoverRestartedMaster: true\n        tabletPools:\n        - cell: zone1\n          dataVolumeClaimTemplate:\n            accessModes:\n            - ReadWriteOnce\n            resources:\n              requests:\n                storage: 4Gi\n          mysqld:\n            resources:\n              requests:\n                cpu: 30m\n                memory: 128Mi\n          replicas: 2\n          type: replica\n          vttablet:\n            extraFlags:\n              db-charset: utf8mb4\n              init_db_name_override: benchmark\n              queryserver-config-pool-size: \"100\"\n              queryserver-config-query-timeout: 5m\n              queryserver-config-transaction-cap: \"100\"\n              queryserver-config-transaction-timeout: 120s\n              queryserver-config-txpool-max-idle-count: \"100\"\n              queryserver-config-txpool-timeout: 60s\n            lifecycle: {}\n            resources:\n              requests:\n                cpu: 30m\n                memory: 128Mi\n  vitessOrchestrator:\n    resources:\n      requests:\n        cpu: 30m\n" gvk="planetscale.com/v2, Kind=VitessKeyspace" key=vitess/example-benchmark-32578b2b
[pod/vitess-operator-dcb9bc6cc-4bwlw/vitess-operator] time="2026-02-12T18:40:21Z" level=info msg="Updating object in place" diff="spec:\n  template:\n    spec:\n      containers:\n      - name: vtgate\n        resources:\n          requests:\n            cpu: 30m\n            memory: 128Mi\n" gvk="apps/v1, Kind=Deployment" key=vitess/example-zone1-vtgate-bc6cde92
[pod/vitess-operator-dcb9bc6cc-4bwlw/vitess-operator] time="2026-02-12T18:40:21Z" level=info msg="Updating object in place" diff="spec:\n  template:\n    spec:\n      containers:\n      - name: vtctld\n        resources:\n          requests:\n            cpu: 30m\n" gvk="apps/v1, Kind=Deployment" key=vitess/example-zone1-vtctld-1d4dcad0
[pod/vitess-operator-dcb9bc6cc-4bwlw/vitess-operator] time="2026-02-12T18:40:21Z" level=info msg="Updating object in place" diff="spec:\n  tabletPools:\n  - mysqld:\n      resources:\n        requests:\n          cpu: 30m\n          memory: 128Mi\n    type: replica\n    vttablet:\n      resources:\n        requests:\n          cpu: 30m\n          memory: 128Mi\n  vitessOrchestrator:\n    resources:\n      requests:\n        cpu: 30m\n" gvk="planetscale.com/v2, Kind=VitessShard" key=vitess/example-benchmark-x-33-3c49bddd
[pod/vitess-operator-dcb9bc6cc-4bwlw/vitess-operator] time="2026-02-12T18:40:21Z" level=info msg="Reconciling VitessCell" controller=VitessCell namespace=vitess vitesscell=example-zone1-5abb61ae
[pod/vitess-operator-dcb9bc6cc-4bwlw/vitess-operator] time="2026-02-12T18:40:21Z" level=info msg="Updating object in place" diff="spec:\n  tabletPools:\n  - mysqld:\n      resources:\n        requests:\n          cpu: 30m\n          memory: 128Mi\n    type: replica\n    vttablet:\n      resources:\n        requests:\n          cpu: 30m\n          memory: 128Mi\n  vitessOrchestrator:\n    resources:\n      requests:\n        cpu: 30m\n" gvk="planetscale.com/v2, Kind=VitessShard" key=vitess/example-benchmark-33-66-c8a85782
[pod/vitess-operator-dcb9bc6cc-4bwlw/vitess-operator] time="2026-02-12T18:40:21Z" level=info msg="Updating object in place" diff="spec:\n  template:\n    spec:\n      containers:\n      - name: vtorc\n        resources:\n          requests:\n            cpu: 30m\n" gvk="apps/v1, Kind=Deployment" key=vitess/example-benchmark-x-33-zone1-vtorc-30274db2
[pod/vitess-operator-dcb9bc6cc-4bwlw/vitess-operator] time="2026-02-12T18:40:21Z" level=info msg="Updating object in place" diff="spec:\n  template:\n    spec:\n      containers:\n      - name: vtorc\n        resources:\n          requests:\n            cpu: 30m\n" gvk="apps/v1, Kind=Deployment" key=vitess/example-benchmark-33-66-zone1-vtorc-680a24cc
[pod/vitess-operator-dcb9bc6cc-4bwlw/vitess-operator] time="2026-02-12T18:40:21Z" level=info msg="Updating object in place" diff="spec:\n  tabletPools:\n  - mysqld:\n      resources:\n        requests:\n          cpu: 30m\n          memory: 128Mi\n    type: replica\n    vttablet:\n      resources:\n        requests:\n          cpu: 30m\n          memory: 128Mi\n  vitessOrchestrator:\n    resources:\n      requests:\n        cpu: 30m\n" gvk="planetscale.com/v2, Kind=VitessShard" key=vitess/example-benchmark-66-99-790ed8ef
[pod/vitess-operator-dcb9bc6cc-4bwlw/vitess-operator] time="2026-02-12T18:40:21Z" level=info msg="Reconciling VitessCell" controller=VitessCell namespace=vitess vitesscell=example-zone1-5abb61ae
[pod/vitess-operator-dcb9bc6cc-4bwlw/vitess-operator] time="2026-02-12T18:40:21Z" level=info msg="Updating object in place" diff="metadata:\n  annotations:\n    planetscale.com/observed-shard-generation: \"2\"\n    rollout.planetscale.com/scheduled: |\n      spec:\n        containers:\n        - name: vttablet\n          resources:\n            requests:\n              cpu: 30m\n              memory: 128Mi\n        - name: mysqld\n          resources:\n            requests:\n              cpu: 30m\n              memory: 128Mi\n        initContainers:\n        - name: init-vt-root\n          resources:\n            requests:\n              cpu: 30m\n              memory: 128Mi\n        - name: init-mysql-socket\n          resources:\n            requests:\n              cpu: 30m\n              memory: 128Mi\n" gvk="/v1, Kind=Pod" key=vitess/example-vttablet-zone1-0942943782-67bcbcdb
[pod/vitess-operator-dcb9bc6cc-4bwlw/vitess-operator] time="2026-02-12T18:40:21Z" level=info msg="Updating object in place" diff="spec:\n  tabletPools:\n  - mysqld:\n      resources:\n        requests:\n          cpu: 30m\n          memory: 128Mi\n    type: replica\n    vttablet:\n      resources:\n        requests:\n          cpu: 30m\n          memory: 128Mi\n  vitessOrchestrator:\n    resources:\n      requests:\n        cpu: 30m\n" gvk="planetscale.com/v2, Kind=VitessShard" key=vitess/example-benchmark-99-cc-47381cbb
[pod/vitess-operator-dcb9bc6cc-4bwlw/vitess-operator] time="2026-02-12T18:40:21Z" level=info msg="Updating object in place" diff="spec:\n  template:\n    spec:\n      containers:\n      - name: vtorc\n        resources:\n          requests:\n            cpu: 30m\n" gvk="apps/v1, Kind=Deployment" key=vitess/example-benchmark-66-99-zone1-vtorc-77bc27e1
[pod/vitess-operator-dcb9bc6cc-4bwlw/vitess-operator] time="2026-02-12T18:40:21Z" level=info msg="Updating object in place" diff="spec:\n  template:\n    spec:\n      containers:\n      - name: vtadmin-api\n        resources:\n          requests:\n            cpu: 30m\n      - name: vtadmin-web\n        resources:\n          requests:\n            cpu: 30m\n" gvk="apps/v1, Kind=Deployment" key=vitess/example-zone1-vtadmin-c03d7eae
[pod/vitess-operator-dcb9bc6cc-4bwlw/vitess-operator] time="2026-02-12T18:40:21Z" level=info msg="Updating object in place" diff="metadata:\n  annotations:\n    planetscale.com/observed-shard-generation: \"2\"\n    rollout.planetscale.com/scheduled: |\n      spec:\n        containers:\n        - name: vttablet\n          resources:\n            requests:\n              cpu: 30m\n              memory: 128Mi\n        - name: mysqld\n          resources:\n            requests:\n              cpu: 30m\n              memory: 128Mi\n        initContainers:\n        - name: init-vt-root\n          resources:\n            requests:\n              cpu: 30m\n              memory: 128Mi\n        - name: init-mysql-socket\n          resources:\n            requests:\n              cpu: 30m\n              memory: 128Mi\n" gvk="/v1, Kind=Pod" key=vitess/example-vttablet-zone1-4008724850-4dac0145
[pod/vitess-operator-dcb9bc6cc-4bwlw/vitess-operator] time="2026-02-12T18:40:21Z" level=info msg="Reconciling VitessCell" controller=VitessCell namespace=vitess vitesscell=example-zone1-5abb61ae
[pod/vitess-operator-dcb9bc6cc-4bwlw/vitess-operator] time="2026-02-12T18:40:21Z" level=info msg="Updating object in place" diff="spec:\n  template:\n    spec:\n      containers:\n      - name: vtorc\n        resources:\n          requests:\n            cpu: 30m\n" gvk="apps/v1, Kind=Deployment" key=vitess/example-benchmark-99-cc-zone1-vtorc-cfdbb544
[pod/vitess-operator-dcb9bc6cc-4bwlw/vitess-operator] time="2026-02-12T18:40:21Z" level=info msg="Updating object in place" diff="spec:\n  tabletPools:\n  - mysqld:\n      resources:\n        requests:\n          cpu: 30m\n          memory: 128Mi\n    type: replica\n    vttablet:\n      resources:\n        requests:\n          cpu: 30m\n          memory: 128Mi\n  vitessOrchestrator:\n    resources:\n      requests:\n        cpu: 30m\n" gvk="planetscale.com/v2, Kind=VitessShard" key=vitess/example-benchmark-cc-x-1088662d
[pod/vitess-operator-dcb9bc6cc-4bwlw/vitess-operator] time="2026-02-12T18:40:21Z" level=info msg="Updating object in place" diff="spec:\n  template:\n    spec:\n      containers:\n      - name: vtorc\n        resources:\n          requests:\n            cpu: 30m\n" gvk="apps/v1, Kind=Deployment" key=vitess/example-benchmark-cc-x-zone1-vtorc-aa1af259
[pod/vitess-operator-dcb9bc6cc-4bwlw/vitess-operator] time="2026-02-12T18:40:21Z" level=info msg="Updating object in place" diff="metadata:\n  annotations:\n    planetscale.com/observed-shard-generation: \"2\"\n    rollout.planetscale.com/scheduled: |\n      spec:\n        containers:\n        - name: vttablet\n          resources:\n            requests:\n              cpu: 30m\n              memory: 128Mi\n        - name: mysqld\n          resources:\n            requests:\n              cpu: 30m\n              memory: 128Mi\n        initContainers:\n        - name: init-vt-root\n          resources:\n            requests:\n              cpu: 30m\n              memory: 128Mi\n        - name: init-mysql-socket\n          resources:\n            requests:\n              cpu: 30m\n              memory: 128Mi\n" gvk="/v1, Kind=Pod" key=vitess/example-vttablet-zone1-1085274074-76c88d55
[pod/vitess-operator-dcb9bc6cc-4bwlw/vitess-operator] time="2026-02-12T18:40:21Z" level=info msg="Reconciling VitessCell" controller=VitessCell namespace=vitess vitesscell=example-zone1-5abb61ae
[pod/vitess-operator-dcb9bc6cc-4bwlw/vitess-operator] time="2026-02-12T18:40:21Z" level=info msg="Reconciling VitessCluster" VitessCluster=example controller=VitessCluster namespace=vitess
[pod/vitess-operator-dcb9bc6cc-4bwlw/vitess-operator] time="2026-02-12T18:40:21Z" level=info msg="Updating object in place" diff="metadata:\n  annotations:\n    planetscale.com/observed-shard-generation: \"2\"\n    rollout.planetscale.com/scheduled: |\n      spec:\n        containers:\n        - name: vttablet\n          resources:\n            requests:\n              cpu: 30m\n              memory: 128Mi\n        - name: mysqld\n          resources:\n            requests:\n              cpu: 30m\n              memory: 128Mi\n        initContainers:\n        - name: init-vt-root\n          resources:\n            requests:\n              cpu: 30m\n              memory: 128Mi\n        - name: init-mysql-socket\n          resources:\n            requests:\n              cpu: 30m\n              memory: 128Mi\n" gvk="/v1, Kind=Pod" key=vitess/example-vttablet-zone1-3206332824-35a47ead
[pod/vitess-operator-dcb9bc6cc-4bwlw/vitess-operator] time="2026-02-12T18:40:21Z" level=info msg="Updating object in place" diff="metadata:\n  annotations:\n    planetscale.com/observed-shard-generation: \"2\"\n    rollout.planetscale.com/scheduled: |\n      spec:\n        containers:\n        - name: vttablet\n          resources:\n            requests:\n              cpu: 30m\n              memory: 128Mi\n        - name: mysqld\n          resources:\n            requests:\n              cpu: 30m\n              memory: 128Mi\n        initContainers:\n        - name: init-vt-root\n          resources:\n            requests:\n              cpu: 30m\n              memory: 128Mi\n        - name: init-mysql-socket\n          resources:\n            requests:\n              cpu: 30m\n              memory: 128Mi\n" gvk="/v1, Kind=Pod" key=vitess/example-vttablet-zone1-0540814898-2a8ec4b2
[pod/vitess-operator-dcb9bc6cc-4bwlw/vitess-operator] time="2026-02-12T18:40:21Z" level=info msg="Updating object in place" diff="metadata:\n  annotations:\n    planetscale.com/observed-shard-generation: \"2\"\n    rollout.planetscale.com/scheduled: |\n      spec:\n        containers:\n        - name: vttablet\n          resources:\n            requests:\n              cpu: 30m\n              memory: 128Mi\n        - name: mysqld\n          resources:\n            requests:\n              cpu: 30m\n              memory: 128Mi\n        initContainers:\n        - name: init-vt-root\n          resources:\n            requests:\n              cpu: 30m\n              memory: 128Mi\n        - name: init-mysql-socket\n          resources:\n            requests:\n              cpu: 30m\n              memory: 128Mi\n" gvk="/v1, Kind=Pod" key=vitess/example-vttablet-zone1-0869309135-fda6e8dd
[pod/vitess-operator-dcb9bc6cc-4bwlw/vitess-operator] time="2026-02-12T18:40:21Z" level=info msg="Reconciling VitessCell" controller=VitessCell namespace=vitess vitesscell=example-zone1-5abb61ae
[pod/vitess-operator-dcb9bc6cc-4bwlw/vitess-operator] time="2026-02-12T18:40:21Z" level=info msg="Updating object in place" diff="metadata:\n  annotations:\n    planetscale.com/observed-shard-generation: \"2\"\n    rollout.planetscale.com/scheduled: |\n      spec:\n        containers:\n        - name: vttablet\n          resources:\n            requests:\n              cpu: 30m\n              memory: 128Mi\n        - name: mysqld\n          resources:\n            requests:\n              cpu: 30m\n              memory: 128Mi\n        initContainers:\n        - name: init-vt-root\n          resources:\n            requests:\n              cpu: 30m\n              memory: 128Mi\n        - name: init-mysql-socket\n          resources:\n            requests:\n              cpu: 30m\n              memory: 128Mi\n" gvk="/v1, Kind=Pod" key=vitess/example-vttablet-zone1-1954987028-3377f5aa
[pod/vitess-operator-dcb9bc6cc-4bwlw/vitess-operator] time="2026-02-12T18:40:21Z" level=info msg="Reconciling VitessCell" controller=VitessCell namespace=vitess vitesscell=example-zone1-5abb61ae
[pod/vitess-operator-dcb9bc6cc-4bwlw/vitess-operator] time="2026-02-12T18:40:21Z" level=info msg="Updating object in place" diff="metadata:\n  annotations:\n    planetscale.com/observed-shard-generation: \"2\"\n    rollout.planetscale.com/scheduled: |\n      spec:\n        containers:\n        - name: vttablet\n          resources:\n            requests:\n              cpu: 30m\n              memory: 128Mi\n        - name: mysqld\n          resources:\n            requests:\n              cpu: 30m\n              memory: 128Mi\n        initContainers:\n        - name: init-vt-root\n          resources:\n            requests:\n              cpu: 30m\n              memory: 128Mi\n        - name: init-mysql-socket\n          resources:\n            requests:\n              cpu: 30m\n              memory: 128Mi\n" gvk="/v1, Kind=Pod" key=vitess/example-vttablet-zone1-0975494357-3b656c4f
[pod/vitess-operator-dcb9bc6cc-4bwlw/vitess-operator] time="2026-02-12T18:40:21Z" level=info msg="Reconciling VitessCluster" VitessCluster=example controller=VitessCluster namespace=vitess
[pod/vitess-operator-dcb9bc6cc-4bwlw/vitess-operator] time="2026-02-12T18:40:21Z" level=info msg="Reconciling VitessCell" controller=VitessCell namespace=vitess vitesscell=example-zone1-5abb61ae
[pod/vitess-operator-dcb9bc6cc-4bwlw/vitess-operator] time="2026-02-12T18:40:21Z" level=info msg="Updating object in place" diff="metadata:\n  annotations:\n    planetscale.com/observed-shard-generation: \"2\"\n    rollout.planetscale.com/scheduled: |\n      spec:\n        containers:\n        - name: vttablet\n          resources:\n            requests:\n              cpu: 30m\n              memory: 128Mi\n        - name: mysqld\n          resources:\n            requests:\n              cpu: 30m\n              memory: 128Mi\n        initContainers:\n        - name: init-vt-root\n          resources:\n            requests:\n              cpu: 30m\n              memory: 128Mi\n        - name: init-mysql-socket\n          resources:\n            requests:\n              cpu: 30m\n              memory: 128Mi\n" gvk="/v1, Kind=Pod" key=vitess/example-vttablet-zone1-0732481799-30a8f8f3
[pod/vitess-operator-dcb9bc6cc-4bwlw/vitess-operator] time="2026-02-12T18:40:21Z" level=info msg="Reconciling VitessCell" controller=VitessCell namespace=vitess vitesscell=example-zone1-5abb61ae
[pod/vitess-operator-dcb9bc6cc-4bwlw/vitess-operator] time="2026-02-12T18:40:21Z" level=info msg="Updating object in place" diff="metadata:\n  annotations:\n    planetscale.com/observed-shard-generation: \"2\"\n    rollout.planetscale.com/scheduled: |\n      spec:\n        containers:\n        - name: vttablet\n          resources:\n            requests:\n              cpu: 30m\n              memory: 128Mi\n        - name: mysqld\n          resources:\n            requests:\n              cpu: 30m\n              memory: 128Mi\n        initContainers:\n        - name: init-vt-root\n          resources:\n            requests:\n              cpu: 30m\n              memory: 128Mi\n        - name: init-mysql-socket\n          resources:\n            requests:\n              cpu: 30m\n              memory: 128Mi\n" gvk="/v1, Kind=Pod" key=vitess/example-vttablet-zone1-3655057523-5837bb43
[pod/vitess-operator-dcb9bc6cc-4bwlw/vitess-operator] time="2026-02-12T18:40:21Z" level=info msg="Reconciling VitessCluster" VitessCluster=example controller=VitessCluster namespace=vitess
[pod/vitess-operator-dcb9bc6cc-4bwlw/vitess-operator] {"level":"error","ts":"2026-02-12T18:40:21Z","msg":"Reconciler error","controller":"vitessshard-controller","object":{"name":"example-benchmark-33-66-c8a85782","namespace":"vitess"},"namespace":"vitess","name":"example-benchmark-33-66-c8a85782","reconcileID":"bdb43d6c-db31-4878-94a4-497c53390877","error":"Operation cannot be fulfilled on vitessshards.planetscale.com \"example-benchmark-33-66-c8a85782\": the object has been modified; please apply your changes to the latest version and try again","stacktrace":"sigs.k8s.io/controller-runtime/pkg/internal/controller.(*Controller[...]).reconcileHandler\n\t/go/pkg/mod/sigs.k8s.io/controller-runtime@v0.20.2/pkg/internal/controller/controller.go:341\nsigs.k8s.io/controller-runtime/pkg/internal/controller.(*Controller[...]).processNextWorkItem\n\t/go/pkg/mod/sigs.k8s.io/controller-runtime@v0.20.2/pkg/internal/controller/controller.go:288\nsigs.k8s.io/controller-runtime/pkg/internal/controller.(*Controller[...]).Start.func2.2\n\t/go/pkg/mod/sigs.k8s.io/controller-runtime@v0.20.2/pkg/internal/controller/controller.go:249"}
[pod/vitess-operator-dcb9bc6cc-4bwlw/vitess-operator] time="2026-02-12T18:40:21Z" level=info msg="Reconciling VitessCell" controller=VitessCell namespace=vitess vitesscell=example-zone1-5abb61ae
[pod/vitess-operator-dcb9bc6cc-4bwlw/vitess-operator] time="2026-02-12T18:40:22Z" level=info msg="Updating object in place" diff="metadata:\n  annotations:\n    rollout.planetscale.com/cascade: \"\"\n" gvk="planetscale.com/v2, Kind=VitessShard" key=vitess/example-benchmark-x-33-3c49bddd
[pod/vitess-operator-dcb9bc6cc-4bwlw/vitess-operator] {"level":"error","ts":"2026-02-12T18:40:22Z","msg":"Reconciler error","controller":"vitesscell-controller","object":{"name":"example-zone1-5abb61ae","namespace":"vitess"},"namespace":"vitess","name":"example-zone1-5abb61ae","reconcileID":"e02dca7c-7cfc-4fe6-97d0-23881b05f468","error":"Operation cannot be fulfilled on vitesscells.planetscale.com \"example-zone1-5abb61ae\": the object has been modified; please apply your changes to the latest version and try again","stacktrace":"sigs.k8s.io/controller-runtime/pkg/internal/controller.(*Controller[...]).reconcileHandler\n\t/go/pkg/mod/sigs.k8s.io/controller-runtime@v0.20.2/pkg/internal/controller/controller.go:341\nsigs.k8s.io/controller-runtime/pkg/internal/controller.(*Controller[...]).processNextWorkItem\n\t/go/pkg/mod/sigs.k8s.io/controller-runtime@v0.20.2/pkg/internal/controller/controller.go:288\nsigs.k8s.io/controller-runtime/pkg/internal/controller.(*Controller[...]).Start.func2.2\n\t/go/pkg/mod/sigs.k8s.io/controller-runtime@v0.20.2/pkg/internal/controller/controller.go:249"}
[pod/vitess-operator-dcb9bc6cc-4bwlw/vitess-operator] time="2026-02-12T18:40:22Z" level=info msg="Reconciling VitessCell" controller=VitessCell namespace=vitess vitesscell=example-zone1-5abb61ae
[pod/vitess-operator-dcb9bc6cc-4bwlw/vitess-operator] time="2026-02-12T18:40:22Z" level=info msg="Reconciling VitessCluster" VitessCluster=example controller=VitessCluster namespace=vitess
[pod/vitess-operator-dcb9bc6cc-4bwlw/vitess-operator] time="2026-02-12T18:40:22Z" level=info msg="Reconciling VitessCell" controller=VitessCell namespace=vitess vitesscell=example-zone1-5abb61ae
[pod/vitess-operator-dcb9bc6cc-4bwlw/vitess-operator] time="2026-02-12T18:40:22Z" level=info msg="Updating object in place" diff="metadata:\n  annotations:\n    rollout.planetscale.com/cascade: \"\"\n" gvk="planetscale.com/v2, Kind=VitessShard" key=vitess/example-benchmark-33-66-c8a85782
[pod/vitess-operator-dcb9bc6cc-4bwlw/vitess-operator] {"level":"error","ts":"2026-02-12T18:40:22Z","msg":"Reconciler error","controller":"vitesscell-controller","object":{"name":"example-zone1-5abb61ae","namespace":"vitess"},"namespace":"vitess","name":"example-zone1-5abb61ae","reconcileID":"d936cd3d-950c-4d9b-81bd-e81731c092e4","error":"Operation cannot be fulfilled on vitesscells.planetscale.com \"example-zone1-5abb61ae\": the object has been modified; please apply your changes to the latest version and try again","stacktrace":"sigs.k8s.io/controller-runtime/pkg/internal/controller.(*Controller[...]).reconcileHandler\n\t/go/pkg/mod/sigs.k8s.io/controller-runtime@v0.20.2/pkg/internal/controller/controller.go:341\nsigs.k8s.io/controller-runtime/pkg/internal/controller.(*Controller[...]).processNextWorkItem\n\t/go/pkg/mod/sigs.k8s.io/controller-runtime@v0.20.2/pkg/internal/controller/controller.go:288\nsigs.k8s.io/controller-runtime/pkg/internal/controller.(*Controller[...]).Start.func2.2\n\t/go/pkg/mod/sigs.k8s.io/controller-runtime@v0.20.2/pkg/internal/controller/controller.go:249"}
[pod/vitess-operator-dcb9bc6cc-4bwlw/vitess-operator] time="2026-02-12T18:40:22Z" level=info msg="Reconciling VitessCell" controller=VitessCell namespace=vitess vitesscell=example-zone1-5abb61ae
[pod/vitess-operator-dcb9bc6cc-4bwlw/vitess-operator] {"level":"error","ts":"2026-02-12T18:40:22Z","msg":"Reconciler error","controller":"vitessshard-controller","object":{"name":"example-benchmark-33-66-c8a85782","namespace":"vitess"},"namespace":"vitess","name":"example-benchmark-33-66-c8a85782","reconcileID":"85a97540-8ddc-4d61-9acc-0260d15cf927","error":"Operation cannot be fulfilled on vitessshards.planetscale.com \"example-benchmark-33-66-c8a85782\": the object has been modified; please apply your changes to the latest version and try again","stacktrace":"sigs.k8s.io/controller-runtime/pkg/internal/controller.(*Controller[...]).reconcileHandler\n\t/go/pkg/mod/sigs.k8s.io/controller-runtime@v0.20.2/pkg/internal/controller/controller.go:341\nsigs.k8s.io/controller-runtime/pkg/internal/controller.(*Controller[...]).processNextWorkItem\n\t/go/pkg/mod/sigs.k8s.io/controller-runtime@v0.20.2/pkg/internal/controller/controller.go:288\nsigs.k8s.io/controller-runtime/pkg/internal/controller.(*Controller[...]).Start.func2.2\n\t/go/pkg/mod/sigs.k8s.io/controller-runtime@v0.20.2/pkg/internal/controller/controller.go:249"}
[pod/vitess-operator-dcb9bc6cc-4bwlw/vitess-operator] time="2026-02-12T18:40:22Z" level=info msg="Updating object in place" diff="metadata:\n  annotations:\n    rollout.planetscale.com/cascade: \"\"\n" gvk="planetscale.com/v2, Kind=VitessShard" key=vitess/example-benchmark-99-cc-47381cbb
[pod/vitess-operator-dcb9bc6cc-4bwlw/vitess-operator] time="2026-02-12T18:40:22Z" level=info msg="Updating object in place" diff="metadata:\n  annotations:\n    rollout.planetscale.com/cascade: \"\"\n" gvk="planetscale.com/v2, Kind=VitessShard" key=vitess/example-benchmark-cc-x-1088662d
[pod/vitess-operator-dcb9bc6cc-4bwlw/vitess-operator] time="2026-02-12T18:40:22Z" level=info msg="Reconciling VitessCluster" VitessCluster=example controller=VitessCluster namespace=vitess
[pod/vitess-operator-dcb9bc6cc-4bwlw/vitess-operator] time="2026-02-12T18:40:22Z" level=info msg="Reconciling VitessCell" controller=VitessCell namespace=vitess vitesscell=example-zone1-5abb61ae
[pod/vitess-operator-dcb9bc6cc-4bwlw/vitess-operator] time="2026-02-12T18:40:22Z" level=info msg="Reconciling VitessCell" controller=VitessCell namespace=vitess vitesscell=example-zone1-5abb61ae
[pod/vitess-operator-dcb9bc6cc-4bwlw/vitess-operator] time="2026-02-12T18:40:22Z" level=info msg="Updating object in place" diff="metadata:\n  annotations:\n    drain.planetscale.com/started: rolling update\n    rollout.planetscale.com/scheduled: |\n      metadata:\n        annotations:\n          drain.planetscale.com/started: null\n      spec:\n        containers:\n        - name: vttablet\n          resources:\n            requests:\n              cpu: 30m\n              memory: 128Mi\n        - name: mysqld\n          resources:\n            requests:\n              cpu: 30m\n              memory: 128Mi\n        initContainers:\n        - name: init-vt-root\n          resources:\n            requests:\n              cpu: 30m\n              memory: 128Mi\n        - name: init-mysql-socket\n          resources:\n            requests:\n              cpu: 30m\n              memory: 128Mi\n" gvk="/v1, Kind=Pod" key=vitess/example-vttablet-zone1-1085274074-76c88d55
[pod/vitess-operator-dcb9bc6cc-4bwlw/vitess-operator] time="2026-02-12T18:40:22Z" level=info msg="Reconciling VitessCluster" VitessCluster=example controller=VitessCluster namespace=vitess
[pod/vitess-operator-dcb9bc6cc-4bwlw/vitess-operator] time="2026-02-12T18:40:22Z" level=info msg="Updating object in place" diff="metadata:\n  annotations:\n    rollout.planetscale.com/cascade: \"\"\n" gvk="planetscale.com/v2, Kind=VitessShard" key=vitess/example-benchmark-66-99-790ed8ef
[pod/vitess-operator-dcb9bc6cc-4bwlw/vitess-operator] time="2026-02-12T18:40:22Z" level=info msg="Reconciling VitessCell" controller=VitessCell namespace=vitess vitesscell=example-zone1-5abb61ae
[pod/vitess-operator-dcb9bc6cc-4bwlw/vitess-operator] time="2026-02-12T18:40:22Z" level=info msg="Updating object in place" diff="metadata:\n  annotations:\n    rollout.planetscale.com/scheduled: |\n      spec:\n        containers:\n        - name: vttablet\n          resources:\n            requests:\n              cpu: 30m\n              memory: 128Mi\n        - name: mysqld\n          resources:\n            requests:\n              cpu: 30m\n              memory: 128Mi\n        initContainers:\n        - name: init-vt-root\n          resources:\n            requests:\n              cpu: 30m\n              memory: 128Mi\n        - name: init-mysql-socket\n          resources:\n            requests:\n              cpu: 30m\n              memory: 128Mi\n" gvk="/v1, Kind=Pod" key=vitess/example-vttablet-zone1-1085274074-76c88d55
[pod/vitess-operator-dcb9bc6cc-4bwlw/vitess-operator] time="2026-02-12T18:40:22Z" level=info msg="Reconciling VitessCell" controller=VitessCell namespace=vitess vitesscell=example-zone1-5abb61ae
[pod/vitess-operator-dcb9bc6cc-4bwlw/vitess-operator] time="2026-02-12T18:40:22Z" level=info msg="Reconciling VitessCluster" VitessCluster=example controller=VitessCluster namespace=vitess
[pod/vitess-operator-dcb9bc6cc-4bwlw/vitess-operator] time="2026-02-12T18:40:22Z" level=info msg="Updating object in place" diff="metadata:\n  annotations:\n    drain.planetscale.com/started: rolling update\n    rollout.planetscale.com/scheduled: |\n      metadata:\n        annotations:\n          drain.planetscale.com/started: null\n      spec:\n        containers:\n        - name: vttablet\n          resources:\n            requests:\n              cpu: 30m\n              memory: 128Mi\n        - name: mysqld\n          resources:\n            requests:\n              cpu: 30m\n              memory: 128Mi\n        initContainers:\n        - name: init-vt-root\n          resources:\n            requests:\n              cpu: 30m\n              memory: 128Mi\n        - name: init-mysql-socket\n          resources:\n            requests:\n              cpu: 30m\n              memory: 128Mi\n" gvk="/v1, Kind=Pod" key=vitess/example-vttablet-zone1-0975494357-3b656c4f
[pod/vitess-operator-dcb9bc6cc-4bwlw/vitess-operator] time="2026-02-12T18:40:22Z" level=info msg="Updating object in place" diff="metadata:\n  annotations:\n    drain.planetscale.com/started: rolling update\n    rollout.planetscale.com/scheduled: |\n      metadata:\n        annotations:\n          drain.planetscale.com/started: null\n      spec:\n        containers:\n        - name: vttablet\n          resources:\n            requests:\n              cpu: 30m\n              memory: 128Mi\n        - name: mysqld\n          resources:\n            requests:\n              cpu: 30m\n              memory: 128Mi\n        initContainers:\n        - name: init-vt-root\n          resources:\n            requests:\n              cpu: 30m\n              memory: 128Mi\n        - name: init-mysql-socket\n          resources:\n            requests:\n              cpu: 30m\n              memory: 128Mi\n" gvk="/v1, Kind=Pod" key=vitess/example-vttablet-zone1-0869309135-fda6e8dd
[pod/vitess-operator-dcb9bc6cc-4bwlw/vitess-operator] time="2026-02-12T18:40:22Z" level=info msg="Updating object in place" diff="metadata:\n  annotations:\n    drain.planetscale.com/started: rolling update\n    rollout.planetscale.com/scheduled: |\n      metadata:\n        annotations:\n          drain.planetscale.com/started: null\n      spec:\n        containers:\n        - name: vttablet\n          resources:\n            requests:\n              cpu: 30m\n              memory: 128Mi\n        - name: mysqld\n          resources:\n            requests:\n              cpu: 30m\n              memory: 128Mi\n        initContainers:\n        - name: init-vt-root\n          resources:\n            requests:\n              cpu: 30m\n              memory: 128Mi\n        - name: init-mysql-socket\n          resources:\n            requests:\n              cpu: 30m\n              memory: 128Mi\n" gvk="/v1, Kind=Pod" key=vitess/example-vttablet-zone1-1954987028-3377f5aa
[pod/vitess-operator-dcb9bc6cc-4bwlw/vitess-operator] time="2026-02-12T18:40:22Z" level=info msg="Reconciling VitessCluster" VitessCluster=example controller=VitessCluster namespace=vitess
[pod/vitess-operator-dcb9bc6cc-4bwlw/vitess-operator] {"level":"error","ts":"2026-02-12T18:40:22Z","msg":"Reconciler error","controller":"vitessshard-controller","object":{"name":"example-benchmark-x-33-3c49bddd","namespace":"vitess"},"namespace":"vitess","name":"example-benchmark-x-33-3c49bddd","reconcileID":"8dc69d3c-70fb-4e7b-8a05-f8c6283d934b","error":"Operation cannot be fulfilled on pods \"example-vttablet-zone1-1085274074-76c88d55\": the object has been modified; please apply your changes to the latest version and try again","stacktrace":"sigs.k8s.io/controller-runtime/pkg/internal/controller.(*Controller[...]).reconcileHandler\n\t/go/pkg/mod/sigs.k8s.io/controller-runtime@v0.20.2/pkg/internal/controller/controller.go:341\nsigs.k8s.io/controller-runtime/pkg/internal/controller.(*Controller[...]).processNextWorkItem\n\t/go/pkg/mod/sigs.k8s.io/controller-runtime@v0.20.2/pkg/internal/controller/controller.go:288\nsigs.k8s.io/controller-runtime/pkg/internal/controller.(*Controller[...]).Start.func2.2\n\t/go/pkg/mod/sigs.k8s.io/controller-runtime@v0.20.2/pkg/internal/controller/controller.go:249"}
[pod/vitess-operator-dcb9bc6cc-4bwlw/vitess-operator] time="2026-02-12T18:40:22Z" level=info msg="Updating object in place" diff="metadata:\n  annotations:\n    rollout.planetscale.com/scheduled: |\n      spec:\n        containers:\n        - name: vttablet\n          resources:\n            requests:\n              cpu: 30m\n              memory: 128Mi\n        - name: mysqld\n          resources:\n            requests:\n              cpu: 30m\n              memory: 128Mi\n        initContainers:\n        - name: init-vt-root\n          resources:\n            requests:\n              cpu: 30m\n              memory: 128Mi\n        - name: init-mysql-socket\n          resources:\n            requests:\n              cpu: 30m\n              memory: 128Mi\n" gvk="/v1, Kind=Pod" key=vitess/example-vttablet-zone1-0975494357-3b656c4f
[pod/vitess-operator-dcb9bc6cc-4bwlw/vitess-operator] time="2026-02-12T18:40:23Z" level=info msg="Updating object in place" diff="metadata:\n  annotations:\n    rollout.planetscale.com/scheduled: |\n      spec:\n        containers:\n        - name: vttablet\n          resources:\n            requests:\n              cpu: 30m\n              memory: 128Mi\n        - name: mysqld\n          resources:\n            requests:\n              cpu: 30m\n              memory: 128Mi\n        initContainers:\n        - name: init-vt-root\n          resources:\n            requests:\n              cpu: 30m\n              memory: 128Mi\n        - name: init-mysql-socket\n          resources:\n            requests:\n              cpu: 30m\n              memory: 128Mi\n" gvk="/v1, Kind=Pod" key=vitess/example-vttablet-zone1-1954987028-3377f5aa
[pod/vitess-operator-dcb9bc6cc-4bwlw/vitess-operator] time="2026-02-12T18:40:23Z" level=info msg="Updating object in place" diff="metadata:\n  annotations:\n    rollout.planetscale.com/scheduled: |\n      spec:\n        containers:\n        - name: vttablet\n          resources:\n            requests:\n              cpu: 30m\n              memory: 128Mi\n        - name: mysqld\n          resources:\n            requests:\n              cpu: 30m\n              memory: 128Mi\n        initContainers:\n        - name: init-vt-root\n          resources:\n            requests:\n              cpu: 30m\n              memory: 128Mi\n        - name: init-mysql-socket\n          resources:\n            requests:\n              cpu: 30m\n              memory: 128Mi\n" gvk="/v1, Kind=Pod" key=vitess/example-vttablet-zone1-0869309135-fda6e8dd
[pod/vitess-operator-dcb9bc6cc-4bwlw/vitess-operator] {"level":"error","ts":"2026-02-12T18:40:23Z","msg":"Reconciler error","controller":"vitessshard-controller","object":{"name":"example-benchmark-cc-x-1088662d","namespace":"vitess"},"namespace":"vitess","name":"example-benchmark-cc-x-1088662d","reconcileID":"68a316f6-8d13-424b-b0b3-4da9da1fa8cb","error":"Operation cannot be fulfilled on pods \"example-vttablet-zone1-0975494357-3b656c4f\": the object has been modified; please apply your changes to the latest version and try again","stacktrace":"sigs.k8s.io/controller-runtime/pkg/internal/controller.(*Controller[...]).reconcileHandler\n\t/go/pkg/mod/sigs.k8s.io/controller-runtime@v0.20.2/pkg/internal/controller/controller.go:341\nsigs.k8s.io/controller-runtime/pkg/internal/controller.(*Controller[...]).processNextWorkItem\n\t/go/pkg/mod/sigs.k8s.io/controller-runtime@v0.20.2/pkg/internal/controller/controller.go:288\nsigs.k8s.io/controller-runtime/pkg/internal/controller.(*Controller[...]).Start.func2.2\n\t/go/pkg/mod/sigs.k8s.io/controller-runtime@v0.20.2/pkg/internal/controller/controller.go:249"}
[pod/vitess-operator-dcb9bc6cc-4bwlw/vitess-operator] {"level":"error","ts":"2026-02-12T18:40:23Z","msg":"Reconciler error","controller":"vitessshard-controller","object":{"name":"example-benchmark-66-99-790ed8ef","namespace":"vitess"},"namespace":"vitess","name":"example-benchmark-66-99-790ed8ef","reconcileID":"02fb020f-0bd9-4577-a8cb-5d870d48496e","error":"Operation cannot be fulfilled on pods \"example-vttablet-zone1-1954987028-3377f5aa\": the object has been modified; please apply your changes to the latest version and try again","stacktrace":"sigs.k8s.io/controller-runtime/pkg/internal/controller.(*Controller[...]).reconcileHandler\n\t/go/pkg/mod/sigs.k8s.io/controller-runtime@v0.20.2/pkg/internal/controller/controller.go:341\nsigs.k8s.io/controller-runtime/pkg/internal/controller.(*Controller[...]).processNextWorkItem\n\t/go/pkg/mod/sigs.k8s.io/controller-runtime@v0.20.2/pkg/internal/controller/controller.go:288\nsigs.k8s.io/controller-runtime/pkg/internal/controller.(*Controller[...]).Start.func2.2\n\t/go/pkg/mod/sigs.k8s.io/controller-runtime@v0.20.2/pkg/internal/controller/controller.go:249"}
[pod/vitess-operator-dcb9bc6cc-4bwlw/vitess-operator] time="2026-02-12T18:40:23Z" level=info msg="Reconciling VitessCluster" VitessCluster=example controller=VitessCluster namespace=vitess
[pod/vitess-operator-dcb9bc6cc-4bwlw/vitess-operator] {"level":"error","ts":"2026-02-12T18:40:23Z","msg":"Reconciler error","controller":"vitessshard-controller","object":{"name":"example-benchmark-99-cc-47381cbb","namespace":"vitess"},"namespace":"vitess","name":"example-benchmark-99-cc-47381cbb","reconcileID":"5b142ce8-21d5-4d7e-9369-48f8f410e2e9","error":"Operation cannot be fulfilled on pods \"example-vttablet-zone1-0869309135-fda6e8dd\": the object has been modified; please apply your changes to the latest version and try again","stacktrace":"sigs.k8s.io/controller-runtime/pkg/internal/controller.(*Controller[...]).reconcileHandler\n\t/go/pkg/mod/sigs.k8s.io/controller-runtime@v0.20.2/pkg/internal/controller/controller.go:341\nsigs.k8s.io/controller-runtime/pkg/internal/controller.(*Controller[...]).processNextWorkItem\n\t/go/pkg/mod/sigs.k8s.io/controller-runtime@v0.20.2/pkg/internal/controller/controller.go:288\nsigs.k8s.io/controller-runtime/pkg/internal/controller.(*Controller[...]).Start.func2.2\n\t/go/pkg/mod/sigs.k8s.io/controller-runtime@v0.20.2/pkg/internal/controller/controller.go:249"}
[pod/vitess-operator-dcb9bc6cc-4bwlw/vitess-operator] time="2026-02-12T18:40:23Z" level=info msg="Reconciling VitessCluster" VitessCluster=example controller=VitessCluster namespace=vitess
[pod/vitess-operator-dcb9bc6cc-4bwlw/vitess-operator] time="2026-02-12T18:40:28Z" level=info msg="Reconciling VitessCluster" VitessCluster=example controller=VitessCluster namespace=vitess
[pod/vitess-operator-dcb9bc6cc-4bwlw/vitess-operator] time="2026-02-12T18:40:28Z" level=info msg="Reconciling VitessCell" controller=VitessCell namespace=vitess vitesscell=example-zone1-5abb61ae
[pod/vitess-operator-dcb9bc6cc-4bwlw/vitess-operator] time="2026-02-12T18:40:28Z" level=info msg="Reconciling VitessCell" controller=VitessCell namespace=vitess vitesscell=example-zone1-5abb61ae
[pod/vitess-operator-dcb9bc6cc-4bwlw/vitess-operator] time="2026-02-12T18:40:28Z" level=info msg="Reconciling VitessCell" controller=VitessCell namespace=vitess vitesscell=example-zone1-5abb61ae
[pod/vitess-operator-dcb9bc6cc-4bwlw/vitess-operator] time="2026-02-12T18:40:28Z" level=info msg="Reconciling VitessCluster" VitessCluster=example controller=VitessCluster namespace=vitess
[pod/vitess-operator-dcb9bc6cc-4bwlw/vitess-operator] time="2026-02-12T18:40:28Z" level=info msg="Reconciling VitessCell" controller=VitessCell namespace=vitess vitesscell=example-zone1-5abb61ae
[pod/vitess-operator-dcb9bc6cc-4bwlw/vitess-operator] time="2026-02-12T18:40:28Z" level=info msg="Reconciling VitessCell" controller=VitessCell namespace=vitess vitesscell=example-zone1-5abb61ae
[pod/vitess-operator-dcb9bc6cc-4bwlw/vitess-operator] time="2026-02-12T18:40:28Z" level=info msg="Reconciling VitessCell" controller=VitessCell namespace=vitess vitesscell=example-zone1-5abb61ae
[pod/vitess-operator-dcb9bc6cc-4bwlw/vitess-operator] {"level":"error","ts":"2026-02-12T18:40:28Z","msg":"Reconciler error","controller":"vitesscluster-controller","object":{"name":"example","namespace":"vitess"},"namespace":"vitess","name":"example","reconcileID":"41be9053-b929-4ec9-a51f-0c3b18b04aba","error":"Operation cannot be fulfilled on vitessclusters.planetscale.com \"example\": the object has been modified; please apply your changes to the latest version and try again","stacktrace":"sigs.k8s.io/controller-runtime/pkg/internal/controller.(*Controller[...]).reconcileHandler\n\t/go/pkg/mod/sigs.k8s.io/controller-runtime@v0.20.2/pkg/internal/controller/controller.go:341\nsigs.k8s.io/controller-runtime/pkg/internal/controller.(*Controller[...]).processNextWorkItem\n\t/go/pkg/mod/sigs.k8s.io/controller-runtime@v0.20.2/pkg/internal/controller/controller.go:288\nsigs.k8s.io/controller-runtime/pkg/internal/controller.(*Controller[...]).Start.func2.2\n\t/go/pkg/mod/sigs.k8s.io/controller-runtime@v0.20.2/pkg/internal/controller/controller.go:249"}
[pod/vitess-operator-dcb9bc6cc-4bwlw/vitess-operator] time="2026-02-12T18:40:28Z" level=info msg="Reconciling VitessCluster" VitessCluster=example controller=VitessCluster namespace=vitess
[pod/vitess-operator-dcb9bc6cc-4bwlw/vitess-operator] time="2026-02-12T18:40:28Z" level=info msg="Reconciling VitessCluster" VitessCluster=example controller=VitessCluster namespace=vitess
[pod/vitess-operator-dcb9bc6cc-4bwlw/vitess-operator] time="2026-02-12T18:40:29Z" level=info msg="Reconciling VitessCluster" VitessCluster=example controller=VitessCluster namespace=vitess
[pod/vitess-operator-dcb9bc6cc-4bwlw/vitess-operator] time="2026-02-12T18:40:29Z" level=info msg="Reconciling VitessCell" controller=VitessCell namespace=vitess vitesscell=example-zone1-5abb61ae
[pod/vitess-operator-dcb9bc6cc-4bwlw/vitess-operator] time="2026-02-12T18:40:29Z" level=info msg="Reconciling VitessCluster" VitessCluster=example controller=VitessCluster namespace=vitess
[pod/vitess-operator-dcb9bc6cc-4bwlw/vitess-operator] time="2026-02-12T18:40:30Z" level=info msg="Reconciling VitessCluster" VitessCluster=example controller=VitessCluster namespace=vitess
[pod/vitess-operator-dcb9bc6cc-4bwlw/vitess-operator] time="2026-02-12T18:40:30Z" level=info msg="Reconciling VitessCell" controller=VitessCell namespace=vitess vitesscell=example-zone1-5abb61ae
[pod/vitess-operator-dcb9bc6cc-4bwlw/vitess-operator] time="2026-02-12T18:40:30Z" level=info msg="Reconciling VitessCell" controller=VitessCell namespace=vitess vitesscell=example-zone1-5abb61ae
[pod/vitess-operator-dcb9bc6cc-4bwlw/vitess-operator] time="2026-02-12T18:40:30Z" level=info msg="Reconciling VitessCell" controller=VitessCell namespace=vitess vitesscell=example-zone1-5abb61ae
[pod/vitess-operator-dcb9bc6cc-4bwlw/vitess-operator] time="2026-02-12T18:40:30Z" level=info msg="Reconciling VitessCluster" VitessCluster=example controller=VitessCluster namespace=vitess
[pod/vitess-operator-dcb9bc6cc-4bwlw/vitess-operator] {"level":"error","ts":"2026-02-12T18:40:30Z","msg":"Reconciler error","controller":"vitesskeyspace-controller","object":{"name":"example-benchmark-32578b2b","namespace":"vitess"},"namespace":"vitess","name":"example-benchmark-32578b2b","reconcileID":"c66f8e5f-acfb-4397-9c42-ce9fdc825b0b","error":"Operation cannot be fulfilled on vitesskeyspaces.planetscale.com \"example-benchmark-32578b2b\": the object has been modified; please apply your changes to the latest version and try again","stacktrace":"sigs.k8s.io/controller-runtime/pkg/internal/controller.(*Controller[...]).reconcileHandler\n\t/go/pkg/mod/sigs.k8s.io/controller-runtime@v0.20.2/pkg/internal/controller/controller.go:341\nsigs.k8s.io/controller-runtime/pkg/internal/controller.(*Controller[...]).processNextWorkItem\n\t/go/pkg/mod/sigs.k8s.io/controller-runtime@v0.20.2/pkg/internal/controller/controller.go:288\nsigs.k8s.io/controller-runtime/pkg/internal/controller.(*Controller[...]).Start.func2.2\n\t/go/pkg/mod/sigs.k8s.io/controller-runtime@v0.20.2/pkg/internal/controller/controller.go:249"}
[pod/vitess-operator-dcb9bc6cc-4bwlw/vitess-operator] time="2026-02-12T18:40:30Z" level=info msg="Reconciling VitessCell" controller=VitessCell namespace=vitess vitesscell=example-zone1-5abb61ae
[pod/vitess-operator-dcb9bc6cc-4bwlw/vitess-operator] time="2026-02-12T18:40:30Z" level=info msg="Reconciling VitessCluster" VitessCluster=example controller=VitessCluster namespace=vitess
[pod/vitess-operator-dcb9bc6cc-4bwlw/vitess-operator] time="2026-02-12T18:40:30Z" level=info msg="Reconciling VitessCluster" VitessCluster=example controller=VitessCluster namespace=vitess
[pod/vitess-operator-dcb9bc6cc-4bwlw/vitess-operator] time="2026-02-12T18:40:31Z" level=info msg="Reconciling VitessCell" controller=VitessCell namespace=vitess vitesscell=example-zone1-5abb61ae
[pod/vitess-operator-dcb9bc6cc-4bwlw/vitess-operator] time="2026-02-12T18:40:31Z" level=info msg="Reconciling VitessCluster" VitessCluster=example controller=VitessCluster namespace=vitess
[pod/vitess-operator-dcb9bc6cc-4bwlw/vitess-operator] time="2026-02-12T18:40:31Z" level=info msg="Reconciling VitessCell" controller=VitessCell namespace=vitess vitesscell=example-zone1-5abb61ae
[pod/vitess-operator-dcb9bc6cc-4bwlw/vitess-operator] time="2026-02-12T18:40:31Z" level=info msg="Reconciling VitessCell" controller=VitessCell namespace=vitess vitesscell=example-zone1-5abb61ae
[pod/vitess-operator-dcb9bc6cc-4bwlw/vitess-operator] time="2026-02-12T18:40:31Z" level=info msg="Reconciling VitessCluster" VitessCluster=example controller=VitessCluster namespace=vitess
[pod/vitess-operator-dcb9bc6cc-4bwlw/vitess-operator] time="2026-02-12T18:40:31Z" level=info msg="Reconciling VitessCell" controller=VitessCell namespace=vitess vitesscell=example-zone1-5abb61ae
[pod/vitess-operator-dcb9bc6cc-4bwlw/vitess-operator] time="2026-02-12T18:40:31Z" level=info msg="Reconciling VitessCell" controller=VitessCell namespace=vitess vitesscell=example-zone1-5abb61ae
[pod/vitess-operator-dcb9bc6cc-4bwlw/vitess-operator] time="2026-02-12T18:40:31Z" level=info msg="Reconciling VitessCluster" VitessCluster=example controller=VitessCluster namespace=vitess
[pod/vitess-operator-dcb9bc6cc-4bwlw/vitess-operator] time="2026-02-12T18:40:31Z" level=info msg="Reconciling VitessCell" controller=VitessCell namespace=vitess vitesscell=example-zone1-5abb61ae
[pod/vitess-operator-dcb9bc6cc-4bwlw/vitess-operator] time="2026-02-12T18:40:32Z" level=info msg="Reconciling VitessCluster" VitessCluster=example controller=VitessCluster namespace=vitess
[pod/vitess-operator-dcb9bc6cc-4bwlw/vitess-operator] {"level":"error","ts":"2026-02-12T18:40:34Z","msg":"Reconciler error","controller":"vitessshard-controller","object":{"name":"example-benchmark-x-33-3c49bddd","namespace":"vitess"},"namespace":"vitess","name":"example-benchmark-x-33-3c49bddd","reconcileID":"f8e62d24-a94a-4ffc-8969-f2ee0709b840","error":"object is being deleted: pods \"example-vttablet-zone1-1085274074-76c88d55\" already exists","stacktrace":"sigs.k8s.io/controller-runtime/pkg/internal/controller.(*Controller[...]).reconcileHandler\n\t/go/pkg/mod/sigs.k8s.io/controller-runtime@v0.20.2/pkg/internal/controller/controller.go:341\nsigs.k8s.io/controller-runtime/pkg/internal/controller.(*Controller[...]).processNextWorkItem\n\t/go/pkg/mod/sigs.k8s.io/controller-runtime@v0.20.2/pkg/internal/controller/controller.go:288\nsigs.k8s.io/controller-runtime/pkg/internal/controller.(*Controller[...]).Start.func2.2\n\t/go/pkg/mod/sigs.k8s.io/controller-runtime@v0.20.2/pkg/internal/controller/controller.go:249"}
[pod/vitess-operator-dcb9bc6cc-4bwlw/vitess-operator] time="2026-02-12T18:40:34Z" level=info msg="Reconciling VitessCluster" VitessCluster=example controller=VitessCluster namespace=vitess
[pod/vitess-operator-dcb9bc6cc-4bwlw/vitess-operator] time="2026-02-12T18:40:34Z" level=info msg="Reconciling VitessCell" controller=VitessCell namespace=vitess vitesscell=example-zone1-5abb61ae
[pod/vitess-operator-dcb9bc6cc-4bwlw/vitess-operator] {"level":"error","ts":"2026-02-12T18:40:34Z","msg":"Reconciler error","controller":"vitessshard-controller","object":{"name":"example-benchmark-x-33-3c49bddd","namespace":"vitess"},"namespace":"vitess","name":"example-benchmark-x-33-3c49bddd","reconcileID":"b93a516a-7f35-4bdb-b783-806449ca5d26","error":"object is being deleted: pods \"example-vttablet-zone1-1085274074-76c88d55\" already exists","stacktrace":"sigs.k8s.io/controller-runtime/pkg/internal/controller.(*Controller[...]).reconcileHandler\n\t/go/pkg/mod/sigs.k8s.io/controller-runtime@v0.20.2/pkg/internal/controller/controller.go:341\nsigs.k8s.io/controller-runtime/pkg/internal/controller.(*Controller[...]).processNextWorkItem\n\t/go/pkg/mod/sigs.k8s.io/controller-runtime@v0.20.2/pkg/internal/controller/controller.go:288\nsigs.k8s.io/controller-runtime/pkg/internal/controller.(*Controller[...]).Start.func2.2\n\t/go/pkg/mod/sigs.k8s.io/controller-runtime@v0.20.2/pkg/internal/controller/controller.go:249"}
[pod/vitess-operator-dcb9bc6cc-4bwlw/vitess-operator] time="2026-02-12T18:40:34Z" level=info msg="Reconciling VitessCell" controller=VitessCell namespace=vitess vitesscell=example-zone1-5abb61ae
[pod/vitess-operator-dcb9bc6cc-4bwlw/vitess-operator] time="2026-02-12T18:40:34Z" level=info msg="Reconciling VitessCell" controller=VitessCell namespace=vitess vitesscell=example-zone1-5abb61ae
[pod/vitess-operator-dcb9bc6cc-4bwlw/vitess-operator] {"level":"error","ts":"2026-02-12T18:40:34Z","msg":"Reconciler error","controller":"vitessshard-controller","object":{"name":"example-benchmark-x-33-3c49bddd","namespace":"vitess"},"namespace":"vitess","name":"example-benchmark-x-33-3c49bddd","reconcileID":"beb256ec-2db6-4c9e-afdf-cee44c8f61a7","error":"object is being deleted: pods \"example-vttablet-zone1-1085274074-76c88d55\" already exists","stacktrace":"sigs.k8s.io/controller-runtime/pkg/internal/controller.(*Controller[...]).reconcileHandler\n\t/go/pkg/mod/sigs.k8s.io/controller-runtime@v0.20.2/pkg/internal/controller/controller.go:341\nsigs.k8s.io/controller-runtime/pkg/internal/controller.(*Controller[...]).processNextWorkItem\n\t/go/pkg/mod/sigs.k8s.io/controller-runtime@v0.20.2/pkg/internal/controller/controller.go:288\nsigs.k8s.io/controller-runtime/pkg/internal/controller.(*Controller[...]).Start.func2.2\n\t/go/pkg/mod/sigs.k8s.io/controller-runtime@v0.20.2/pkg/internal/controller/controller.go:249"}
[pod/vitess-operator-dcb9bc6cc-4bwlw/vitess-operator] time="2026-02-12T18:40:34Z" level=info msg="Reconciling VitessCluster" VitessCluster=example controller=VitessCluster namespace=vitess
[pod/vitess-operator-dcb9bc6cc-4bwlw/vitess-operator] time="2026-02-12T18:40:34Z" level=info msg="Reconciling VitessCell" controller=VitessCell namespace=vitess vitesscell=example-zone1-5abb61ae
[pod/vitess-operator-dcb9bc6cc-4bwlw/vitess-operator] time="2026-02-12T18:40:34Z" level=info msg="Reconciling VitessCell" controller=VitessCell namespace=vitess vitesscell=example-zone1-5abb61ae
[pod/vitess-operator-dcb9bc6cc-4bwlw/vitess-operator] time="2026-02-12T18:40:34Z" level=info msg="Reconciling VitessCluster" VitessCluster=example controller=VitessCluster namespace=vitess
[pod/vitess-operator-dcb9bc6cc-4bwlw/vitess-operator] time="2026-02-12T18:40:34Z" level=info msg="Reconciling VitessCell" controller=VitessCell namespace=vitess vitesscell=example-zone1-5abb61ae
[pod/vitess-operator-dcb9bc6cc-4bwlw/vitess-operator] {"level":"error","ts":"2026-02-12T18:40:34Z","msg":"Reconciler error","controller":"vitessshard-controller","object":{"name":"example-benchmark-x-33-3c49bddd","namespace":"vitess"},"namespace":"vitess","name":"example-benchmark-x-33-3c49bddd","reconcileID":"73819bff-f89a-4b8e-8a93-32eff6fc4d0a","error":"object is being deleted: pods \"example-vttablet-zone1-1085274074-76c88d55\" already exists","stacktrace":"sigs.k8s.io/controller-runtime/pkg/internal/controller.(*Controller[...]).reconcileHandler\n\t/go/pkg/mod/sigs.k8s.io/controller-runtime@v0.20.2/pkg/internal/controller/controller.go:341\nsigs.k8s.io/controller-runtime/pkg/internal/controller.(*Controller[...]).processNextWorkItem\n\t/go/pkg/mod/sigs.k8s.io/controller-runtime@v0.20.2/pkg/internal/controller/controller.go:288\nsigs.k8s.io/controller-runtime/pkg/internal/controller.(*Controller[...]).Start.func2.2\n\t/go/pkg/mod/sigs.k8s.io/controller-runtime@v0.20.2/pkg/internal/controller/controller.go:249"}
[pod/vitess-operator-dcb9bc6cc-4bwlw/vitess-operator] time="2026-02-12T18:40:34Z" level=info msg="Reconciling VitessCell" controller=VitessCell namespace=vitess vitesscell=example-zone1-5abb61ae
[pod/vitess-operator-dcb9bc6cc-4bwlw/vitess-operator] time="2026-02-12T18:40:34Z" level=info msg="Reconciling VitessCluster" VitessCluster=example controller=VitessCluster namespace=vitess
[pod/vitess-operator-dcb9bc6cc-4bwlw/vitess-operator] {"level":"error","ts":"2026-02-12T18:40:34Z","msg":"Reconciler error","controller":"vitessshard-controller","object":{"name":"example-benchmark-x-33-3c49bddd","namespace":"vitess"},"namespace":"vitess","name":"example-benchmark-x-33-3c49bddd","reconcileID":"1689dcbe-c3b5-4866-8218-f33373faa388","error":"object is being deleted: pods \"example-vttablet-zone1-1085274074-76c88d55\" already exists","stacktrace":"sigs.k8s.io/controller-runtime/pkg/internal/controller.(*Controller[...]).reconcileHandler\n\t/go/pkg/mod/sigs.k8s.io/controller-runtime@v0.20.2/pkg/internal/controller/controller.go:341\nsigs.k8s.io/controller-runtime/pkg/internal/controller.(*Controller[...]).processNextWorkItem\n\t/go/pkg/mod/sigs.k8s.io/controller-runtime@v0.20.2/pkg/internal/controller/controller.go:288\nsigs.k8s.io/controller-runtime/pkg/internal/controller.(*Controller[...]).Start.func2.2\n\t/go/pkg/mod/sigs.k8s.io/controller-runtime@v0.20.2/pkg/internal/controller/controller.go:249"}
[pod/vitess-operator-dcb9bc6cc-4bwlw/vitess-operator] {"level":"error","ts":"2026-02-12T18:40:34Z","msg":"Reconciler error","controller":"vitessshard-controller","object":{"name":"example-benchmark-x-33-3c49bddd","namespace":"vitess"},"namespace":"vitess","name":"example-benchmark-x-33-3c49bddd","reconcileID":"75b298cd-80e0-479c-87f8-6dc880ed299c","error":"object is being deleted: pods \"example-vttablet-zone1-1085274074-76c88d55\" already exists","stacktrace":"sigs.k8s.io/controller-runtime/pkg/internal/controller.(*Controller[...]).reconcileHandler\n\t/go/pkg/mod/sigs.k8s.io/controller-runtime@v0.20.2/pkg/internal/controller/controller.go:341\nsigs.k8s.io/controller-runtime/pkg/internal/controller.(*Controller[...]).processNextWorkItem\n\t/go/pkg/mod/sigs.k8s.io/controller-runtime@v0.20.2/pkg/internal/controller/controller.go:288\nsigs.k8s.io/controller-runtime/pkg/internal/controller.(*Controller[...]).Start.func2.2\n\t/go/pkg/mod/sigs.k8s.io/controller-runtime@v0.20.2/pkg/internal/controller/controller.go:249"}
[pod/vitess-operator-dcb9bc6cc-4bwlw/vitess-operator] {"level":"error","ts":"2026-02-12T18:40:34Z","msg":"Reconciler error","controller":"vitessshard-controller","object":{"name":"example-benchmark-x-33-3c49bddd","namespace":"vitess"},"namespace":"vitess","name":"example-benchmark-x-33-3c49bddd","reconcileID":"f3e4fada-2be1-4955-839e-34a241d6773e","error":"object is being deleted: pods \"example-vttablet-zone1-1085274074-76c88d55\" already exists","stacktrace":"sigs.k8s.io/controller-runtime/pkg/internal/controller.(*Controller[...]).reconcileHandler\n\t/go/pkg/mod/sigs.k8s.io/controller-runtime@v0.20.2/pkg/internal/controller/controller.go:341\nsigs.k8s.io/controller-runtime/pkg/internal/controller.(*Controller[...]).processNextWorkItem\n\t/go/pkg/mod/sigs.k8s.io/controller-runtime@v0.20.2/pkg/internal/controller/controller.go:288\nsigs.k8s.io/controller-runtime/pkg/internal/controller.(*Controller[...]).Start.func2.2\n\t/go/pkg/mod/sigs.k8s.io/controller-runtime@v0.20.2/pkg/internal/controller/controller.go:249"}
[pod/vitess-operator-dcb9bc6cc-4bwlw/vitess-operator] time="2026-02-12T18:40:35Z" level=info msg="Updating object in place" diff="metadata:\n  annotations:\n    planetscale.com/observed-shard-generation: \"2\"\n" gvk="/v1, Kind=Pod" key=vitess/example-vttablet-zone1-1085274074-76c88d55
[pod/vitess-operator-dcb9bc6cc-4bwlw/vitess-operator] {"level":"error","ts":"2026-02-12T18:40:35Z","msg":"Reconciler error","controller":"vitessshard-controller","object":{"name":"example-benchmark-cc-x-1088662d","namespace":"vitess"},"namespace":"vitess","name":"example-benchmark-cc-x-1088662d","reconcileID":"2b9541c2-d5ec-495e-a871-3ed352fc63c0","error":"object is being deleted: pods \"example-vttablet-zone1-0975494357-3b656c4f\" already exists","stacktrace":"sigs.k8s.io/controller-runtime/pkg/internal/controller.(*Controller[...]).reconcileHandler\n\t/go/pkg/mod/sigs.k8s.io/controller-runtime@v0.20.2/pkg/internal/controller/controller.go:341\nsigs.k8s.io/controller-runtime/pkg/internal/controller.(*Controller[...]).processNextWorkItem\n\t/go/pkg/mod/sigs.k8s.io/controller-runtime@v0.20.2/pkg/internal/controller/controller.go:288\nsigs.k8s.io/controller-runtime/pkg/internal/controller.(*Controller[...]).Start.func2.2\n\t/go/pkg/mod/sigs.k8s.io/controller-runtime@v0.20.2/pkg/internal/controller/controller.go:249"}
[pod/vitess-operator-dcb9bc6cc-4bwlw/vitess-operator] {"level":"error","ts":"2026-02-12T18:40:36Z","msg":"Reconciler error","controller":"vitessshard-controller","object":{"name":"example-benchmark-66-99-790ed8ef","namespace":"vitess"},"namespace":"vitess","name":"example-benchmark-66-99-790ed8ef","reconcileID":"90258c2c-6314-4182-a654-9bedb7a1a2e3","error":"object is being deleted: pods \"example-vttablet-zone1-1954987028-3377f5aa\" already exists","stacktrace":"sigs.k8s.io/controller-runtime/pkg/internal/controller.(*Controller[...]).reconcileHandler\n\t/go/pkg/mod/sigs.k8s.io/controller-runtime@v0.20.2/pkg/internal/controller/controller.go:341\nsigs.k8s.io/controller-runtime/pkg/internal/controller.(*Controller[...]).processNextWorkItem\n\t/go/pkg/mod/sigs.k8s.io/controller-runtime@v0.20.2/pkg/internal/controller/controller.go:288\nsigs.k8s.io/controller-runtime/pkg/internal/controller.(*Controller[...]).Start.func2.2\n\t/go/pkg/mod/sigs.k8s.io/controller-runtime@v0.20.2/pkg/internal/controller/controller.go:249"}
[pod/vitess-operator-dcb9bc6cc-4bwlw/vitess-operator] {"level":"error","ts":"2026-02-12T18:40:36Z","msg":"Reconciler error","controller":"vitessshard-controller","object":{"name":"example-benchmark-99-cc-47381cbb","namespace":"vitess"},"namespace":"vitess","name":"example-benchmark-99-cc-47381cbb","reconcileID":"c04420e8-6e08-44f7-80de-ab6dbd5c3b55","error":"object is being deleted: pods \"example-vttablet-zone1-0869309135-fda6e8dd\" already exists","stacktrace":"sigs.k8s.io/controller-runtime/pkg/internal/controller.(*Controller[...]).reconcileHandler\n\t/go/pkg/mod/sigs.k8s.io/controller-runtime@v0.20.2/pkg/internal/controller/controller.go:341\nsigs.k8s.io/controller-runtime/pkg/internal/controller.(*Controller[...]).processNextWorkItem\n\t/go/pkg/mod/sigs.k8s.io/controller-runtime@v0.20.2/pkg/internal/controller/controller.go:288\nsigs.k8s.io/controller-runtime/pkg/internal/controller.(*Controller[...]).Start.func2.2\n\t/go/pkg/mod/sigs.k8s.io/controller-runtime@v0.20.2/pkg/internal/controller/controller.go:249"}
[pod/vitess-operator-dcb9bc6cc-4bwlw/vitess-operator] {"level":"error","ts":"2026-02-12T18:40:36Z","msg":"Reconciler error","controller":"vitessshard-controller","object":{"name":"example-benchmark-cc-x-1088662d","namespace":"vitess"},"namespace":"vitess","name":"example-benchmark-cc-x-1088662d","reconcileID":"07e9daf9-b04d-498e-ab8f-e1bed1ed7208","error":"object is being deleted: pods \"example-vttablet-zone1-0975494357-3b656c4f\" already exists","stacktrace":"sigs.k8s.io/controller-runtime/pkg/internal/controller.(*Controller[...]).reconcileHandler\n\t/go/pkg/mod/sigs.k8s.io/controller-runtime@v0.20.2/pkg/internal/controller/controller.go:341\nsigs.k8s.io/controller-runtime/pkg/internal/controller.(*Controller[...]).processNextWorkItem\n\t/go/pkg/mod/sigs.k8s.io/controller-runtime@v0.20.2/pkg/internal/controller/controller.go:288\nsigs.k8s.io/controller-runtime/pkg/internal/controller.(*Controller[...]).Start.func2.2\n\t/go/pkg/mod/sigs.k8s.io/controller-runtime@v0.20.2/pkg/internal/controller/controller.go:249"}
[pod/vitess-operator-dcb9bc6cc-4bwlw/vitess-operator] time="2026-02-12T18:40:36Z" level=info msg="Reconciling VitessCell" controller=VitessCell namespace=vitess vitesscell=example-zone1-5abb61ae
[pod/vitess-operator-dcb9bc6cc-4bwlw/vitess-operator] time="2026-02-12T18:40:36Z" level=info msg="Reconciling VitessCluster" VitessCluster=example controller=VitessCluster namespace=vitess
[pod/vitess-operator-dcb9bc6cc-4bwlw/vitess-operator] {"level":"error","ts":"2026-02-12T18:40:36Z","msg":"Reconciler error","controller":"vitessshard-controller","object":{"name":"example-benchmark-99-cc-47381cbb","namespace":"vitess"},"namespace":"vitess","name":"example-benchmark-99-cc-47381cbb","reconcileID":"1588f48d-8d0f-43bb-82cd-9c8cdc22d709","error":"object is being deleted: pods \"example-vttablet-zone1-0869309135-fda6e8dd\" already exists","stacktrace":"sigs.k8s.io/controller-runtime/pkg/internal/controller.(*Controller[...]).reconcileHandler\n\t/go/pkg/mod/sigs.k8s.io/controller-runtime@v0.20.2/pkg/internal/controller/controller.go:341\nsigs.k8s.io/controller-runtime/pkg/internal/controller.(*Controller[...]).processNextWorkItem\n\t/go/pkg/mod/sigs.k8s.io/controller-runtime@v0.20.2/pkg/internal/controller/controller.go:288\nsigs.k8s.io/controller-runtime/pkg/internal/controller.(*Controller[...]).Start.func2.2\n\t/go/pkg/mod/sigs.k8s.io/controller-runtime@v0.20.2/pkg/internal/controller/controller.go:249"}
[pod/vitess-operator-dcb9bc6cc-4bwlw/vitess-operator] {"level":"error","ts":"2026-02-12T18:40:36Z","msg":"Reconciler error","controller":"vitessshard-controller","object":{"name":"example-benchmark-66-99-790ed8ef","namespace":"vitess"},"namespace":"vitess","name":"example-benchmark-66-99-790ed8ef","reconcileID":"8703baee-7f19-4538-a8b9-c4d9d1d6c886","error":"object is being deleted: pods \"example-vttablet-zone1-1954987028-3377f5aa\" already exists","stacktrace":"sigs.k8s.io/controller-runtime/pkg/internal/controller.(*Controller[...]).reconcileHandler\n\t/go/pkg/mod/sigs.k8s.io/controller-runtime@v0.20.2/pkg/internal/controller/controller.go:341\nsigs.k8s.io/controller-runtime/pkg/internal/controller.(*Controller[...]).processNextWorkItem\n\t/go/pkg/mod/sigs.k8s.io/controller-runtime@v0.20.2/pkg/internal/controller/controller.go:288\nsigs.k8s.io/controller-runtime/pkg/internal/controller.(*Controller[...]).Start.func2.2\n\t/go/pkg/mod/sigs.k8s.io/controller-runtime@v0.20.2/pkg/internal/controller/controller.go:249"}
[pod/vitess-operator-dcb9bc6cc-4bwlw/vitess-operator] time="2026-02-12T18:40:36Z" level=info msg="Reconciling VitessCluster" VitessCluster=example controller=VitessCluster namespace=vitess
[pod/vitess-operator-dcb9bc6cc-4bwlw/vitess-operator] time="2026-02-12T18:40:36Z" level=info msg="Updating object in place" diff="metadata:\n  annotations:\n    planetscale.com/observed-shard-generation: \"2\"\n" gvk="/v1, Kind=Pod" key=vitess/example-vttablet-zone1-0975494357-3b656c4f
[pod/vitess-operator-dcb9bc6cc-4bwlw/vitess-operator] time="2026-02-12T18:40:36Z" level=info msg="Updating object in place" diff="metadata:\n  annotations:\n    planetscale.com/observed-shard-generation: \"2\"\n" gvk="/v1, Kind=Pod" key=vitess/example-vttablet-zone1-0869309135-fda6e8dd
[pod/vitess-operator-dcb9bc6cc-4bwlw/vitess-operator] time="2026-02-12T18:40:36Z" level=info msg="Updating object in place" diff="metadata:\n  annotations:\n    planetscale.com/observed-shard-generation: \"2\"\n" gvk="/v1, Kind=Pod" key=vitess/example-vttablet-zone1-1954987028-3377f5aa
[pod/vitess-operator-dcb9bc6cc-4bwlw/vitess-operator] time="2026-02-12T18:40:36Z" level=info msg="Reconciling VitessCluster" VitessCluster=example controller=VitessCluster namespace=vitess
[pod/vitess-operator-dcb9bc6cc-4bwlw/vitess-operator] time="2026-02-12T18:40:36Z" level=info msg="Reconciling VitessCell" controller=VitessCell namespace=vitess vitesscell=example-zone1-5abb61ae
[pod/vitess-operator-dcb9bc6cc-4bwlw/vitess-operator] time="2026-02-12T18:40:36Z" level=info msg="Reconciling VitessCluster" VitessCluster=example controller=VitessCluster namespace=vitess
[pod/vitess-operator-dcb9bc6cc-4bwlw/vitess-operator] {"level":"error","ts":"2026-02-12T18:40:36Z","msg":"Reconciler error","controller":"vitessshard-controller","object":{"name":"example-benchmark-99-cc-47381cbb","namespace":"vitess"},"namespace":"vitess","name":"example-benchmark-99-cc-47381cbb","reconcileID":"f0fee2e7-abb9-4c59-8896-db1e676fa5b9","error":"Operation cannot be fulfilled on vitessshards.planetscale.com \"example-benchmark-99-cc-47381cbb\": the object has been modified; please apply your changes to the latest version and try again","stacktrace":"sigs.k8s.io/controller-runtime/pkg/internal/controller.(*Controller[...]).reconcileHandler\n\t/go/pkg/mod/sigs.k8s.io/controller-runtime@v0.20.2/pkg/internal/controller/controller.go:341\nsigs.k8s.io/controller-runtime/pkg/internal/controller.(*Controller[...]).processNextWorkItem\n\t/go/pkg/mod/sigs.k8s.io/controller-runtime@v0.20.2/pkg/internal/controller/controller.go:288\nsigs.k8s.io/controller-runtime/pkg/internal/controller.(*Controller[...]).Start.func2.2\n\t/go/pkg/mod/sigs.k8s.io/controller-runtime@v0.20.2/pkg/internal/controller/controller.go:249"}
[pod/vitess-operator-dcb9bc6cc-4bwlw/vitess-operator] time="2026-02-12T18:40:42Z" level=info msg="Reconciling VitessCluster" VitessCluster=example controller=VitessCluster namespace=vitess
[pod/vitess-operator-dcb9bc6cc-4bwlw/vitess-operator] time="2026-02-12T18:40:42Z" level=info msg="Reconciling VitessCluster" VitessCluster=example controller=VitessCluster namespace=vitess
[pod/vitess-operator-dcb9bc6cc-4bwlw/vitess-operator] time="2026-02-12T18:40:56Z" level=info msg="Reconciling VitessCell" controller=VitessCell namespace=vitess vitesscell=example-zone1-5abb61ae
[pod/vitess-operator-dcb9bc6cc-4bwlw/vitess-operator] time="2026-02-12T18:40:56Z" level=info msg="Reconciling VitessCell" controller=VitessCell namespace=vitess vitesscell=example-zone1-5abb61ae
[pod/vitess-operator-dcb9bc6cc-4bwlw/vitess-operator] time="2026-02-12T18:40:56Z" level=info msg="Reconciling VitessCluster" VitessCluster=example controller=VitessCluster namespace=vitess
[pod/vitess-operator-dcb9bc6cc-4bwlw/vitess-operator] time="2026-02-12T18:40:56Z" level=info msg="Reconciling VitessCell" controller=VitessCell namespace=vitess vitesscell=example-zone1-5abb61ae
[pod/vitess-operator-dcb9bc6cc-4bwlw/vitess-operator] time="2026-02-12T18:40:56Z" level=info msg="Reconciling VitessCluster" VitessCluster=example controller=VitessCluster namespace=vitess
[pod/vitess-operator-dcb9bc6cc-4bwlw/vitess-operator] time="2026-02-12T18:40:56Z" level=info msg="Reconciling VitessCell" controller=VitessCell namespace=vitess vitesscell=example-zone1-5abb61ae
[pod/vitess-operator-dcb9bc6cc-4bwlw/vitess-operator] time="2026-02-12T18:40:56Z" level=info msg="Reconciling VitessCell" controller=VitessCell namespace=vitess vitesscell=example-zone1-5abb61ae
[pod/vitess-operator-dcb9bc6cc-4bwlw/vitess-operator] time="2026-02-12T18:41:06Z" level=info msg="Reconciling VitessCluster" VitessCluster=example controller=VitessCluster namespace=vitess
[pod/vitess-operator-dcb9bc6cc-4bwlw/vitess-operator] time="2026-02-12T18:41:06Z" level=info msg="Reconciling VitessCluster" VitessCluster=example controller=VitessCluster namespace=vitess
[pod/vitess-operator-dcb9bc6cc-4bwlw/vitess-operator] time="2026-02-12T18:41:06Z" level=info msg="Reconciling EtcdLockserver" controller=EtcdLockserver etcdlockserver=example-etcd-faf13de3 namespace=vitess
[pod/vitess-operator-dcb9bc6cc-4bwlw/vitess-operator] time="2026-02-12T18:41:06Z" level=info msg="Reconciling VitessCluster" VitessCluster=example controller=VitessCluster namespace=vitess
[pod/vitess-operator-dcb9bc6cc-4bwlw/vitess-operator] time="2026-02-12T18:41:06Z" level=info msg="Reconciling VitessCluster" VitessCluster=example controller=VitessCluster namespace=vitess
[pod/vitess-operator-dcb9bc6cc-4bwlw/vitess-operator] time="2026-02-12T18:41:06Z" level=info msg="Reconciling VitessCluster" VitessCluster=example controller=VitessCluster namespace=vitess
[pod/vitess-operator-dcb9bc6cc-4bwlw/vitess-operator] time="2026-02-12T18:41:06Z" level=info msg="Reconciling VitessCluster" VitessCluster=example controller=VitessCluster namespace=vitess
[pod/vitess-operator-dcb9bc6cc-4bwlw/vitess-operator] time="2026-02-12T18:41:06Z" level=info msg="Reconciling VitessCell" controller=VitessCell namespace=vitess vitesscell=example-zone1-5abb61ae
[pod/vitess-operator-dcb9bc6cc-4bwlw/vitess-operator] time="2026-02-12T18:41:06Z" level=info msg="Reconciling VitessCluster" VitessCluster=example controller=VitessCluster namespace=vitess
[pod/vitess-operator-dcb9bc6cc-4bwlw/vitess-operator] time="2026-02-12T18:41:06Z" level=info msg="Reconciling VitessCluster" VitessCluster=example controller=VitessCluster namespace=vitess
[pod/vitess-operator-dcb9bc6cc-4bwlw/vitess-operator] time="2026-02-12T18:41:06Z" level=info msg="Reconciling VitessCluster" VitessCluster=example controller=VitessCluster namespace=vitess
[pod/vitess-operator-dcb9bc6cc-4bwlw/vitess-operator] time="2026-02-12T18:41:06Z" level=info msg="Reconciling EtcdLockserver" controller=EtcdLockserver etcdlockserver=example-etcd-faf13de3 namespace=vitess
[pod/vitess-operator-dcb9bc6cc-4bwlw/vitess-operator] {"level":"error","ts":"2026-02-12T18:41:06Z","msg":"Reconciler error","controller":"vitesscell-controller","object":{"name":"example-zone1-5abb61ae","namespace":"vitess"},"namespace":"vitess","name":"example-zone1-5abb61ae","reconcileID":"272e6b00-f054-492b-b40d-d65ac080f336","error":"Operation cannot be fulfilled on vitesscells.planetscale.com \"example-zone1-5abb61ae\": StorageError: invalid object, Code: 4, Key: /registry/planetscale.com/vitesscells/vitess/example-zone1-5abb61ae, ResourceVersion: 0, AdditionalErrorMsg: Precondition failed: UID in precondition: 30ca9cba-be6c-4266-bd9d-56f8038b906e, UID in object meta: ","stacktrace":"sigs.k8s.io/controller-runtime/pkg/internal/controller.(*Controller[...]).reconcileHandler\n\t/go/pkg/mod/sigs.k8s.io/controller-runtime@v0.20.2/pkg/internal/controller/controller.go:341\nsigs.k8s.io/controller-runtime/pkg/internal/controller.(*Controller[...]).processNextWorkItem\n\t/go/pkg/mod/sigs.k8s.io/controller-runtime@v0.20.2/pkg/internal/controller/controller.go:288\nsigs.k8s.io/controller-runtime/pkg/internal/controller.(*Controller[...]).Start.func2.2\n\t/go/pkg/mod/sigs.k8s.io/controller-runtime@v0.20.2/pkg/internal/controller/controller.go:249"}
[pod/vitess-operator-dcb9bc6cc-4bwlw/vitess-operator] time="2026-02-12T18:41:06Z" level=info msg="Reconciling VitessCell" controller=VitessCell namespace=vitess vitesscell=example-zone1-5abb61ae
[pod/vitess-operator-dcb9bc6cc-4bwlw/vitess-operator] time="2026-02-12T18:41:07Z" level=info msg="Reconciling VitessCell" controller=VitessCell namespace=vitess vitesscell=example-zone1-5abb61ae
[pod/vitess-operator-dcb9bc6cc-4bwlw/vitess-operator] time="2026-02-12T18:41:07Z" level=info msg="Reconciling EtcdLockserver" controller=EtcdLockserver etcdlockserver=example-etcd-faf13de3 namespace=vitess
[pod/vitess-operator-dcb9bc6cc-4bwlw/vitess-operator] time="2026-02-12T18:41:07Z" level=info msg="Reconciling EtcdLockserver" controller=EtcdLockserver etcdlockserver=example-etcd-faf13de3 namespace=vitess
[pod/vitess-operator-dcb9bc6cc-4bwlw/vitess-operator] W0212 18:41:07.143471       1 component.go:39] [core] [Channel #7 SubChannel #8]grpc: addrConn.createTransport failed to connect to {Addr: "example-etcd-faf13de3-client.vitess.svc:2379", ServerName: "example-etcd-faf13de3-client.vitess.svc:2379", }. Err: connection error: desc = "transport: Error while dialing: dial tcp 172.20.140.67:2379: connect: connection refused"
[pod/vitess-operator-dcb9bc6cc-4bwlw/vitess-operator] time="2026-02-12T18:41:07Z" level=info msg="Reconciling EtcdLockserver" controller=EtcdLockserver etcdlockserver=example-etcd-faf13de3 namespace=vitess
[pod/vitess-operator-dcb9bc6cc-4bwlw/vitess-operator] time="2026-02-12T18:41:07Z" level=info msg="Reconciling EtcdLockserver" controller=EtcdLockserver etcdlockserver=example-etcd-faf13de3 namespace=vitess
[pod/vitess-operator-dcb9bc6cc-4bwlw/vitess-operator] time="2026-02-12T18:41:07Z" level=info msg="Reconciling EtcdLockserver" controller=EtcdLockserver etcdlockserver=example-etcd-faf13de3 namespace=vitess
[pod/vitess-operator-dcb9bc6cc-4bwlw/vitess-operator] time="2026-02-12T18:41:07Z" level=info msg="Reconciling EtcdLockserver" controller=EtcdLockserver etcdlockserver=example-etcd-faf13de3 namespace=vitess
[pod/vitess-operator-dcb9bc6cc-4bwlw/vitess-operator] time="2026-02-12T18:41:07Z" level=info msg="Reconciling EtcdLockserver" controller=EtcdLockserver etcdlockserver=example-etcd-faf13de3 namespace=vitess
[pod/vitess-operator-dcb9bc6cc-4bwlw/vitess-operator] time="2026-02-12T18:41:07Z" level=info msg="Reconciling EtcdLockserver" controller=EtcdLockserver etcdlockserver=example-etcd-faf13de3 namespace=vitess
[pod/vitess-operator-dcb9bc6cc-4bwlw/vitess-operator] time="2026-02-12T18:41:07Z" level=info msg="Reconciling EtcdLockserver" controller=EtcdLockserver etcdlockserver=example-etcd-faf13de3 namespace=vitess
[pod/vitess-operator-dcb9bc6cc-4bwlw/vitess-operator] W0212 18:41:07.307699       1 component.go:39] [core] [Channel #10 SubChannel #11]grpc: addrConn.createTransport failed to connect to {Addr: "example-etcd-faf13de3-client.vitess.svc:2379", ServerName: "example-etcd-faf13de3-client.vitess.svc:2379", }. Err: connection error: desc = "transport: Error while dialing: dial tcp 172.20.140.67:2379: connect: connection refused"
[pod/vitess-operator-dcb9bc6cc-4bwlw/vitess-operator] time="2026-02-12T18:41:07Z" level=info msg="Reconciling EtcdLockserver" controller=EtcdLockserver etcdlockserver=example-etcd-faf13de3 namespace=vitess
[pod/vitess-operator-dcb9bc6cc-4bwlw/vitess-operator] time="2026-02-12T18:41:07Z" level=info msg="Reconciling EtcdLockserver" controller=EtcdLockserver etcdlockserver=example-etcd-faf13de3 namespace=vitess
[pod/vitess-operator-dcb9bc6cc-4bwlw/vitess-operator] time="2026-02-12T18:41:07Z" level=info msg="Reconciling EtcdLockserver" controller=EtcdLockserver etcdlockserver=example-etcd-faf13de3 namespace=vitess
[pod/vitess-operator-dcb9bc6cc-4bwlw/vitess-operator] time="2026-02-12T18:41:07Z" level=info msg="Reconciling EtcdLockserver" controller=EtcdLockserver etcdlockserver=example-etcd-faf13de3 namespace=vitess
[pod/vitess-operator-dcb9bc6cc-4bwlw/vitess-operator] time="2026-02-12T18:41:07Z" level=info msg="Reconciling EtcdLockserver" controller=EtcdLockserver etcdlockserver=example-etcd-faf13de3 namespace=vitess
[pod/vitess-operator-dcb9bc6cc-4bwlw/vitess-operator] time="2026-02-12T18:41:07Z" level=info msg="Reconciling EtcdLockserver" controller=EtcdLockserver etcdlockserver=example-etcd-faf13de3 namespace=vitess
[pod/vitess-operator-dcb9bc6cc-4bwlw/vitess-operator] time="2026-02-12T18:41:07Z" level=info msg="Reconciling EtcdLockserver" controller=EtcdLockserver etcdlockserver=example-etcd-faf13de3 namespace=vitess
[pod/vitess-operator-dcb9bc6cc-4bwlw/vitess-operator] time="2026-02-12T18:41:07Z" level=info msg="Reconciling VitessCell" controller=VitessCell namespace=vitess vitesscell=example-zone1-5abb61ae
[pod/vitess-operator-dcb9bc6cc-4bwlw/vitess-operator] time="2026-02-12T18:41:07Z" level=info msg="Reconciling VitessCell" controller=VitessCell namespace=vitess vitesscell=example-zone1-5abb61ae
[pod/vitess-operator-dcb9bc6cc-4bwlw/vitess-operator] time="2026-02-12T18:41:08Z" level=info msg="Reconciling EtcdLockserver" controller=EtcdLockserver etcdlockserver=example-etcd-faf13de3 namespace=vitess
[pod/vitess-operator-dcb9bc6cc-4bwlw/vitess-operator] time="2026-02-12T18:41:08Z" level=info msg="Reconciling EtcdLockserver" controller=EtcdLockserver etcdlockserver=example-etcd-faf13de3 namespace=vitess
[pod/vitess-operator-dcb9bc6cc-4bwlw/vitess-operator] time="2026-02-12T18:41:09Z" level=info msg="Reconciling EtcdLockserver" controller=EtcdLockserver etcdlockserver=example-etcd-faf13de3 namespace=vitess
[pod/vitess-operator-dcb9bc6cc-4bwlw/vitess-operator] time="2026-02-12T18:41:09Z" level=info msg="Reconciling EtcdLockserver" controller=EtcdLockserver etcdlockserver=example-etcd-faf13de3 namespace=vitess
[pod/vitess-operator-dcb9bc6cc-4bwlw/vitess-operator] time="2026-02-12T18:41:09Z" level=info msg="Reconciling EtcdLockserver" controller=EtcdLockserver etcdlockserver=example-etcd-faf13de3 namespace=vitess
[pod/vitess-operator-dcb9bc6cc-4bwlw/vitess-operator] time="2026-02-12T18:41:09Z" level=info msg="Reconciling EtcdLockserver" controller=EtcdLockserver etcdlockserver=example-etcd-faf13de3 namespace=vitess
[pod/vitess-operator-dcb9bc6cc-4bwlw/vitess-operator] {"level":"warn","ts":"2026-02-12T18:41:17.414314Z","logger":"etcd-client","caller":"v3@v3.5.23/retry_interceptor.go:63","msg":"retrying of unary invoker failed","target":"etcd-endpoints://0xc001c20f00/example-etcd-faf13de3-client.vitess.svc:2379","attempt":0,"error":"rpc error: code = DeadlineExceeded desc = latest balancer error: connection error: desc = \"transport: Error while dialing: dial tcp 172.20.140.67:2379: connect: connection refused\""}
[pod/vitess-operator-dcb9bc6cc-4bwlw/vitess-operator] {"level":"warn","ts":"2026-02-12T18:41:27.423960Z","logger":"etcd-client","caller":"v3@v3.5.23/retry_interceptor.go:63","msg":"retrying of unary invoker failed","target":"etcd-endpoints://0xc001c20f00/example-etcd-faf13de3-client.vitess.svc:2379","attempt":0,"error":"rpc error: code = DeadlineExceeded desc = latest balancer error: connection error: desc = \"transport: Error while dialing: dial tcp 172.20.140.67:2379: connect: connection refused\""}
[pod/vitess-operator-dcb9bc6cc-4bwlw/vitess-operator] {"level":"info","ts":"2026-02-12T18:41:27Z","msg":"Warning: Reconciler returned both a non-zero result and a non-nil error. The result will always be ignored if the error is non-nil and the non-nil error causes requeuing with exponential backoff. For more details, see: https://pkg.go.dev/sigs.k8s.io/controller-runtime/pkg/reconcile#Reconciler","controller":"vitessshard-controller","object":{"name":"example-benchmark-x-33-3c49bddd","namespace":"vitess"},"namespace":"vitess","name":"example-benchmark-x-33-3c49bddd","reconcileID":"9ad74972-4bd1-4f5e-a84f-251e796cc21c"}
[pod/vitess-operator-dcb9bc6cc-4bwlw/vitess-operator] {"level":"error","ts":"2026-02-12T18:41:27Z","msg":"Reconciler error","controller":"vitessshard-controller","object":{"name":"example-benchmark-x-33-3c49bddd","namespace":"vitess"},"namespace":"vitess","name":"example-benchmark-x-33-3c49bddd","reconcileID":"9ad74972-4bd1-4f5e-a84f-251e796cc21c","error":"Operation cannot be fulfilled on vitessshards.planetscale.com \"example-benchmark-x-33-3c49bddd\": StorageError: invalid object, Code: 4, Key: /registry/planetscale.com/vitessshards/vitess/example-benchmark-x-33-3c49bddd, ResourceVersion: 0, AdditionalErrorMsg: Precondition failed: UID in precondition: a167ac28-3ba3-4872-9c7c-9b1186ff9072, UID in object meta: ","stacktrace":"sigs.k8s.io/controller-runtime/pkg/internal/controller.(*Controller[...]).reconcileHandler\n\t/go/pkg/mod/sigs.k8s.io/controller-runtime@v0.20.2/pkg/internal/controller/controller.go:341\nsigs.k8s.io/controller-runtime/pkg/internal/controller.(*Controller[...]).processNextWorkItem\n\t/go/pkg/mod/sigs.k8s.io/controller-runtime@v0.20.2/pkg/internal/controller/controller.go:288\nsigs.k8s.io/controller-runtime/pkg/internal/controller.(*Controller[...]).Start.func2.2\n\t/go/pkg/mod/sigs.k8s.io/controller-runtime@v0.20.2/pkg/internal/controller/controller.go:249"}
[pod/vitess-operator-dcb9bc6cc-4bwlw/vitess-operator] W0212 18:41:28.146424       1 component.go:39] [core] [Channel #7 SubChannel #8]grpc: addrConn.createTransport failed to connect to {Addr: "example-etcd-faf13de3-client.vitess.svc:2379", ServerName: "example-etcd-faf13de3-client.vitess.svc:2379", }. Err: connection error: desc = "transport: Error while dialing: dial tcp 172.20.140.67:2379: i/o timeout"
[pod/vitess-operator-dcb9bc6cc-4bwlw/vitess-operator] W0212 18:41:28.308653       1 component.go:39] [core] [Channel #10 SubChannel #11]grpc: addrConn.createTransport failed to connect to {Addr: "example-etcd-faf13de3-client.vitess.svc:2379", ServerName: "example-etcd-faf13de3-client.vitess.svc:2379", }. Err: connection error: desc = "transport: Error while dialing: dial tcp 172.20.140.67:2379: i/o timeout"
[pod/vitess-operator-dcb9bc6cc-4bwlw/vitess-operator] W0212 18:41:29.671583       1 component.go:39] [core] [Channel #10 SubChannel #11]grpc: addrConn.createTransport failed to connect to {Addr: "example-etcd-faf13de3-client.vitess.svc:2379", ServerName: "example-etcd-faf13de3-client.vitess.svc:2379", }. Err: connection error: desc = "transport: Error while dialing: dial tcp: lookup example-etcd-faf13de3-client.vitess.svc on 172.20.0.10:53: no such host"
[pod/vitess-operator-dcb9bc6cc-4bwlw/vitess-operator] W0212 18:41:29.774678       1 component.go:39] [core] [Channel #7 SubChannel #8]grpc: addrConn.createTransport failed to connect to {Addr: "example-etcd-faf13de3-client.vitess.svc:2379", ServerName: "example-etcd-faf13de3-client.vitess.svc:2379", }. Err: connection error: desc = "transport: Error while dialing: dial tcp: lookup example-etcd-faf13de3-client.vitess.svc on 172.20.0.10:53: no such host"
[pod/vitess-operator-dcb9bc6cc-4bwlw/vitess-operator] W0212 18:41:32.109407       1 component.go:39] [core] [Channel #10 SubChannel #11]grpc: addrConn.createTransport failed to connect to {Addr: "example-etcd-faf13de3-client.vitess.svc:2379", ServerName: "example-etcd-faf13de3-client.vitess.svc:2379", }. Err: connection error: desc = "transport: Error while dialing: dial tcp: lookup example-etcd-faf13de3-client.vitess.svc on 172.20.0.10:53: no such host"
[pod/vitess-operator-dcb9bc6cc-4bwlw/vitess-operator] W0212 18:41:32.321792       1 component.go:39] [core] [Channel #7 SubChannel #8]grpc: addrConn.createTransport failed to connect to {Addr: "example-etcd-faf13de3-client.vitess.svc:2379", ServerName: "example-etcd-faf13de3-client.vitess.svc:2379", }. Err: connection error: desc = "transport: Error while dialing: dial tcp: lookup example-etcd-faf13de3-client.vitess.svc on 172.20.0.10:53: no such host"
[pod/vitess-operator-dcb9bc6cc-4bwlw/vitess-operator] W0212 18:41:36.047606       1 component.go:39] [core] [Channel #10 SubChannel #11]grpc: addrConn.createTransport failed to connect to {Addr: "example-etcd-faf13de3-client.vitess.svc:2379", ServerName: "example-etcd-faf13de3-client.vitess.svc:2379", }. Err: connection error: desc = "transport: Error while dialing: dial tcp: lookup example-etcd-faf13de3-client.vitess.svc on 172.20.0.10:53: no such host"
[pod/vitess-operator-dcb9bc6cc-4bwlw/vitess-operator] W0212 18:41:36.306002       1 component.go:39] [core] [Channel #7 SubChannel #8]grpc: addrConn.createTransport failed to connect to {Addr: "example-etcd-faf13de3-client.vitess.svc:2379", ServerName: "example-etcd-faf13de3-client.vitess.svc:2379", }. Err: connection error: desc = "transport: Error while dialing: dial tcp: lookup example-etcd-faf13de3-client.vitess.svc on 172.20.0.10:53: no such host"
[pod/vitess-operator-dcb9bc6cc-4bwlw/vitess-operator] W0212 18:41:42.798837       1 component.go:39] [core] [Channel #7 SubChannel #8]grpc: addrConn.createTransport failed to connect to {Addr: "example-etcd-faf13de3-client.vitess.svc:2379", ServerName: "example-etcd-faf13de3-client.vitess.svc:2379", }. Err: connection error: desc = "transport: Error while dialing: dial tcp: lookup example-etcd-faf13de3-client.vitess.svc on 172.20.0.10:53: no such host"
[pod/vitess-operator-dcb9bc6cc-4bwlw/vitess-operator] W0212 18:41:43.694414       1 component.go:39] [core] [Channel #10 SubChannel #11]grpc: addrConn.createTransport failed to connect to {Addr: "example-etcd-faf13de3-client.vitess.svc:2379", ServerName: "example-etcd-faf13de3-client.vitess.svc:2379", }. Err: connection error: desc = "transport: Error while dialing: dial tcp: lookup example-etcd-faf13de3-client.vitess.svc on 172.20.0.10:53: no such host"
[pod/vitess-operator-dcb9bc6cc-4bwlw/vitess-operator] W0212 18:41:52.838900       1 component.go:39] [core] [Channel #10 SubChannel #11]grpc: addrConn.createTransport failed to connect to {Addr: "example-etcd-faf13de3-client.vitess.svc:2379", ServerName: "example-etcd-faf13de3-client.vitess.svc:2379", }. Err: connection error: desc = "transport: Error while dialing: dial tcp: lookup example-etcd-faf13de3-client.vitess.svc on 172.20.0.10:53: no such host"
[pod/vitess-operator-dcb9bc6cc-4bwlw/vitess-operator] W0212 18:41:53.122911       1 component.go:39] [core] [Channel #7 SubChannel #8]grpc: addrConn.createTransport failed to connect to {Addr: "example-etcd-faf13de3-client.vitess.svc:2379", ServerName: "example-etcd-faf13de3-client.vitess.svc:2379", }. Err: connection error: desc = "transport: Error while dialing: dial tcp: lookup example-etcd-faf13de3-client.vitess.svc on 172.20.0.10:53: no such host"
[pod/vitess-operator-dcb9bc6cc-4bwlw/vitess-operator] time="2026-02-12T18:41:55Z" level=info msg="Reconciling VitessCluster" VitessCluster=example controller=VitessCluster namespace=vitess
[pod/vitess-operator-dcb9bc6cc-4bwlw/vitess-operator] time="2026-02-12T18:41:55Z" level=info msg="Reconciling EtcdLockserver" controller=EtcdLockserver etcdlockserver=example-etcd-faf13de3 namespace=vitess
[pod/vitess-operator-dcb9bc6cc-4bwlw/vitess-operator] time="2026-02-12T18:41:55Z" level=info msg="Reconciling VitessCell" controller=VitessCell namespace=vitess vitesscell=example-zone1-5abb61ae
[pod/vitess-operator-dcb9bc6cc-4bwlw/vitess-operator] time="2026-02-12T18:41:55Z" level=info msg="Reconciling EtcdLockserver" controller=EtcdLockserver etcdlockserver=example-etcd-faf13de3 namespace=vitess
[pod/vitess-operator-dcb9bc6cc-4bwlw/vitess-operator] {"level":"error","ts":"2026-02-12T18:41:55Z","msg":"Reconciler error","controller":"etcdlockserver-controller","object":{"name":"example-etcd-faf13de3","namespace":"vitess"},"namespace":"vitess","name":"example-etcd-faf13de3","reconcileID":"80143a03-c007-4307-ac87-a099f90d71c7","error":"Operation cannot be fulfilled on etcdlockservers.planetscale.com \"example-etcd-faf13de3\": the object has been modified; please apply your changes to the latest version and try again","stacktrace":"sigs.k8s.io/controller-runtime/pkg/internal/controller.(*Controller[...]).reconcileHandler\n\t/go/pkg/mod/sigs.k8s.io/controller-runtime@v0.20.2/pkg/internal/controller/controller.go:341\nsigs.k8s.io/controller-runtime/pkg/internal/controller.(*Controller[...]).processNextWorkItem\n\t/go/pkg/mod/sigs.k8s.io/controller-runtime@v0.20.2/pkg/internal/controller/controller.go:288\nsigs.k8s.io/controller-runtime/pkg/internal/controller.(*Controller[...]).Start.func2.2\n\t/go/pkg/mod/sigs.k8s.io/controller-runtime@v0.20.2/pkg/internal/controller/controller.go:249"}
[pod/vitess-operator-dcb9bc6cc-4bwlw/vitess-operator] time="2026-02-12T18:41:55Z" level=info msg="Reconciling EtcdLockserver" controller=EtcdLockserver etcdlockserver=example-etcd-faf13de3 namespace=vitess
[pod/vitess-operator-dcb9bc6cc-4bwlw/vitess-operator] time="2026-02-12T18:41:55Z" level=info msg="Reconciling EtcdLockserver" controller=EtcdLockserver etcdlockserver=example-etcd-faf13de3 namespace=vitess
[pod/vitess-operator-dcb9bc6cc-4bwlw/vitess-operator] time="2026-02-12T18:41:55Z" level=info msg="Reconciling EtcdLockserver" controller=EtcdLockserver etcdlockserver=example-etcd-faf13de3 namespace=vitess
[pod/vitess-operator-dcb9bc6cc-4bwlw/vitess-operator] time="2026-02-12T18:41:55Z" level=info msg="Reconciling EtcdLockserver" controller=EtcdLockserver etcdlockserver=example-etcd-faf13de3 namespace=vitess
[pod/vitess-operator-dcb9bc6cc-4bwlw/vitess-operator] time="2026-02-12T18:41:55Z" level=info msg="Reconciling EtcdLockserver" controller=EtcdLockserver etcdlockserver=example-etcd-faf13de3 namespace=vitess
[pod/vitess-operator-dcb9bc6cc-4bwlw/vitess-operator] time="2026-02-12T18:41:58Z" level=info msg="Reconciling EtcdLockserver" controller=EtcdLockserver etcdlockserver=example-etcd-faf13de3 namespace=vitess
[pod/vitess-operator-dcb9bc6cc-4bwlw/vitess-operator] time="2026-02-12T18:41:58Z" level=info msg="Reconciling EtcdLockserver" controller=EtcdLockserver etcdlockserver=example-etcd-faf13de3 namespace=vitess
[pod/vitess-operator-dcb9bc6cc-4bwlw/vitess-operator] time="2026-02-12T18:41:58Z" level=info msg="Reconciling EtcdLockserver" controller=EtcdLockserver etcdlockserver=example-etcd-faf13de3 namespace=vitess
[pod/vitess-operator-dcb9bc6cc-4bwlw/vitess-operator] time="2026-02-12T18:41:58Z" level=info msg="Reconciling EtcdLockserver" controller=EtcdLockserver etcdlockserver=example-etcd-faf13de3 namespace=vitess
[pod/vitess-operator-dcb9bc6cc-4bwlw/vitess-operator] time="2026-02-12T18:41:58Z" level=info msg="Reconciling EtcdLockserver" controller=EtcdLockserver etcdlockserver=example-etcd-faf13de3 namespace=vitess
[pod/vitess-operator-dcb9bc6cc-4bwlw/vitess-operator] time="2026-02-12T18:41:58Z" level=info msg="Reconciling EtcdLockserver" controller=EtcdLockserver etcdlockserver=example-etcd-faf13de3 namespace=vitess
[pod/vitess-operator-dcb9bc6cc-4bwlw/vitess-operator] time="2026-02-12T18:41:58Z" level=info msg="Reconciling EtcdLockserver" controller=EtcdLockserver etcdlockserver=example-etcd-faf13de3 namespace=vitess
[pod/vitess-operator-dcb9bc6cc-4bwlw/vitess-operator] time="2026-02-12T18:41:58Z" level=info msg="Reconciling EtcdLockserver" controller=EtcdLockserver etcdlockserver=example-etcd-faf13de3 namespace=vitess
[pod/vitess-operator-dcb9bc6cc-4bwlw/vitess-operator] time="2026-02-12T18:41:58Z" level=info msg="Reconciling EtcdLockserver" controller=EtcdLockserver etcdlockserver=example-etcd-faf13de3 namespace=vitess
[pod/vitess-operator-dcb9bc6cc-4bwlw/vitess-operator] time="2026-02-12T18:41:58Z" level=info msg="Reconciling EtcdLockserver" controller=EtcdLockserver etcdlockserver=example-etcd-faf13de3 namespace=vitess
[pod/vitess-operator-dcb9bc6cc-4bwlw/vitess-operator] time="2026-02-12T18:41:58Z" level=info msg="Reconciling EtcdLockserver" controller=EtcdLockserver etcdlockserver=example-etcd-faf13de3 namespace=vitess
[pod/vitess-operator-dcb9bc6cc-4bwlw/vitess-operator] time="2026-02-12T18:41:59Z" level=info msg="Reconciling EtcdLockserver" controller=EtcdLockserver etcdlockserver=example-etcd-faf13de3 namespace=vitess
[pod/vitess-operator-dcb9bc6cc-4bwlw/vitess-operator] {"level":"warn","ts":"2026-02-12T18:42:00.745932Z","logger":"etcd-client","caller":"v3@v3.5.23/retry_interceptor.go:63","msg":"retrying of unary invoker failed","target":"etcd-endpoints://0xc001c20f00/example-etcd-faf13de3-client.vitess.svc:2379","attempt":0,"error":"rpc error: code = DeadlineExceeded desc = latest balancer error: connection error: desc = \"transport: Error while dialing: dial tcp: lookup example-etcd-faf13de3-client.vitess.svc on 172.20.0.10:53: no such host\""}
[pod/vitess-operator-dcb9bc6cc-4bwlw/vitess-operator] time="2026-02-12T18:42:00Z" level=info msg="cached connection to Vitess topology server failed liveness check" address="example-etcd-faf13de3-client.vitess.svc:2379" component=toposerver.connpool implementation=etcd2 rootPath=/vitess/example/global
[pod/vitess-operator-dcb9bc6cc-4bwlw/vitess-operator] time="2026-02-12T18:42:00Z" level=warning msg="cached connection to Vitess topology server failed liveness check but is still in use" address="example-etcd-faf13de3-client.vitess.svc:2379" component=toposerver.connpool implementation=etcd2 rootPath=/vitess/example/global
[pod/vitess-operator-dcb9bc6cc-4bwlw/vitess-operator] time="2026-02-12T18:42:04Z" level=info msg="Reconciling EtcdLockserver" controller=EtcdLockserver etcdlockserver=example-etcd-faf13de3 namespace=vitess
[pod/vitess-operator-dcb9bc6cc-4bwlw/vitess-operator] {"level":"warn","ts":"2026-02-12T18:42:05.762352Z","logger":"etcd-client","caller":"v3@v3.5.23/retry_interceptor.go:63","msg":"retrying of unary invoker failed","target":"etcd-endpoints://0xc001c20f00/example-etcd-faf13de3-client.vitess.svc:2379","attempt":0,"error":"rpc error: code = DeadlineExceeded desc = latest balancer error: connection error: desc = \"transport: Error while dialing: dial tcp: lookup example-etcd-faf13de3-client.vitess.svc on 172.20.0.10:53: no such host\""}
[pod/vitess-operator-dcb9bc6cc-4bwlw/vitess-operator] {"level":"warn","ts":"2026-02-12T18:42:05.860601Z","logger":"etcd-client","caller":"v3@v3.5.23/retry_interceptor.go:63","msg":"retrying of unary invoker failed","target":"etcd-endpoints://0xc001c20f00/example-etcd-faf13de3-client.vitess.svc:2379","attempt":0,"error":"rpc error: code = DeadlineExceeded desc = latest balancer error: connection error: desc = \"transport: Error while dialing: dial tcp: lookup example-etcd-faf13de3-client.vitess.svc on 172.20.0.10:53: no such host\""}
[pod/vitess-operator-dcb9bc6cc-4bwlw/vitess-operator] W0212 18:42:08.546077       1 component.go:39] [core] [Channel #10 SubChannel #11]grpc: addrConn.createTransport failed to connect to {Addr: "example-etcd-faf13de3-client.vitess.svc:2379", ServerName: "example-etcd-faf13de3-client.vitess.svc:2379", }. Err: connection error: desc = "transport: Error while dialing: dial tcp 172.20.174.237:2379: connect: connection refused"
[pod/vitess-operator-dcb9bc6cc-4bwlw/vitess-operator] time="2026-02-12T18:42:08Z" level=info msg="Reconciling EtcdLockserver" controller=EtcdLockserver etcdlockserver=example-etcd-faf13de3 namespace=vitess
[pod/vitess-operator-dcb9bc6cc-4bwlw/vitess-operator] time="2026-02-12T18:42:09Z" level=info msg="Reconciling EtcdLockserver" controller=EtcdLockserver etcdlockserver=example-etcd-faf13de3 namespace=vitess
[pod/vitess-operator-dcb9bc6cc-4bwlw/vitess-operator] time="2026-02-12T18:42:09Z" level=info msg="Reconciling EtcdLockserver" controller=EtcdLockserver etcdlockserver=example-etcd-faf13de3 namespace=vitess
[pod/vitess-operator-dcb9bc6cc-4bwlw/vitess-operator] time="2026-02-12T18:42:09Z" level=info msg="Reconciling EtcdLockserver" controller=EtcdLockserver etcdlockserver=example-etcd-faf13de3 namespace=vitess
[pod/vitess-operator-dcb9bc6cc-4bwlw/vitess-operator] time="2026-02-12T18:42:09Z" level=info msg="Reconciling EtcdLockserver" controller=EtcdLockserver etcdlockserver=example-etcd-faf13de3 namespace=vitess
[pod/vitess-operator-dcb9bc6cc-4bwlw/vitess-operator] time="2026-02-12T18:42:09Z" level=info msg="Reconciling EtcdLockserver" controller=EtcdLockserver etcdlockserver=example-etcd-faf13de3 namespace=vitess
[pod/vitess-operator-dcb9bc6cc-4bwlw/vitess-operator] time="2026-02-12T18:42:09Z" level=info msg="Reconciling EtcdLockserver" controller=EtcdLockserver etcdlockserver=example-etcd-faf13de3 namespace=vitess
[pod/vitess-operator-dcb9bc6cc-4bwlw/vitess-operator] time="2026-02-12T18:42:09Z" level=info msg="Reconciling EtcdLockserver" controller=EtcdLockserver etcdlockserver=example-etcd-faf13de3 namespace=vitess
[pod/vitess-operator-dcb9bc6cc-4bwlw/vitess-operator] time="2026-02-12T18:42:10Z" level=warning msg="cached connection to Vitess topology server failed liveness check but is still in use" address="example-etcd-faf13de3-client.vitess.svc:2379" component=toposerver.connpool implementation=etcd2 rootPath=/vitess/example/global
[pod/vitess-operator-dcb9bc6cc-4bwlw/vitess-operator] time="2026-02-12T18:42:12Z" level=info msg="Reconciling VitessCell" controller=VitessCell namespace=vitess vitesscell=example-zone1-5abb61ae
[pod/vitess-operator-dcb9bc6cc-4bwlw/vitess-operator] I0212 18:42:12.405193       1 vschema.go:72] successfully updated vschema for keyspace benchmark: 
[pod/vitess-operator-dcb9bc6cc-4bwlw/vitess-operator] time="2026-02-12T18:42:12Z" level=info msg="connecting to Vitess topology server" address="example-etcd-faf13de3-client.vitess.svc:2379" component=toposerver.connpool implementation=etcd2 rootPath=/vitess/example/global
[pod/vitess-operator-dcb9bc6cc-4bwlw/vitess-operator] {"level":"error","ts":"2026-02-12T18:42:12Z","msg":"Reconciler error","controller":"vitesscluster-controller","object":{"name":"example","namespace":"vitess"},"namespace":"vitess","name":"example","reconcileID":"6d5212df-f877-43e4-9676-45eb713a2670","error":"deadline exceeded: cells_aliases","stacktrace":"sigs.k8s.io/controller-runtime/pkg/internal/controller.(*Controller[...]).reconcileHandler\n\t/go/pkg/mod/sigs.k8s.io/controller-runtime@v0.20.2/pkg/internal/controller/controller.go:341\nsigs.k8s.io/controller-runtime/pkg/internal/controller.(*Controller[...]).processNextWorkItem\n\t/go/pkg/mod/sigs.k8s.io/controller-runtime@v0.20.2/pkg/internal/controller/controller.go:288\nsigs.k8s.io/controller-runtime/pkg/internal/controller.(*Controller[...]).Start.func2.2\n\t/go/pkg/mod/sigs.k8s.io/controller-runtime@v0.20.2/pkg/internal/controller/controller.go:249"}
[pod/vitess-operator-dcb9bc6cc-4bwlw/vitess-operator] time="2026-02-12T18:42:12Z" level=info msg="Reconciling VitessCluster" VitessCluster=example controller=VitessCluster namespace=vitess
[pod/vitess-operator-dcb9bc6cc-4bwlw/vitess-operator] time="2026-02-12T18:42:12Z" level=info msg="successfully connected to Vitess topology server" address="example-etcd-faf13de3-client.vitess.svc:2379" component=toposerver.connpool implementation=etcd2 rootPath=/vitess/example/global
[pod/vitess-operator-dcb9bc6cc-4bwlw/vitess-operator] time="2026-02-12T18:42:12Z" level=info msg="Reconciling VitessCell" controller=VitessCell namespace=vitess vitesscell=example-zone1-5abb61ae
[pod/vitess-operator-dcb9bc6cc-4bwlw/vitess-operator] {"level":"error","ts":"2026-02-12T18:42:12Z","msg":"Reconciler error","controller":"vitesscluster-controller","object":{"name":"example","namespace":"vitess"},"namespace":"vitess","name":"example","reconcileID":"6aea3711-92e2-4b93-b678-8f5808eb6148","error":"Operation cannot be fulfilled on vitessclusters.planetscale.com \"example\": the object has been modified; please apply your changes to the latest version and try again","stacktrace":"sigs.k8s.io/controller-runtime/pkg/internal/controller.(*Controller[...]).reconcileHandler\n\t/go/pkg/mod/sigs.k8s.io/controller-runtime@v0.20.2/pkg/internal/controller/controller.go:341\nsigs.k8s.io/controller-runtime/pkg/internal/controller.(*Controller[...]).processNextWorkItem\n\t/go/pkg/mod/sigs.k8s.io/controller-runtime@v0.20.2/pkg/internal/controller/controller.go:288\nsigs.k8s.io/controller-runtime/pkg/internal/controller.(*Controller[...]).Start.func2.2\n\t/go/pkg/mod/sigs.k8s.io/controller-runtime@v0.20.2/pkg/internal/controller/controller.go:249"}
[pod/vitess-operator-dcb9bc6cc-4bwlw/vitess-operator] time="2026-02-12T18:42:12Z" level=info msg="Reconciling VitessCluster" VitessCluster=example controller=VitessCluster namespace=vitess
[pod/vitess-operator-dcb9bc6cc-4bwlw/vitess-operator] time="2026-02-12T18:42:12Z" level=info msg="Reconciling VitessCell" controller=VitessCell namespace=vitess vitesscell=example-zone1-5abb61ae
[pod/vitess-operator-dcb9bc6cc-4bwlw/vitess-operator] {"level":"info","ts":"2026-02-12T18:42:12Z","msg":"Warning: Reconciler returned both a non-zero result and a non-nil error. The result will always be ignored if the error is non-nil and the non-nil error causes requeuing with exponential backoff. For more details, see: https://pkg.go.dev/sigs.k8s.io/controller-runtime/pkg/reconcile#Reconciler","controller":"vitesskeyspace-controller","object":{"name":"example-benchmark-32578b2b","namespace":"vitess"},"namespace":"vitess","name":"example-benchmark-32578b2b","reconcileID":"1fcc1f97-2295-4e16-ba42-18f5c0376a61"}
[pod/vitess-operator-dcb9bc6cc-4bwlw/vitess-operator] {"level":"error","ts":"2026-02-12T18:42:12Z","msg":"Reconciler error","controller":"vitesskeyspace-controller","object":{"name":"example-benchmark-32578b2b","namespace":"vitess"},"namespace":"vitess","name":"example-benchmark-32578b2b","reconcileID":"1fcc1f97-2295-4e16-ba42-18f5c0376a61","error":"RebuildSrvVSchema([]) = GetKnownCells failed: node doesn't exist: /vitess/example/global/cells/","stacktrace":"sigs.k8s.io/controller-runtime/pkg/internal/controller.(*Controller[...]).reconcileHandler\n\t/go/pkg/mod/sigs.k8s.io/controller-runtime@v0.20.2/pkg/internal/controller/controller.go:341\nsigs.k8s.io/controller-runtime/pkg/internal/controller.(*Controller[...]).processNextWorkItem\n\t/go/pkg/mod/sigs.k8s.io/controller-runtime@v0.20.2/pkg/internal/controller/controller.go:288\nsigs.k8s.io/controller-runtime/pkg/internal/controller.(*Controller[...]).Start.func2.2\n\t/go/pkg/mod/sigs.k8s.io/controller-runtime@v0.20.2/pkg/internal/controller/controller.go:249"}
[pod/vitess-operator-dcb9bc6cc-4bwlw/vitess-operator] time="2026-02-12T18:42:12Z" level=info msg="Reconciling VitessCell" controller=VitessCell namespace=vitess vitesscell=example-zone1-5abb61ae
[pod/vitess-operator-dcb9bc6cc-4bwlw/vitess-operator] time="2026-02-12T18:42:12Z" level=info msg="Reconciling VitessCluster" VitessCluster=example controller=VitessCluster namespace=vitess
[pod/vitess-operator-dcb9bc6cc-4bwlw/vitess-operator] time="2026-02-12T18:42:12Z" level=info msg="Updating object in place" diff="metadata:\n  annotations:\n    planetscale.com/observed-shard-generation: \"1\"\n" gvk="/v1, Kind=Pod" key=vitess/example-vttablet-zone1-0942943782-67bcbcdb
[pod/vitess-operator-dcb9bc6cc-4bwlw/vitess-operator] time="2026-02-12T18:42:12Z" level=info msg="Reconciling VitessCell" controller=VitessCell namespace=vitess vitesscell=example-zone1-5abb61ae
[pod/vitess-operator-dcb9bc6cc-4bwlw/vitess-operator] time="2026-02-12T18:42:12Z" level=info msg="Reconciling VitessCell" controller=VitessCell namespace=vitess vitesscell=example-zone1-5abb61ae
[pod/vitess-operator-dcb9bc6cc-4bwlw/vitess-operator] time="2026-02-12T18:42:12Z" level=info msg="Updating object in place" diff="metadata:\n  annotations:\n    planetscale.com/observed-shard-generation: \"1\"\n" gvk="/v1, Kind=Pod" key=vitess/example-vttablet-zone1-1085274074-76c88d55
[pod/vitess-operator-dcb9bc6cc-4bwlw/vitess-operator] time="2026-02-12T18:42:12Z" level=info msg="Reconciling VitessCell" controller=VitessCell namespace=vitess vitesscell=example-zone1-5abb61ae
[pod/vitess-operator-dcb9bc6cc-4bwlw/vitess-operator] time="2026-02-12T18:42:12Z" level=info msg="Reconciling VitessCluster" VitessCluster=example controller=VitessCluster namespace=vitess
[pod/vitess-operator-dcb9bc6cc-4bwlw/vitess-operator] time="2026-02-12T18:42:12Z" level=info msg="Updating object in place" diff="metadata:\n  annotations:\n    planetscale.com/observed-shard-generation: \"1\"\n" gvk="/v1, Kind=Pod" key=vitess/example-vttablet-zone1-4008724850-4dac0145
[pod/vitess-operator-dcb9bc6cc-4bwlw/vitess-operator] time="2026-02-12T18:42:12Z" level=info msg="Updating object in place" diff="metadata:\n  annotations:\n    planetscale.com/observed-shard-generation: \"1\"\n" gvk="/v1, Kind=Pod" key=vitess/example-vttablet-zone1-1954987028-3377f5aa
[pod/vitess-operator-dcb9bc6cc-4bwlw/vitess-operator] time="2026-02-12T18:42:12Z" level=info msg="Reconciling VitessCell" controller=VitessCell namespace=vitess vitesscell=example-zone1-5abb61ae
[pod/vitess-operator-dcb9bc6cc-4bwlw/vitess-operator] time="2026-02-12T18:42:12Z" level=info msg="Reconciling VitessCell" controller=VitessCell namespace=vitess vitesscell=example-zone1-5abb61ae
[pod/vitess-operator-dcb9bc6cc-4bwlw/vitess-operator] time="2026-02-12T18:42:12Z" level=info msg="Updating object in place" diff="metadata:\n  annotations:\n    planetscale.com/observed-shard-generation: \"1\"\n" gvk="/v1, Kind=Pod" key=vitess/example-vttablet-zone1-0869309135-fda6e8dd
[pod/vitess-operator-dcb9bc6cc-4bwlw/vitess-operator] time="2026-02-12T18:42:12Z" level=info msg="Reconciling VitessCell" controller=VitessCell namespace=vitess vitesscell=example-zone1-5abb61ae
[pod/vitess-operator-dcb9bc6cc-4bwlw/vitess-operator] time="2026-02-12T18:42:12Z" level=info msg="Updating object in place" diff="metadata:\n  annotations:\n    planetscale.com/observed-shard-generation: \"1\"\n" gvk="/v1, Kind=Pod" key=vitess/example-vttablet-zone1-0540814898-2a8ec4b2
[pod/vitess-operator-dcb9bc6cc-4bwlw/vitess-operator] {"level":"info","ts":"2026-02-12T18:42:12Z","msg":"Warning: Reconciler returned both a non-zero result and a non-nil error. The result will always be ignored if the error is non-nil and the non-nil error causes requeuing with exponential backoff. For more details, see: https://pkg.go.dev/sigs.k8s.io/controller-runtime/pkg/reconcile#Reconciler","controller":"vitesskeyspace-controller","object":{"name":"example-benchmark-32578b2b","namespace":"vitess"},"namespace":"vitess","name":"example-benchmark-32578b2b","reconcileID":"8ab88d76-3ff1-4e88-819f-e774413535bb"}
[pod/vitess-operator-dcb9bc6cc-4bwlw/vitess-operator] {"level":"error","ts":"2026-02-12T18:42:12Z","msg":"Reconciler error","controller":"vitesskeyspace-controller","object":{"name":"example-benchmark-32578b2b","namespace":"vitess"},"namespace":"vitess","name":"example-benchmark-32578b2b","reconcileID":"8ab88d76-3ff1-4e88-819f-e774413535bb","error":"Operation cannot be fulfilled on vitesskeyspaces.planetscale.com \"example-benchmark-32578b2b\": the object has been modified; please apply your changes to the latest version and try again","stacktrace":"sigs.k8s.io/controller-runtime/pkg/internal/controller.(*Controller[...]).reconcileHandler\n\t/go/pkg/mod/sigs.k8s.io/controller-runtime@v0.20.2/pkg/internal/controller/controller.go:341\nsigs.k8s.io/controller-runtime/pkg/internal/controller.(*Controller[...]).processNextWorkItem\n\t/go/pkg/mod/sigs.k8s.io/controller-runtime@v0.20.2/pkg/internal/controller/controller.go:288\nsigs.k8s.io/controller-runtime/pkg/internal/controller.(*Controller[...]).Start.func2.2\n\t/go/pkg/mod/sigs.k8s.io/controller-runtime@v0.20.2/pkg/internal/controller/controller.go:249"}
[pod/vitess-operator-dcb9bc6cc-4bwlw/vitess-operator] time="2026-02-12T18:42:12Z" level=info msg="Updating object in place" diff="metadata:\n  annotations:\n    planetscale.com/observed-shard-generation: \"1\"\n" gvk="/v1, Kind=Pod" key=vitess/example-vttablet-zone1-3655057523-5837bb43
[pod/vitess-operator-dcb9bc6cc-4bwlw/vitess-operator] {"level":"error","ts":"2026-02-12T18:42:12Z","msg":"Reconciler error","controller":"vitesscluster-controller","object":{"name":"example","namespace":"vitess"},"namespace":"vitess","name":"example","reconcileID":"3a83cc37-0403-48f3-87cd-99beff7788e9","error":"Operation cannot be fulfilled on vitessclusters.planetscale.com \"example\": the object has been modified; please apply your changes to the latest version and try again","stacktrace":"sigs.k8s.io/controller-runtime/pkg/internal/controller.(*Controller[...]).reconcileHandler\n\t/go/pkg/mod/sigs.k8s.io/controller-runtime@v0.20.2/pkg/internal/controller/controller.go:341\nsigs.k8s.io/controller-runtime/pkg/internal/controller.(*Controller[...]).processNextWorkItem\n\t/go/pkg/mod/sigs.k8s.io/controller-runtime@v0.20.2/pkg/internal/controller/controller.go:288\nsigs.k8s.io/controller-runtime/pkg/internal/controller.(*Controller[...]).Start.func2.2\n\t/go/pkg/mod/sigs.k8s.io/controller-runtime@v0.20.2/pkg/internal/controller/controller.go:249"}
[pod/vitess-operator-dcb9bc6cc-4bwlw/vitess-operator] time="2026-02-12T18:42:12Z" level=info msg="Reconciling VitessCluster" VitessCluster=example controller=VitessCluster namespace=vitess
[pod/vitess-operator-dcb9bc6cc-4bwlw/vitess-operator] time="2026-02-12T18:42:12Z" level=info msg="Updating object in place" diff="metadata:\n  annotations:\n    planetscale.com/observed-shard-generation: \"1\"\n" gvk="/v1, Kind=Pod" key=vitess/example-vttablet-zone1-0732481799-30a8f8f3
[pod/vitess-operator-dcb9bc6cc-4bwlw/vitess-operator] time="2026-02-12T18:42:12Z" level=info msg="Updating object in place" diff="metadata:\n  annotations:\n    planetscale.com/observed-shard-generation: \"1\"\n" gvk="/v1, Kind=Pod" key=vitess/example-vttablet-zone1-3206332824-35a47ead
[pod/vitess-operator-dcb9bc6cc-4bwlw/vitess-operator] time="2026-02-12T18:42:12Z" level=info msg="Updating object in place" diff="metadata:\n  annotations:\n    planetscale.com/observed-shard-generation: \"1\"\n" gvk="/v1, Kind=Pod" key=vitess/example-vttablet-zone1-0975494357-3b656c4f
[pod/vitess-operator-dcb9bc6cc-4bwlw/vitess-operator] time="2026-02-12T18:42:13Z" level=info msg="Reconciling VitessCell" controller=VitessCell namespace=vitess vitesscell=example-zone1-5abb61ae
[pod/vitess-operator-dcb9bc6cc-4bwlw/vitess-operator] time="2026-02-12T18:42:13Z" level=info msg="Reconciling VitessCluster" VitessCluster=example controller=VitessCluster namespace=vitess
[pod/vitess-operator-dcb9bc6cc-4bwlw/vitess-operator] {"level":"info","ts":"2026-02-12T18:42:13Z","msg":"Warning: Reconciler returned both a non-zero result and a non-nil error. The result will always be ignored if the error is non-nil and the non-nil error causes requeuing with exponential backoff. For more details, see: https://pkg.go.dev/sigs.k8s.io/controller-runtime/pkg/reconcile#Reconciler","controller":"vitessshard-controller","object":{"name":"example-benchmark-99-cc-47381cbb","namespace":"vitess"},"namespace":"vitess","name":"example-benchmark-99-cc-47381cbb","reconcileID":"f519d8c9-5166-4e2f-a918-1f0f0eab2eb6"}
[pod/vitess-operator-dcb9bc6cc-4bwlw/vitess-operator] {"level":"error","ts":"2026-02-12T18:42:13Z","msg":"Reconciler error","controller":"vitessshard-controller","object":{"name":"example-benchmark-99-cc-47381cbb","namespace":"vitess"},"namespace":"vitess","name":"example-benchmark-99-cc-47381cbb","reconcileID":"f519d8c9-5166-4e2f-a918-1f0f0eab2eb6","error":"Operation cannot be fulfilled on vitessshards.planetscale.com \"example-benchmark-99-cc-47381cbb\": the object has been modified; please apply your changes to the latest version and try again","stacktrace":"sigs.k8s.io/controller-runtime/pkg/internal/controller.(*Controller[...]).reconcileHandler\n\t/go/pkg/mod/sigs.k8s.io/controller-runtime@v0.20.2/pkg/internal/controller/controller.go:341\nsigs.k8s.io/controller-runtime/pkg/internal/controller.(*Controller[...]).processNextWorkItem\n\t/go/pkg/mod/sigs.k8s.io/controller-runtime@v0.20.2/pkg/internal/controller/controller.go:288\nsigs.k8s.io/controller-runtime/pkg/internal/controller.(*Controller[...]).Start.func2.2\n\t/go/pkg/mod/sigs.k8s.io/controller-runtime@v0.20.2/pkg/internal/controller/controller.go:249"}
[pod/vitess-operator-dcb9bc6cc-4bwlw/vitess-operator] {"level":"info","ts":"2026-02-12T18:42:13Z","msg":"Warning: Reconciler returned both a non-zero result and a non-nil error. The result will always be ignored if the error is non-nil and the non-nil error causes requeuing with exponential backoff. For more details, see: https://pkg.go.dev/sigs.k8s.io/controller-runtime/pkg/reconcile#Reconciler","controller":"vitessshard-controller","object":{"name":"example-benchmark-cc-x-1088662d","namespace":"vitess"},"namespace":"vitess","name":"example-benchmark-cc-x-1088662d","reconcileID":"4bf6bf04-217e-44b1-8ec2-05e10dc966c9"}
[pod/vitess-operator-dcb9bc6cc-4bwlw/vitess-operator] {"level":"error","ts":"2026-02-12T18:42:13Z","msg":"Reconciler error","controller":"vitessshard-controller","object":{"name":"example-benchmark-cc-x-1088662d","namespace":"vitess"},"namespace":"vitess","name":"example-benchmark-cc-x-1088662d","reconcileID":"4bf6bf04-217e-44b1-8ec2-05e10dc966c9","error":"Operation cannot be fulfilled on vitessshards.planetscale.com \"example-benchmark-cc-x-1088662d\": the object has been modified; please apply your changes to the latest version and try again","stacktrace":"sigs.k8s.io/controller-runtime/pkg/internal/controller.(*Controller[...]).reconcileHandler\n\t/go/pkg/mod/sigs.k8s.io/controller-runtime@v0.20.2/pkg/internal/controller/controller.go:341\nsigs.k8s.io/controller-runtime/pkg/internal/controller.(*Controller[...]).processNextWorkItem\n\t/go/pkg/mod/sigs.k8s.io/controller-runtime@v0.20.2/pkg/internal/controller/controller.go:288\nsigs.k8s.io/controller-runtime/pkg/internal/controller.(*Controller[...]).Start.func2.2\n\t/go/pkg/mod/sigs.k8s.io/controller-runtime@v0.20.2/pkg/internal/controller/controller.go:249"}
[pod/vitess-operator-dcb9bc6cc-4bwlw/vitess-operator] time="2026-02-12T18:42:13Z" level=info msg="Reconciling VitessCluster" VitessCluster=example controller=VitessCluster namespace=vitess
[pod/vitess-operator-dcb9bc6cc-4bwlw/vitess-operator] {"level":"info","ts":"2026-02-12T18:42:14Z","msg":"Warning: Reconciler returned both a non-zero result and a non-nil error. The result will always be ignored if the error is non-nil and the non-nil error causes requeuing with exponential backoff. For more details, see: https://pkg.go.dev/sigs.k8s.io/controller-runtime/pkg/reconcile#Reconciler","controller":"vitessshard-controller","object":{"name":"example-benchmark-66-99-790ed8ef","namespace":"vitess"},"namespace":"vitess","name":"example-benchmark-66-99-790ed8ef","reconcileID":"b39f38be-2c50-483c-a424-1ef997ce04bb"}
[pod/vitess-operator-dcb9bc6cc-4bwlw/vitess-operator] {"level":"error","ts":"2026-02-12T18:42:14Z","msg":"Reconciler error","controller":"vitessshard-controller","object":{"name":"example-benchmark-66-99-790ed8ef","namespace":"vitess"},"namespace":"vitess","name":"example-benchmark-66-99-790ed8ef","reconcileID":"b39f38be-2c50-483c-a424-1ef997ce04bb","error":"Operation cannot be fulfilled on vitessshards.planetscale.com \"example-benchmark-66-99-790ed8ef\": the object has been modified; please apply your changes to the latest version and try again","stacktrace":"sigs.k8s.io/controller-runtime/pkg/internal/controller.(*Controller[...]).reconcileHandler\n\t/go/pkg/mod/sigs.k8s.io/controller-runtime@v0.20.2/pkg/internal/controller/controller.go:341\nsigs.k8s.io/controller-runtime/pkg/internal/controller.(*Controller[...]).processNextWorkItem\n\t/go/pkg/mod/sigs.k8s.io/controller-runtime@v0.20.2/pkg/internal/controller/controller.go:288\nsigs.k8s.io/controller-runtime/pkg/internal/controller.(*Controller[...]).Start.func2.2\n\t/go/pkg/mod/sigs.k8s.io/controller-runtime@v0.20.2/pkg/internal/controller/controller.go:249"}
[pod/vitess-operator-dcb9bc6cc-4bwlw/vitess-operator] {"level":"info","ts":"2026-02-12T18:42:14Z","msg":"Warning: Reconciler returned both a non-zero result and a non-nil error. The result will always be ignored if the error is non-nil and the non-nil error causes requeuing with exponential backoff. For more details, see: https://pkg.go.dev/sigs.k8s.io/controller-runtime/pkg/reconcile#Reconciler","controller":"vitessshard-controller","object":{"name":"example-benchmark-66-99-790ed8ef","namespace":"vitess"},"namespace":"vitess","name":"example-benchmark-66-99-790ed8ef","reconcileID":"98ed2529-c3f7-4092-8440-fc7b8cc31339"}
[pod/vitess-operator-dcb9bc6cc-4bwlw/vitess-operator] {"level":"error","ts":"2026-02-12T18:42:14Z","msg":"Reconciler error","controller":"vitessshard-controller","object":{"name":"example-benchmark-66-99-790ed8ef","namespace":"vitess"},"namespace":"vitess","name":"example-benchmark-66-99-790ed8ef","reconcileID":"98ed2529-c3f7-4092-8440-fc7b8cc31339","error":"Operation cannot be fulfilled on vitessshards.planetscale.com \"example-benchmark-66-99-790ed8ef\": the object has been modified; please apply your changes to the latest version and try again","stacktrace":"sigs.k8s.io/controller-runtime/pkg/internal/controller.(*Controller[...]).reconcileHandler\n\t/go/pkg/mod/sigs.k8s.io/controller-runtime@v0.20.2/pkg/internal/controller/controller.go:341\nsigs.k8s.io/controller-runtime/pkg/internal/controller.(*Controller[...]).processNextWorkItem\n\t/go/pkg/mod/sigs.k8s.io/controller-runtime@v0.20.2/pkg/internal/controller/controller.go:288\nsigs.k8s.io/controller-runtime/pkg/internal/controller.(*Controller[...]).Start.func2.2\n\t/go/pkg/mod/sigs.k8s.io/controller-runtime@v0.20.2/pkg/internal/controller/controller.go:249"}
[pod/vitess-operator-dcb9bc6cc-4bwlw/vitess-operator] {"level":"info","ts":"2026-02-12T18:42:15Z","msg":"Warning: Reconciler returned both a non-zero result and a non-nil error. The result will always be ignored if the error is non-nil and the non-nil error causes requeuing with exponential backoff. For more details, see: https://pkg.go.dev/sigs.k8s.io/controller-runtime/pkg/reconcile#Reconciler","controller":"vitessshard-controller","object":{"name":"example-benchmark-x-33-3c49bddd","namespace":"vitess"},"namespace":"vitess","name":"example-benchmark-x-33-3c49bddd","reconcileID":"84544dfb-9e55-417d-9f5a-baaa5dd02b7e"}
[pod/vitess-operator-dcb9bc6cc-4bwlw/vitess-operator] {"level":"error","ts":"2026-02-12T18:42:15Z","msg":"Reconciler error","controller":"vitessshard-controller","object":{"name":"example-benchmark-x-33-3c49bddd","namespace":"vitess"},"namespace":"vitess","name":"example-benchmark-x-33-3c49bddd","reconcileID":"84544dfb-9e55-417d-9f5a-baaa5dd02b7e","error":"Operation cannot be fulfilled on vitessshards.planetscale.com \"example-benchmark-x-33-3c49bddd\": the object has been modified; please apply your changes to the latest version and try again","stacktrace":"sigs.k8s.io/controller-runtime/pkg/internal/controller.(*Controller[...]).reconcileHandler\n\t/go/pkg/mod/sigs.k8s.io/controller-runtime@v0.20.2/pkg/internal/controller/controller.go:341\nsigs.k8s.io/controller-runtime/pkg/internal/controller.(*Controller[...]).processNextWorkItem\n\t/go/pkg/mod/sigs.k8s.io/controller-runtime@v0.20.2/pkg/internal/controller/controller.go:288\nsigs.k8s.io/controller-runtime/pkg/internal/controller.(*Controller[...]).Start.func2.2\n\t/go/pkg/mod/sigs.k8s.io/controller-runtime@v0.20.2/pkg/internal/controller/controller.go:249"}
[pod/vitess-operator-dcb9bc6cc-4bwlw/vitess-operator] time="2026-02-12T18:42:17Z" level=info msg="Reconciling VitessCell" controller=VitessCell namespace=vitess vitesscell=example-zone1-5abb61ae
[pod/vitess-operator-dcb9bc6cc-4bwlw/vitess-operator] time="2026-02-12T18:42:17Z" level=info msg="Reconciling VitessCluster" VitessCluster=example controller=VitessCluster namespace=vitess
[pod/vitess-operator-dcb9bc6cc-4bwlw/vitess-operator] time="2026-02-12T18:42:17Z" level=info msg="Reconciling VitessCell" controller=VitessCell namespace=vitess vitesscell=example-zone1-5abb61ae
[pod/vitess-operator-dcb9bc6cc-4bwlw/vitess-operator] time="2026-02-12T18:42:17Z" level=info msg="Reconciling VitessCell" controller=VitessCell namespace=vitess vitesscell=example-zone1-5abb61ae
[pod/vitess-operator-dcb9bc6cc-4bwlw/vitess-operator] time="2026-02-12T18:42:17Z" level=info msg="Reconciling VitessCluster" VitessCluster=example controller=VitessCluster namespace=vitess
[pod/vitess-operator-dcb9bc6cc-4bwlw/vitess-operator] time="2026-02-12T18:42:20Z" level=info msg="closing connection to Vitess topology server due to liveness check failure" address="example-etcd-faf13de3-client.vitess.svc:2379" component=toposerver.connpool implementation=etcd2 rootPath=/vitess/example/global
[pod/vitess-operator-dcb9bc6cc-4bwlw/vitess-operator] time="2026-02-12T18:42:23Z" level=info msg="Reconciling VitessCluster" VitessCluster=example controller=VitessCluster namespace=vitess
[pod/vitess-operator-dcb9bc6cc-4bwlw/vitess-operator] time="2026-02-12T18:42:23Z" level=info msg="Reconciling VitessCell" controller=VitessCell namespace=vitess vitesscell=example-zone1-5abb61ae
[pod/vitess-operator-dcb9bc6cc-4bwlw/vitess-operator] time="2026-02-12T18:42:23Z" level=info msg="Reconciling VitessCell" controller=VitessCell namespace=vitess vitesscell=example-zone1-5abb61ae
[pod/vitess-operator-dcb9bc6cc-4bwlw/vitess-operator] time="2026-02-12T18:42:23Z" level=info msg="Reconciling VitessCluster" VitessCluster=example controller=VitessCluster namespace=vitess
[pod/vitess-operator-dcb9bc6cc-4bwlw/vitess-operator] time="2026-02-12T18:42:24Z" level=info msg="Reconciling VitessCell" controller=VitessCell namespace=vitess vitesscell=example-zone1-5abb61ae
[pod/vitess-operator-dcb9bc6cc-4bwlw/vitess-operator] time="2026-02-12T18:42:24Z" level=info msg="Reconciling VitessCell" controller=VitessCell namespace=vitess vitesscell=example-zone1-5abb61ae
[pod/vitess-operator-dcb9bc6cc-4bwlw/vitess-operator] time="2026-02-12T18:42:24Z" level=info msg="Reconciling VitessCluster" VitessCluster=example controller=VitessCluster namespace=vitess
[pod/vitess-operator-dcb9bc6cc-4bwlw/vitess-operator] time="2026-02-12T18:42:26Z" level=info msg="Reconciling VitessCluster" VitessCluster=example controller=VitessCluster namespace=vitess
[pod/vitess-operator-dcb9bc6cc-4bwlw/vitess-operator] time="2026-02-12T18:42:26Z" level=info msg="Reconciling VitessCell" controller=VitessCell namespace=vitess vitesscell=example-zone1-5abb61ae
[pod/vitess-operator-dcb9bc6cc-4bwlw/vitess-operator] time="2026-02-12T18:42:26Z" level=info msg="Reconciling VitessCluster" VitessCluster=example controller=VitessCluster namespace=vitess
[pod/vitess-operator-dcb9bc6cc-4bwlw/vitess-operator] time="2026-02-12T18:42:26Z" level=info msg="Reconciling VitessCell" controller=VitessCell namespace=vitess vitesscell=example-zone1-5abb61ae
[pod/vitess-operator-dcb9bc6cc-4bwlw/vitess-operator] time="2026-02-12T18:42:26Z" level=info msg="Reconciling VitessCluster" VitessCluster=example controller=VitessCluster namespace=vitess
[pod/vitess-operator-dcb9bc6cc-4bwlw/vitess-operator] time="2026-02-12T18:42:26Z" level=info msg="Reconciling VitessCell" controller=VitessCell namespace=vitess vitesscell=example-zone1-5abb61ae
[pod/vitess-operator-dcb9bc6cc-4bwlw/vitess-operator] W0212 18:42:28.633554       1 component.go:39] [core] [Channel #878 SubChannel #879]grpc: addrConn.createTransport failed to connect to {Addr: "10.0.3.106:15999", ServerName: "10.0.3.106:15999", }. Err: connection error: desc = "transport: Error while dialing: dial tcp 10.0.3.106:15999: connect: connection refused"
[pod/vitess-operator-dcb9bc6cc-4bwlw/vitess-operator] W0212 18:42:28.640822       1 component.go:39] [core] [Channel #880 SubChannel #881]grpc: addrConn.createTransport failed to connect to {Addr: "10.0.4.61:15999", ServerName: "10.0.4.61:15999", }. Err: connection error: desc = "transport: Error while dialing: dial tcp 10.0.4.61:15999: connect: connection refused"
[pod/vitess-operator-dcb9bc6cc-4bwlw/vitess-operator] W0212 18:42:29.637164       1 component.go:39] [core] [Channel #878 SubChannel #879]grpc: addrConn.createTransport failed to connect to {Addr: "10.0.3.106:15999", ServerName: "10.0.3.106:15999", }. Err: connection error: desc = "transport: Error while dialing: dial tcp 10.0.3.106:15999: connect: connection refused"
[pod/vitess-operator-dcb9bc6cc-4bwlw/vitess-operator] W0212 18:42:29.646272       1 component.go:39] [core] [Channel #880 SubChannel #881]grpc: addrConn.createTransport failed to connect to {Addr: "10.0.4.61:15999", ServerName: "10.0.4.61:15999", }. Err: connection error: desc = "transport: Error while dialing: dial tcp 10.0.4.61:15999: connect: connection refused"
[pod/vitess-operator-dcb9bc6cc-4bwlw/vitess-operator] time="2026-02-12T18:42:30Z" level=info msg="Reconciling VitessCluster" VitessCluster=example controller=VitessCluster namespace=vitess
[pod/vitess-operator-dcb9bc6cc-4bwlw/vitess-operator] time="2026-02-12T18:42:30Z" level=info msg="Reconciling VitessCluster" VitessCluster=example controller=VitessCluster namespace=vitess
[pod/vitess-operator-dcb9bc6cc-4bwlw/vitess-operator] W0212 18:42:31.133766       1 component.go:39] [core] [Channel #882 SubChannel #884]grpc: addrConn.createTransport failed to connect to {Addr: "10.0.3.37:15999", ServerName: "10.0.3.37:15999", }. Err: connection error: desc = "transport: Error while dialing: dial tcp 10.0.3.37:15999: connect: connection refused"
[pod/vitess-operator-dcb9bc6cc-4bwlw/vitess-operator] W0212 18:42:31.134238       1 component.go:39] [core] [Channel #883 SubChannel #885]grpc: addrConn.createTransport failed to connect to {Addr: "10.0.4.120:15999", ServerName: "10.0.4.120:15999", }. Err: connection error: desc = "transport: Error while dialing: dial tcp 10.0.4.120:15999: connect: connection refused"
[pod/vitess-operator-dcb9bc6cc-4bwlw/vitess-operator] W0212 18:42:31.151128       1 component.go:39] [core] [Channel #888 SubChannel #892]grpc: addrConn.createTransport failed to connect to {Addr: "10.0.4.212:15999", ServerName: "10.0.4.212:15999", }. Err: connection error: desc = "transport: Error while dialing: dial tcp 10.0.4.212:15999: connect: connection refused"
[pod/vitess-operator-dcb9bc6cc-4bwlw/vitess-operator] W0212 18:42:31.153746       1 component.go:39] [core] [Channel #887 SubChannel #891]grpc: addrConn.createTransport failed to connect to {Addr: "10.0.4.202:15999", ServerName: "10.0.4.202:15999", }. Err: connection error: desc = "transport: Error while dialing: dial tcp 10.0.4.202:15999: connect: connection refused"
[pod/vitess-operator-dcb9bc6cc-4bwlw/vitess-operator] W0212 18:42:31.154773       1 component.go:39] [core] [Channel #889 SubChannel #893]grpc: addrConn.createTransport failed to connect to {Addr: "10.0.3.201:15999", ServerName: "10.0.3.201:15999", }. Err: connection error: desc = "transport: Error while dialing: dial tcp 10.0.3.201:15999: connect: connection refused"
[pod/vitess-operator-dcb9bc6cc-4bwlw/vitess-operator] W0212 18:42:31.155117       1 component.go:39] [core] [Channel #886 SubChannel #890]grpc: addrConn.createTransport failed to connect to {Addr: "10.0.3.207:15999", ServerName: "10.0.3.207:15999", }. Err: connection error: desc = "transport: Error while dialing: dial tcp 10.0.3.207:15999: connect: connection refused"
[pod/vitess-operator-dcb9bc6cc-4bwlw/vitess-operator] W0212 18:42:31.234069       1 component.go:39] [core] [Channel #894 SubChannel #896]grpc: addrConn.createTransport failed to connect to {Addr: "10.0.4.122:15999", ServerName: "10.0.4.122:15999", }. Err: connection error: desc = "transport: Error while dialing: dial tcp 10.0.4.122:15999: connect: connection refused"
[pod/vitess-operator-dcb9bc6cc-4bwlw/vitess-operator] W0212 18:42:31.235293       1 component.go:39] [core] [Channel #895 SubChannel #897]grpc: addrConn.createTransport failed to connect to {Addr: "10.0.3.237:15999", ServerName: "10.0.3.237:15999", }. Err: connection error: desc = "transport: Error while dialing: dial tcp 10.0.3.237:15999: connect: connection refused"
[pod/vitess-operator-dcb9bc6cc-4bwlw/vitess-operator] W0212 18:42:31.387165       1 component.go:39] [core] [Channel #878 SubChannel #879]grpc: addrConn.createTransport failed to connect to {Addr: "10.0.3.106:15999", ServerName: "10.0.3.106:15999", }. Err: connection error: desc = "transport: Error while dialing: dial tcp 10.0.3.106:15999: connect: connection refused"
[pod/vitess-operator-dcb9bc6cc-4bwlw/vitess-operator] W0212 18:42:31.523263       1 component.go:39] [core] [Channel #880 SubChannel #881]grpc: addrConn.createTransport failed to connect to {Addr: "10.0.4.61:15999", ServerName: "10.0.4.61:15999", }. Err: connection error: desc = "transport: Error while dialing: dial tcp 10.0.4.61:15999: connect: connection refused"
[pod/vitess-operator-dcb9bc6cc-4bwlw/vitess-operator] W0212 18:42:32.135469       1 component.go:39] [core] [Channel #883 SubChannel #885]grpc: addrConn.createTransport failed to connect to {Addr: "10.0.4.120:15999", ServerName: "10.0.4.120:15999", }. Err: connection error: desc = "transport: Error while dialing: dial tcp 10.0.4.120:15999: connect: connection refused"
[pod/vitess-operator-dcb9bc6cc-4bwlw/vitess-operator] W0212 18:42:32.137845       1 component.go:39] [core] [Channel #882 SubChannel #884]grpc: addrConn.createTransport failed to connect to {Addr: "10.0.3.37:15999", ServerName: "10.0.3.37:15999", }. Err: connection error: desc = "transport: Error while dialing: dial tcp 10.0.3.37:15999: connect: connection refused"
[pod/vitess-operator-dcb9bc6cc-4bwlw/vitess-operator] W0212 18:42:32.152878       1 component.go:39] [core] [Channel #888 SubChannel #892]grpc: addrConn.createTransport failed to connect to {Addr: "10.0.4.212:15999", ServerName: "10.0.4.212:15999", }. Err: connection error: desc = "transport: Error while dialing: dial tcp 10.0.4.212:15999: connect: connection refused"
[pod/vitess-operator-dcb9bc6cc-4bwlw/vitess-operator] W0212 18:42:32.155654       1 component.go:39] [core] [Channel #887 SubChannel #891]grpc: addrConn.createTransport failed to connect to {Addr: "10.0.4.202:15999", ServerName: "10.0.4.202:15999", }. Err: connection error: desc = "transport: Error while dialing: dial tcp 10.0.4.202:15999: connect: connection refused"
[pod/vitess-operator-dcb9bc6cc-4bwlw/vitess-operator] W0212 18:42:32.155936       1 component.go:39] [core] [Channel #889 SubChannel #893]grpc: addrConn.createTransport failed to connect to {Addr: "10.0.3.201:15999", ServerName: "10.0.3.201:15999", }. Err: connection error: desc = "transport: Error while dialing: dial tcp 10.0.3.201:15999: connect: connection refused"
[pod/vitess-operator-dcb9bc6cc-4bwlw/vitess-operator] W0212 18:42:32.158487       1 component.go:39] [core] [Channel #886 SubChannel #890]grpc: addrConn.createTransport failed to connect to {Addr: "10.0.3.207:15999", ServerName: "10.0.3.207:15999", }. Err: connection error: desc = "transport: Error while dialing: dial tcp 10.0.3.207:15999: connect: connection refused"
[pod/vitess-operator-dcb9bc6cc-4bwlw/vitess-operator] W0212 18:42:32.237526       1 component.go:39] [core] [Channel #894 SubChannel #896]grpc: addrConn.createTransport failed to connect to {Addr: "10.0.4.122:15999", ServerName: "10.0.4.122:15999", }. Err: connection error: desc = "transport: Error while dialing: dial tcp 10.0.4.122:15999: connect: connection refused"
[pod/vitess-operator-dcb9bc6cc-4bwlw/vitess-operator] W0212 18:42:32.239545       1 component.go:39] [core] [Channel #895 SubChannel #897]grpc: addrConn.createTransport failed to connect to {Addr: "10.0.3.237:15999", ServerName: "10.0.3.237:15999", }. Err: connection error: desc = "transport: Error while dialing: dial tcp 10.0.3.237:15999: connect: connection refused"
[pod/vitess-operator-dcb9bc6cc-4bwlw/vitess-operator] W0212 18:42:33.475206       1 component.go:39] [core] [Channel #889 SubChannel #893]grpc: addrConn.createTransport failed to connect to {Addr: "10.0.3.201:15999", ServerName: "10.0.3.201:15999", }. Err: connection error: desc = "transport: Error while dialing: dial tcp 10.0.3.201:15999: connect: connection refused"
[pod/vitess-operator-dcb9bc6cc-4bwlw/vitess-operator] W0212 18:42:33.523988       1 component.go:39] [core] [Channel #878 SubChannel #879]grpc: addrConn.createTransport failed to connect to {Addr: "10.0.3.106:15999", ServerName: "10.0.3.106:15999", }. Err: connection error: desc = "transport: Error while dialing: dial tcp 10.0.3.106:15999: connect: connection refused"
[pod/vitess-operator-dcb9bc6cc-4bwlw/vitess-operator] W0212 18:42:33.629304       1 component.go:39] [core] [Channel #882 SubChannel #884]grpc: addrConn.createTransport failed to connect to {Addr: "10.0.3.37:15999", ServerName: "10.0.3.37:15999", }. Err: connection error: desc = "transport: Error while dialing: dial tcp 10.0.3.37:15999: connect: connection refused"
[pod/vitess-operator-dcb9bc6cc-4bwlw/vitess-operator] W0212 18:42:33.666432       1 component.go:39] [core] [Channel #883 SubChannel #885]grpc: addrConn.createTransport failed to connect to {Addr: "10.0.4.120:15999", ServerName: "10.0.4.120:15999", }. Err: connection error: desc = "transport: Error while dialing: dial tcp 10.0.4.120:15999: connect: connection refused"
[pod/vitess-operator-dcb9bc6cc-4bwlw/vitess-operator] W0212 18:42:33.682370       1 component.go:39] [core] [Channel #886 SubChannel #890]grpc: addrConn.createTransport failed to connect to {Addr: "10.0.3.207:15999", ServerName: "10.0.3.207:15999", }. Err: connection error: desc = "transport: Error while dialing: dial tcp 10.0.3.207:15999: connect: connection refused"
[pod/vitess-operator-dcb9bc6cc-4bwlw/vitess-operator] W0212 18:42:33.823744       1 component.go:39] [core] [Channel #895 SubChannel #897]grpc: addrConn.createTransport failed to connect to {Addr: "10.0.3.237:15999", ServerName: "10.0.3.237:15999", }. Err: connection error: desc = "transport: Error while dialing: dial tcp 10.0.3.237:15999: connect: connection refused"
[pod/vitess-operator-dcb9bc6cc-4bwlw/vitess-operator] W0212 18:42:33.835907       1 component.go:39] [core] [Channel #888 SubChannel #892]grpc: addrConn.createTransport failed to connect to {Addr: "10.0.4.212:15999", ServerName: "10.0.4.212:15999", }. Err: connection error: desc = "transport: Error while dialing: dial tcp 10.0.4.212:15999: connect: connection refused"
[pod/vitess-operator-dcb9bc6cc-4bwlw/vitess-operator] W0212 18:42:33.845336       1 component.go:39] [core] [Channel #894 SubChannel #896]grpc: addrConn.createTransport failed to connect to {Addr: "10.0.4.122:15999", ServerName: "10.0.4.122:15999", }. Err: connection error: desc = "transport: Error while dialing: dial tcp 10.0.4.122:15999: connect: connection refused"
[pod/vitess-operator-dcb9bc6cc-4bwlw/vitess-operator] W0212 18:42:33.876765       1 component.go:39] [core] [Channel #880 SubChannel #881]grpc: addrConn.createTransport failed to connect to {Addr: "10.0.4.61:15999", ServerName: "10.0.4.61:15999", }. Err: connection error: desc = "transport: Error while dialing: dial tcp 10.0.4.61:15999: connect: connection refused"
[pod/vitess-operator-dcb9bc6cc-4bwlw/vitess-operator] W0212 18:42:34.001286       1 component.go:39] [core] [Channel #887 SubChannel #891]grpc: addrConn.createTransport failed to connect to {Addr: "10.0.4.202:15999", ServerName: "10.0.4.202:15999", }. Err: connection error: desc = "transport: Error while dialing: dial tcp 10.0.4.202:15999: connect: connection refused"
[pod/vitess-operator-dcb9bc6cc-4bwlw/vitess-operator] W0212 18:42:35.800936       1 component.go:39] [core] [Channel #882 SubChannel #884]grpc: addrConn.createTransport failed to connect to {Addr: "10.0.3.37:15999", ServerName: "10.0.3.37:15999", }. Err: connection error: desc = "transport: Error while dialing: dial tcp 10.0.3.37:15999: connect: connection refused"
[pod/vitess-operator-dcb9bc6cc-4bwlw/vitess-operator] W0212 18:42:36.085253       1 component.go:39] [core] [Channel #888 SubChannel #892]grpc: addrConn.createTransport failed to connect to {Addr: "10.0.4.212:15999", ServerName: "10.0.4.212:15999", }. Err: connection error: desc = "transport: Error while dialing: dial tcp 10.0.4.212:15999: connect: connection refused"
[pod/vitess-operator-dcb9bc6cc-4bwlw/vitess-operator] W0212 18:42:36.114585       1 component.go:39] [core] [Channel #883 SubChannel #885]grpc: addrConn.createTransport failed to connect to {Addr: "10.0.4.120:15999", ServerName: "10.0.4.120:15999", }. Err: connection error: desc = "transport: Error while dialing: dial tcp 10.0.4.120:15999: connect: connection refused"
[pod/vitess-operator-dcb9bc6cc-4bwlw/vitess-operator] W0212 18:42:36.230257       1 component.go:39] [core] [Channel #886 SubChannel #890]grpc: addrConn.createTransport failed to connect to {Addr: "10.0.3.207:15999", ServerName: "10.0.3.207:15999", }. Err: connection error: desc = "transport: Error while dialing: dial tcp 10.0.3.207:15999: connect: connection refused"
[pod/vitess-operator-dcb9bc6cc-4bwlw/vitess-operator] W0212 18:42:36.500520       1 component.go:39] [core] [Channel #889 SubChannel #893]grpc: addrConn.createTransport failed to connect to {Addr: "10.0.3.201:15999", ServerName: "10.0.3.201:15999", }. Err: connection error: desc = "transport: Error while dialing: dial tcp 10.0.3.201:15999: connect: connection refused"
[pod/vitess-operator-dcb9bc6cc-4bwlw/vitess-operator] W0212 18:42:36.667745       1 component.go:39] [core] [Channel #895 SubChannel #897]grpc: addrConn.createTransport failed to connect to {Addr: "10.0.3.237:15999", ServerName: "10.0.3.237:15999", }. Err: connection error: desc = "transport: Error while dialing: dial tcp 10.0.3.237:15999: connect: connection refused"
[pod/vitess-operator-dcb9bc6cc-4bwlw/vitess-operator] W0212 18:42:37.030226       1 component.go:39] [core] [Channel #894 SubChannel #896]grpc: addrConn.createTransport failed to connect to {Addr: "10.0.4.122:15999", ServerName: "10.0.4.122:15999", }. Err: connection error: desc = "transport: Error while dialing: dial tcp 10.0.4.122:15999: connect: connection refused"
[pod/vitess-operator-dcb9bc6cc-4bwlw/vitess-operator] W0212 18:42:37.030377       1 component.go:39] [core] [Channel #887 SubChannel #891]grpc: addrConn.createTransport failed to connect to {Addr: "10.0.4.202:15999", ServerName: "10.0.4.202:15999", }. Err: connection error: desc = "transport: Error while dialing: dial tcp 10.0.4.202:15999: connect: connection refused"
[pod/vitess-operator-dcb9bc6cc-4bwlw/vitess-operator] W0212 18:42:37.408031       1 component.go:39] [core] [Channel #878 SubChannel #879]grpc: addrConn.createTransport failed to connect to {Addr: "10.0.3.106:15999", ServerName: "10.0.3.106:15999", }. Err: connection error: desc = "transport: Error while dialing: dial tcp 10.0.3.106:15999: connect: connection refused"
[pod/vitess-operator-dcb9bc6cc-4bwlw/vitess-operator] W0212 18:42:38.602985       1 component.go:39] [core] [Channel #880 SubChannel #881]grpc: addrConn.createTransport failed to connect to {Addr: "10.0.4.61:15999", ServerName: "10.0.4.61:15999", }. Err: connection error: desc = "transport: Error while dialing: dial tcp 10.0.4.61:15999: connect: connection refused"
[pod/vitess-operator-dcb9bc6cc-4bwlw/vitess-operator] W0212 18:42:39.782219       1 component.go:39] [core] [Channel #882 SubChannel #884]grpc: addrConn.createTransport failed to connect to {Addr: "10.0.3.37:15999", ServerName: "10.0.3.37:15999", }. Err: connection error: desc = "transport: Error while dialing: dial tcp 10.0.3.37:15999: connect: connection refused"
[pod/vitess-operator-dcb9bc6cc-4bwlw/vitess-operator] W0212 18:42:39.785163       1 component.go:39] [core] [Channel #889 SubChannel #893]grpc: addrConn.createTransport failed to connect to {Addr: "10.0.3.201:15999", ServerName: "10.0.3.201:15999", }. Err: connection error: desc = "transport: Error while dialing: dial tcp 10.0.3.201:15999: connect: connection refused"
[pod/vitess-operator-dcb9bc6cc-4bwlw/vitess-operator] W0212 18:42:39.850118       1 component.go:39] [core] [Channel #883 SubChannel #885]grpc: addrConn.createTransport failed to connect to {Addr: "10.0.4.120:15999", ServerName: "10.0.4.120:15999", }. Err: connection error: desc = "transport: Error while dialing: dial tcp 10.0.4.120:15999: connect: connection refused"
[pod/vitess-operator-dcb9bc6cc-4bwlw/vitess-operator] W0212 18:42:40.266784       1 component.go:39] [core] [Channel #895 SubChannel #897]grpc: addrConn.createTransport failed to connect to {Addr: "10.0.3.237:15999", ServerName: "10.0.3.237:15999", }. Err: connection error: desc = "transport: Error while dialing: dial tcp 10.0.3.237:15999: connect: connection refused"
[pod/vitess-operator-dcb9bc6cc-4bwlw/vitess-operator] W0212 18:42:40.719670       1 component.go:39] [core] [Channel #886 SubChannel #890]grpc: addrConn.createTransport failed to connect to {Addr: "10.0.3.207:15999", ServerName: "10.0.3.207:15999", }. Err: connection error: desc = "transport: Error while dialing: dial tcp 10.0.3.207:15999: connect: connection refused"
[pod/vitess-operator-dcb9bc6cc-4bwlw/vitess-operator] W0212 18:42:40.980668       1 component.go:39] [core] [Channel #888 SubChannel #892]grpc: addrConn.createTransport failed to connect to {Addr: "10.0.4.212:15999", ServerName: "10.0.4.212:15999", }. Err: connection error: desc = "transport: Error while dialing: dial tcp 10.0.4.212:15999: connect: connection refused"
[pod/vitess-operator-dcb9bc6cc-4bwlw/vitess-operator] W0212 18:42:41.166498       1 component.go:39] [core] [Channel #887 SubChannel #891]grpc: addrConn.createTransport failed to connect to {Addr: "10.0.4.202:15999", ServerName: "10.0.4.202:15999", }. Err: connection error: desc = "transport: Error while dialing: dial tcp 10.0.4.202:15999: connect: connection refused"
[pod/vitess-operator-dcb9bc6cc-4bwlw/vitess-operator] W0212 18:42:41.492195       1 component.go:39] [core] [Channel #894 SubChannel #896]grpc: addrConn.createTransport failed to connect to {Addr: "10.0.4.122:15999", ServerName: "10.0.4.122:15999", }. Err: connection error: desc = "transport: Error while dialing: dial tcp 10.0.4.122:15999: connect: connection refused"
[pod/vitess-operator-dcb9bc6cc-4bwlw/vitess-operator] W0212 18:42:43.015240       1 component.go:39] [core] [Channel #878 SubChannel #879]grpc: addrConn.createTransport failed to connect to {Addr: "10.0.3.106:15999", ServerName: "10.0.3.106:15999", }. Err: connection error: desc = "transport: Error while dialing: dial tcp 10.0.3.106:15999: connect: connection refused"
[pod/vitess-operator-dcb9bc6cc-4bwlw/vitess-operator] W0212 18:42:43.709124       1 component.go:39] [core] [Channel #898 SubChannel #899]grpc: addrConn.createTransport failed to connect to {Addr: "10.0.4.61:15999", ServerName: "10.0.4.61:15999", }. Err: connection error: desc = "transport: Error while dialing: dial tcp 10.0.4.61:15999: connect: connection refused"
[pod/vitess-operator-dcb9bc6cc-4bwlw/vitess-operator] W0212 18:42:43.717639       1 component.go:39] [core] [Channel #900 SubChannel #901]grpc: addrConn.createTransport failed to connect to {Addr: "10.0.3.106:15999", ServerName: "10.0.3.106:15999", }. Err: connection error: desc = "transport: Error while dialing: dial tcp 10.0.3.106:15999: connect: connection refused"
[pod/vitess-operator-dcb9bc6cc-4bwlw/vitess-operator] W0212 18:42:44.709797       1 component.go:39] [core] [Channel #898 SubChannel #899]grpc: addrConn.createTransport failed to connect to {Addr: "10.0.4.61:15999", ServerName: "10.0.4.61:15999", }. Err: connection error: desc = "transport: Error while dialing: dial tcp 10.0.4.61:15999: connect: connection refused"
[pod/vitess-operator-dcb9bc6cc-4bwlw/vitess-operator] W0212 18:42:44.720575       1 component.go:39] [core] [Channel #900 SubChannel #901]grpc: addrConn.createTransport failed to connect to {Addr: "10.0.3.106:15999", ServerName: "10.0.3.106:15999", }. Err: connection error: desc = "transport: Error while dialing: dial tcp 10.0.3.106:15999: connect: connection refused"
[pod/vitess-operator-dcb9bc6cc-4bwlw/vitess-operator] W0212 18:42:45.575339       1 component.go:39] [core] [Channel #889 SubChannel #893]grpc: addrConn.createTransport failed to connect to {Addr: "10.0.3.201:15999", ServerName: "10.0.3.201:15999", }. Err: connection error: desc = "transport: Error while dialing: dial tcp 10.0.3.201:15999: connect: connection refused"
[pod/vitess-operator-dcb9bc6cc-4bwlw/vitess-operator] W0212 18:42:45.772495       1 component.go:39] [core] [Channel #895 SubChannel #897]grpc: addrConn.createTransport failed to connect to {Addr: "10.0.3.237:15999", ServerName: "10.0.3.237:15999", }. Err: connection error: desc = "transport: Error while dialing: dial tcp 10.0.3.237:15999: connect: connection refused"
[pod/vitess-operator-dcb9bc6cc-4bwlw/vitess-operator] W0212 18:42:46.057289       1 component.go:39] [core] [Channel #927 SubChannel #928]grpc: addrConn.createTransport failed to connect to {Addr: "10.0.3.37:15999", ServerName: "10.0.3.37:15999", }. Err: connection error: desc = "transport: Error while dialing: dial tcp 10.0.3.37:15999: connect: connection refused"
[pod/vitess-operator-dcb9bc6cc-4bwlw/vitess-operator] W0212 18:42:46.155078       1 component.go:39] [core] [Channel #981 SubChannel #983]grpc: addrConn.createTransport failed to connect to {Addr: "10.0.3.201:15999", ServerName: "10.0.3.201:15999", }. Err: connection error: desc = "transport: Error while dialing: dial tcp 10.0.3.201:15999: connect: connection refused"
[pod/vitess-operator-dcb9bc6cc-4bwlw/vitess-operator] W0212 18:42:46.158210       1 component.go:39] [core] [Channel #987 SubChannel #989]grpc: addrConn.createTransport failed to connect to {Addr: "10.0.3.207:15999", ServerName: "10.0.3.207:15999", }. Err: connection error: desc = "transport: Error while dialing: dial tcp 10.0.3.207:15999: connect: connection refused"
[pod/vitess-operator-dcb9bc6cc-4bwlw/vitess-operator] I0212 18:42:46.159166       1 locks.go:166] Locking shard benchmark/66-99 for action InitShardPrimary(zone1-1954987028) with options: {lockType:0 ttl:0}
[pod/vitess-operator-dcb9bc6cc-4bwlw/vitess-operator] I0212 18:42:46.209720       1 server.go:2830] Getting a new durability policy for none
[pod/vitess-operator-dcb9bc6cc-4bwlw/vitess-operator] W0212 18:42:46.232141       1 component.go:39] [core] [Channel #1040 SubChannel #1042]grpc: addrConn.createTransport failed to connect to {Addr: "10.0.3.237:15999", ServerName: "10.0.3.237:15999", }. Err: connection error: desc = "transport: Error while dialing: dial tcp 10.0.3.237:15999: connect: connection refused"
[pod/vitess-operator-dcb9bc6cc-4bwlw/vitess-operator] W0212 18:42:46.256959       1 server.go:2857] primary-elect tablet zone1-1954987028 is not the shard primary, proceeding anyway as -force was used
[pod/vitess-operator-dcb9bc6cc-4bwlw/vitess-operator] W0212 18:42:46.257011       1 server.go:2863] primary-elect tablet zone1-1954987028 is not a primary in the shard, proceeding anyway as -force was used
[pod/vitess-operator-dcb9bc6cc-4bwlw/vitess-operator] I0212 18:42:46.257044       1 server.go:2894] resetting replication on tablet zone1-3655057523
[pod/vitess-operator-dcb9bc6cc-4bwlw/vitess-operator] I0212 18:42:46.257090       1 server.go:2894] resetting replication on tablet zone1-1954987028
[pod/vitess-operator-dcb9bc6cc-4bwlw/vitess-operator] I0212 18:42:46.306331       1 server.go:2913] initializing primary on zone1-1954987028
[pod/vitess-operator-dcb9bc6cc-4bwlw/vitess-operator] W0212 18:42:47.058692       1 component.go:39] [core] [Channel #927 SubChannel #928]grpc: addrConn.createTransport failed to connect to {Addr: "10.0.3.37:15999", ServerName: "10.0.3.37:15999", }. Err: connection error: desc = "transport: Error while dialing: dial tcp 10.0.3.37:15999: connect: connection refused"
[pod/vitess-operator-dcb9bc6cc-4bwlw/vitess-operator] W0212 18:42:47.156248       1 component.go:39] [core] [Channel #981 SubChannel #983]grpc: addrConn.createTransport failed to connect to {Addr: "10.0.3.201:15999", ServerName: "10.0.3.201:15999", }. Err: connection error: desc = "transport: Error while dialing: dial tcp 10.0.3.201:15999: connect: connection refused"
[pod/vitess-operator-dcb9bc6cc-4bwlw/vitess-operator] W0212 18:42:47.158971       1 component.go:39] [core] [Channel #987 SubChannel #989]grpc: addrConn.createTransport failed to connect to {Addr: "10.0.3.207:15999", ServerName: "10.0.3.207:15999", }. Err: connection error: desc = "transport: Error while dialing: dial tcp 10.0.3.207:15999: connect: connection refused"
[pod/vitess-operator-dcb9bc6cc-4bwlw/vitess-operator] W0212 18:42:47.233139       1 component.go:39] [core] [Channel #1040 SubChannel #1042]grpc: addrConn.createTransport failed to connect to {Addr: "10.0.3.237:15999", ServerName: "10.0.3.237:15999", }. Err: connection error: desc = "transport: Error while dialing: dial tcp 10.0.3.237:15999: connect: connection refused"
[pod/vitess-operator-dcb9bc6cc-4bwlw/vitess-operator] I0212 18:42:48.089509       1 server.go:2955] initializing replica zone1-3655057523
[pod/vitess-operator-dcb9bc6cc-4bwlw/vitess-operator] I0212 18:42:48.089839       1 server.go:2946] populating reparent journal on new primary zone1-1954987028
[pod/vitess-operator-dcb9bc6cc-4bwlw/vitess-operator] W0212 18:42:48.706359       1 component.go:39] [core] [Channel #981 SubChannel #983]grpc: addrConn.createTransport failed to connect to {Addr: "10.0.3.201:15999", ServerName: "10.0.3.201:15999", }. Err: connection error: desc = "transport: Error while dialing: dial tcp 10.0.3.201:15999: connect: connection refused"
[pod/vitess-operator-dcb9bc6cc-4bwlw/vitess-operator] W0212 18:42:48.818973       1 component.go:39] [core] [Channel #927 SubChannel #928]grpc: addrConn.createTransport failed to connect to {Addr: "10.0.3.37:15999", ServerName: "10.0.3.37:15999", }. Err: connection error: desc = "transport: Error while dialing: dial tcp 10.0.3.37:15999: connect: connection refused"
[pod/vitess-operator-dcb9bc6cc-4bwlw/vitess-operator] W0212 18:42:48.841052       1 component.go:39] [core] [Channel #987 SubChannel #989]grpc: addrConn.createTransport failed to connect to {Addr: "10.0.3.207:15999", ServerName: "10.0.3.207:15999", }. Err: connection error: desc = "transport: Error while dialing: dial tcp 10.0.3.207:15999: connect: connection refused"
[pod/vitess-operator-dcb9bc6cc-4bwlw/vitess-operator] W0212 18:42:49.011913       1 component.go:39] [core] [Channel #1040 SubChannel #1042]grpc: addrConn.createTransport failed to connect to {Addr: "10.0.3.237:15999", ServerName: "10.0.3.237:15999", }. Err: connection error: desc = "transport: Error while dialing: dial tcp 10.0.3.237:15999: connect: connection refused"
[pod/vitess-operator-dcb9bc6cc-4bwlw/vitess-operator] I0212 18:42:49.039006       1 locks.go:218] Unlocking shard benchmark/66-99 for successful action InitShardPrimary(zone1-1954987028)
[pod/vitess-operator-dcb9bc6cc-4bwlw/vitess-operator] I0212 18:42:51.017966       1 locks.go:166] Locking shard benchmark/cc- for action InitShardPrimary(zone1-0975494357) with options: {lockType:0 ttl:0}
[pod/vitess-operator-dcb9bc6cc-4bwlw/vitess-operator] I0212 18:42:51.031351       1 locks.go:166] Locking shard benchmark/99-cc for action InitShardPrimary(zone1-0732481799) with options: {lockType:0 ttl:0}
[pod/vitess-operator-dcb9bc6cc-4bwlw/vitess-operator] I0212 18:42:51.032319       1 server.go:2830] Getting a new durability policy for none
[pod/vitess-operator-dcb9bc6cc-4bwlw/vitess-operator] I0212 18:42:51.047146       1 server.go:2830] Getting a new durability policy for none
[pod/vitess-operator-dcb9bc6cc-4bwlw/vitess-operator] W0212 18:42:51.048348       1 server.go:2857] primary-elect tablet zone1-0975494357 is not the shard primary, proceeding anyway as -force was used
[pod/vitess-operator-dcb9bc6cc-4bwlw/vitess-operator] W0212 18:42:51.048463       1 server.go:2863] primary-elect tablet zone1-0975494357 is not a primary in the shard, proceeding anyway as -force was used
[pod/vitess-operator-dcb9bc6cc-4bwlw/vitess-operator] I0212 18:42:51.048494       1 server.go:2894] resetting replication on tablet zone1-0540814898
[pod/vitess-operator-dcb9bc6cc-4bwlw/vitess-operator] I0212 18:42:51.048606       1 server.go:2894] resetting replication on tablet zone1-0975494357
[pod/vitess-operator-dcb9bc6cc-4bwlw/vitess-operator] W0212 18:42:51.060164       1 server.go:2857] primary-elect tablet zone1-0732481799 is not the shard primary, proceeding anyway as -force was used
[pod/vitess-operator-dcb9bc6cc-4bwlw/vitess-operator] W0212 18:42:51.060211       1 server.go:2863] primary-elect tablet zone1-0732481799 is not a primary in the shard, proceeding anyway as -force was used
[pod/vitess-operator-dcb9bc6cc-4bwlw/vitess-operator] I0212 18:42:51.060239       1 server.go:2894] resetting replication on tablet zone1-0869309135
[pod/vitess-operator-dcb9bc6cc-4bwlw/vitess-operator] I0212 18:42:51.060373       1 server.go:2894] resetting replication on tablet zone1-0732481799
[pod/vitess-operator-dcb9bc6cc-4bwlw/vitess-operator] I0212 18:42:51.076463       1 server.go:2913] initializing primary on zone1-0975494357
[pod/vitess-operator-dcb9bc6cc-4bwlw/vitess-operator] I0212 18:42:51.084719       1 server.go:2913] initializing primary on zone1-0732481799
[pod/vitess-operator-dcb9bc6cc-4bwlw/vitess-operator] I0212 18:42:51.782209       1 locks.go:166] Locking shard benchmark/-33 for action InitShardPrimary(zone1-0942943782) with options: {lockType:0 ttl:0}
[pod/vitess-operator-dcb9bc6cc-4bwlw/vitess-operator] I0212 18:42:51.795989       1 server.go:2830] Getting a new durability policy for none
[pod/vitess-operator-dcb9bc6cc-4bwlw/vitess-operator] W0212 18:42:51.808354       1 server.go:2857] primary-elect tablet zone1-0942943782 is not the shard primary, proceeding anyway as -force was used
[pod/vitess-operator-dcb9bc6cc-4bwlw/vitess-operator] W0212 18:42:51.808386       1 server.go:2863] primary-elect tablet zone1-0942943782 is not a primary in the shard, proceeding anyway as -force was used
[pod/vitess-operator-dcb9bc6cc-4bwlw/vitess-operator] I0212 18:42:51.808406       1 server.go:2894] resetting replication on tablet zone1-0942943782
[pod/vitess-operator-dcb9bc6cc-4bwlw/vitess-operator] I0212 18:42:51.808515       1 server.go:2894] resetting replication on tablet zone1-1085274074
[pod/vitess-operator-dcb9bc6cc-4bwlw/vitess-operator] I0212 18:42:51.831412       1 server.go:2913] initializing primary on zone1-0942943782
[pod/vitess-operator-dcb9bc6cc-4bwlw/vitess-operator] I0212 18:42:51.838166       1 server.go:2955] initializing replica zone1-0869309135
[pod/vitess-operator-dcb9bc6cc-4bwlw/vitess-operator] I0212 18:42:51.838246       1 server.go:2946] populating reparent journal on new primary zone1-0732481799
[pod/vitess-operator-dcb9bc6cc-4bwlw/vitess-operator] I0212 18:42:51.893012       1 server.go:2955] initializing replica zone1-0540814898
[pod/vitess-operator-dcb9bc6cc-4bwlw/vitess-operator] I0212 18:42:51.893217       1 server.go:2946] populating reparent journal on new primary zone1-0975494357
[pod/vitess-operator-dcb9bc6cc-4bwlw/vitess-operator] I0212 18:42:51.912661       1 locks.go:166] Locking shard benchmark/33-66 for action InitShardPrimary(zone1-4008724850) with options: {lockType:0 ttl:0}
[pod/vitess-operator-dcb9bc6cc-4bwlw/vitess-operator] I0212 18:42:51.939655       1 server.go:2830] Getting a new durability policy for none
[pod/vitess-operator-dcb9bc6cc-4bwlw/vitess-operator] W0212 18:42:51.962346       1 server.go:2857] primary-elect tablet zone1-4008724850 is not the shard primary, proceeding anyway as -force was used
[pod/vitess-operator-dcb9bc6cc-4bwlw/vitess-operator] W0212 18:42:51.962380       1 server.go:2863] primary-elect tablet zone1-4008724850 is not a primary in the shard, proceeding anyway as -force was used
[pod/vitess-operator-dcb9bc6cc-4bwlw/vitess-operator] I0212 18:42:51.962428       1 server.go:2894] resetting replication on tablet zone1-4008724850
[pod/vitess-operator-dcb9bc6cc-4bwlw/vitess-operator] I0212 18:42:51.962598       1 server.go:2894] resetting replication on tablet zone1-3206332824
[pod/vitess-operator-dcb9bc6cc-4bwlw/vitess-operator] I0212 18:42:52.006527       1 server.go:2913] initializing primary on zone1-4008724850
[pod/vitess-operator-dcb9bc6cc-4bwlw/vitess-operator] I0212 18:42:52.515198       1 server.go:2946] populating reparent journal on new primary zone1-0942943782
[pod/vitess-operator-dcb9bc6cc-4bwlw/vitess-operator] I0212 18:42:52.515473       1 server.go:2955] initializing replica zone1-1085274074
[pod/vitess-operator-dcb9bc6cc-4bwlw/vitess-operator] I0212 18:42:52.694535       1 server.go:2946] populating reparent journal on new primary zone1-4008724850
[pod/vitess-operator-dcb9bc6cc-4bwlw/vitess-operator] I0212 18:42:52.694808       1 server.go:2955] initializing replica zone1-3206332824
[pod/vitess-operator-dcb9bc6cc-4bwlw/vitess-operator] I0212 18:42:52.835230       1 locks.go:218] Unlocking shard benchmark/cc- for successful action InitShardPrimary(zone1-0975494357)
[pod/vitess-operator-dcb9bc6cc-4bwlw/vitess-operator] I0212 18:42:52.908888       1 locks.go:218] Unlocking shard benchmark/99-cc for successful action InitShardPrimary(zone1-0732481799)
[pod/vitess-operator-dcb9bc6cc-4bwlw/vitess-operator] I0212 18:42:53.408342       1 locks.go:218] Unlocking shard benchmark/33-66 for successful action InitShardPrimary(zone1-4008724850)
[pod/vitess-operator-dcb9bc6cc-4bwlw/vitess-operator] I0212 18:42:53.472280       1 locks.go:218] Unlocking shard benchmark/-33 for successful action InitShardPrimary(zone1-0942943782)
[pod/vitess-operator-dcb9bc6cc-4bwlw/vitess-operator] time="2026-02-12T18:42:53Z" level=info msg="Reconciling VitessCell" controller=VitessCell namespace=vitess vitesscell=example-zone1-5abb61ae
[pod/vitess-operator-dcb9bc6cc-4bwlw/vitess-operator] time="2026-02-12T18:42:53Z" level=info msg="Reconciling VitessCluster" VitessCluster=example controller=VitessCluster namespace=vitess
[pod/vitess-operator-dcb9bc6cc-4bwlw/vitess-operator] W0212 18:42:53.515989       1 component.go:39] [core] [Channel #1363 SubChannel #1364]grpc: addrConn.createTransport failed to connect to {Addr: "10.0.3.237:15999", ServerName: "10.0.3.237:15999", }. Err: connection error: desc = "transport: Error while dialing: dial tcp 10.0.3.237:15999: operation was canceled"
[pod/vitess-operator-dcb9bc6cc-4bwlw/vitess-operator] W0212 18:42:54.087952       1 component.go:39] [core] [Channel #1383 SubChannel #1384]grpc: addrConn.createTransport failed to connect to {Addr: "10.0.3.106:15999", ServerName: "10.0.3.106:15999", }. Err: connection error: desc = "error reading server preface: read tcp 10.0.4.134:48604->10.0.3.106:15999: use of closed network connection"
[pod/vitess-operator-dcb9bc6cc-4bwlw/vitess-operator] {"level":"info","ts":"2026-02-12T18:42:55Z","msg":"Warning: Reconciler returned both a non-zero result and a non-nil error. The result will always be ignored if the error is non-nil and the non-nil error causes requeuing with exponential backoff. For more details, see: https://pkg.go.dev/sigs.k8s.io/controller-runtime/pkg/reconcile#Reconciler","controller":"vitessshard-controller","object":{"name":"example-benchmark-x-33-3c49bddd","namespace":"vitess"},"namespace":"vitess","name":"example-benchmark-x-33-3c49bddd","reconcileID":"83d9812f-7275-4896-8a6f-42eb9e6d16bc"}
[pod/vitess-operator-dcb9bc6cc-4bwlw/vitess-operator] {"level":"error","ts":"2026-02-12T18:42:55Z","msg":"Reconciler error","controller":"vitessshard-controller","object":{"name":"example-benchmark-x-33-3c49bddd","namespace":"vitess"},"namespace":"vitess","name":"example-benchmark-x-33-3c49bddd","reconcileID":"83d9812f-7275-4896-8a6f-42eb9e6d16bc","error":"Operation cannot be fulfilled on vitessshards.planetscale.com \"example-benchmark-x-33-3c49bddd\": the object has been modified; please apply your changes to the latest version and try again","stacktrace":"sigs.k8s.io/controller-runtime/pkg/internal/controller.(*Controller[...]).reconcileHandler\n\t/go/pkg/mod/sigs.k8s.io/controller-runtime@v0.20.2/pkg/internal/controller/controller.go:341\nsigs.k8s.io/controller-runtime/pkg/internal/controller.(*Controller[...]).processNextWorkItem\n\t/go/pkg/mod/sigs.k8s.io/controller-runtime@v0.20.2/pkg/internal/controller/controller.go:288\nsigs.k8s.io/controller-runtime/pkg/internal/controller.(*Controller[...]).Start.func2.2\n\t/go/pkg/mod/sigs.k8s.io/controller-runtime@v0.20.2/pkg/internal/controller/controller.go:249"}
[pod/vitess-operator-dcb9bc6cc-4bwlw/vitess-operator] time="2026-02-12T18:42:55Z" level=info msg="Reconciling VitessCluster" VitessCluster=example controller=VitessCluster namespace=vitess
[pod/vitess-operator-dcb9bc6cc-4bwlw/vitess-operator] time="2026-02-12T18:42:55Z" level=info msg="Reconciling VitessCell" controller=VitessCell namespace=vitess vitesscell=example-zone1-5abb61ae
[pod/vitess-operator-dcb9bc6cc-4bwlw/vitess-operator] {"level":"info","ts":"2026-02-12T18:42:55Z","msg":"Warning: Reconciler returned both a non-zero result and a non-nil error. The result will always be ignored if the error is non-nil and the non-nil error causes requeuing with exponential backoff. For more details, see: https://pkg.go.dev/sigs.k8s.io/controller-runtime/pkg/reconcile#Reconciler","controller":"vitessshard-controller","object":{"name":"example-benchmark-cc-x-1088662d","namespace":"vitess"},"namespace":"vitess","name":"example-benchmark-cc-x-1088662d","reconcileID":"4f9bfb14-e653-4076-8303-34fa9595e529"}
[pod/vitess-operator-dcb9bc6cc-4bwlw/vitess-operator] {"level":"error","ts":"2026-02-12T18:42:55Z","msg":"Reconciler error","controller":"vitessshard-controller","object":{"name":"example-benchmark-cc-x-1088662d","namespace":"vitess"},"namespace":"vitess","name":"example-benchmark-cc-x-1088662d","reconcileID":"4f9bfb14-e653-4076-8303-34fa9595e529","error":"Operation cannot be fulfilled on vitessshards.planetscale.com \"example-benchmark-cc-x-1088662d\": the object has been modified; please apply your changes to the latest version and try again","stacktrace":"sigs.k8s.io/controller-runtime/pkg/internal/controller.(*Controller[...]).reconcileHandler\n\t/go/pkg/mod/sigs.k8s.io/controller-runtime@v0.20.2/pkg/internal/controller/controller.go:341\nsigs.k8s.io/controller-runtime/pkg/internal/controller.(*Controller[...]).processNextWorkItem\n\t/go/pkg/mod/sigs.k8s.io/controller-runtime@v0.20.2/pkg/internal/controller/controller.go:288\nsigs.k8s.io/controller-runtime/pkg/internal/controller.(*Controller[...]).Start.func2.2\n\t/go/pkg/mod/sigs.k8s.io/controller-runtime@v0.20.2/pkg/internal/controller/controller.go:249"}
[pod/vitess-operator-dcb9bc6cc-4bwlw/vitess-operator] time="2026-02-12T18:42:55Z" level=info msg="Reconciling VitessCell" controller=VitessCell namespace=vitess vitesscell=example-zone1-5abb61ae
[pod/vitess-operator-dcb9bc6cc-4bwlw/vitess-operator] time="2026-02-12T18:42:55Z" level=info msg="Reconciling VitessCluster" VitessCluster=example controller=VitessCluster namespace=vitess
[pod/vitess-operator-dcb9bc6cc-4bwlw/vitess-operator] time="2026-02-12T18:42:55Z" level=info msg="Reconciling VitessCell" controller=VitessCell namespace=vitess vitesscell=example-zone1-5abb61ae
[pod/vitess-operator-dcb9bc6cc-4bwlw/vitess-operator] {"level":"error","ts":"2026-02-12T18:42:55Z","msg":"Reconciler error","controller":"vitesscluster-controller","object":{"name":"example","namespace":"vitess"},"namespace":"vitess","name":"example","reconcileID":"3a1d3d31-54e9-42dd-8b98-ecd39906a23c","error":"Operation cannot be fulfilled on vitessclusters.planetscale.com \"example\": the object has been modified; please apply your changes to the latest version and try again","stacktrace":"sigs.k8s.io/controller-runtime/pkg/internal/controller.(*Controller[...]).reconcileHandler\n\t/go/pkg/mod/sigs.k8s.io/controller-runtime@v0.20.2/pkg/internal/controller/controller.go:341\nsigs.k8s.io/controller-runtime/pkg/internal/controller.(*Controller[...]).processNextWorkItem\n\t/go/pkg/mod/sigs.k8s.io/controller-runtime@v0.20.2/pkg/internal/controller/controller.go:288\nsigs.k8s.io/controller-runtime/pkg/internal/controller.(*Controller[...]).Start.func2.2\n\t/go/pkg/mod/sigs.k8s.io/controller-runtime@v0.20.2/pkg/internal/controller/controller.go:249"}
[pod/vitess-operator-dcb9bc6cc-4bwlw/vitess-operator] time="2026-02-12T18:42:55Z" level=info msg="Reconciling VitessCluster" VitessCluster=example controller=VitessCluster namespace=vitess
[pod/vitess-operator-dcb9bc6cc-4bwlw/vitess-operator] time="2026-02-12T18:42:55Z" level=info msg="Reconciling VitessCell" controller=VitessCell namespace=vitess vitesscell=example-zone1-5abb61ae
[pod/vitess-operator-dcb9bc6cc-4bwlw/vitess-operator] time="2026-02-12T18:42:55Z" level=info msg="Reconciling VitessCluster" VitessCluster=example controller=VitessCluster namespace=vitess
[pod/vitess-operator-dcb9bc6cc-4bwlw/vitess-operator] {"level":"error","ts":"2026-02-12T18:42:55Z","msg":"Reconciler error","controller":"vitesscluster-controller","object":{"name":"example","namespace":"vitess"},"namespace":"vitess","name":"example","reconcileID":"666d84cf-4f52-419b-b31f-1f290fe2e901","error":"Operation cannot be fulfilled on vitessclusters.planetscale.com \"example\": the object has been modified; please apply your changes to the latest version and try again","stacktrace":"sigs.k8s.io/controller-runtime/pkg/internal/controller.(*Controller[...]).reconcileHandler\n\t/go/pkg/mod/sigs.k8s.io/controller-runtime@v0.20.2/pkg/internal/controller/controller.go:341\nsigs.k8s.io/controller-runtime/pkg/internal/controller.(*Controller[...]).processNextWorkItem\n\t/go/pkg/mod/sigs.k8s.io/controller-runtime@v0.20.2/pkg/internal/controller/controller.go:288\nsigs.k8s.io/controller-runtime/pkg/internal/controller.(*Controller[...]).Start.func2.2\n\t/go/pkg/mod/sigs.k8s.io/controller-runtime@v0.20.2/pkg/internal/controller/controller.go:249"}
[pod/vitess-operator-dcb9bc6cc-4bwlw/vitess-operator] time="2026-02-12T18:42:55Z" level=info msg="Reconciling VitessCluster" VitessCluster=example controller=VitessCluster namespace=vitess
[pod/vitess-operator-dcb9bc6cc-4bwlw/vitess-operator] time="2026-02-12T18:42:55Z" level=info msg="Reconciling VitessCluster" VitessCluster=example controller=VitessCluster namespace=vitess
[pod/vitess-operator-dcb9bc6cc-4bwlw/vitess-operator] time="2026-02-12T18:42:56Z" level=info msg="Reconciling VitessCell" controller=VitessCell namespace=vitess vitesscell=example-zone1-5abb61ae
[pod/vitess-operator-dcb9bc6cc-4bwlw/vitess-operator] time="2026-02-12T18:42:56Z" level=info msg="Reconciling VitessCluster" VitessCluster=example controller=VitessCluster namespace=vitess
[pod/vitess-operator-dcb9bc6cc-4bwlw/vitess-operator] time="2026-02-12T18:42:56Z" level=info msg="Reconciling VitessCluster" VitessCluster=example controller=VitessCluster namespace=vitess
[pod/vitess-operator-dcb9bc6cc-4bwlw/vitess-operator] {"level":"info","ts":"2026-02-12T18:42:59Z","msg":"Warning: Reconciler returned both a non-zero result and a non-nil error. The result will always be ignored if the error is non-nil and the non-nil error causes requeuing with exponential backoff. For more details, see: https://pkg.go.dev/sigs.k8s.io/controller-runtime/pkg/reconcile#Reconciler","controller":"vitessshard-controller","object":{"name":"example-benchmark-x-33-3c49bddd","namespace":"vitess"},"namespace":"vitess","name":"example-benchmark-x-33-3c49bddd","reconcileID":"b56bbeec-28ee-4665-a14d-2da40d085852"}
[pod/vitess-operator-dcb9bc6cc-4bwlw/vitess-operator] {"level":"error","ts":"2026-02-12T18:42:59Z","msg":"Reconciler error","controller":"vitessshard-controller","object":{"name":"example-benchmark-x-33-3c49bddd","namespace":"vitess"},"namespace":"vitess","name":"example-benchmark-x-33-3c49bddd","reconcileID":"b56bbeec-28ee-4665-a14d-2da40d085852","error":"Operation cannot be fulfilled on vitessshards.planetscale.com \"example-benchmark-x-33-3c49bddd\": the object has been modified; please apply your changes to the latest version and try again","stacktrace":"sigs.k8s.io/controller-runtime/pkg/internal/controller.(*Controller[...]).reconcileHandler\n\t/go/pkg/mod/sigs.k8s.io/controller-runtime@v0.20.2/pkg/internal/controller/controller.go:341\nsigs.k8s.io/controller-runtime/pkg/internal/controller.(*Controller[...]).processNextWorkItem\n\t/go/pkg/mod/sigs.k8s.io/controller-runtime@v0.20.2/pkg/internal/controller/controller.go:288\nsigs.k8s.io/controller-runtime/pkg/internal/controller.(*Controller[...]).Start.func2.2\n\t/go/pkg/mod/sigs.k8s.io/controller-runtime@v0.20.2/pkg/internal/controller/controller.go:249"}
[pod/vitess-operator-dcb9bc6cc-4bwlw/vitess-operator] time="2026-02-12T18:42:59Z" level=info msg="Reconciling VitessCluster" VitessCluster=example controller=VitessCluster namespace=vitess
[pod/vitess-operator-dcb9bc6cc-4bwlw/vitess-operator] time="2026-02-12T18:42:59Z" level=info msg="Reconciling VitessCell" controller=VitessCell namespace=vitess vitesscell=example-zone1-5abb61ae
[pod/vitess-operator-dcb9bc6cc-4bwlw/vitess-operator] time="2026-02-12T18:43:00Z" level=info msg="Reconciling VitessCluster" VitessCluster=example controller=VitessCluster namespace=vitess
[pod/vitess-operator-dcb9bc6cc-4bwlw/vitess-operator] time="2026-02-12T18:43:00Z" level=info msg="Reconciling VitessCluster" VitessCluster=example controller=VitessCluster namespace=vitess
[pod/vitess-operator-dcb9bc6cc-4bwlw/vitess-operator] time="2026-02-12T18:43:00Z" level=info msg="Reconciling VitessCell" controller=VitessCell namespace=vitess vitesscell=example-zone1-5abb61ae
[pod/vitess-operator-dcb9bc6cc-4bwlw/vitess-operator] time="2026-02-12T18:43:00Z" level=info msg="Reconciling VitessCluster" VitessCluster=example controller=VitessCluster namespace=vitess
[pod/vitess-operator-dcb9bc6cc-4bwlw/vitess-operator] time="2026-02-12T18:43:00Z" level=info msg="Reconciling VitessCell" controller=VitessCell namespace=vitess vitesscell=example-zone1-5abb61ae
[pod/vitess-operator-dcb9bc6cc-4bwlw/vitess-operator] time="2026-02-12T18:43:00Z" level=info msg="Reconciling VitessCluster" VitessCluster=example controller=VitessCluster namespace=vitess
[pod/vitess-operator-dcb9bc6cc-4bwlw/vitess-operator] time="2026-02-12T18:43:01Z" level=info msg="Reconciling VitessCell" controller=VitessCell namespace=vitess vitesscell=example-zone1-5abb61ae
[pod/vitess-operator-dcb9bc6cc-4bwlw/vitess-operator] time="2026-02-12T18:43:01Z" level=info msg="Reconciling VitessCell" controller=VitessCell namespace=vitess vitesscell=example-zone1-5abb61ae
[pod/vitess-operator-dcb9bc6cc-4bwlw/vitess-operator] time="2026-02-12T18:43:01Z" level=info msg="Reconciling VitessCell" controller=VitessCell namespace=vitess vitesscell=example-zone1-5abb61ae
[pod/vitess-operator-dcb9bc6cc-4bwlw/vitess-operator] time="2026-02-12T18:43:01Z" level=info msg="Reconciling VitessCluster" VitessCluster=example controller=VitessCluster namespace=vitess
[pod/vitess-operator-dcb9bc6cc-4bwlw/vitess-operator] time="2026-02-12T18:43:01Z" level=info msg="Reconciling VitessCell" controller=VitessCell namespace=vitess vitesscell=example-zone1-5abb61ae
[pod/vitess-operator-dcb9bc6cc-4bwlw/vitess-operator] time="2026-02-12T18:43:02Z" level=info msg="Reconciling VitessCell" controller=VitessCell namespace=vitess vitesscell=example-zone1-5abb61ae
[pod/vitess-operator-dcb9bc6cc-4bwlw/vitess-operator] time="2026-02-12T18:43:02Z" level=info msg="Reconciling VitessCluster" VitessCluster=example controller=VitessCluster namespace=vitess
[pod/vitess-operator-dcb9bc6cc-4bwlw/vitess-operator] time="2026-02-12T18:43:02Z" level=info msg="Reconciling VitessCluster" VitessCluster=example controller=VitessCluster namespace=vitess
[pod/vitess-operator-dcb9bc6cc-4bwlw/vitess-operator] time="2026-02-12T18:43:03Z" level=info msg="Reconciling VitessCell" controller=VitessCell namespace=vitess vitesscell=example-zone1-5abb61ae
[pod/vitess-operator-dcb9bc6cc-4bwlw/vitess-operator] time="2026-02-12T18:43:03Z" level=info msg="Reconciling VitessCluster" VitessCluster=example controller=VitessCluster namespace=vitess
[pod/vitess-operator-dcb9bc6cc-4bwlw/vitess-operator] time="2026-02-12T18:43:03Z" level=info msg="Reconciling VitessCell" controller=VitessCell namespace=vitess vitesscell=example-zone1-5abb61ae
[pod/vitess-operator-dcb9bc6cc-4bwlw/vitess-operator] time="2026-02-12T18:43:03Z" level=info msg="Reconciling VitessCluster" VitessCluster=example controller=VitessCluster namespace=vitess
[pod/vitess-operator-dcb9bc6cc-4bwlw/vitess-operator] {"level":"info","ts":"2026-02-12T18:43:24Z","msg":"Warning: Reconciler returned both a non-zero result and a non-nil error. The result will always be ignored if the error is non-nil and the non-nil error causes requeuing with exponential backoff. For more details, see: https://pkg.go.dev/sigs.k8s.io/controller-runtime/pkg/reconcile#Reconciler","controller":"vitessshard-controller","object":{"name":"example-benchmark-99-cc-47381cbb","namespace":"vitess"},"namespace":"vitess","name":"example-benchmark-99-cc-47381cbb","reconcileID":"0824a9f1-43c0-42cd-8359-7b2f597aca91"}
[pod/vitess-operator-dcb9bc6cc-4bwlw/vitess-operator] {"level":"error","ts":"2026-02-12T18:43:24Z","msg":"Reconciler error","controller":"vitessshard-controller","object":{"name":"example-benchmark-99-cc-47381cbb","namespace":"vitess"},"namespace":"vitess","name":"example-benchmark-99-cc-47381cbb","reconcileID":"0824a9f1-43c0-42cd-8359-7b2f597aca91","error":"Operation cannot be fulfilled on vitessshards.planetscale.com \"example-benchmark-99-cc-47381cbb\": the object has been modified; please apply your changes to the latest version and try again","stacktrace":"sigs.k8s.io/controller-runtime/pkg/internal/controller.(*Controller[...]).reconcileHandler\n\t/go/pkg/mod/sigs.k8s.io/controller-runtime@v0.20.2/pkg/internal/controller/controller.go:341\nsigs.k8s.io/controller-runtime/pkg/internal/controller.(*Controller[...]).processNextWorkItem\n\t/go/pkg/mod/sigs.k8s.io/controller-runtime@v0.20.2/pkg/internal/controller/controller.go:288\nsigs.k8s.io/controller-runtime/pkg/internal/controller.(*Controller[...]).Start.func2.2\n\t/go/pkg/mod/sigs.k8s.io/controller-runtime@v0.20.2/pkg/internal/controller/controller.go:249"}
[pod/vitess-operator-dcb9bc6cc-4bwlw/vitess-operator] {"level":"info","ts":"2026-02-12T18:43:24Z","msg":"Warning: Reconciler returned both a non-zero result and a non-nil error. The result will always be ignored if the error is non-nil and the non-nil error causes requeuing with exponential backoff. For more details, see: https://pkg.go.dev/sigs.k8s.io/controller-runtime/pkg/reconcile#Reconciler","controller":"vitessshard-controller","object":{"name":"example-benchmark-x-33-3c49bddd","namespace":"vitess"},"namespace":"vitess","name":"example-benchmark-x-33-3c49bddd","reconcileID":"d0ea1b06-a9f9-43e8-bb53-9d977ba96c6b"}
[pod/vitess-operator-dcb9bc6cc-4bwlw/vitess-operator] {"level":"error","ts":"2026-02-12T18:43:24Z","msg":"Reconciler error","controller":"vitessshard-controller","object":{"name":"example-benchmark-x-33-3c49bddd","namespace":"vitess"},"namespace":"vitess","name":"example-benchmark-x-33-3c49bddd","reconcileID":"d0ea1b06-a9f9-43e8-bb53-9d977ba96c6b","error":"Operation cannot be fulfilled on vitessshards.planetscale.com \"example-benchmark-x-33-3c49bddd\": the object has been modified; please apply your changes to the latest version and try again","stacktrace":"sigs.k8s.io/controller-runtime/pkg/internal/controller.(*Controller[...]).reconcileHandler\n\t/go/pkg/mod/sigs.k8s.io/controller-runtime@v0.20.2/pkg/internal/controller/controller.go:341\nsigs.k8s.io/controller-runtime/pkg/internal/controller.(*Controller[...]).processNextWorkItem\n\t/go/pkg/mod/sigs.k8s.io/controller-runtime@v0.20.2/pkg/internal/controller/controller.go:288\nsigs.k8s.io/controller-runtime/pkg/internal/controller.(*Controller[...]).Start.func2.2\n\t/go/pkg/mod/sigs.k8s.io/controller-runtime@v0.20.2/pkg/internal/controller/controller.go:249"}
[pod/vitess-operator-dcb9bc6cc-4bwlw/vitess-operator] time="2026-02-12T18:54:06Z" level=info msg="Reconciling EtcdLockserver" controller=EtcdLockserver etcdlockserver=example-etcd-faf13de3 namespace=vitess
[pod/vitess-operator-dcb9bc6cc-4bwlw/vitess-operator] time="2026-02-12T18:54:06Z" level=info msg="Reconciling EtcdLockserver" controller=EtcdLockserver etcdlockserver=example-etcd-faf13de3 namespace=vitess
[pod/vitess-operator-dcb9bc6cc-4bwlw/vitess-operator] time="2026-02-12T18:54:14Z" level=info msg="Reconciling EtcdLockserver" controller=EtcdLockserver etcdlockserver=example-etcd-faf13de3 namespace=vitess
[pod/vitess-operator-dcb9bc6cc-4bwlw/vitess-operator] time="2026-02-12T18:54:14Z" level=info msg="Reconciling VitessCluster" VitessCluster=example controller=VitessCluster namespace=vitess
[pod/vitess-operator-dcb9bc6cc-4bwlw/vitess-operator] time="2026-02-12T18:54:15Z" level=info msg="Reconciling EtcdLockserver" controller=EtcdLockserver etcdlockserver=example-etcd-faf13de3 namespace=vitess
[pod/vitess-operator-dcb9bc6cc-4bwlw/vitess-operator] time="2026-02-12T18:54:36Z" level=info msg="Reconciling EtcdLockserver" controller=EtcdLockserver etcdlockserver=example-etcd-faf13de3 namespace=vitess
[pod/vitess-operator-dcb9bc6cc-4bwlw/vitess-operator] time="2026-02-12T18:54:36Z" level=info msg="Reconciling EtcdLockserver" controller=EtcdLockserver etcdlockserver=example-etcd-faf13de3 namespace=vitess
[pod/vitess-operator-dcb9bc6cc-4bwlw/vitess-operator] time="2026-02-12T18:55:02Z" level=info msg="Reconciling VitessCluster" VitessCluster=example controller=VitessCluster namespace=vitess
[pod/vitess-operator-dcb9bc6cc-4bwlw/vitess-operator] time="2026-02-12T18:55:02Z" level=info msg="Reconciling VitessCell" controller=VitessCell namespace=vitess vitesscell=example-zone1-5abb61ae
[pod/vitess-operator-dcb9bc6cc-4bwlw/vitess-operator] time="2026-02-12T18:55:02Z" level=info msg="Reconciling VitessCluster" VitessCluster=example controller=VitessCluster namespace=vitess
[pod/vitess-operator-dcb9bc6cc-4bwlw/vitess-operator] time="2026-02-12T18:56:07Z" level=info msg="Reconciling EtcdLockserver" controller=EtcdLockserver etcdlockserver=example-etcd-faf13de3 namespace=vitess
[pod/vitess-operator-dcb9bc6cc-4bwlw/vitess-operator] time="2026-02-12T18:56:07Z" level=info msg="Reconciling VitessCluster" VitessCluster=example controller=VitessCluster namespace=vitess
[pod/vitess-operator-dcb9bc6cc-4bwlw/vitess-operator] time="2026-02-12T18:56:07Z" level=info msg="Reconciling VitessCell" controller=VitessCell namespace=vitess vitesscell=example-zone1-5abb61ae
[pod/vitess-operator-dcb9bc6cc-4bwlw/vitess-operator] time="2026-02-12T18:56:07Z" level=info msg="Reconciling EtcdLockserver" controller=EtcdLockserver etcdlockserver=example-etcd-faf13de3 namespace=vitess
[pod/vitess-operator-dcb9bc6cc-4bwlw/vitess-operator] time="2026-02-12T18:56:07Z" level=info msg="Reconciling VitessCluster" VitessCluster=example controller=VitessCluster namespace=vitess
[pod/vitess-operator-dcb9bc6cc-4bwlw/vitess-operator] time="2026-02-12T18:56:37Z" level=info msg="Reconciling VitessCluster" VitessCluster=example controller=VitessCluster namespace=vitess
[pod/vitess-operator-dcb9bc6cc-4bwlw/vitess-operator] time="2026-02-12T18:56:37Z" level=info msg="Reconciling VitessCell" controller=VitessCell namespace=vitess vitesscell=example-zone1-5abb61ae
[pod/vitess-operator-dcb9bc6cc-4bwlw/vitess-operator] time="2026-02-12T18:56:38Z" level=info msg="Reconciling VitessCell" controller=VitessCell namespace=vitess vitesscell=example-zone1-5abb61ae
[pod/vitess-operator-dcb9bc6cc-4bwlw/vitess-operator] time="2026-02-12T18:56:38Z" level=info msg="Reconciling VitessCluster" VitessCluster=example controller=VitessCluster namespace=vitess
[pod/vitess-operator-dcb9bc6cc-4bwlw/vitess-operator] time="2026-02-12T18:56:38Z" level=info msg="Reconciling VitessCell" controller=VitessCell namespace=vitess vitesscell=example-zone1-5abb61ae
[pod/vitess-operator-dcb9bc6cc-4bwlw/vitess-operator] time="2026-02-12T18:56:38Z" level=info msg="Reconciling VitessCell" controller=VitessCell namespace=vitess vitesscell=example-zone1-5abb61ae
[pod/vitess-operator-dcb9bc6cc-4bwlw/vitess-operator] time="2026-02-12T18:56:38Z" level=info msg="Reconciling VitessCluster" VitessCluster=example controller=VitessCluster namespace=vitess
[pod/vitess-operator-dcb9bc6cc-4bwlw/vitess-operator] time="2026-02-12T18:56:38Z" level=info msg="Reconciling VitessCell" controller=VitessCell namespace=vitess vitesscell=example-zone1-5abb61ae
[pod/vitess-operator-dcb9bc6cc-4bwlw/vitess-operator] time="2026-02-12T18:56:38Z" level=info msg="Reconciling VitessCell" controller=VitessCell namespace=vitess vitesscell=example-zone1-5abb61ae
[pod/vitess-operator-dcb9bc6cc-4bwlw/vitess-operator] time="2026-02-12T18:56:38Z" level=info msg="Reconciling VitessCluster" VitessCluster=example controller=VitessCluster namespace=vitess
[pod/vitess-operator-dcb9bc6cc-4bwlw/vitess-operator] time="2026-02-12T18:56:38Z" level=info msg="Reconciling VitessCell" controller=VitessCell namespace=vitess vitesscell=example-zone1-5abb61ae
[pod/vitess-operator-dcb9bc6cc-4bwlw/vitess-operator] time="2026-02-12T18:56:38Z" level=info msg="Reconciling VitessCluster" VitessCluster=example controller=VitessCluster namespace=vitess
[pod/vitess-operator-dcb9bc6cc-4bwlw/vitess-operator] time="2026-02-12T18:56:59Z" level=info msg="Reconciling VitessCluster" VitessCluster=example controller=VitessCluster namespace=vitess
[pod/vitess-operator-dcb9bc6cc-4bwlw/vitess-operator] time="2026-02-12T18:56:59Z" level=info msg="Reconciling VitessCell" controller=VitessCell namespace=vitess vitesscell=example-zone1-5abb61ae
[pod/vitess-operator-dcb9bc6cc-4bwlw/vitess-operator] time="2026-02-12T18:57:21Z" level=info msg="Reconciling VitessCluster" VitessCluster=example controller=VitessCluster namespace=vitess
[pod/vitess-operator-dcb9bc6cc-4bwlw/vitess-operator] time="2026-02-12T19:03:16Z" level=info msg="Reconciling EtcdLockserver" controller=EtcdLockserver etcdlockserver=example-etcd-faf13de3 namespace=vitess
[pod/vitess-operator-dcb9bc6cc-4bwlw/vitess-operator] time="2026-02-12T19:03:16Z" level=info msg="Reconciling EtcdLockserver" controller=EtcdLockserver etcdlockserver=example-etcd-faf13de3 namespace=vitess
[pod/vitess-operator-dcb9bc6cc-4bwlw/vitess-operator] time="2026-02-12T19:03:28Z" level=info msg="Reconciling EtcdLockserver" controller=EtcdLockserver etcdlockserver=example-etcd-faf13de3 namespace=vitess
[pod/vitess-operator-dcb9bc6cc-4bwlw/vitess-operator] time="2026-02-12T19:03:28Z" level=info msg="Reconciling VitessCluster" VitessCluster=example controller=VitessCluster namespace=vitess
[pod/vitess-operator-dcb9bc6cc-4bwlw/vitess-operator] time="2026-02-12T19:03:29Z" level=info msg="Reconciling EtcdLockserver" controller=EtcdLockserver etcdlockserver=example-etcd-faf13de3 namespace=vitess
[pod/vitess-operator-dcb9bc6cc-4bwlw/vitess-operator] time="2026-02-12T19:04:01Z" level=info msg="Reconciling EtcdLockserver" controller=EtcdLockserver etcdlockserver=example-etcd-faf13de3 namespace=vitess
[pod/vitess-operator-dcb9bc6cc-4bwlw/vitess-operator] time="2026-02-12T19:04:01Z" level=info msg="Reconciling EtcdLockserver" controller=EtcdLockserver etcdlockserver=example-etcd-faf13de3 namespace=vitess
[pod/vitess-operator-dcb9bc6cc-4bwlw/vitess-operator] time="2026-02-12T19:04:01Z" level=info msg="Reconciling EtcdLockserver" controller=EtcdLockserver etcdlockserver=example-etcd-faf13de3 namespace=vitess
[pod/vitess-operator-dcb9bc6cc-4bwlw/vitess-operator] time="2026-02-12T19:04:41Z" level=info msg="Reconciling VitessCell" controller=VitessCell namespace=vitess vitesscell=example-zone1-5abb61ae
[pod/vitess-operator-dcb9bc6cc-4bwlw/vitess-operator] time="2026-02-12T19:04:41Z" level=info msg="Reconciling VitessCluster" VitessCluster=example controller=VitessCluster namespace=vitess
[pod/vitess-operator-dcb9bc6cc-4bwlw/vitess-operator] time="2026-02-12T19:04:41Z" level=info msg="Reconciling VitessCluster" VitessCluster=example controller=VitessCluster namespace=vitess
[pod/vitess-operator-dcb9bc6cc-4bwlw/vitess-operator] time="2026-02-12T19:06:17Z" level=info msg="Reconciling EtcdLockserver" controller=EtcdLockserver etcdlockserver=example-etcd-faf13de3 namespace=vitess
[pod/vitess-operator-dcb9bc6cc-4bwlw/vitess-operator] time="2026-02-12T19:06:17Z" level=info msg="Reconciling VitessCluster" VitessCluster=example controller=VitessCluster namespace=vitess
[pod/vitess-operator-dcb9bc6cc-4bwlw/vitess-operator] time="2026-02-12T19:06:17Z" level=info msg="Reconciling VitessCell" controller=VitessCell namespace=vitess vitesscell=example-zone1-5abb61ae
[pod/vitess-operator-dcb9bc6cc-4bwlw/vitess-operator] time="2026-02-12T19:06:17Z" level=info msg="Reconciling EtcdLockserver" controller=EtcdLockserver etcdlockserver=example-etcd-faf13de3 namespace=vitess
[pod/vitess-operator-dcb9bc6cc-4bwlw/vitess-operator] time="2026-02-12T19:06:17Z" level=info msg="Reconciling VitessCluster" VitessCluster=example controller=VitessCluster namespace=vitess
[pod/vitess-operator-dcb9bc6cc-4bwlw/vitess-operator] time="2026-02-12T19:07:03Z" level=info msg="Reconciling VitessCluster" VitessCluster=example controller=VitessCluster namespace=vitess
[pod/vitess-operator-dcb9bc6cc-4bwlw/vitess-operator] time="2026-02-12T19:07:03Z" level=info msg="Reconciling VitessCell" controller=VitessCell namespace=vitess vitesscell=example-zone1-5abb61ae
[pod/vitess-operator-dcb9bc6cc-4bwlw/vitess-operator] time="2026-02-12T19:07:35Z" level=info msg="Reconciling VitessCell" controller=VitessCell namespace=vitess vitesscell=example-zone1-5abb61ae
[pod/vitess-operator-dcb9bc6cc-4bwlw/vitess-operator] time="2026-02-12T19:07:35Z" level=info msg="Reconciling VitessCluster" VitessCluster=example controller=VitessCluster namespace=vitess
[pod/vitess-operator-dcb9bc6cc-4bwlw/vitess-operator] time="2026-02-12T19:08:08Z" level=info msg="Reconciling VitessCluster" VitessCluster=example controller=VitessCluster namespace=vitess
[pod/vitess-operator-dcb9bc6cc-4bwlw/vitess-operator] time="2026-02-12T19:12:26Z" level=info msg="Reconciling EtcdLockserver" controller=EtcdLockserver etcdlockserver=example-etcd-faf13de3 namespace=vitess
[pod/vitess-operator-dcb9bc6cc-4bwlw/vitess-operator] time="2026-02-12T19:12:26Z" level=info msg="Reconciling EtcdLockserver" controller=EtcdLockserver etcdlockserver=example-etcd-faf13de3 namespace=vitess
[pod/vitess-operator-dcb9bc6cc-4bwlw/vitess-operator] time="2026-02-12T19:12:42Z" level=info msg="Reconciling EtcdLockserver" controller=EtcdLockserver etcdlockserver=example-etcd-faf13de3 namespace=vitess
[pod/vitess-operator-dcb9bc6cc-4bwlw/vitess-operator] time="2026-02-12T19:12:42Z" level=info msg="Reconciling VitessCluster" VitessCluster=example controller=VitessCluster namespace=vitess
[pod/vitess-operator-dcb9bc6cc-4bwlw/vitess-operator] time="2026-02-12T19:12:43Z" level=info msg="Reconciling EtcdLockserver" controller=EtcdLockserver etcdlockserver=example-etcd-faf13de3 namespace=vitess
[pod/vitess-operator-dcb9bc6cc-4bwlw/vitess-operator] time="2026-02-12T19:13:26Z" level=info msg="Reconciling EtcdLockserver" controller=EtcdLockserver etcdlockserver=example-etcd-faf13de3 namespace=vitess
[pod/vitess-operator-dcb9bc6cc-4bwlw/vitess-operator] time="2026-02-12T19:13:26Z" level=info msg="Reconciling EtcdLockserver" controller=EtcdLockserver etcdlockserver=example-etcd-faf13de3 namespace=vitess
[pod/vitess-operator-dcb9bc6cc-4bwlw/vitess-operator] time="2026-02-12T19:13:26Z" level=info msg="Reconciling EtcdLockserver" controller=EtcdLockserver etcdlockserver=example-etcd-faf13de3 namespace=vitess
[pod/vitess-operator-dcb9bc6cc-4bwlw/vitess-operator] time="2026-02-12T19:14:19Z" level=info msg="Reconciling VitessCluster" VitessCluster=example controller=VitessCluster namespace=vitess
[pod/vitess-operator-dcb9bc6cc-4bwlw/vitess-operator] time="2026-02-12T19:14:19Z" level=info msg="Reconciling VitessCell" controller=VitessCell namespace=vitess vitesscell=example-zone1-5abb61ae
[pod/vitess-operator-dcb9bc6cc-4bwlw/vitess-operator] time="2026-02-12T19:14:19Z" level=info msg="Reconciling VitessCell" controller=VitessCell namespace=vitess vitesscell=example-zone1-5abb61ae
[pod/vitess-operator-dcb9bc6cc-4bwlw/vitess-operator] time="2026-02-12T19:14:19Z" level=info msg="Reconciling VitessCluster" VitessCluster=example controller=VitessCluster namespace=vitess
[pod/vitess-operator-dcb9bc6cc-4bwlw/vitess-operator] time="2026-02-12T19:14:19Z" level=info msg="Reconciling VitessCell" controller=VitessCell namespace=vitess vitesscell=example-zone1-5abb61ae
[pod/vitess-operator-dcb9bc6cc-4bwlw/vitess-operator] time="2026-02-12T19:14:19Z" level=info msg="Reconciling VitessCluster" VitessCluster=example controller=VitessCluster namespace=vitess
[pod/vitess-operator-dcb9bc6cc-4bwlw/vitess-operator] time="2026-02-12T19:16:27Z" level=info msg="Reconciling EtcdLockserver" controller=EtcdLockserver etcdlockserver=example-etcd-faf13de3 namespace=vitess
[pod/vitess-operator-dcb9bc6cc-4bwlw/vitess-operator] time="2026-02-12T19:16:27Z" level=info msg="Reconciling VitessCluster" VitessCluster=example controller=VitessCluster namespace=vitess
[pod/vitess-operator-dcb9bc6cc-4bwlw/vitess-operator] time="2026-02-12T19:16:27Z" level=info msg="Reconciling VitessCell" controller=VitessCell namespace=vitess vitesscell=example-zone1-5abb61ae
[pod/vitess-operator-dcb9bc6cc-4bwlw/vitess-operator] time="2026-02-12T19:16:27Z" level=info msg="Reconciling EtcdLockserver" controller=EtcdLockserver etcdlockserver=example-etcd-faf13de3 namespace=vitess
[pod/vitess-operator-dcb9bc6cc-4bwlw/vitess-operator] time="2026-02-12T19:16:27Z" level=info msg="Reconciling VitessCell" controller=VitessCell namespace=vitess vitesscell=example-zone1-5abb61ae
[pod/vitess-operator-dcb9bc6cc-4bwlw/vitess-operator] time="2026-02-12T19:16:27Z" level=info msg="Reconciling VitessCluster" VitessCluster=example controller=VitessCluster namespace=vitess
[pod/vitess-operator-dcb9bc6cc-4bwlw/vitess-operator] time="2026-02-12T19:16:27Z" level=info msg="Reconciling VitessCell" controller=VitessCell namespace=vitess vitesscell=example-zone1-5abb61ae
[pod/vitess-operator-dcb9bc6cc-4bwlw/vitess-operator] time="2026-02-12T19:16:27Z" level=info msg="Reconciling VitessCluster" VitessCluster=example controller=VitessCluster namespace=vitess
[pod/vitess-operator-dcb9bc6cc-4bwlw/vitess-operator] time="2026-02-12T19:17:29Z" level=info msg="Reconciling VitessCluster" VitessCluster=example controller=VitessCluster namespace=vitess
[pod/vitess-operator-dcb9bc6cc-4bwlw/vitess-operator] time="2026-02-12T19:17:29Z" level=info msg="Reconciling VitessCell" controller=VitessCell namespace=vitess vitesscell=example-zone1-5abb61ae
[pod/vitess-operator-dcb9bc6cc-4bwlw/vitess-operator] time="2026-02-12T19:18:12Z" level=info msg="Reconciling VitessCell" controller=VitessCell namespace=vitess vitesscell=example-zone1-5abb61ae
[pod/vitess-operator-dcb9bc6cc-4bwlw/vitess-operator] time="2026-02-12T19:18:12Z" level=info msg="Reconciling VitessCluster" VitessCluster=example controller=VitessCluster namespace=vitess
[pod/vitess-operator-dcb9bc6cc-4bwlw/vitess-operator] time="2026-02-12T19:18:55Z" level=info msg="Reconciling VitessCluster" VitessCluster=example controller=VitessCluster namespace=vitess
[pod/vitess-operator-dcb9bc6cc-4bwlw/vitess-operator] time="2026-02-12T19:21:35Z" level=info msg="Reconciling EtcdLockserver" controller=EtcdLockserver etcdlockserver=example-etcd-faf13de3 namespace=vitess
[pod/vitess-operator-dcb9bc6cc-4bwlw/vitess-operator] time="2026-02-12T19:21:36Z" level=info msg="Reconciling EtcdLockserver" controller=EtcdLockserver etcdlockserver=example-etcd-faf13de3 namespace=vitess
[pod/vitess-operator-dcb9bc6cc-4bwlw/vitess-operator] time="2026-02-12T19:21:36Z" level=info msg="Reconciling EtcdLockserver" controller=EtcdLockserver etcdlockserver=example-etcd-faf13de3 namespace=vitess
[pod/vitess-operator-dcb9bc6cc-4bwlw/vitess-operator] time="2026-02-12T19:21:56Z" level=info msg="Reconciling EtcdLockserver" controller=EtcdLockserver etcdlockserver=example-etcd-faf13de3 namespace=vitess
[pod/vitess-operator-dcb9bc6cc-4bwlw/vitess-operator] time="2026-02-12T19:21:56Z" level=info msg="Reconciling VitessCluster" VitessCluster=example controller=VitessCluster namespace=vitess
[pod/vitess-operator-dcb9bc6cc-4bwlw/vitess-operator] time="2026-02-12T19:21:58Z" level=info msg="Reconciling EtcdLockserver" controller=EtcdLockserver etcdlockserver=example-etcd-faf13de3 namespace=vitess
[pod/vitess-operator-dcb9bc6cc-4bwlw/vitess-operator] time="2026-02-12T19:22:51Z" level=info msg="Reconciling EtcdLockserver" controller=EtcdLockserver etcdlockserver=example-etcd-faf13de3 namespace=vitess
[pod/vitess-operator-dcb9bc6cc-4bwlw/vitess-operator] time="2026-02-12T19:22:51Z" level=info msg="Reconciling EtcdLockserver" controller=EtcdLockserver etcdlockserver=example-etcd-faf13de3 namespace=vitess
[pod/vitess-operator-dcb9bc6cc-4bwlw/vitess-operator] time="2026-02-12T19:23:57Z" level=info msg="Reconciling VitessCluster" VitessCluster=example controller=VitessCluster namespace=vitess
[pod/vitess-operator-dcb9bc6cc-4bwlw/vitess-operator] time="2026-02-12T19:23:57Z" level=info msg="Reconciling VitessCell" controller=VitessCell namespace=vitess vitesscell=example-zone1-5abb61ae
[pod/vitess-operator-dcb9bc6cc-4bwlw/vitess-operator] time="2026-02-12T19:23:57Z" level=info msg="Reconciling VitessCluster" VitessCluster=example controller=VitessCluster namespace=vitess
[pod/vitess-operator-dcb9bc6cc-4bwlw/vitess-operator] time="2026-02-12T19:26:38Z" level=info msg="Reconciling EtcdLockserver" controller=EtcdLockserver etcdlockserver=example-etcd-faf13de3 namespace=vitess
[pod/vitess-operator-dcb9bc6cc-4bwlw/vitess-operator] time="2026-02-12T19:26:38Z" level=info msg="Reconciling VitessCell" controller=VitessCell namespace=vitess vitesscell=example-zone1-5abb61ae
[pod/vitess-operator-dcb9bc6cc-4bwlw/vitess-operator] time="2026-02-12T19:26:38Z" level=info msg="Reconciling VitessCluster" VitessCluster=example controller=VitessCluster namespace=vitess
[pod/vitess-operator-dcb9bc6cc-4bwlw/vitess-operator] time="2026-02-12T19:26:38Z" level=info msg="Reconciling EtcdLockserver" controller=EtcdLockserver etcdlockserver=example-etcd-faf13de3 namespace=vitess
[pod/vitess-operator-dcb9bc6cc-4bwlw/vitess-operator] time="2026-02-12T19:26:38Z" level=info msg="Reconciling VitessCell" controller=VitessCell namespace=vitess vitesscell=example-zone1-5abb61ae
[pod/vitess-operator-dcb9bc6cc-4bwlw/vitess-operator] time="2026-02-12T19:26:38Z" level=info msg="Reconciling VitessCluster" VitessCluster=example controller=VitessCluster namespace=vitess
[pod/vitess-operator-dcb9bc6cc-4bwlw/vitess-operator] time="2026-02-12T19:27:54Z" level=info msg="Reconciling VitessCluster" VitessCluster=example controller=VitessCluster namespace=vitess
[pod/vitess-operator-dcb9bc6cc-4bwlw/vitess-operator] time="2026-02-12T19:27:54Z" level=info msg="Reconciling VitessCell" controller=VitessCell namespace=vitess vitesscell=example-zone1-5abb61ae
[pod/vitess-operator-dcb9bc6cc-4bwlw/vitess-operator] time="2026-02-12T19:27:54Z" level=info msg="Reconciling VitessCell" controller=VitessCell namespace=vitess vitesscell=example-zone1-5abb61ae
[pod/vitess-operator-dcb9bc6cc-4bwlw/vitess-operator] time="2026-02-12T19:27:54Z" level=info msg="Reconciling VitessCluster" VitessCluster=example controller=VitessCluster namespace=vitess
[pod/vitess-operator-dcb9bc6cc-4bwlw/vitess-operator] time="2026-02-12T19:27:54Z" level=info msg="Reconciling VitessCell" controller=VitessCell namespace=vitess vitesscell=example-zone1-5abb61ae
[pod/vitess-operator-dcb9bc6cc-4bwlw/vitess-operator] time="2026-02-12T19:27:54Z" level=info msg="Reconciling VitessCell" controller=VitessCell namespace=vitess vitesscell=example-zone1-5abb61ae
[pod/vitess-operator-dcb9bc6cc-4bwlw/vitess-operator] time="2026-02-12T19:27:54Z" level=info msg="Reconciling VitessCluster" VitessCluster=example controller=VitessCluster namespace=vitess
[pod/vitess-operator-dcb9bc6cc-4bwlw/vitess-operator] time="2026-02-12T19:27:54Z" level=info msg="Reconciling VitessCell" controller=VitessCell namespace=vitess vitesscell=example-zone1-5abb61ae
[pod/vitess-operator-dcb9bc6cc-4bwlw/vitess-operator] time="2026-02-12T19:27:54Z" level=info msg="Reconciling VitessCluster" VitessCluster=example controller=VitessCluster namespace=vitess
[pod/vitess-operator-dcb9bc6cc-4bwlw/vitess-operator] time="2026-02-12T19:27:54Z" level=info msg="Reconciling VitessCell" controller=VitessCell namespace=vitess vitesscell=example-zone1-5abb61ae
[pod/vitess-operator-dcb9bc6cc-4bwlw/vitess-operator] time="2026-02-12T19:27:54Z" level=info msg="Reconciling VitessCell" controller=VitessCell namespace=vitess vitesscell=example-zone1-5abb61ae
[pod/vitess-operator-dcb9bc6cc-4bwlw/vitess-operator] time="2026-02-12T19:27:54Z" level=info msg="Reconciling VitessCluster" VitessCluster=example controller=VitessCluster namespace=vitess
[pod/vitess-operator-dcb9bc6cc-4bwlw/vitess-operator] time="2026-02-12T19:27:54Z" level=info msg="Reconciling VitessCell" controller=VitessCell namespace=vitess vitesscell=example-zone1-5abb61ae
[pod/vitess-operator-dcb9bc6cc-4bwlw/vitess-operator] time="2026-02-12T19:27:54Z" level=info msg="Reconciling VitessCell" controller=VitessCell namespace=vitess vitesscell=example-zone1-5abb61ae
[pod/vitess-operator-dcb9bc6cc-4bwlw/vitess-operator] time="2026-02-12T19:27:54Z" level=info msg="Reconciling VitessCluster" VitessCluster=example controller=VitessCluster namespace=vitess
[pod/vitess-operator-dcb9bc6cc-4bwlw/vitess-operator] time="2026-02-12T19:28:48Z" level=info msg="Reconciling VitessCell" controller=VitessCell namespace=vitess vitesscell=example-zone1-5abb61ae
[pod/vitess-operator-dcb9bc6cc-4bwlw/vitess-operator] time="2026-02-12T19:28:48Z" level=info msg="Reconciling VitessCluster" VitessCluster=example controller=VitessCluster namespace=vitess
[pod/vitess-operator-dcb9bc6cc-4bwlw/vitess-operator] time="2026-02-12T19:28:48Z" level=info msg="Reconciling VitessCell" controller=VitessCell namespace=vitess vitesscell=example-zone1-5abb61ae
[pod/vitess-operator-dcb9bc6cc-4bwlw/vitess-operator] time="2026-02-12T19:28:48Z" level=info msg="Reconciling VitessCluster" VitessCluster=example controller=VitessCluster namespace=vitess
[pod/vitess-operator-dcb9bc6cc-4bwlw/vitess-operator] time="2026-02-12T19:29:43Z" level=info msg="Reconciling VitessCluster" VitessCluster=example controller=VitessCluster namespace=vitess
[pod/vitess-operator-dcb9bc6cc-4bwlw/vitess-operator] time="2026-02-12T19:30:45Z" level=info msg="Reconciling EtcdLockserver" controller=EtcdLockserver etcdlockserver=example-etcd-faf13de3 namespace=vitess
[pod/vitess-operator-dcb9bc6cc-4bwlw/vitess-operator] time="2026-02-12T19:30:45Z" level=info msg="Reconciling EtcdLockserver" controller=EtcdLockserver etcdlockserver=example-etcd-faf13de3 namespace=vitess
[pod/vitess-operator-dcb9bc6cc-4bwlw/vitess-operator] time="2026-02-12T19:30:45Z" level=info msg="Reconciling EtcdLockserver" controller=EtcdLockserver etcdlockserver=example-etcd-faf13de3 namespace=vitess
[pod/vitess-operator-dcb9bc6cc-4bwlw/vitess-operator] time="2026-02-12T19:31:10Z" level=info msg="Reconciling EtcdLockserver" controller=EtcdLockserver etcdlockserver=example-etcd-faf13de3 namespace=vitess
[pod/vitess-operator-dcb9bc6cc-4bwlw/vitess-operator] time="2026-02-12T19:31:10Z" level=info msg="Reconciling VitessCluster" VitessCluster=example controller=VitessCluster namespace=vitess
[pod/vitess-operator-dcb9bc6cc-4bwlw/vitess-operator] time="2026-02-12T19:31:12Z" level=info msg="Reconciling EtcdLockserver" controller=EtcdLockserver etcdlockserver=example-etcd-faf13de3 namespace=vitess
[pod/vitess-operator-dcb9bc6cc-4bwlw/vitess-operator] time="2026-02-12T19:32:16Z" level=info msg="Reconciling EtcdLockserver" controller=EtcdLockserver etcdlockserver=example-etcd-faf13de3 namespace=vitess
[pod/vitess-operator-dcb9bc6cc-4bwlw/vitess-operator] time="2026-02-12T19:32:16Z" level=info msg="Reconciling EtcdLockserver" controller=EtcdLockserver etcdlockserver=example-etcd-faf13de3 namespace=vitess
[pod/vitess-operator-dcb9bc6cc-4bwlw/vitess-operator] time="2026-02-12T19:32:16Z" level=info msg="Reconciling EtcdLockserver" controller=EtcdLockserver etcdlockserver=example-etcd-faf13de3 namespace=vitess
[pod/vitess-operator-dcb9bc6cc-4bwlw/vitess-operator] time="2026-02-12T19:33:35Z" level=info msg="Reconciling VitessCell" controller=VitessCell namespace=vitess vitesscell=example-zone1-5abb61ae
[pod/vitess-operator-dcb9bc6cc-4bwlw/vitess-operator] time="2026-02-12T19:33:35Z" level=info msg="Reconciling VitessCluster" VitessCluster=example controller=VitessCluster namespace=vitess
[pod/vitess-operator-dcb9bc6cc-4bwlw/vitess-operator] time="2026-02-12T19:33:35Z" level=info msg="Reconciling VitessCell" controller=VitessCell namespace=vitess vitesscell=example-zone1-5abb61ae
[pod/vitess-operator-dcb9bc6cc-4bwlw/vitess-operator] time="2026-02-12T19:33:35Z" level=info msg="Reconciling VitessCluster" VitessCluster=example controller=VitessCluster namespace=vitess
[pod/vitess-operator-dcb9bc6cc-4bwlw/vitess-operator] time="2026-02-12T19:36:48Z" level=info msg="Reconciling EtcdLockserver" controller=EtcdLockserver etcdlockserver=example-etcd-faf13de3 namespace=vitess
[pod/vitess-operator-dcb9bc6cc-4bwlw/vitess-operator] time="2026-02-12T19:36:48Z" level=info msg="Reconciling VitessCluster" VitessCluster=example controller=VitessCluster namespace=vitess
[pod/vitess-operator-dcb9bc6cc-4bwlw/vitess-operator] time="2026-02-12T19:36:48Z" level=info msg="Reconciling VitessCell" controller=VitessCell namespace=vitess vitesscell=example-zone1-5abb61ae
[pod/vitess-operator-dcb9bc6cc-4bwlw/vitess-operator] time="2026-02-12T19:36:48Z" level=info msg="Reconciling EtcdLockserver" controller=EtcdLockserver etcdlockserver=example-etcd-faf13de3 namespace=vitess
[pod/vitess-operator-dcb9bc6cc-4bwlw/vitess-operator] time="2026-02-12T19:36:48Z" level=info msg="Reconciling VitessCell" controller=VitessCell namespace=vitess vitesscell=example-zone1-5abb61ae
[pod/vitess-operator-dcb9bc6cc-4bwlw/vitess-operator] time="2026-02-12T19:36:48Z" level=info msg="Reconciling VitessCluster" VitessCluster=example controller=VitessCluster namespace=vitess
[pod/vitess-operator-dcb9bc6cc-4bwlw/vitess-operator] time="2026-02-12T19:36:48Z" level=info msg="Reconciling VitessCell" controller=VitessCell namespace=vitess vitesscell=example-zone1-5abb61ae
[pod/vitess-operator-dcb9bc6cc-4bwlw/vitess-operator] time="2026-02-12T19:36:48Z" level=info msg="Reconciling VitessCluster" VitessCluster=example controller=VitessCluster namespace=vitess
[pod/vitess-operator-dcb9bc6cc-4bwlw/vitess-operator] time="2026-02-12T19:36:48Z" level=info msg="Reconciling VitessCell" controller=VitessCell namespace=vitess vitesscell=example-zone1-5abb61ae
[pod/vitess-operator-dcb9bc6cc-4bwlw/vitess-operator] time="2026-02-12T19:36:48Z" level=info msg="Reconciling VitessCluster" VitessCluster=example controller=VitessCluster namespace=vitess
[pod/vitess-operator-dcb9bc6cc-4bwlw/vitess-operator] time="2026-02-12T19:38:20Z" level=info msg="Reconciling VitessCluster" VitessCluster=example controller=VitessCluster namespace=vitess
[pod/vitess-operator-dcb9bc6cc-4bwlw/vitess-operator] time="2026-02-12T19:38:20Z" level=info msg="Reconciling VitessCell" controller=VitessCell namespace=vitess vitesscell=example-zone1-5abb61ae
[pod/vitess-operator-dcb9bc6cc-4bwlw/vitess-operator] time="2026-02-12T19:39:24Z" level=info msg="Reconciling VitessCell" controller=VitessCell namespace=vitess vitesscell=example-zone1-5abb61ae
[pod/vitess-operator-dcb9bc6cc-4bwlw/vitess-operator] time="2026-02-12T19:39:24Z" level=info msg="Reconciling VitessCluster" VitessCluster=example controller=VitessCluster namespace=vitess
[pod/vitess-operator-dcb9bc6cc-4bwlw/vitess-operator] time="2026-02-12T19:39:55Z" level=info msg="Reconciling EtcdLockserver" controller=EtcdLockserver etcdlockserver=example-etcd-faf13de3 namespace=vitess
[pod/vitess-operator-dcb9bc6cc-4bwlw/vitess-operator] time="2026-02-12T19:39:55Z" level=info msg="Reconciling EtcdLockserver" controller=EtcdLockserver etcdlockserver=example-etcd-faf13de3 namespace=vitess
[pod/vitess-operator-dcb9bc6cc-4bwlw/vitess-operator] time="2026-02-12T19:40:24Z" level=info msg="Reconciling EtcdLockserver" controller=EtcdLockserver etcdlockserver=example-etcd-faf13de3 namespace=vitess
[pod/vitess-operator-dcb9bc6cc-4bwlw/vitess-operator] time="2026-02-12T19:40:24Z" level=info msg="Reconciling VitessCluster" VitessCluster=example controller=VitessCluster namespace=vitess
[pod/vitess-operator-dcb9bc6cc-4bwlw/vitess-operator] time="2026-02-12T19:40:26Z" level=info msg="Reconciling EtcdLockserver" controller=EtcdLockserver etcdlockserver=example-etcd-faf13de3 namespace=vitess
[pod/vitess-operator-dcb9bc6cc-4bwlw/vitess-operator] time="2026-02-12T19:40:30Z" level=info msg="Reconciling VitessCluster" VitessCluster=example controller=VitessCluster namespace=vitess
[pod/vitess-operator-dcb9bc6cc-4bwlw/vitess-operator] time="2026-02-12T19:41:41Z" level=info msg="Reconciling EtcdLockserver" controller=EtcdLockserver etcdlockserver=example-etcd-faf13de3 namespace=vitess
[pod/vitess-operator-dcb9bc6cc-4bwlw/vitess-operator] time="2026-02-12T19:41:41Z" level=info msg="Reconciling EtcdLockserver" controller=EtcdLockserver etcdlockserver=example-etcd-faf13de3 namespace=vitess
[pod/vitess-operator-dcb9bc6cc-4bwlw/vitess-operator] time="2026-02-12T19:43:13Z" level=info msg="Reconciling VitessCell" controller=VitessCell namespace=vitess vitesscell=example-zone1-5abb61ae
[pod/vitess-operator-dcb9bc6cc-4bwlw/vitess-operator] time="2026-02-12T19:43:13Z" level=info msg="Reconciling VitessCluster" VitessCluster=example controller=VitessCluster namespace=vitess
[pod/vitess-operator-dcb9bc6cc-4bwlw/vitess-operator] time="2026-02-12T19:43:13Z" level=info msg="Reconciling VitessCluster" VitessCluster=example controller=VitessCluster namespace=vitess
[pod/vitess-operator-dcb9bc6cc-4bwlw/vitess-operator] time="2026-02-12T19:46:58Z" level=info msg="Reconciling VitessCluster" VitessCluster=example controller=VitessCluster namespace=vitess
[pod/vitess-operator-dcb9bc6cc-4bwlw/vitess-operator] time="2026-02-12T19:46:58Z" level=info msg="Reconciling EtcdLockserver" controller=EtcdLockserver etcdlockserver=example-etcd-faf13de3 namespace=vitess
[pod/vitess-operator-dcb9bc6cc-4bwlw/vitess-operator] time="2026-02-12T19:46:58Z" level=info msg="Reconciling VitessCell" controller=VitessCell namespace=vitess vitesscell=example-zone1-5abb61ae
[pod/vitess-operator-dcb9bc6cc-4bwlw/vitess-operator] time="2026-02-12T19:46:58Z" level=info msg="Reconciling EtcdLockserver" controller=EtcdLockserver etcdlockserver=example-etcd-faf13de3 namespace=vitess
[pod/vitess-operator-dcb9bc6cc-4bwlw/vitess-operator] time="2026-02-12T19:46:58Z" level=info msg="Reconciling VitessCell" controller=VitessCell namespace=vitess vitesscell=example-zone1-5abb61ae
[pod/vitess-operator-dcb9bc6cc-4bwlw/vitess-operator] time="2026-02-12T19:46:58Z" level=info msg="Reconciling VitessCluster" VitessCluster=example controller=VitessCluster namespace=vitess
[pod/vitess-operator-dcb9bc6cc-4bwlw/vitess-operator] time="2026-02-12T19:46:58Z" level=info msg="Reconciling VitessCell" controller=VitessCell namespace=vitess vitesscell=example-zone1-5abb61ae
[pod/vitess-operator-dcb9bc6cc-4bwlw/vitess-operator] time="2026-02-12T19:46:58Z" level=info msg="Reconciling VitessCell" controller=VitessCell namespace=vitess vitesscell=example-zone1-5abb61ae
[pod/vitess-operator-dcb9bc6cc-4bwlw/vitess-operator] time="2026-02-12T19:46:58Z" level=info msg="Reconciling VitessCluster" VitessCluster=example controller=VitessCluster namespace=vitess
[pod/vitess-operator-dcb9bc6cc-4bwlw/vitess-operator] time="2026-02-12T19:48:45Z" level=info msg="Reconciling VitessCluster" VitessCluster=example controller=VitessCluster namespace=vitess
[pod/vitess-operator-dcb9bc6cc-4bwlw/vitess-operator] time="2026-02-12T19:48:45Z" level=info msg="Reconciling VitessCell" controller=VitessCell namespace=vitess vitesscell=example-zone1-5abb61ae
[pod/vitess-operator-dcb9bc6cc-4bwlw/vitess-operator] time="2026-02-12T19:48:45Z" level=info msg="Reconciling VitessCell" controller=VitessCell namespace=vitess vitesscell=example-zone1-5abb61ae
[pod/vitess-operator-dcb9bc6cc-4bwlw/vitess-operator] time="2026-02-12T19:48:45Z" level=info msg="Reconciling VitessCluster" VitessCluster=example controller=VitessCluster namespace=vitess
[pod/vitess-operator-dcb9bc6cc-4bwlw/vitess-operator] time="2026-02-12T19:49:05Z" level=info msg="Reconciling EtcdLockserver" controller=EtcdLockserver etcdlockserver=example-etcd-faf13de3 namespace=vitess
[pod/vitess-operator-dcb9bc6cc-4bwlw/vitess-operator] time="2026-02-12T19:49:05Z" level=info msg="Reconciling EtcdLockserver" controller=EtcdLockserver etcdlockserver=example-etcd-faf13de3 namespace=vitess
[pod/vitess-operator-dcb9bc6cc-4bwlw/vitess-operator] time="2026-02-12T19:49:05Z" level=info msg="Reconciling EtcdLockserver" controller=EtcdLockserver etcdlockserver=example-etcd-faf13de3 namespace=vitess
[pod/vitess-operator-dcb9bc6cc-4bwlw/vitess-operator] time="2026-02-12T19:49:38Z" level=info msg="Reconciling EtcdLockserver" controller=EtcdLockserver etcdlockserver=example-etcd-faf13de3 namespace=vitess
[pod/vitess-operator-dcb9bc6cc-4bwlw/vitess-operator] time="2026-02-12T19:49:38Z" level=info msg="Reconciling VitessCluster" VitessCluster=example controller=VitessCluster namespace=vitess
[pod/vitess-operator-dcb9bc6cc-4bwlw/vitess-operator] time="2026-02-12T19:49:40Z" level=info msg="Reconciling EtcdLockserver" controller=EtcdLockserver etcdlockserver=example-etcd-faf13de3 namespace=vitess
[pod/vitess-operator-dcb9bc6cc-4bwlw/vitess-operator] time="2026-02-12T19:50:01Z" level=info msg="Reconciling VitessCluster" VitessCluster=example controller=VitessCluster namespace=vitess
[pod/vitess-operator-dcb9bc6cc-4bwlw/vitess-operator] time="2026-02-12T19:50:01Z" level=info msg="Reconciling VitessCell" controller=VitessCell namespace=vitess vitesscell=example-zone1-5abb61ae
[pod/vitess-operator-dcb9bc6cc-4bwlw/vitess-operator] time="2026-02-12T19:50:01Z" level=info msg="Reconciling VitessCell" controller=VitessCell namespace=vitess vitesscell=example-zone1-5abb61ae
[pod/vitess-operator-dcb9bc6cc-4bwlw/vitess-operator] time="2026-02-12T19:50:01Z" level=info msg="Reconciling VitessCluster" VitessCluster=example controller=VitessCluster namespace=vitess
[pod/vitess-operator-dcb9bc6cc-4bwlw/vitess-operator] time="2026-02-12T19:51:06Z" level=info msg="Reconciling EtcdLockserver" controller=EtcdLockserver etcdlockserver=example-etcd-faf13de3 namespace=vitess
[pod/vitess-operator-dcb9bc6cc-4bwlw/vitess-operator] time="2026-02-12T19:51:06Z" level=info msg="Reconciling EtcdLockserver" controller=EtcdLockserver etcdlockserver=example-etcd-faf13de3 namespace=vitess
[pod/vitess-operator-dcb9bc6cc-4bwlw/vitess-operator] time="2026-02-12T19:51:17Z" level=info msg="Reconciling VitessCluster" VitessCluster=example controller=VitessCluster namespace=vitess
[pod/vitess-operator-dcb9bc6cc-4bwlw/vitess-operator] time="2026-02-12T19:52:51Z" level=info msg="Reconciling VitessCluster" VitessCluster=example controller=VitessCluster namespace=vitess
[pod/vitess-operator-dcb9bc6cc-4bwlw/vitess-operator] time="2026-02-12T19:52:51Z" level=info msg="Reconciling VitessCell" controller=VitessCell namespace=vitess vitesscell=example-zone1-5abb61ae
[pod/vitess-operator-dcb9bc6cc-4bwlw/vitess-operator] time="2026-02-12T19:52:51Z" level=info msg="Reconciling VitessCell" controller=VitessCell namespace=vitess vitesscell=example-zone1-5abb61ae
[pod/vitess-operator-dcb9bc6cc-4bwlw/vitess-operator] time="2026-02-12T19:52:51Z" level=info msg="Reconciling VitessCluster" VitessCluster=example controller=VitessCluster namespace=vitess
[pod/vitess-operator-dcb9bc6cc-4bwlw/vitess-operator] time="2026-02-12T19:52:51Z" level=info msg="Reconciling VitessCell" controller=VitessCell namespace=vitess vitesscell=example-zone1-5abb61ae
[pod/vitess-operator-dcb9bc6cc-4bwlw/vitess-operator] time="2026-02-12T19:52:51Z" level=info msg="Reconciling VitessCluster" VitessCluster=example controller=VitessCluster namespace=vitess
[pod/vitess-operator-dcb9bc6cc-4bwlw/vitess-operator] time="2026-02-12T19:57:08Z" level=info msg="Reconciling EtcdLockserver" controller=EtcdLockserver etcdlockserver=example-etcd-faf13de3 namespace=vitess
[pod/vitess-operator-dcb9bc6cc-4bwlw/vitess-operator] time="2026-02-12T19:57:08Z" level=info msg="Reconciling VitessCell" controller=VitessCell namespace=vitess vitesscell=example-zone1-5abb61ae
[pod/vitess-operator-dcb9bc6cc-4bwlw/vitess-operator] time="2026-02-12T19:57:08Z" level=info msg="Reconciling VitessCluster" VitessCluster=example controller=VitessCluster namespace=vitess
[pod/vitess-operator-dcb9bc6cc-4bwlw/vitess-operator] time="2026-02-12T19:57:08Z" level=info msg="Reconciling EtcdLockserver" controller=EtcdLockserver etcdlockserver=example-etcd-faf13de3 namespace=vitess
[pod/vitess-operator-dcb9bc6cc-4bwlw/vitess-operator] time="2026-02-12T19:57:08Z" level=info msg="Reconciling VitessCell" controller=VitessCell namespace=vitess vitesscell=example-zone1-5abb61ae
[pod/vitess-operator-dcb9bc6cc-4bwlw/vitess-operator] time="2026-02-12T19:57:09Z" level=info msg="Reconciling VitessCell" controller=VitessCell namespace=vitess vitesscell=example-zone1-5abb61ae
[pod/vitess-operator-dcb9bc6cc-4bwlw/vitess-operator] time="2026-02-12T19:57:09Z" level=info msg="Reconciling VitessCluster" VitessCluster=example controller=VitessCluster namespace=vitess
[pod/vitess-operator-dcb9bc6cc-4bwlw/vitess-operator] time="2026-02-12T19:58:15Z" level=info msg="Reconciling EtcdLockserver" controller=EtcdLockserver etcdlockserver=example-etcd-faf13de3 namespace=vitess
[pod/vitess-operator-dcb9bc6cc-4bwlw/vitess-operator] time="2026-02-12T19:58:15Z" level=info msg="Reconciling EtcdLockserver" controller=EtcdLockserver etcdlockserver=example-etcd-faf13de3 namespace=vitess
[pod/vitess-operator-dcb9bc6cc-4bwlw/vitess-operator] time="2026-02-12T19:58:15Z" level=info msg="Reconciling EtcdLockserver" controller=EtcdLockserver etcdlockserver=example-etcd-faf13de3 namespace=vitess
[pod/vitess-operator-dcb9bc6cc-4bwlw/vitess-operator] time="2026-02-12T19:58:52Z" level=info msg="Reconciling EtcdLockserver" controller=EtcdLockserver etcdlockserver=example-etcd-faf13de3 namespace=vitess
[pod/vitess-operator-dcb9bc6cc-4bwlw/vitess-operator] time="2026-02-12T19:58:52Z" level=info msg="Reconciling VitessCluster" VitessCluster=example controller=VitessCluster namespace=vitess
[pod/vitess-operator-dcb9bc6cc-4bwlw/vitess-operator] time="2026-02-12T19:58:55Z" level=info msg="Reconciling EtcdLockserver" controller=EtcdLockserver etcdlockserver=example-etcd-faf13de3 namespace=vitess
[pod/vitess-operator-dcb9bc6cc-4bwlw/vitess-operator] time="2026-02-12T19:59:11Z" level=info msg="Reconciling VitessCluster" VitessCluster=example controller=VitessCluster namespace=vitess
[pod/vitess-operator-dcb9bc6cc-4bwlw/vitess-operator] time="2026-02-12T19:59:11Z" level=info msg="Reconciling VitessCell" controller=VitessCell namespace=vitess vitesscell=example-zone1-5abb61ae
[pod/vitess-operator-dcb9bc6cc-4bwlw/vitess-operator] time="2026-02-12T20:00:31Z" level=info msg="Reconciling EtcdLockserver" controller=EtcdLockserver etcdlockserver=example-etcd-faf13de3 namespace=vitess
[pod/vitess-operator-dcb9bc6cc-4bwlw/vitess-operator] time="2026-02-12T20:00:31Z" level=info msg="Reconciling EtcdLockserver" controller=EtcdLockserver etcdlockserver=example-etcd-faf13de3 namespace=vitess
[pod/vitess-operator-dcb9bc6cc-4bwlw/vitess-operator] time="2026-02-12T20:00:37Z" level=info msg="Reconciling VitessCell" controller=VitessCell namespace=vitess vitesscell=example-zone1-5abb61ae
[pod/vitess-operator-dcb9bc6cc-4bwlw/vitess-operator] time="2026-02-12T20:00:37Z" level=info msg="Reconciling VitessCluster" VitessCluster=example controller=VitessCluster namespace=vitess
[pod/vitess-operator-dcb9bc6cc-4bwlw/vitess-operator] time="2026-02-12T20:02:05Z" level=info msg="Reconciling VitessCluster" VitessCluster=example controller=VitessCluster namespace=vitess
[pod/vitess-operator-dcb9bc6cc-4bwlw/vitess-operator] time="2026-02-12T20:02:30Z" level=info msg="Reconciling VitessCluster" VitessCluster=example controller=VitessCluster namespace=vitess
[pod/vitess-operator-dcb9bc6cc-4bwlw/vitess-operator] time="2026-02-12T20:02:30Z" level=info msg="Reconciling VitessCell" controller=VitessCell namespace=vitess vitesscell=example-zone1-5abb61ae
[pod/vitess-operator-dcb9bc6cc-4bwlw/vitess-operator] time="2026-02-12T20:02:30Z" level=info msg="Reconciling VitessCell" controller=VitessCell namespace=vitess vitesscell=example-zone1-5abb61ae
[pod/vitess-operator-dcb9bc6cc-4bwlw/vitess-operator] time="2026-02-12T20:02:30Z" level=info msg="Reconciling VitessCluster" VitessCluster=example controller=VitessCluster namespace=vitess
[pod/vitess-operator-dcb9bc6cc-4bwlw/vitess-operator] time="2026-02-12T20:07:19Z" level=info msg="Reconciling VitessCluster" VitessCluster=example controller=VitessCluster namespace=vitess
[pod/vitess-operator-dcb9bc6cc-4bwlw/vitess-operator] time="2026-02-12T20:07:19Z" level=info msg="Reconciling EtcdLockserver" controller=EtcdLockserver etcdlockserver=example-etcd-faf13de3 namespace=vitess
[pod/vitess-operator-dcb9bc6cc-4bwlw/vitess-operator] time="2026-02-12T20:07:19Z" level=info msg="Reconciling VitessCell" controller=VitessCell namespace=vitess vitesscell=example-zone1-5abb61ae
[pod/vitess-operator-dcb9bc6cc-4bwlw/vitess-operator] time="2026-02-12T20:07:19Z" level=info msg="Reconciling EtcdLockserver" controller=EtcdLockserver etcdlockserver=example-etcd-faf13de3 namespace=vitess
[pod/vitess-operator-dcb9bc6cc-4bwlw/vitess-operator] time="2026-02-12T20:07:19Z" level=info msg="Reconciling VitessCell" controller=VitessCell namespace=vitess vitesscell=example-zone1-5abb61ae
[pod/vitess-operator-dcb9bc6cc-4bwlw/vitess-operator] time="2026-02-12T20:07:19Z" level=info msg="Reconciling VitessCluster" VitessCluster=example controller=VitessCluster namespace=vitess
[pod/vitess-operator-dcb9bc6cc-4bwlw/vitess-operator] time="2026-02-12T20:07:25Z" level=info msg="Reconciling EtcdLockserver" controller=EtcdLockserver etcdlockserver=example-etcd-faf13de3 namespace=vitess
[pod/vitess-operator-dcb9bc6cc-4bwlw/vitess-operator] time="2026-02-12T20:07:25Z" level=info msg="Reconciling EtcdLockserver" controller=EtcdLockserver etcdlockserver=example-etcd-faf13de3 namespace=vitess
[pod/vitess-operator-dcb9bc6cc-4bwlw/vitess-operator] time="2026-02-12T20:07:25Z" level=info msg="Reconciling EtcdLockserver" controller=EtcdLockserver etcdlockserver=example-etcd-faf13de3 namespace=vitess
[pod/vitess-operator-dcb9bc6cc-4bwlw/vitess-operator] time="2026-02-12T20:08:06Z" level=info msg="Reconciling EtcdLockserver" controller=EtcdLockserver etcdlockserver=example-etcd-faf13de3 namespace=vitess
[pod/vitess-operator-dcb9bc6cc-4bwlw/vitess-operator] time="2026-02-12T20:08:06Z" level=info msg="Reconciling VitessCluster" VitessCluster=example controller=VitessCluster namespace=vitess
[pod/vitess-operator-dcb9bc6cc-4bwlw/vitess-operator] time="2026-02-12T20:08:09Z" level=info msg="Reconciling EtcdLockserver" controller=EtcdLockserver etcdlockserver=example-etcd-faf13de3 namespace=vitess
[pod/vitess-operator-dcb9bc6cc-4bwlw/vitess-operator] time="2026-02-12T20:09:37Z" level=info msg="Reconciling VitessCluster" VitessCluster=example controller=VitessCluster namespace=vitess
[pod/vitess-operator-dcb9bc6cc-4bwlw/vitess-operator] time="2026-02-12T20:09:37Z" level=info msg="Reconciling VitessCell" controller=VitessCell namespace=vitess vitesscell=example-zone1-5abb61ae
[pod/vitess-operator-dcb9bc6cc-4bwlw/vitess-operator] time="2026-02-12T20:09:56Z" level=info msg="Reconciling EtcdLockserver" controller=EtcdLockserver etcdlockserver=example-etcd-faf13de3 namespace=vitess
[pod/vitess-operator-dcb9bc6cc-4bwlw/vitess-operator] time="2026-02-12T20:09:56Z" level=info msg="Reconciling EtcdLockserver" controller=EtcdLockserver etcdlockserver=example-etcd-faf13de3 namespace=vitess
[pod/vitess-operator-dcb9bc6cc-4bwlw/vitess-operator] time="2026-02-12T20:11:13Z" level=info msg="Reconciling VitessCell" controller=VitessCell namespace=vitess vitesscell=example-zone1-5abb61ae
[pod/vitess-operator-dcb9bc6cc-4bwlw/vitess-operator] time="2026-02-12T20:11:13Z" level=info msg="Reconciling VitessCluster" VitessCluster=example controller=VitessCluster namespace=vitess
[pod/vitess-operator-dcb9bc6cc-4bwlw/vitess-operator] time="2026-02-12T20:12:08Z" level=info msg="Reconciling VitessCluster" VitessCluster=example controller=VitessCluster namespace=vitess
[pod/vitess-operator-dcb9bc6cc-4bwlw/vitess-operator] time="2026-02-12T20:12:08Z" level=info msg="Reconciling VitessCell" controller=VitessCell namespace=vitess vitesscell=example-zone1-5abb61ae
[pod/vitess-operator-dcb9bc6cc-4bwlw/vitess-operator] time="2026-02-12T20:12:08Z" level=info msg="Reconciling VitessCell" controller=VitessCell namespace=vitess vitesscell=example-zone1-5abb61ae
[pod/vitess-operator-dcb9bc6cc-4bwlw/vitess-operator] time="2026-02-12T20:12:08Z" level=info msg="Reconciling VitessCluster" VitessCluster=example controller=VitessCluster namespace=vitess
[pod/vitess-operator-dcb9bc6cc-4bwlw/vitess-operator] time="2026-02-12T20:12:08Z" level=info msg="Reconciling VitessCell" controller=VitessCell namespace=vitess vitesscell=example-zone1-5abb61ae
[pod/vitess-operator-dcb9bc6cc-4bwlw/vitess-operator] time="2026-02-12T20:12:08Z" level=info msg="Reconciling VitessCluster" VitessCluster=example controller=VitessCluster namespace=vitess
[pod/vitess-operator-dcb9bc6cc-4bwlw/vitess-operator] time="2026-02-12T20:12:52Z" level=info msg="Reconciling VitessCluster" VitessCluster=example controller=VitessCluster namespace=vitess
[pod/vitess-operator-dcb9bc6cc-4bwlw/vitess-operator] time="2026-02-12T20:16:35Z" level=info msg="Reconciling EtcdLockserver" controller=EtcdLockserver etcdlockserver=example-etcd-faf13de3 namespace=vitess
[pod/vitess-operator-dcb9bc6cc-4bwlw/vitess-operator] time="2026-02-12T20:16:35Z" level=info msg="Reconciling EtcdLockserver" controller=EtcdLockserver etcdlockserver=example-etcd-faf13de3 namespace=vitess
[pod/vitess-operator-dcb9bc6cc-4bwlw/vitess-operator] time="2026-02-12T20:16:35Z" level=info msg="Reconciling EtcdLockserver" controller=EtcdLockserver etcdlockserver=example-etcd-faf13de3 namespace=vitess
[pod/vitess-operator-dcb9bc6cc-4bwlw/vitess-operator] time="2026-02-12T20:17:19Z" level=info msg="Reconciling VitessCluster" VitessCluster=example controller=VitessCluster namespace=vitess
[pod/vitess-operator-dcb9bc6cc-4bwlw/vitess-operator] time="2026-02-12T20:17:19Z" level=info msg="Reconciling EtcdLockserver" controller=EtcdLockserver etcdlockserver=example-etcd-faf13de3 namespace=vitess
[pod/vitess-operator-dcb9bc6cc-4bwlw/vitess-operator] time="2026-02-12T20:17:23Z" level=info msg="Reconciling EtcdLockserver" controller=EtcdLockserver etcdlockserver=example-etcd-faf13de3 namespace=vitess
[pod/vitess-operator-dcb9bc6cc-4bwlw/vitess-operator] time="2026-02-12T20:17:29Z" level=info msg="Reconciling VitessCluster" VitessCluster=example controller=VitessCluster namespace=vitess
[pod/vitess-operator-dcb9bc6cc-4bwlw/vitess-operator] time="2026-02-12T20:17:29Z" level=info msg="Reconciling EtcdLockserver" controller=EtcdLockserver etcdlockserver=example-etcd-faf13de3 namespace=vitess
[pod/vitess-operator-dcb9bc6cc-4bwlw/vitess-operator] time="2026-02-12T20:17:29Z" level=info msg="Reconciling VitessCell" controller=VitessCell namespace=vitess vitesscell=example-zone1-5abb61ae
[pod/vitess-operator-dcb9bc6cc-4bwlw/vitess-operator] time="2026-02-12T20:17:29Z" level=info msg="Reconciling VitessCluster" VitessCluster=example controller=VitessCluster namespace=vitess
[pod/vitess-operator-dcb9bc6cc-4bwlw/vitess-operator] time="2026-02-12T20:19:21Z" level=info msg="Reconciling EtcdLockserver" controller=EtcdLockserver etcdlockserver=example-etcd-faf13de3 namespace=vitess
[pod/vitess-operator-dcb9bc6cc-4bwlw/vitess-operator] time="2026-02-12T20:19:21Z" level=info msg="Reconciling EtcdLockserver" controller=EtcdLockserver etcdlockserver=example-etcd-faf13de3 namespace=vitess
[pod/vitess-operator-dcb9bc6cc-4bwlw/vitess-operator] time="2026-02-12T20:20:02Z" level=info msg="Reconciling VitessCell" controller=VitessCell namespace=vitess vitesscell=example-zone1-5abb61ae
[pod/vitess-operator-dcb9bc6cc-4bwlw/vitess-operator] time="2026-02-12T20:20:02Z" level=info msg="Reconciling VitessCluster" VitessCluster=example controller=VitessCluster namespace=vitess
[pod/vitess-operator-dcb9bc6cc-4bwlw/vitess-operator] time="2026-02-12T20:20:02Z" level=info msg="Reconciling VitessCell" controller=VitessCell namespace=vitess vitesscell=example-zone1-5abb61ae
[pod/vitess-operator-dcb9bc6cc-4bwlw/vitess-operator] time="2026-02-12T20:20:02Z" level=info msg="Reconciling VitessCluster" VitessCluster=example controller=VitessCluster namespace=vitess
[pod/vitess-operator-dcb9bc6cc-4bwlw/vitess-operator] time="2026-02-12T20:21:46Z" level=info msg="Reconciling VitessCluster" VitessCluster=example controller=VitessCluster namespace=vitess
[pod/vitess-operator-dcb9bc6cc-4bwlw/vitess-operator] time="2026-02-12T20:21:46Z" level=info msg="Reconciling VitessCell" controller=VitessCell namespace=vitess vitesscell=example-zone1-5abb61ae
[pod/vitess-operator-dcb9bc6cc-4bwlw/vitess-operator] time="2026-02-12T20:21:50Z" level=info msg="Reconciling VitessCell" controller=VitessCell namespace=vitess vitesscell=example-zone1-5abb61ae
[pod/vitess-operator-dcb9bc6cc-4bwlw/vitess-operator] time="2026-02-12T20:21:50Z" level=info msg="Reconciling VitessCluster" VitessCluster=example controller=VitessCluster namespace=vitess
[pod/vitess-operator-dcb9bc6cc-4bwlw/vitess-operator] time="2026-02-12T20:21:50Z" level=info msg="Reconciling VitessCell" controller=VitessCell namespace=vitess vitesscell=example-zone1-5abb61ae
[pod/vitess-operator-dcb9bc6cc-4bwlw/vitess-operator] time="2026-02-12T20:21:50Z" level=info msg="Reconciling VitessCluster" VitessCluster=example controller=VitessCluster namespace=vitess
[pod/vitess-operator-dcb9bc6cc-4bwlw/vitess-operator] time="2026-02-12T20:23:39Z" level=info msg="Reconciling VitessCluster" VitessCluster=example controller=VitessCluster namespace=vitess
[pod/vitess-operator-dcb9bc6cc-4bwlw/vitess-operator] time="2026-02-12T20:25:45Z" level=info msg="Reconciling EtcdLockserver" controller=EtcdLockserver etcdlockserver=example-etcd-faf13de3 namespace=vitess
[pod/vitess-operator-dcb9bc6cc-4bwlw/vitess-operator] time="2026-02-12T20:25:45Z" level=info msg="Reconciling EtcdLockserver" controller=EtcdLockserver etcdlockserver=example-etcd-faf13de3 namespace=vitess
[pod/vitess-operator-dcb9bc6cc-4bwlw/vitess-operator] time="2026-02-12T20:26:33Z" level=info msg="Reconciling EtcdLockserver" controller=EtcdLockserver etcdlockserver=example-etcd-faf13de3 namespace=vitess
[pod/vitess-operator-dcb9bc6cc-4bwlw/vitess-operator] time="2026-02-12T20:26:33Z" level=info msg="Reconciling VitessCluster" VitessCluster=example controller=VitessCluster namespace=vitess
[pod/vitess-operator-dcb9bc6cc-4bwlw/vitess-operator] time="2026-02-12T20:26:37Z" level=info msg="Reconciling EtcdLockserver" controller=EtcdLockserver etcdlockserver=example-etcd-faf13de3 namespace=vitess
[pod/vitess-operator-dcb9bc6cc-4bwlw/vitess-operator] time="2026-02-12T20:27:39Z" level=info msg="Reconciling VitessCell" controller=VitessCell namespace=vitess vitesscell=example-zone1-5abb61ae
[pod/vitess-operator-dcb9bc6cc-4bwlw/vitess-operator] time="2026-02-12T20:27:39Z" level=info msg="Reconciling EtcdLockserver" controller=EtcdLockserver etcdlockserver=example-etcd-faf13de3 namespace=vitess
[pod/vitess-operator-dcb9bc6cc-4bwlw/vitess-operator] time="2026-02-12T20:27:39Z" level=info msg="Reconciling VitessCluster" VitessCluster=example controller=VitessCluster namespace=vitess
[pod/vitess-operator-dcb9bc6cc-4bwlw/vitess-operator] time="2026-02-12T20:27:39Z" level=info msg="Reconciling EtcdLockserver" controller=EtcdLockserver etcdlockserver=example-etcd-faf13de3 namespace=vitess
[pod/vitess-operator-dcb9bc6cc-4bwlw/vitess-operator] time="2026-02-12T20:27:39Z" level=info msg="Reconciling VitessCell" controller=VitessCell namespace=vitess vitesscell=example-zone1-5abb61ae
[pod/vitess-operator-dcb9bc6cc-4bwlw/vitess-operator] time="2026-02-12T20:27:39Z" level=info msg="Reconciling VitessCluster" VitessCluster=example controller=VitessCluster namespace=vitess
[pod/vitess-operator-dcb9bc6cc-4bwlw/vitess-operator] time="2026-02-12T20:27:39Z" level=info msg="Reconciling VitessCell" controller=VitessCell namespace=vitess vitesscell=example-zone1-5abb61ae
[pod/vitess-operator-dcb9bc6cc-4bwlw/vitess-operator] time="2026-02-12T20:27:39Z" level=info msg="Reconciling VitessCluster" VitessCluster=example controller=VitessCluster namespace=vitess
[pod/vitess-operator-dcb9bc6cc-4bwlw/vitess-operator] time="2026-02-12T20:28:46Z" level=info msg="Reconciling EtcdLockserver" controller=EtcdLockserver etcdlockserver=example-etcd-faf13de3 namespace=vitess
[pod/vitess-operator-dcb9bc6cc-4bwlw/vitess-operator] time="2026-02-12T20:28:46Z" level=info msg="Reconciling EtcdLockserver" controller=EtcdLockserver etcdlockserver=example-etcd-faf13de3 namespace=vitess
[pod/vitess-operator-dcb9bc6cc-4bwlw/vitess-operator] time="2026-02-12T20:30:28Z" level=info msg="Reconciling VitessCell" controller=VitessCell namespace=vitess vitesscell=example-zone1-5abb61ae
[pod/vitess-operator-dcb9bc6cc-4bwlw/vitess-operator] time="2026-02-12T20:30:28Z" level=info msg="Reconciling VitessCluster" VitessCluster=example controller=VitessCluster namespace=vitess
[pod/vitess-operator-dcb9bc6cc-4bwlw/vitess-operator] time="2026-02-12T20:30:28Z" level=info msg="Reconciling VitessCell" controller=VitessCell namespace=vitess vitesscell=example-zone1-5abb61ae
[pod/vitess-operator-dcb9bc6cc-4bwlw/vitess-operator] time="2026-02-12T20:30:28Z" level=info msg="Reconciling VitessCluster" VitessCluster=example controller=VitessCluster namespace=vitess
[pod/vitess-operator-dcb9bc6cc-4bwlw/vitess-operator] time="2026-02-12T20:30:28Z" level=info msg="Reconciling VitessCell" controller=VitessCell namespace=vitess vitesscell=example-zone1-5abb61ae
[pod/vitess-operator-dcb9bc6cc-4bwlw/vitess-operator] time="2026-02-12T20:30:28Z" level=info msg="Reconciling VitessCluster" VitessCluster=example controller=VitessCluster namespace=vitess
[pod/vitess-operator-dcb9bc6cc-4bwlw/vitess-operator] time="2026-02-12T20:31:24Z" level=info msg="Reconciling VitessCluster" VitessCluster=example controller=VitessCluster namespace=vitess
[pod/vitess-operator-dcb9bc6cc-4bwlw/vitess-operator] time="2026-02-12T20:31:24Z" level=info msg="Reconciling VitessCell" controller=VitessCell namespace=vitess vitesscell=example-zone1-5abb61ae
[pod/vitess-operator-dcb9bc6cc-4bwlw/vitess-operator] time="2026-02-12T20:31:24Z" level=info msg="Reconciling VitessCluster" VitessCluster=example controller=VitessCluster namespace=vitess
[pod/vitess-operator-dcb9bc6cc-4bwlw/vitess-operator] time="2026-02-12T20:32:26Z" level=info msg="Reconciling VitessCell" controller=VitessCell namespace=vitess vitesscell=example-zone1-5abb61ae
[pod/vitess-operator-dcb9bc6cc-4bwlw/vitess-operator] time="2026-02-12T20:32:26Z" level=info msg="Reconciling VitessCluster" VitessCluster=example controller=VitessCluster namespace=vitess
[pod/vitess-operator-dcb9bc6cc-4bwlw/vitess-operator] time="2026-02-12T20:32:26Z" level=info msg="Reconciling VitessCell" controller=VitessCell namespace=vitess vitesscell=example-zone1-5abb61ae
[pod/vitess-operator-dcb9bc6cc-4bwlw/vitess-operator] time="2026-02-12T20:32:26Z" level=info msg="Reconciling VitessCluster" VitessCluster=example controller=VitessCluster namespace=vitess
[pod/vitess-operator-dcb9bc6cc-4bwlw/vitess-operator] time="2026-02-12T20:32:26Z" level=info msg="Reconciling VitessCell" controller=VitessCell namespace=vitess vitesscell=example-zone1-5abb61ae
[pod/vitess-operator-dcb9bc6cc-4bwlw/vitess-operator] time="2026-02-12T20:32:26Z" level=info msg="Reconciling VitessCluster" VitessCluster=example controller=VitessCluster namespace=vitess
[pod/vitess-operator-dcb9bc6cc-4bwlw/vitess-operator] time="2026-02-12T20:34:27Z" level=info msg="Reconciling VitessCluster" VitessCluster=example controller=VitessCluster namespace=vitess
[pod/vitess-operator-dcb9bc6cc-4bwlw/vitess-operator] time="2026-02-12T20:34:54Z" level=info msg="Reconciling EtcdLockserver" controller=EtcdLockserver etcdlockserver=example-etcd-faf13de3 namespace=vitess
[pod/vitess-operator-dcb9bc6cc-4bwlw/vitess-operator] time="2026-02-12T20:34:54Z" level=info msg="Reconciling EtcdLockserver" controller=EtcdLockserver etcdlockserver=example-etcd-faf13de3 namespace=vitess
[pod/vitess-operator-dcb9bc6cc-4bwlw/vitess-operator] time="2026-02-12T20:35:47Z" level=info msg="Reconciling EtcdLockserver" controller=EtcdLockserver etcdlockserver=example-etcd-faf13de3 namespace=vitess
[pod/vitess-operator-dcb9bc6cc-4bwlw/vitess-operator] time="2026-02-12T20:35:47Z" level=info msg="Reconciling VitessCluster" VitessCluster=example controller=VitessCluster namespace=vitess
[pod/vitess-operator-dcb9bc6cc-4bwlw/vitess-operator] time="2026-02-12T20:35:52Z" level=info msg="Reconciling EtcdLockserver" controller=EtcdLockserver etcdlockserver=example-etcd-faf13de3 namespace=vitess
[pod/vitess-operator-dcb9bc6cc-4bwlw/vitess-operator] time="2026-02-12T20:37:49Z" level=info msg="Reconciling VitessCell" controller=VitessCell namespace=vitess vitesscell=example-zone1-5abb61ae
[pod/vitess-operator-dcb9bc6cc-4bwlw/vitess-operator] time="2026-02-12T20:37:49Z" level=info msg="Reconciling VitessCluster" VitessCluster=example controller=VitessCluster namespace=vitess
[pod/vitess-operator-dcb9bc6cc-4bwlw/vitess-operator] time="2026-02-12T20:37:49Z" level=info msg="Reconciling EtcdLockserver" controller=EtcdLockserver etcdlockserver=example-etcd-faf13de3 namespace=vitess
[pod/vitess-operator-dcb9bc6cc-4bwlw/vitess-operator] time="2026-02-12T20:37:49Z" level=info msg="Reconciling EtcdLockserver" controller=EtcdLockserver etcdlockserver=example-etcd-faf13de3 namespace=vitess
[pod/vitess-operator-dcb9bc6cc-4bwlw/vitess-operator] time="2026-02-12T20:37:49Z" level=info msg="Reconciling VitessCluster" VitessCluster=example controller=VitessCluster namespace=vitess
[pod/vitess-operator-dcb9bc6cc-4bwlw/vitess-operator] time="2026-02-12T20:38:11Z" level=info msg="Reconciling EtcdLockserver" controller=EtcdLockserver etcdlockserver=example-etcd-faf13de3 namespace=vitess
[pod/vitess-operator-dcb9bc6cc-4bwlw/vitess-operator] time="2026-02-12T20:38:11Z" level=info msg="Reconciling EtcdLockserver" controller=EtcdLockserver etcdlockserver=example-etcd-faf13de3 namespace=vitess
[pod/vitess-operator-dcb9bc6cc-4bwlw/vitess-operator] time="2026-02-12T20:40:53Z" level=info msg="Reconciling VitessCell" controller=VitessCell namespace=vitess vitesscell=example-zone1-5abb61ae
[pod/vitess-operator-dcb9bc6cc-4bwlw/vitess-operator] time="2026-02-12T20:40:53Z" level=info msg="Reconciling VitessCluster" VitessCluster=example controller=VitessCluster namespace=vitess
[pod/vitess-operator-dcb9bc6cc-4bwlw/vitess-operator] time="2026-02-12T20:41:02Z" level=info msg="Reconciling VitessCluster" VitessCluster=example controller=VitessCluster namespace=vitess
[pod/vitess-operator-dcb9bc6cc-4bwlw/vitess-operator] time="2026-02-12T20:41:02Z" level=info msg="Reconciling VitessCell" controller=VitessCell namespace=vitess vitesscell=example-zone1-5abb61ae
[pod/vitess-operator-dcb9bc6cc-4bwlw/vitess-operator] time="2026-02-12T20:41:02Z" level=info msg="Reconciling VitessCluster" VitessCluster=example controller=VitessCluster namespace=vitess
[pod/vitess-operator-dcb9bc6cc-4bwlw/vitess-operator] time="2026-02-12T20:43:03Z" level=info msg="Reconciling VitessCell" controller=VitessCell namespace=vitess vitesscell=example-zone1-5abb61ae
[pod/vitess-operator-dcb9bc6cc-4bwlw/vitess-operator] time="2026-02-12T20:43:03Z" level=info msg="Reconciling VitessCluster" VitessCluster=example controller=VitessCluster namespace=vitess
[pod/vitess-operator-dcb9bc6cc-4bwlw/vitess-operator] time="2026-02-12T20:43:03Z" level=info msg="Reconciling VitessCell" controller=VitessCell namespace=vitess vitesscell=example-zone1-5abb61ae
[pod/vitess-operator-dcb9bc6cc-4bwlw/vitess-operator] time="2026-02-12T20:43:03Z" level=info msg="Reconciling VitessCell" controller=VitessCell namespace=vitess vitesscell=example-zone1-5abb61ae
[pod/vitess-operator-dcb9bc6cc-4bwlw/vitess-operator] time="2026-02-12T20:43:03Z" level=info msg="Reconciling VitessCluster" VitessCluster=example controller=VitessCluster namespace=vitess
[pod/vitess-operator-dcb9bc6cc-4bwlw/vitess-operator] time="2026-02-12T20:44:04Z" level=info msg="Reconciling EtcdLockserver" controller=EtcdLockserver etcdlockserver=example-etcd-faf13de3 namespace=vitess
[pod/vitess-operator-dcb9bc6cc-4bwlw/vitess-operator] time="2026-02-12T20:44:04Z" level=info msg="Reconciling EtcdLockserver" controller=EtcdLockserver etcdlockserver=example-etcd-faf13de3 namespace=vitess
[pod/vitess-operator-dcb9bc6cc-4bwlw/vitess-operator] time="2026-02-12T20:45:01Z" level=info msg="Reconciling EtcdLockserver" controller=EtcdLockserver etcdlockserver=example-etcd-faf13de3 namespace=vitess
[pod/vitess-operator-dcb9bc6cc-4bwlw/vitess-operator] time="2026-02-12T20:45:01Z" level=info msg="Reconciling VitessCluster" VitessCluster=example controller=VitessCluster namespace=vitess
[pod/vitess-operator-dcb9bc6cc-4bwlw/vitess-operator] time="2026-02-12T20:45:06Z" level=info msg="Reconciling EtcdLockserver" controller=EtcdLockserver etcdlockserver=example-etcd-faf13de3 namespace=vitess
[pod/vitess-operator-dcb9bc6cc-4bwlw/vitess-operator] time="2026-02-12T20:45:14Z" level=info msg="Reconciling VitessCluster" VitessCluster=example controller=VitessCluster namespace=vitess
[pod/vitess-operator-dcb9bc6cc-4bwlw/vitess-operator] time="2026-02-12T20:47:35Z" level=info msg="Reconciling EtcdLockserver" controller=EtcdLockserver etcdlockserver=example-etcd-faf13de3 namespace=vitess
[pod/vitess-operator-dcb9bc6cc-4bwlw/vitess-operator] time="2026-02-12T20:47:35Z" level=info msg="Reconciling EtcdLockserver" controller=EtcdLockserver etcdlockserver=example-etcd-faf13de3 namespace=vitess
[pod/vitess-operator-dcb9bc6cc-4bwlw/vitess-operator] time="2026-02-12T20:47:35Z" level=info msg="Reconciling EtcdLockserver" controller=EtcdLockserver etcdlockserver=example-etcd-faf13de3 namespace=vitess
[pod/vitess-operator-dcb9bc6cc-4bwlw/vitess-operator] time="2026-02-12T20:48:00Z" level=info msg="Reconciling EtcdLockserver" controller=EtcdLockserver etcdlockserver=example-etcd-faf13de3 namespace=vitess
[pod/vitess-operator-dcb9bc6cc-4bwlw/vitess-operator] time="2026-02-12T20:48:00Z" level=info msg="Reconciling VitessCell" controller=VitessCell namespace=vitess vitesscell=example-zone1-5abb61ae
[pod/vitess-operator-dcb9bc6cc-4bwlw/vitess-operator] time="2026-02-12T20:48:00Z" level=info msg="Reconciling VitessCluster" VitessCluster=example controller=VitessCluster namespace=vitess
[pod/vitess-operator-dcb9bc6cc-4bwlw/vitess-operator] time="2026-02-12T20:48:00Z" level=info msg="Reconciling EtcdLockserver" controller=EtcdLockserver etcdlockserver=example-etcd-faf13de3 namespace=vitess
[pod/vitess-operator-dcb9bc6cc-4bwlw/vitess-operator] time="2026-02-12T20:48:00Z" level=info msg="Reconciling VitessCell" controller=VitessCell namespace=vitess vitesscell=example-zone1-5abb61ae
[pod/vitess-operator-dcb9bc6cc-4bwlw/vitess-operator] time="2026-02-12T20:48:00Z" level=info msg="Reconciling VitessCluster" VitessCluster=example controller=VitessCluster namespace=vitess
[pod/vitess-operator-dcb9bc6cc-4bwlw/vitess-operator] time="2026-02-12T20:48:00Z" level=info msg="Reconciling VitessCell" controller=VitessCell namespace=vitess vitesscell=example-zone1-5abb61ae
[pod/vitess-operator-dcb9bc6cc-4bwlw/vitess-operator] time="2026-02-12T20:48:00Z" level=info msg="Reconciling VitessCluster" VitessCluster=example controller=VitessCluster namespace=vitess
[pod/vitess-operator-dcb9bc6cc-4bwlw/vitess-operator] time="2026-02-12T20:50:40Z" level=info msg="Reconciling VitessCluster" VitessCluster=example controller=VitessCluster namespace=vitess
[pod/vitess-operator-dcb9bc6cc-4bwlw/vitess-operator] time="2026-02-12T20:50:40Z" level=info msg="Reconciling VitessCell" controller=VitessCell namespace=vitess vitesscell=example-zone1-5abb61ae
[pod/vitess-operator-dcb9bc6cc-4bwlw/vitess-operator] time="2026-02-12T20:51:19Z" level=info msg="Reconciling VitessCluster" VitessCluster=example controller=VitessCluster namespace=vitess
[pod/vitess-operator-dcb9bc6cc-4bwlw/vitess-operator] time="2026-02-12T20:51:19Z" level=info msg="Reconciling VitessCell" controller=VitessCell namespace=vitess vitesscell=example-zone1-5abb61ae
[pod/vitess-operator-dcb9bc6cc-4bwlw/vitess-operator] time="2026-02-12T20:53:14Z" level=info msg="Reconciling EtcdLockserver" controller=EtcdLockserver etcdlockserver=example-etcd-faf13de3 namespace=vitess
[pod/vitess-operator-dcb9bc6cc-4bwlw/vitess-operator] time="2026-02-12T20:53:14Z" level=info msg="Reconciling EtcdLockserver" controller=EtcdLockserver etcdlockserver=example-etcd-faf13de3 namespace=vitess
[pod/vitess-operator-dcb9bc6cc-4bwlw/vitess-operator] time="2026-02-12T20:53:39Z" level=info msg="Reconciling VitessCell" controller=VitessCell namespace=vitess vitesscell=example-zone1-5abb61ae
[pod/vitess-operator-dcb9bc6cc-4bwlw/vitess-operator] time="2026-02-12T20:53:39Z" level=info msg="Reconciling VitessCluster" VitessCluster=example controller=VitessCluster namespace=vitess
[pod/vitess-operator-dcb9bc6cc-4bwlw/vitess-operator] time="2026-02-12T20:53:39Z" level=info msg="Reconciling VitessCell" controller=VitessCell namespace=vitess vitesscell=example-zone1-5abb61ae
[pod/vitess-operator-dcb9bc6cc-4bwlw/vitess-operator] time="2026-02-12T20:53:39Z" level=info msg="Reconciling VitessCluster" VitessCluster=example controller=VitessCluster namespace=vitess
[pod/vitess-operator-dcb9bc6cc-4bwlw/vitess-operator] time="2026-02-12T20:53:39Z" level=info msg="Reconciling VitessCell" controller=VitessCell namespace=vitess vitesscell=example-zone1-5abb61ae
[pod/vitess-operator-dcb9bc6cc-4bwlw/vitess-operator] time="2026-02-12T20:53:39Z" level=info msg="Reconciling VitessCluster" VitessCluster=example controller=VitessCluster namespace=vitess
[pod/vitess-operator-dcb9bc6cc-4bwlw/vitess-operator] time="2026-02-12T20:54:15Z" level=info msg="Reconciling EtcdLockserver" controller=EtcdLockserver etcdlockserver=example-etcd-faf13de3 namespace=vitess
[pod/vitess-operator-dcb9bc6cc-4bwlw/vitess-operator] time="2026-02-12T20:54:15Z" level=info msg="Reconciling VitessCluster" VitessCluster=example controller=VitessCluster namespace=vitess
[pod/vitess-operator-dcb9bc6cc-4bwlw/vitess-operator] time="2026-02-12T20:54:20Z" level=info msg="Reconciling EtcdLockserver" controller=EtcdLockserver etcdlockserver=example-etcd-faf13de3 namespace=vitess
[pod/vitess-operator-dcb9bc6cc-4bwlw/vitess-operator] time="2026-02-12T20:56:01Z" level=info msg="Reconciling VitessCluster" VitessCluster=example controller=VitessCluster namespace=vitess
[pod/vitess-operator-dcb9bc6cc-4bwlw/vitess-operator] time="2026-02-12T20:57:00Z" level=info msg="Reconciling EtcdLockserver" controller=EtcdLockserver etcdlockserver=example-etcd-faf13de3 namespace=vitess
[pod/vitess-operator-dcb9bc6cc-4bwlw/vitess-operator] time="2026-02-12T20:57:00Z" level=info msg="Reconciling EtcdLockserver" controller=EtcdLockserver etcdlockserver=example-etcd-faf13de3 namespace=vitess
[pod/vitess-operator-dcb9bc6cc-4bwlw/vitess-operator] time="2026-02-12T20:58:10Z" level=info msg="Reconciling EtcdLockserver" controller=EtcdLockserver etcdlockserver=example-etcd-faf13de3 namespace=vitess
[pod/vitess-operator-dcb9bc6cc-4bwlw/vitess-operator] time="2026-02-12T20:58:10Z" level=info msg="Reconciling VitessCluster" VitessCluster=example controller=VitessCluster namespace=vitess
[pod/vitess-operator-dcb9bc6cc-4bwlw/vitess-operator] time="2026-02-12T20:58:10Z" level=info msg="Reconciling VitessCell" controller=VitessCell namespace=vitess vitesscell=example-zone1-5abb61ae
[pod/vitess-operator-dcb9bc6cc-4bwlw/vitess-operator] time="2026-02-12T20:58:10Z" level=info msg="Reconciling EtcdLockserver" controller=EtcdLockserver etcdlockserver=example-etcd-faf13de3 namespace=vitess
[pod/vitess-operator-dcb9bc6cc-4bwlw/vitess-operator] time="2026-02-12T20:58:10Z" level=info msg="Reconciling VitessCluster" VitessCluster=example controller=VitessCluster namespace=vitess
[pod/vitess-operator-dcb9bc6cc-4bwlw/vitess-operator] time="2026-02-12T21:00:18Z" level=info msg="Reconciling VitessCluster" VitessCluster=example controller=VitessCluster namespace=vitess
[pod/vitess-operator-dcb9bc6cc-4bwlw/vitess-operator] time="2026-02-12T21:00:18Z" level=info msg="Reconciling VitessCell" controller=VitessCell namespace=vitess vitesscell=example-zone1-5abb61ae
[pod/vitess-operator-dcb9bc6cc-4bwlw/vitess-operator] time="2026-02-12T21:00:18Z" level=info msg="Reconciling VitessCell" controller=VitessCell namespace=vitess vitesscell=example-zone1-5abb61ae
[pod/vitess-operator-dcb9bc6cc-4bwlw/vitess-operator] time="2026-02-12T21:00:18Z" level=info msg="Reconciling VitessCell" controller=VitessCell namespace=vitess vitesscell=example-zone1-5abb61ae
[pod/vitess-operator-dcb9bc6cc-4bwlw/vitess-operator] time="2026-02-12T21:00:18Z" level=info msg="Reconciling VitessCluster" VitessCluster=example controller=VitessCluster namespace=vitess
[pod/vitess-operator-dcb9bc6cc-4bwlw/vitess-operator] time="2026-02-12T21:01:45Z" level=info msg="Reconciling VitessCluster" VitessCluster=example controller=VitessCluster namespace=vitess
[pod/vitess-operator-dcb9bc6cc-4bwlw/vitess-operator] time="2026-02-12T21:01:45Z" level=info msg="Reconciling VitessCell" controller=VitessCell namespace=vitess vitesscell=example-zone1-5abb61ae
[pod/vitess-operator-dcb9bc6cc-4bwlw/vitess-operator] time="2026-02-12T21:02:24Z" level=info msg="Reconciling EtcdLockserver" controller=EtcdLockserver etcdlockserver=example-etcd-faf13de3 namespace=vitess
[pod/vitess-operator-dcb9bc6cc-4bwlw/vitess-operator] time="2026-02-12T21:02:24Z" level=info msg="Reconciling EtcdLockserver" controller=EtcdLockserver etcdlockserver=example-etcd-faf13de3 namespace=vitess
[pod/vitess-operator-dcb9bc6cc-4bwlw/vitess-operator] time="2026-02-12T21:03:29Z" level=info msg="Reconciling EtcdLockserver" controller=EtcdLockserver etcdlockserver=example-etcd-faf13de3 namespace=vitess
[pod/vitess-operator-dcb9bc6cc-4bwlw/vitess-operator] time="2026-02-12T21:03:29Z" level=info msg="Reconciling VitessCluster" VitessCluster=example controller=VitessCluster namespace=vitess
[pod/vitess-operator-dcb9bc6cc-4bwlw/vitess-operator] time="2026-02-12T21:03:34Z" level=info msg="Reconciling EtcdLockserver" controller=EtcdLockserver etcdlockserver=example-etcd-faf13de3 namespace=vitess
[pod/vitess-operator-dcb9bc6cc-4bwlw/vitess-operator] time="2026-02-12T21:04:15Z" level=info msg="Reconciling VitessCell" controller=VitessCell namespace=vitess vitesscell=example-zone1-5abb61ae
[pod/vitess-operator-dcb9bc6cc-4bwlw/vitess-operator] time="2026-02-12T21:04:15Z" level=info msg="Reconciling VitessCluster" VitessCluster=example controller=VitessCluster namespace=vitess
[pod/vitess-operator-dcb9bc6cc-4bwlw/vitess-operator] time="2026-02-12T21:06:25Z" level=info msg="Reconciling EtcdLockserver" controller=EtcdLockserver etcdlockserver=example-etcd-faf13de3 namespace=vitess
[pod/vitess-operator-dcb9bc6cc-4bwlw/vitess-operator] time="2026-02-12T21:06:25Z" level=info msg="Reconciling EtcdLockserver" controller=EtcdLockserver etcdlockserver=example-etcd-faf13de3 namespace=vitess
[pod/vitess-operator-dcb9bc6cc-4bwlw/vitess-operator] time="2026-02-12T21:06:49Z" level=info msg="Reconciling VitessCluster" VitessCluster=example controller=VitessCluster namespace=vitess
[pod/vitess-operator-dcb9bc6cc-4bwlw/vitess-operator] time="2026-02-12T21:08:20Z" level=info msg="Reconciling EtcdLockserver" controller=EtcdLockserver etcdlockserver=example-etcd-faf13de3 namespace=vitess
[pod/vitess-operator-dcb9bc6cc-4bwlw/vitess-operator] time="2026-02-12T21:08:20Z" level=info msg="Reconciling VitessCell" controller=VitessCell namespace=vitess vitesscell=example-zone1-5abb61ae
[pod/vitess-operator-dcb9bc6cc-4bwlw/vitess-operator] time="2026-02-12T21:08:20Z" level=info msg="Reconciling VitessCluster" VitessCluster=example controller=VitessCluster namespace=vitess
[pod/vitess-operator-dcb9bc6cc-4bwlw/vitess-operator] time="2026-02-12T21:08:20Z" level=info msg="Reconciling EtcdLockserver" controller=EtcdLockserver etcdlockserver=example-etcd-faf13de3 namespace=vitess
[pod/vitess-operator-dcb9bc6cc-4bwlw/vitess-operator] time="2026-02-12T21:08:20Z" level=info msg="Reconciling VitessCell" controller=VitessCell namespace=vitess vitesscell=example-zone1-5abb61ae
[pod/vitess-operator-dcb9bc6cc-4bwlw/vitess-operator] time="2026-02-12T21:08:20Z" level=info msg="Reconciling VitessCluster" VitessCluster=example controller=VitessCluster namespace=vitess
[pod/vitess-operator-dcb9bc6cc-4bwlw/vitess-operator] time="2026-02-12T21:09:57Z" level=info msg="Reconciling VitessCluster" VitessCluster=example controller=VitessCluster namespace=vitess
[pod/vitess-operator-dcb9bc6cc-4bwlw/vitess-operator] time="2026-02-12T21:09:57Z" level=info msg="Reconciling VitessCell" controller=VitessCell namespace=vitess vitesscell=example-zone1-5abb61ae
[pod/vitess-operator-dcb9bc6cc-4bwlw/vitess-operator] time="2026-02-12T21:09:57Z" level=info msg="Reconciling VitessCluster" VitessCluster=example controller=VitessCluster namespace=vitess
[pod/vitess-operator-dcb9bc6cc-4bwlw/vitess-operator] time="2026-02-12T21:11:34Z" level=info msg="Reconciling EtcdLockserver" controller=EtcdLockserver etcdlockserver=example-etcd-faf13de3 namespace=vitess
[pod/vitess-operator-dcb9bc6cc-4bwlw/vitess-operator] time="2026-02-12T21:11:34Z" level=info msg="Reconciling EtcdLockserver" controller=EtcdLockserver etcdlockserver=example-etcd-faf13de3 namespace=vitess
[pod/vitess-operator-dcb9bc6cc-4bwlw/vitess-operator] time="2026-02-12T21:12:10Z" level=info msg="Reconciling VitessCluster" VitessCluster=example controller=VitessCluster namespace=vitess
[pod/vitess-operator-dcb9bc6cc-4bwlw/vitess-operator] time="2026-02-12T21:12:10Z" level=info msg="Reconciling VitessCell" controller=VitessCell namespace=vitess vitesscell=example-zone1-5abb61ae
[pod/vitess-operator-dcb9bc6cc-4bwlw/vitess-operator] time="2026-02-12T21:12:43Z" level=info msg="Reconciling EtcdLockserver" controller=EtcdLockserver etcdlockserver=example-etcd-faf13de3 namespace=vitess
[pod/vitess-operator-dcb9bc6cc-4bwlw/vitess-operator] time="2026-02-12T21:12:43Z" level=info msg="Reconciling VitessCluster" VitessCluster=example controller=VitessCluster namespace=vitess
[pod/vitess-operator-dcb9bc6cc-4bwlw/vitess-operator] time="2026-02-12T21:12:49Z" level=info msg="Reconciling EtcdLockserver" controller=EtcdLockserver etcdlockserver=example-etcd-faf13de3 namespace=vitess
[pod/vitess-operator-dcb9bc6cc-4bwlw/vitess-operator] time="2026-02-12T21:14:52Z" level=info msg="Reconciling VitessCell" controller=VitessCell namespace=vitess vitesscell=example-zone1-5abb61ae
[pod/vitess-operator-dcb9bc6cc-4bwlw/vitess-operator] time="2026-02-12T21:14:52Z" level=info msg="Reconciling VitessCluster" VitessCluster=example controller=VitessCluster namespace=vitess
[pod/vitess-operator-dcb9bc6cc-4bwlw/vitess-operator] time="2026-02-12T21:15:50Z" level=info msg="Reconciling EtcdLockserver" controller=EtcdLockserver etcdlockserver=example-etcd-faf13de3 namespace=vitess
[pod/vitess-operator-dcb9bc6cc-4bwlw/vitess-operator] time="2026-02-12T21:15:50Z" level=info msg="Reconciling EtcdLockserver" controller=EtcdLockserver etcdlockserver=example-etcd-faf13de3 namespace=vitess
[pod/vitess-operator-dcb9bc6cc-4bwlw/vitess-operator] time="2026-02-12T21:15:50Z" level=info msg="Reconciling EtcdLockserver" controller=EtcdLockserver etcdlockserver=example-etcd-faf13de3 namespace=vitess
[pod/vitess-operator-dcb9bc6cc-4bwlw/vitess-operator] time="2026-02-12T21:17:36Z" level=info msg="Reconciling VitessCluster" VitessCluster=example controller=VitessCluster namespace=vitess
[pod/vitess-operator-dcb9bc6cc-4bwlw/vitess-operator] time="2026-02-12T21:18:30Z" level=info msg="Reconciling VitessCell" controller=VitessCell namespace=vitess vitesscell=example-zone1-5abb61ae
[pod/vitess-operator-dcb9bc6cc-4bwlw/vitess-operator] time="2026-02-12T21:18:30Z" level=info msg="Reconciling EtcdLockserver" controller=EtcdLockserver etcdlockserver=example-etcd-faf13de3 namespace=vitess
[pod/vitess-operator-dcb9bc6cc-4bwlw/vitess-operator] time="2026-02-12T21:18:30Z" level=info msg="Reconciling VitessCluster" VitessCluster=example controller=VitessCluster namespace=vitess
[pod/vitess-operator-dcb9bc6cc-4bwlw/vitess-operator] time="2026-02-12T21:18:30Z" level=info msg="Reconciling EtcdLockserver" controller=EtcdLockserver etcdlockserver=example-etcd-faf13de3 namespace=vitess
[pod/vitess-operator-dcb9bc6cc-4bwlw/vitess-operator] time="2026-02-12T21:18:30Z" level=info msg="Reconciling VitessCluster" VitessCluster=example controller=VitessCluster namespace=vitess
[pod/vitess-operator-dcb9bc6cc-4bwlw/vitess-operator] time="2026-02-12T21:19:35Z" level=info msg="Reconciling VitessCell" controller=VitessCell namespace=vitess vitesscell=example-zone1-5abb61ae
[pod/vitess-operator-dcb9bc6cc-4bwlw/vitess-operator] time="2026-02-12T21:19:35Z" level=info msg="Reconciling VitessCluster" VitessCluster=example controller=VitessCluster namespace=vitess
[pod/vitess-operator-dcb9bc6cc-4bwlw/vitess-operator] time="2026-02-12T21:20:44Z" level=info msg="Reconciling EtcdLockserver" controller=EtcdLockserver etcdlockserver=example-etcd-faf13de3 namespace=vitess
[pod/vitess-operator-dcb9bc6cc-4bwlw/vitess-operator] time="2026-02-12T21:20:44Z" level=info msg="Reconciling EtcdLockserver" controller=EtcdLockserver etcdlockserver=example-etcd-faf13de3 namespace=vitess
[pod/vitess-operator-dcb9bc6cc-4bwlw/vitess-operator] time="2026-02-12T21:20:44Z" level=info msg="Reconciling EtcdLockserver" controller=EtcdLockserver etcdlockserver=example-etcd-faf13de3 namespace=vitess
[pod/vitess-operator-dcb9bc6cc-4bwlw/vitess-operator] time="2026-02-12T21:21:57Z" level=info msg="Reconciling EtcdLockserver" controller=EtcdLockserver etcdlockserver=example-etcd-faf13de3 namespace=vitess
[pod/vitess-operator-dcb9bc6cc-4bwlw/vitess-operator] time="2026-02-12T21:21:57Z" level=info msg="Reconciling VitessCluster" VitessCluster=example controller=VitessCluster namespace=vitess
[pod/vitess-operator-dcb9bc6cc-4bwlw/vitess-operator] time="2026-02-12T21:22:03Z" level=info msg="Reconciling EtcdLockserver" controller=EtcdLockserver etcdlockserver=example-etcd-faf13de3 namespace=vitess
[pod/vitess-operator-dcb9bc6cc-4bwlw/vitess-operator] time="2026-02-12T21:22:36Z" level=info msg="Reconciling VitessCell" controller=VitessCell namespace=vitess vitesscell=example-zone1-5abb61ae
[pod/vitess-operator-dcb9bc6cc-4bwlw/vitess-operator] time="2026-02-12T21:22:36Z" level=info msg="Reconciling VitessCluster" VitessCluster=example controller=VitessCluster namespace=vitess
[pod/vitess-operator-dcb9bc6cc-4bwlw/vitess-operator] time="2026-02-12T21:22:36Z" level=info msg="Reconciling VitessCell" controller=VitessCell namespace=vitess vitesscell=example-zone1-5abb61ae
[pod/vitess-operator-dcb9bc6cc-4bwlw/vitess-operator] time="2026-02-12T21:22:36Z" level=info msg="Reconciling VitessCluster" VitessCluster=example controller=VitessCluster namespace=vitess
[pod/vitess-operator-dcb9bc6cc-4bwlw/vitess-operator] time="2026-02-12T21:25:15Z" level=info msg="Reconciling EtcdLockserver" controller=EtcdLockserver etcdlockserver=example-etcd-faf13de3 namespace=vitess
[pod/vitess-operator-dcb9bc6cc-4bwlw/vitess-operator] time="2026-02-12T21:25:15Z" level=info msg="Reconciling EtcdLockserver" controller=EtcdLockserver etcdlockserver=example-etcd-faf13de3 namespace=vitess
[pod/vitess-operator-dcb9bc6cc-4bwlw/vitess-operator] time="2026-02-12T21:25:15Z" level=info msg="Reconciling EtcdLockserver" controller=EtcdLockserver etcdlockserver=example-etcd-faf13de3 namespace=vitess
[pod/vitess-operator-dcb9bc6cc-4bwlw/vitess-operator] time="2026-02-12T21:25:28Z" level=info msg="Reconciling VitessCell" controller=VitessCell namespace=vitess vitesscell=example-zone1-5abb61ae
[pod/vitess-operator-dcb9bc6cc-4bwlw/vitess-operator] time="2026-02-12T21:25:28Z" level=info msg="Reconciling VitessCluster" VitessCluster=example controller=VitessCluster namespace=vitess
[pod/vitess-operator-dcb9bc6cc-4bwlw/vitess-operator] time="2026-02-12T21:25:28Z" level=info msg="Reconciling VitessCell" controller=VitessCell namespace=vitess vitesscell=example-zone1-5abb61ae
[pod/vitess-operator-dcb9bc6cc-4bwlw/vitess-operator] time="2026-02-12T21:25:28Z" level=info msg="Reconciling VitessCluster" VitessCluster=example controller=VitessCluster namespace=vitess
[pod/vitess-operator-dcb9bc6cc-4bwlw/vitess-operator] time="2026-02-12T21:28:23Z" level=info msg="Reconciling VitessCluster" VitessCluster=example controller=VitessCluster namespace=vitess
[pod/vitess-operator-dcb9bc6cc-4bwlw/vitess-operator] time="2026-02-12T21:28:41Z" level=info msg="Reconciling EtcdLockserver" controller=EtcdLockserver etcdlockserver=example-etcd-faf13de3 namespace=vitess
[pod/vitess-operator-dcb9bc6cc-4bwlw/vitess-operator] time="2026-02-12T21:28:41Z" level=info msg="Reconciling VitessCell" controller=VitessCell namespace=vitess vitesscell=example-zone1-5abb61ae
[pod/vitess-operator-dcb9bc6cc-4bwlw/vitess-operator] time="2026-02-12T21:28:41Z" level=info msg="Reconciling VitessCluster" VitessCluster=example controller=VitessCluster namespace=vitess
[pod/vitess-operator-dcb9bc6cc-4bwlw/vitess-operator] time="2026-02-12T21:28:41Z" level=info msg="Reconciling EtcdLockserver" controller=EtcdLockserver etcdlockserver=example-etcd-faf13de3 namespace=vitess
[pod/vitess-operator-dcb9bc6cc-4bwlw/vitess-operator] time="2026-02-12T21:28:41Z" level=info msg="Reconciling VitessCluster" VitessCluster=example controller=VitessCluster namespace=vitess
[pod/vitess-operator-dcb9bc6cc-4bwlw/vitess-operator] time="2026-02-12T21:29:13Z" level=info msg="Reconciling VitessCluster" VitessCluster=example controller=VitessCluster namespace=vitess
[pod/vitess-operator-dcb9bc6cc-4bwlw/vitess-operator] time="2026-02-12T21:29:13Z" level=info msg="Reconciling VitessCell" controller=VitessCell namespace=vitess vitesscell=example-zone1-5abb61ae
[pod/vitess-operator-dcb9bc6cc-4bwlw/vitess-operator] time="2026-02-12T21:29:13Z" level=info msg="Reconciling VitessCluster" VitessCluster=example controller=VitessCluster namespace=vitess
[pod/vitess-operator-dcb9bc6cc-4bwlw/vitess-operator] time="2026-02-12T21:29:54Z" level=info msg="Reconciling EtcdLockserver" controller=EtcdLockserver etcdlockserver=example-etcd-faf13de3 namespace=vitess
[pod/vitess-operator-dcb9bc6cc-4bwlw/vitess-operator] time="2026-02-12T21:29:54Z" level=info msg="Reconciling EtcdLockserver" controller=EtcdLockserver etcdlockserver=example-etcd-faf13de3 namespace=vitess
[pod/vitess-operator-dcb9bc6cc-4bwlw/vitess-operator] time="2026-02-12T21:31:11Z" level=info msg="Reconciling EtcdLockserver" controller=EtcdLockserver etcdlockserver=example-etcd-faf13de3 namespace=vitess
[pod/vitess-operator-dcb9bc6cc-4bwlw/vitess-operator] time="2026-02-12T21:31:11Z" level=info msg="Reconciling VitessCluster" VitessCluster=example controller=VitessCluster namespace=vitess
[pod/vitess-operator-dcb9bc6cc-4bwlw/vitess-operator] time="2026-02-12T21:31:17Z" level=info msg="Reconciling EtcdLockserver" controller=EtcdLockserver etcdlockserver=example-etcd-faf13de3 namespace=vitess
[pod/vitess-operator-dcb9bc6cc-4bwlw/vitess-operator] time="2026-02-12T21:33:01Z" level=info msg="Reconciling VitessCell" controller=VitessCell namespace=vitess vitesscell=example-zone1-5abb61ae
[pod/vitess-operator-dcb9bc6cc-4bwlw/vitess-operator] time="2026-02-12T21:33:01Z" level=info msg="Reconciling VitessCluster" VitessCluster=example controller=VitessCluster namespace=vitess
[pod/vitess-operator-dcb9bc6cc-4bwlw/vitess-operator] time="2026-02-12T21:33:01Z" level=info msg="Reconciling VitessCell" controller=VitessCell namespace=vitess vitesscell=example-zone1-5abb61ae
[pod/vitess-operator-dcb9bc6cc-4bwlw/vitess-operator] time="2026-02-12T21:33:01Z" level=info msg="Reconciling VitessCell" controller=VitessCell namespace=vitess vitesscell=example-zone1-5abb61ae
[pod/vitess-operator-dcb9bc6cc-4bwlw/vitess-operator] time="2026-02-12T21:33:01Z" level=info msg="Reconciling VitessCluster" VitessCluster=example controller=VitessCluster namespace=vitess
[pod/vitess-operator-dcb9bc6cc-4bwlw/vitess-operator] time="2026-02-12T21:34:40Z" level=info msg="Reconciling EtcdLockserver" controller=EtcdLockserver etcdlockserver=example-etcd-faf13de3 namespace=vitess
[pod/vitess-operator-dcb9bc6cc-4bwlw/vitess-operator] time="2026-02-12T21:34:40Z" level=info msg="Reconciling EtcdLockserver" controller=EtcdLockserver etcdlockserver=example-etcd-faf13de3 namespace=vitess
[pod/vitess-operator-dcb9bc6cc-4bwlw/vitess-operator] time="2026-02-12T21:36:04Z" level=info msg="Reconciling VitessCell" controller=VitessCell namespace=vitess vitesscell=example-zone1-5abb61ae
[pod/vitess-operator-dcb9bc6cc-4bwlw/vitess-operator] time="2026-02-12T21:36:04Z" level=info msg="Reconciling VitessCluster" VitessCluster=example controller=VitessCluster namespace=vitess
[pod/vitess-operator-dcb9bc6cc-4bwlw/vitess-operator] time="2026-02-12T21:38:51Z" level=info msg="Reconciling EtcdLockserver" controller=EtcdLockserver etcdlockserver=example-etcd-faf13de3 namespace=vitess
[pod/vitess-operator-dcb9bc6cc-4bwlw/vitess-operator] time="2026-02-12T21:38:51Z" level=info msg="Reconciling VitessCell" controller=VitessCell namespace=vitess vitesscell=example-zone1-5abb61ae
[pod/vitess-operator-dcb9bc6cc-4bwlw/vitess-operator] time="2026-02-12T21:38:51Z" level=info msg="Reconciling VitessCluster" VitessCluster=example controller=VitessCluster namespace=vitess
[pod/vitess-operator-dcb9bc6cc-4bwlw/vitess-operator] time="2026-02-12T21:38:51Z" level=info msg="Reconciling EtcdLockserver" controller=EtcdLockserver etcdlockserver=example-etcd-faf13de3 namespace=vitess
[pod/vitess-operator-dcb9bc6cc-4bwlw/vitess-operator] time="2026-02-12T21:38:51Z" level=info msg="Reconciling VitessCluster" VitessCluster=example controller=VitessCluster namespace=vitess
[pod/vitess-operator-dcb9bc6cc-4bwlw/vitess-operator] time="2026-02-12T21:38:51Z" level=info msg="Reconciling VitessCell" controller=VitessCell namespace=vitess vitesscell=example-zone1-5abb61ae
[pod/vitess-operator-dcb9bc6cc-4bwlw/vitess-operator] time="2026-02-12T21:38:51Z" level=info msg="Reconciling VitessCluster" VitessCluster=example controller=VitessCluster namespace=vitess
[pod/vitess-operator-dcb9bc6cc-4bwlw/vitess-operator] time="2026-02-12T21:38:51Z" level=info msg="Reconciling VitessCell" controller=VitessCell namespace=vitess vitesscell=example-zone1-5abb61ae
[pod/vitess-operator-dcb9bc6cc-4bwlw/vitess-operator] time="2026-02-12T21:38:51Z" level=info msg="Reconciling VitessCluster" VitessCluster=example controller=VitessCluster namespace=vitess
[pod/vitess-operator-dcb9bc6cc-4bwlw/vitess-operator] time="2026-02-12T21:39:03Z" level=info msg="Reconciling EtcdLockserver" controller=EtcdLockserver etcdlockserver=example-etcd-faf13de3 namespace=vitess
[pod/vitess-operator-dcb9bc6cc-4bwlw/vitess-operator] time="2026-02-12T21:39:04Z" level=info msg="Reconciling EtcdLockserver" controller=EtcdLockserver etcdlockserver=example-etcd-faf13de3 namespace=vitess
[pod/vitess-operator-dcb9bc6cc-4bwlw/vitess-operator] time="2026-02-12T21:39:10Z" level=info msg="Reconciling VitessCluster" VitessCluster=example controller=VitessCluster namespace=vitess
[pod/vitess-operator-dcb9bc6cc-4bwlw/vitess-operator] time="2026-02-12T21:40:25Z" level=info msg="Reconciling EtcdLockserver" controller=EtcdLockserver etcdlockserver=example-etcd-faf13de3 namespace=vitess
[pod/vitess-operator-dcb9bc6cc-4bwlw/vitess-operator] time="2026-02-12T21:40:25Z" level=info msg="Reconciling VitessCluster" VitessCluster=example controller=VitessCluster namespace=vitess
[pod/vitess-operator-dcb9bc6cc-4bwlw/vitess-operator] time="2026-02-12T21:40:31Z" level=info msg="Reconciling EtcdLockserver" controller=EtcdLockserver etcdlockserver=example-etcd-faf13de3 namespace=vitess
[pod/vitess-operator-dcb9bc6cc-4bwlw/vitess-operator] time="2026-02-12T21:43:27Z" level=info msg="Reconciling VitessCluster" VitessCluster=example controller=VitessCluster namespace=vitess
[pod/vitess-operator-dcb9bc6cc-4bwlw/vitess-operator] time="2026-02-12T21:43:27Z" level=info msg="Reconciling VitessCell" controller=VitessCell namespace=vitess vitesscell=example-zone1-5abb61ae
[pod/vitess-operator-dcb9bc6cc-4bwlw/vitess-operator] time="2026-02-12T21:44:05Z" level=info msg="Reconciling EtcdLockserver" controller=EtcdLockserver etcdlockserver=example-etcd-faf13de3 namespace=vitess
[pod/vitess-operator-dcb9bc6cc-4bwlw/vitess-operator] time="2026-02-12T21:44:05Z" level=info msg="Reconciling EtcdLockserver" controller=EtcdLockserver etcdlockserver=example-etcd-faf13de3 namespace=vitess
[pod/vitess-operator-dcb9bc6cc-4bwlw/vitess-operator] time="2026-02-12T21:46:41Z" level=info msg="Reconciling VitessCell" controller=VitessCell namespace=vitess vitesscell=example-zone1-5abb61ae
[pod/vitess-operator-dcb9bc6cc-4bwlw/vitess-operator] time="2026-02-12T21:46:41Z" level=info msg="Reconciling VitessCluster" VitessCluster=example controller=VitessCluster namespace=vitess
[pod/vitess-operator-dcb9bc6cc-4bwlw/vitess-operator] time="2026-02-12T21:46:41Z" level=info msg="Reconciling VitessCell" controller=VitessCell namespace=vitess vitesscell=example-zone1-5abb61ae
[pod/vitess-operator-dcb9bc6cc-4bwlw/vitess-operator] time="2026-02-12T21:46:41Z" level=info msg="Reconciling VitessCluster" VitessCluster=example controller=VitessCluster namespace=vitess
[pod/vitess-operator-dcb9bc6cc-4bwlw/vitess-operator] time="2026-02-12T21:46:41Z" level=info msg="Reconciling VitessCell" controller=VitessCell namespace=vitess vitesscell=example-zone1-5abb61ae
[pod/vitess-operator-dcb9bc6cc-4bwlw/vitess-operator] time="2026-02-12T21:46:41Z" level=info msg="Reconciling VitessCell" controller=VitessCell namespace=vitess vitesscell=example-zone1-5abb61ae
[pod/vitess-operator-dcb9bc6cc-4bwlw/vitess-operator] time="2026-02-12T21:46:41Z" level=info msg="Reconciling VitessCluster" VitessCluster=example controller=VitessCluster namespace=vitess
[pod/vitess-operator-dcb9bc6cc-4bwlw/vitess-operator] time="2026-02-12T21:46:41Z" level=info msg="Reconciling VitessCell" controller=VitessCell namespace=vitess vitesscell=example-zone1-5abb61ae
[pod/vitess-operator-dcb9bc6cc-4bwlw/vitess-operator] time="2026-02-12T21:46:41Z" level=info msg="Reconciling VitessCluster" VitessCluster=example controller=VitessCluster namespace=vitess
[pod/vitess-operator-dcb9bc6cc-4bwlw/vitess-operator] time="2026-02-12T21:46:41Z" level=info msg="Reconciling VitessCell" controller=VitessCell namespace=vitess vitesscell=example-zone1-5abb61ae
[pod/vitess-operator-dcb9bc6cc-4bwlw/vitess-operator] time="2026-02-12T21:46:41Z" level=info msg="Reconciling VitessCell" controller=VitessCell namespace=vitess vitesscell=example-zone1-5abb61ae
[pod/vitess-operator-dcb9bc6cc-4bwlw/vitess-operator] time="2026-02-12T21:46:41Z" level=info msg="Reconciling VitessCluster" VitessCluster=example controller=VitessCluster namespace=vitess
[pod/vitess-operator-dcb9bc6cc-4bwlw/vitess-operator] time="2026-02-12T21:46:41Z" level=info msg="Reconciling VitessCell" controller=VitessCell namespace=vitess vitesscell=example-zone1-5abb61ae
[pod/vitess-operator-dcb9bc6cc-4bwlw/vitess-operator] time="2026-02-12T21:48:13Z" level=info msg="Reconciling EtcdLockserver" controller=EtcdLockserver etcdlockserver=example-etcd-faf13de3 namespace=vitess
[pod/vitess-operator-dcb9bc6cc-4bwlw/vitess-operator] time="2026-02-12T21:48:13Z" level=info msg="Reconciling EtcdLockserver" controller=EtcdLockserver etcdlockserver=example-etcd-faf13de3 namespace=vitess
[pod/vitess-operator-dcb9bc6cc-4bwlw/vitess-operator] time="2026-02-12T21:48:13Z" level=info msg="Reconciling EtcdLockserver" controller=EtcdLockserver etcdlockserver=example-etcd-faf13de3 namespace=vitess
[pod/vitess-operator-dcb9bc6cc-4bwlw/vitess-operator] time="2026-02-12T21:48:29Z" level=info msg="Reconciling VitessCluster" VitessCluster=example controller=VitessCluster namespace=vitess
[pod/vitess-operator-dcb9bc6cc-4bwlw/vitess-operator] time="2026-02-12T21:48:29Z" level=info msg="Reconciling VitessCell" controller=VitessCell namespace=vitess vitesscell=example-zone1-5abb61ae
[pod/vitess-operator-dcb9bc6cc-4bwlw/vitess-operator] time="2026-02-12T21:48:29Z" level=info msg="Reconciling VitessCell" controller=VitessCell namespace=vitess vitesscell=example-zone1-5abb61ae
[pod/vitess-operator-dcb9bc6cc-4bwlw/vitess-operator] time="2026-02-12T21:48:29Z" level=info msg="Reconciling VitessCluster" VitessCluster=example controller=VitessCluster namespace=vitess
[pod/vitess-operator-dcb9bc6cc-4bwlw/vitess-operator] time="2026-02-12T21:49:01Z" level=info msg="Reconciling VitessCluster" VitessCluster=example controller=VitessCluster namespace=vitess
[pod/vitess-operator-dcb9bc6cc-4bwlw/vitess-operator] time="2026-02-12T21:49:01Z" level=info msg="Reconciling VitessCell" controller=VitessCell namespace=vitess vitesscell=example-zone1-5abb61ae
[pod/vitess-operator-dcb9bc6cc-4bwlw/vitess-operator] time="2026-02-12T21:49:01Z" level=info msg="Reconciling EtcdLockserver" controller=EtcdLockserver etcdlockserver=example-etcd-faf13de3 namespace=vitess
[pod/vitess-operator-dcb9bc6cc-4bwlw/vitess-operator] time="2026-02-12T21:49:01Z" level=info msg="Reconciling EtcdLockserver" controller=EtcdLockserver etcdlockserver=example-etcd-faf13de3 namespace=vitess
[pod/vitess-operator-dcb9bc6cc-4bwlw/vitess-operator] time="2026-02-12T21:49:01Z" level=info msg="Reconciling VitessCluster" VitessCluster=example controller=VitessCluster namespace=vitess
[pod/vitess-operator-dcb9bc6cc-4bwlw/vitess-operator] time="2026-02-12T21:49:39Z" level=info msg="Reconciling EtcdLockserver" controller=EtcdLockserver etcdlockserver=example-etcd-faf13de3 namespace=vitess
[pod/vitess-operator-dcb9bc6cc-4bwlw/vitess-operator] time="2026-02-12T21:49:39Z" level=info msg="Reconciling VitessCluster" VitessCluster=example controller=VitessCluster namespace=vitess
[pod/vitess-operator-dcb9bc6cc-4bwlw/vitess-operator] time="2026-02-12T21:49:46Z" level=info msg="Reconciling EtcdLockserver" controller=EtcdLockserver etcdlockserver=example-etcd-faf13de3 namespace=vitess
[pod/vitess-operator-dcb9bc6cc-4bwlw/vitess-operator] time="2026-02-12T21:49:58Z" level=info msg="Reconciling VitessCluster" VitessCluster=example controller=VitessCluster namespace=vitess
[pod/vitess-operator-dcb9bc6cc-4bwlw/vitess-operator] time="2026-02-12T21:53:30Z" level=info msg="Reconciling EtcdLockserver" controller=EtcdLockserver etcdlockserver=example-etcd-faf13de3 namespace=vitess
[pod/vitess-operator-dcb9bc6cc-4bwlw/vitess-operator] time="2026-02-12T21:53:30Z" level=info msg="Reconciling EtcdLockserver" controller=EtcdLockserver etcdlockserver=example-etcd-faf13de3 namespace=vitess
[pod/vitess-operator-dcb9bc6cc-4bwlw/vitess-operator] time="2026-02-12T21:53:30Z" level=info msg="Reconciling EtcdLockserver" controller=EtcdLockserver etcdlockserver=example-etcd-faf13de3 namespace=vitess
[pod/vitess-operator-dcb9bc6cc-4bwlw/vitess-operator] time="2026-02-12T21:53:52Z" level=info msg="Reconciling VitessCluster" VitessCluster=example controller=VitessCluster namespace=vitess
[pod/vitess-operator-dcb9bc6cc-4bwlw/vitess-operator] time="2026-02-12T21:53:52Z" level=info msg="Reconciling VitessCell" controller=VitessCell namespace=vitess vitesscell=example-zone1-5abb61ae
[pod/vitess-operator-dcb9bc6cc-4bwlw/vitess-operator] time="2026-02-12T21:57:17Z" level=info msg="Reconciling VitessCell" controller=VitessCell namespace=vitess vitesscell=example-zone1-5abb61ae
[pod/vitess-operator-dcb9bc6cc-4bwlw/vitess-operator] time="2026-02-12T21:57:17Z" level=info msg="Reconciling VitessCluster" VitessCluster=example controller=VitessCluster namespace=vitess
[pod/vitess-operator-dcb9bc6cc-4bwlw/vitess-operator] time="2026-02-12T21:57:17Z" level=info msg="Reconciling VitessCell" controller=VitessCell namespace=vitess vitesscell=example-zone1-5abb61ae
[pod/vitess-operator-dcb9bc6cc-4bwlw/vitess-operator] time="2026-02-12T21:57:17Z" level=info msg="Reconciling VitessCluster" VitessCluster=example controller=VitessCluster namespace=vitess
[pod/vitess-operator-dcb9bc6cc-4bwlw/vitess-operator] time="2026-02-12T21:57:17Z" level=info msg="Reconciling VitessCell" controller=VitessCell namespace=vitess vitesscell=example-zone1-5abb61ae
[pod/vitess-operator-dcb9bc6cc-4bwlw/vitess-operator] time="2026-02-12T21:57:17Z" level=info msg="Reconciling VitessCell" controller=VitessCell namespace=vitess vitesscell=example-zone1-5abb61ae
[pod/vitess-operator-dcb9bc6cc-4bwlw/vitess-operator] time="2026-02-12T21:57:17Z" level=info msg="Reconciling VitessCluster" VitessCluster=example controller=VitessCluster namespace=vitess
[pod/vitess-operator-dcb9bc6cc-4bwlw/vitess-operator] time="2026-02-12T21:57:17Z" level=info msg="Reconciling VitessCell" controller=VitessCell namespace=vitess vitesscell=example-zone1-5abb61ae
[pod/vitess-operator-dcb9bc6cc-4bwlw/vitess-operator] time="2026-02-12T21:57:17Z" level=info msg="Reconciling VitessCluster" VitessCluster=example controller=VitessCluster namespace=vitess
[pod/vitess-operator-dcb9bc6cc-4bwlw/vitess-operator] time="2026-02-12T21:57:23Z" level=info msg="Reconciling EtcdLockserver" controller=EtcdLockserver etcdlockserver=example-etcd-faf13de3 namespace=vitess
[pod/vitess-operator-dcb9bc6cc-4bwlw/vitess-operator] time="2026-02-12T21:57:23Z" level=info msg="Reconciling EtcdLockserver" controller=EtcdLockserver etcdlockserver=example-etcd-faf13de3 namespace=vitess
[pod/vitess-operator-dcb9bc6cc-4bwlw/vitess-operator] time="2026-02-12T21:58:07Z" level=info msg="Reconciling VitessCell" controller=VitessCell namespace=vitess vitesscell=example-zone1-5abb61ae
[pod/vitess-operator-dcb9bc6cc-4bwlw/vitess-operator] time="2026-02-12T21:58:07Z" level=info msg="Reconciling VitessCluster" VitessCluster=example controller=VitessCluster namespace=vitess
[pod/vitess-operator-dcb9bc6cc-4bwlw/vitess-operator] time="2026-02-12T21:58:07Z" level=info msg="Reconciling VitessCell" controller=VitessCell namespace=vitess vitesscell=example-zone1-5abb61ae
[pod/vitess-operator-dcb9bc6cc-4bwlw/vitess-operator] time="2026-02-12T21:58:07Z" level=info msg="Reconciling VitessCell" controller=VitessCell namespace=vitess vitesscell=example-zone1-5abb61ae
[pod/vitess-operator-dcb9bc6cc-4bwlw/vitess-operator] time="2026-02-12T21:58:07Z" level=info msg="Reconciling VitessCluster" VitessCluster=example controller=VitessCluster namespace=vitess
[pod/vitess-operator-dcb9bc6cc-4bwlw/vitess-operator] time="2026-02-12T21:58:53Z" level=info msg="Reconciling EtcdLockserver" controller=EtcdLockserver etcdlockserver=example-etcd-faf13de3 namespace=vitess
[pod/vitess-operator-dcb9bc6cc-4bwlw/vitess-operator] time="2026-02-12T21:58:53Z" level=info msg="Reconciling VitessCluster" VitessCluster=example controller=VitessCluster namespace=vitess
[pod/vitess-operator-dcb9bc6cc-4bwlw/vitess-operator] time="2026-02-12T21:59:00Z" level=info msg="Reconciling EtcdLockserver" controller=EtcdLockserver etcdlockserver=example-etcd-faf13de3 namespace=vitess
[pod/vitess-operator-dcb9bc6cc-4bwlw/vitess-operator] time="2026-02-12T21:59:11Z" level=info msg="Reconciling VitessCluster" VitessCluster=example controller=VitessCluster namespace=vitess
[pod/vitess-operator-dcb9bc6cc-4bwlw/vitess-operator] time="2026-02-12T21:59:11Z" level=info msg="Reconciling VitessCell" controller=VitessCell namespace=vitess vitesscell=example-zone1-5abb61ae
[pod/vitess-operator-dcb9bc6cc-4bwlw/vitess-operator] time="2026-02-12T21:59:11Z" level=info msg="Reconciling EtcdLockserver" controller=EtcdLockserver etcdlockserver=example-etcd-faf13de3 namespace=vitess
[pod/vitess-operator-dcb9bc6cc-4bwlw/vitess-operator] time="2026-02-12T21:59:11Z" level=info msg="Reconciling EtcdLockserver" controller=EtcdLockserver etcdlockserver=example-etcd-faf13de3 namespace=vitess
[pod/vitess-operator-dcb9bc6cc-4bwlw/vitess-operator] time="2026-02-12T21:59:12Z" level=info msg="Reconciling VitessCluster" VitessCluster=example controller=VitessCluster namespace=vitess
[pod/vitess-operator-dcb9bc6cc-4bwlw/vitess-operator] time="2026-02-12T22:00:45Z" level=info msg="Reconciling VitessCluster" VitessCluster=example controller=VitessCluster namespace=vitess
[pod/vitess-operator-dcb9bc6cc-4bwlw/vitess-operator] time="2026-02-12T22:02:55Z" level=info msg="Reconciling EtcdLockserver" controller=EtcdLockserver etcdlockserver=example-etcd-faf13de3 namespace=vitess
[pod/vitess-operator-dcb9bc6cc-4bwlw/vitess-operator] time="2026-02-12T22:02:55Z" level=info msg="Reconciling EtcdLockserver" controller=EtcdLockserver etcdlockserver=example-etcd-faf13de3 namespace=vitess
[pod/vitess-operator-dcb9bc6cc-4bwlw/vitess-operator] time="2026-02-12T22:04:18Z" level=info msg="Reconciling VitessCluster" VitessCluster=example controller=VitessCluster namespace=vitess
[pod/vitess-operator-dcb9bc6cc-4bwlw/vitess-operator] time="2026-02-12T22:04:18Z" level=info msg="Reconciling VitessCell" controller=VitessCell namespace=vitess vitesscell=example-zone1-5abb61ae
[pod/vitess-operator-dcb9bc6cc-4bwlw/vitess-operator] time="2026-02-12T22:06:33Z" level=info msg="Reconciling EtcdLockserver" controller=EtcdLockserver etcdlockserver=example-etcd-faf13de3 namespace=vitess
[pod/vitess-operator-dcb9bc6cc-4bwlw/vitess-operator] time="2026-02-12T22:06:33Z" level=info msg="Reconciling EtcdLockserver" controller=EtcdLockserver etcdlockserver=example-etcd-faf13de3 namespace=vitess
[pod/vitess-operator-dcb9bc6cc-4bwlw/vitess-operator] time="2026-02-12T22:06:33Z" level=info msg="Reconciling EtcdLockserver" controller=EtcdLockserver etcdlockserver=example-etcd-faf13de3 namespace=vitess
[pod/vitess-operator-dcb9bc6cc-4bwlw/vitess-operator] time="2026-02-12T22:07:46Z" level=info msg="Reconciling VitessCell" controller=VitessCell namespace=vitess vitesscell=example-zone1-5abb61ae
[pod/vitess-operator-dcb9bc6cc-4bwlw/vitess-operator] time="2026-02-12T22:07:46Z" level=info msg="Reconciling VitessCluster" VitessCluster=example controller=VitessCluster namespace=vitess
[pod/vitess-operator-dcb9bc6cc-4bwlw/vitess-operator] time="2026-02-12T22:07:46Z" level=info msg="Reconciling VitessCell" controller=VitessCell namespace=vitess vitesscell=example-zone1-5abb61ae
[pod/vitess-operator-dcb9bc6cc-4bwlw/vitess-operator] time="2026-02-12T22:07:46Z" level=info msg="Reconciling VitessCluster" VitessCluster=example controller=VitessCluster namespace=vitess
[pod/vitess-operator-dcb9bc6cc-4bwlw/vitess-operator] time="2026-02-12T22:07:46Z" level=info msg="Reconciling VitessCell" controller=VitessCell namespace=vitess vitesscell=example-zone1-5abb61ae
[pod/vitess-operator-dcb9bc6cc-4bwlw/vitess-operator] time="2026-02-12T22:07:46Z" level=info msg="Reconciling VitessCell" controller=VitessCell namespace=vitess vitesscell=example-zone1-5abb61ae
[pod/vitess-operator-dcb9bc6cc-4bwlw/vitess-operator] time="2026-02-12T22:07:46Z" level=info msg="Reconciling VitessCluster" VitessCluster=example controller=VitessCluster namespace=vitess
[pod/vitess-operator-dcb9bc6cc-4bwlw/vitess-operator] time="2026-02-12T22:07:46Z" level=info msg="Reconciling VitessCell" controller=VitessCell namespace=vitess vitesscell=example-zone1-5abb61ae
[pod/vitess-operator-dcb9bc6cc-4bwlw/vitess-operator] time="2026-02-12T22:07:46Z" level=info msg="Reconciling VitessCell" controller=VitessCell namespace=vitess vitesscell=example-zone1-5abb61ae
[pod/vitess-operator-dcb9bc6cc-4bwlw/vitess-operator] time="2026-02-12T22:07:46Z" level=info msg="Reconciling VitessCluster" VitessCluster=example controller=VitessCluster namespace=vitess
[pod/vitess-operator-dcb9bc6cc-4bwlw/vitess-operator] time="2026-02-12T22:07:46Z" level=info msg="Reconciling VitessCell" controller=VitessCell namespace=vitess vitesscell=example-zone1-5abb61ae
[pod/vitess-operator-dcb9bc6cc-4bwlw/vitess-operator] time="2026-02-12T22:07:46Z" level=info msg="Reconciling VitessCell" controller=VitessCell namespace=vitess vitesscell=example-zone1-5abb61ae
[pod/vitess-operator-dcb9bc6cc-4bwlw/vitess-operator] time="2026-02-12T22:07:46Z" level=info msg="Reconciling VitessCluster" VitessCluster=example controller=VitessCluster namespace=vitess
[pod/vitess-operator-dcb9bc6cc-4bwlw/vitess-operator] time="2026-02-12T22:07:46Z" level=info msg="Reconciling VitessCell" controller=VitessCell namespace=vitess vitesscell=example-zone1-5abb61ae
[pod/vitess-operator-dcb9bc6cc-4bwlw/vitess-operator] time="2026-02-12T22:07:46Z" level=info msg="Reconciling VitessCell" controller=VitessCell namespace=vitess vitesscell=example-zone1-5abb61ae
[pod/vitess-operator-dcb9bc6cc-4bwlw/vitess-operator] time="2026-02-12T22:07:46Z" level=info msg="Reconciling VitessCluster" VitessCluster=example controller=VitessCluster namespace=vitess
[pod/vitess-operator-dcb9bc6cc-4bwlw/vitess-operator] time="2026-02-12T22:07:53Z" level=info msg="Reconciling VitessCell" controller=VitessCell namespace=vitess vitesscell=example-zone1-5abb61ae
[pod/vitess-operator-dcb9bc6cc-4bwlw/vitess-operator] time="2026-02-12T22:07:53Z" level=info msg="Reconciling VitessCluster" VitessCluster=example controller=VitessCluster namespace=vitess
[pod/vitess-operator-dcb9bc6cc-4bwlw/vitess-operator] time="2026-02-12T22:07:53Z" level=info msg="Reconciling VitessCell" controller=VitessCell namespace=vitess vitesscell=example-zone1-5abb61ae
[pod/vitess-operator-dcb9bc6cc-4bwlw/vitess-operator] time="2026-02-12T22:07:53Z" level=info msg="Reconciling VitessCluster" VitessCluster=example controller=VitessCluster namespace=vitess
[pod/vitess-operator-dcb9bc6cc-4bwlw/vitess-operator] time="2026-02-12T22:08:07Z" level=info msg="Reconciling EtcdLockserver" controller=EtcdLockserver etcdlockserver=example-etcd-faf13de3 namespace=vitess
[pod/vitess-operator-dcb9bc6cc-4bwlw/vitess-operator] time="2026-02-12T22:08:07Z" level=info msg="Reconciling VitessCluster" VitessCluster=example controller=VitessCluster namespace=vitess
[pod/vitess-operator-dcb9bc6cc-4bwlw/vitess-operator] time="2026-02-12T22:08:14Z" level=info msg="Reconciling EtcdLockserver" controller=EtcdLockserver etcdlockserver=example-etcd-faf13de3 namespace=vitess
[pod/vitess-operator-dcb9bc6cc-4bwlw/vitess-operator] time="2026-02-12T22:09:22Z" level=info msg="Reconciling VitessCluster" VitessCluster=example controller=VitessCluster namespace=vitess
[pod/vitess-operator-dcb9bc6cc-4bwlw/vitess-operator] time="2026-02-12T22:09:22Z" level=info msg="Reconciling VitessCell" controller=VitessCell namespace=vitess vitesscell=example-zone1-5abb61ae
[pod/vitess-operator-dcb9bc6cc-4bwlw/vitess-operator] time="2026-02-12T22:09:22Z" level=info msg="Reconciling EtcdLockserver" controller=EtcdLockserver etcdlockserver=example-etcd-faf13de3 namespace=vitess
[pod/vitess-operator-dcb9bc6cc-4bwlw/vitess-operator] time="2026-02-12T22:09:22Z" level=info msg="Reconciling EtcdLockserver" controller=EtcdLockserver etcdlockserver=example-etcd-faf13de3 namespace=vitess
[pod/vitess-operator-dcb9bc6cc-4bwlw/vitess-operator] time="2026-02-12T22:09:22Z" level=info msg="Reconciling VitessCluster" VitessCluster=example controller=VitessCluster namespace=vitess
[pod/vitess-operator-dcb9bc6cc-4bwlw/vitess-operator] time="2026-02-12T22:11:32Z" level=info msg="Reconciling VitessCluster" VitessCluster=example controller=VitessCluster namespace=vitess
[pod/vitess-operator-dcb9bc6cc-4bwlw/vitess-operator] time="2026-02-12T22:12:20Z" level=info msg="Reconciling EtcdLockserver" controller=EtcdLockserver etcdlockserver=example-etcd-faf13de3 namespace=vitess
[pod/vitess-operator-dcb9bc6cc-4bwlw/vitess-operator] time="2026-02-12T22:12:20Z" level=info msg="Reconciling EtcdLockserver" controller=EtcdLockserver etcdlockserver=example-etcd-faf13de3 namespace=vitess
[pod/vitess-operator-dcb9bc6cc-4bwlw/vitess-operator] time="2026-02-12T22:14:44Z" level=info msg="Reconciling VitessCell" controller=VitessCell namespace=vitess vitesscell=example-zone1-5abb61ae
[pod/vitess-operator-dcb9bc6cc-4bwlw/vitess-operator] time="2026-02-12T22:14:44Z" level=info msg="Reconciling VitessCluster" VitessCluster=example controller=VitessCluster namespace=vitess
[pod/vitess-operator-dcb9bc6cc-4bwlw/vitess-operator] time="2026-02-12T22:15:43Z" level=info msg="Reconciling EtcdLockserver" controller=EtcdLockserver etcdlockserver=example-etcd-faf13de3 namespace=vitess
[pod/vitess-operator-dcb9bc6cc-4bwlw/vitess-operator] time="2026-02-12T22:15:43Z" level=info msg="Reconciling EtcdLockserver" controller=EtcdLockserver etcdlockserver=example-etcd-faf13de3 namespace=vitess
[pod/vitess-operator-dcb9bc6cc-4bwlw/vitess-operator] time="2026-02-12T22:15:43Z" level=info msg="Reconciling EtcdLockserver" controller=EtcdLockserver etcdlockserver=example-etcd-faf13de3 namespace=vitess
[pod/vitess-operator-dcb9bc6cc-4bwlw/vitess-operator] time="2026-02-12T22:17:21Z" level=info msg="Reconciling EtcdLockserver" controller=EtcdLockserver etcdlockserver=example-etcd-faf13de3 namespace=vitess
[pod/vitess-operator-dcb9bc6cc-4bwlw/vitess-operator] time="2026-02-12T22:17:21Z" level=info msg="Reconciling VitessCluster" VitessCluster=example controller=VitessCluster namespace=vitess
[pod/vitess-operator-dcb9bc6cc-4bwlw/vitess-operator] time="2026-02-12T22:17:24Z" level=info msg="Reconciling VitessCell" controller=VitessCell namespace=vitess vitesscell=example-zone1-5abb61ae
[pod/vitess-operator-dcb9bc6cc-4bwlw/vitess-operator] time="2026-02-12T22:17:24Z" level=info msg="Reconciling VitessCluster" VitessCluster=example controller=VitessCluster namespace=vitess
[pod/vitess-operator-dcb9bc6cc-4bwlw/vitess-operator] time="2026-02-12T22:17:24Z" level=info msg="Reconciling VitessCluster" VitessCluster=example controller=VitessCluster namespace=vitess
[pod/vitess-operator-dcb9bc6cc-4bwlw/vitess-operator] time="2026-02-12T22:17:28Z" level=info msg="Reconciling EtcdLockserver" controller=EtcdLockserver etcdlockserver=example-etcd-faf13de3 namespace=vitess
[pod/vitess-operator-dcb9bc6cc-4bwlw/vitess-operator] time="2026-02-12T22:18:30Z" level=info msg="Reconciling VitessCell" controller=VitessCell namespace=vitess vitesscell=example-zone1-5abb61ae
[pod/vitess-operator-dcb9bc6cc-4bwlw/vitess-operator] time="2026-02-12T22:18:30Z" level=info msg="Reconciling VitessCluster" VitessCluster=example controller=VitessCluster namespace=vitess
[pod/vitess-operator-dcb9bc6cc-4bwlw/vitess-operator] time="2026-02-12T22:18:30Z" level=info msg="Reconciling VitessCell" controller=VitessCell namespace=vitess vitesscell=example-zone1-5abb61ae
[pod/vitess-operator-dcb9bc6cc-4bwlw/vitess-operator] time="2026-02-12T22:18:30Z" level=info msg="Reconciling VitessCluster" VitessCluster=example controller=VitessCluster namespace=vitess
[pod/vitess-operator-dcb9bc6cc-4bwlw/vitess-operator] time="2026-02-12T22:18:30Z" level=info msg="Reconciling VitessCell" controller=VitessCell namespace=vitess vitesscell=example-zone1-5abb61ae
[pod/vitess-operator-dcb9bc6cc-4bwlw/vitess-operator] time="2026-02-12T22:18:30Z" level=info msg="Reconciling VitessCluster" VitessCluster=example controller=VitessCluster namespace=vitess
[pod/vitess-operator-dcb9bc6cc-4bwlw/vitess-operator] time="2026-02-12T22:19:32Z" level=info msg="Reconciling EtcdLockserver" controller=EtcdLockserver etcdlockserver=example-etcd-faf13de3 namespace=vitess
[pod/vitess-operator-dcb9bc6cc-4bwlw/vitess-operator] time="2026-02-12T22:19:32Z" level=info msg="Reconciling VitessCluster" VitessCluster=example controller=VitessCluster namespace=vitess
[pod/vitess-operator-dcb9bc6cc-4bwlw/vitess-operator] time="2026-02-12T22:19:32Z" level=info msg="Reconciling VitessCell" controller=VitessCell namespace=vitess vitesscell=example-zone1-5abb61ae
[pod/vitess-operator-dcb9bc6cc-4bwlw/vitess-operator] time="2026-02-12T22:19:32Z" level=info msg="Reconciling EtcdLockserver" controller=EtcdLockserver etcdlockserver=example-etcd-faf13de3 namespace=vitess
[pod/vitess-operator-dcb9bc6cc-4bwlw/vitess-operator] time="2026-02-12T22:19:32Z" level=info msg="Reconciling VitessCell" controller=VitessCell namespace=vitess vitesscell=example-zone1-5abb61ae
[pod/vitess-operator-dcb9bc6cc-4bwlw/vitess-operator] time="2026-02-12T22:19:32Z" level=info msg="Reconciling VitessCluster" VitessCluster=example controller=VitessCluster namespace=vitess
[pod/vitess-operator-dcb9bc6cc-4bwlw/vitess-operator] time="2026-02-12T22:19:32Z" level=info msg="Reconciling VitessCell" controller=VitessCell namespace=vitess vitesscell=example-zone1-5abb61ae
[pod/vitess-operator-dcb9bc6cc-4bwlw/vitess-operator] time="2026-02-12T22:19:32Z" level=info msg="Reconciling VitessCluster" VitessCluster=example controller=VitessCluster namespace=vitess
[pod/vitess-operator-dcb9bc6cc-4bwlw/vitess-operator] time="2026-02-12T22:21:45Z" level=info msg="Reconciling EtcdLockserver" controller=EtcdLockserver etcdlockserver=example-etcd-faf13de3 namespace=vitess
[pod/vitess-operator-dcb9bc6cc-4bwlw/vitess-operator] time="2026-02-12T22:21:45Z" level=info msg="Reconciling EtcdLockserver" controller=EtcdLockserver etcdlockserver=example-etcd-faf13de3 namespace=vitess
[pod/vitess-operator-dcb9bc6cc-4bwlw/vitess-operator] time="2026-02-12T22:22:20Z" level=info msg="Reconciling VitessCluster" VitessCluster=example controller=VitessCluster namespace=vitess
[pod/vitess-operator-dcb9bc6cc-4bwlw/vitess-operator] time="2026-02-12T22:24:53Z" level=info msg="Reconciling EtcdLockserver" controller=EtcdLockserver etcdlockserver=example-etcd-faf13de3 namespace=vitess
[pod/vitess-operator-dcb9bc6cc-4bwlw/vitess-operator] time="2026-02-12T22:24:53Z" level=info msg="Reconciling EtcdLockserver" controller=EtcdLockserver etcdlockserver=example-etcd-faf13de3 namespace=vitess
[pod/vitess-operator-dcb9bc6cc-4bwlw/vitess-operator] time="2026-02-12T22:25:09Z" level=info msg="Reconciling VitessCluster" VitessCluster=example controller=VitessCluster namespace=vitess
[pod/vitess-operator-dcb9bc6cc-4bwlw/vitess-operator] time="2026-02-12T22:25:09Z" level=info msg="Reconciling VitessCell" controller=VitessCell namespace=vitess vitesscell=example-zone1-5abb61ae
[pod/vitess-operator-dcb9bc6cc-4bwlw/vitess-operator] time="2026-02-12T22:26:35Z" level=info msg="Reconciling EtcdLockserver" controller=EtcdLockserver etcdlockserver=example-etcd-faf13de3 namespace=vitess
[pod/vitess-operator-dcb9bc6cc-4bwlw/vitess-operator] time="2026-02-12T22:26:35Z" level=info msg="Reconciling VitessCluster" VitessCluster=example controller=VitessCluster namespace=vitess
[pod/vitess-operator-dcb9bc6cc-4bwlw/vitess-operator] time="2026-02-12T22:26:43Z" level=info msg="Reconciling EtcdLockserver" controller=EtcdLockserver etcdlockserver=example-etcd-faf13de3 namespace=vitess
[pod/vitess-operator-dcb9bc6cc-4bwlw/vitess-operator] time="2026-02-12T22:27:02Z" level=info msg="Reconciling VitessCluster" VitessCluster=example controller=VitessCluster namespace=vitess
[pod/vitess-operator-dcb9bc6cc-4bwlw/vitess-operator] time="2026-02-12T22:27:02Z" level=info msg="Reconciling VitessCell" controller=VitessCell namespace=vitess vitesscell=example-zone1-5abb61ae
[pod/vitess-operator-dcb9bc6cc-4bwlw/vitess-operator] time="2026-02-12T22:27:02Z" level=info msg="Reconciling VitessCluster" VitessCluster=example controller=VitessCluster namespace=vitess
[pod/vitess-operator-dcb9bc6cc-4bwlw/vitess-operator] time="2026-02-12T22:29:06Z" level=info msg="Reconciling VitessCell" controller=VitessCell namespace=vitess vitesscell=example-zone1-5abb61ae
[pod/vitess-operator-dcb9bc6cc-4bwlw/vitess-operator] time="2026-02-12T22:29:06Z" level=info msg="Reconciling VitessCluster" VitessCluster=example controller=VitessCluster namespace=vitess
[pod/vitess-operator-dcb9bc6cc-4bwlw/vitess-operator] time="2026-02-12T22:29:42Z" level=info msg="Reconciling VitessCluster" VitessCluster=example controller=VitessCluster namespace=vitess
[pod/vitess-operator-dcb9bc6cc-4bwlw/vitess-operator] time="2026-02-12T22:29:42Z" level=info msg="Reconciling VitessCell" controller=VitessCell namespace=vitess vitesscell=example-zone1-5abb61ae
[pod/vitess-operator-dcb9bc6cc-4bwlw/vitess-operator] time="2026-02-12T22:29:42Z" level=info msg="Reconciling EtcdLockserver" controller=EtcdLockserver etcdlockserver=example-etcd-faf13de3 namespace=vitess
[pod/vitess-operator-dcb9bc6cc-4bwlw/vitess-operator] time="2026-02-12T22:29:42Z" level=info msg="Reconciling EtcdLockserver" controller=EtcdLockserver etcdlockserver=example-etcd-faf13de3 namespace=vitess
[pod/vitess-operator-dcb9bc6cc-4bwlw/vitess-operator] time="2026-02-12T22:29:42Z" level=info msg="Reconciling VitessCluster" VitessCluster=example controller=VitessCluster namespace=vitess
[pod/vitess-operator-dcb9bc6cc-4bwlw/vitess-operator] time="2026-02-12T22:31:10Z" level=info msg="Reconciling EtcdLockserver" controller=EtcdLockserver etcdlockserver=example-etcd-faf13de3 namespace=vitess
[pod/vitess-operator-dcb9bc6cc-4bwlw/vitess-operator] time="2026-02-12T22:31:10Z" level=info msg="Reconciling EtcdLockserver" controller=EtcdLockserver etcdlockserver=example-etcd-faf13de3 namespace=vitess
[pod/vitess-operator-dcb9bc6cc-4bwlw/vitess-operator] time="2026-02-12T22:31:10Z" level=info msg="Reconciling EtcdLockserver" controller=EtcdLockserver etcdlockserver=example-etcd-faf13de3 namespace=vitess
[pod/vitess-operator-dcb9bc6cc-4bwlw/vitess-operator] time="2026-02-12T22:33:07Z" level=info msg="Reconciling VitessCluster" VitessCluster=example controller=VitessCluster namespace=vitess
[pod/vitess-operator-dcb9bc6cc-4bwlw/vitess-operator] time="2026-02-12T22:34:03Z" level=info msg="Reconciling EtcdLockserver" controller=EtcdLockserver etcdlockserver=example-etcd-faf13de3 namespace=vitess
[pod/vitess-operator-dcb9bc6cc-4bwlw/vitess-operator] time="2026-02-12T22:34:03Z" level=info msg="Reconciling EtcdLockserver" controller=EtcdLockserver etcdlockserver=example-etcd-faf13de3 namespace=vitess
[pod/vitess-operator-dcb9bc6cc-4bwlw/vitess-operator] time="2026-02-12T22:35:35Z" level=info msg="Reconciling VitessCell" controller=VitessCell namespace=vitess vitesscell=example-zone1-5abb61ae
[pod/vitess-operator-dcb9bc6cc-4bwlw/vitess-operator] time="2026-02-12T22:35:35Z" level=info msg="Reconciling VitessCluster" VitessCluster=example controller=VitessCluster namespace=vitess
[pod/vitess-operator-dcb9bc6cc-4bwlw/vitess-operator] time="2026-02-12T22:35:35Z" level=info msg="Reconciling VitessCell" controller=VitessCell namespace=vitess vitesscell=example-zone1-5abb61ae
[pod/vitess-operator-dcb9bc6cc-4bwlw/vitess-operator] time="2026-02-12T22:35:35Z" level=info msg="Reconciling VitessCluster" VitessCluster=example controller=VitessCluster namespace=vitess
[pod/vitess-operator-dcb9bc6cc-4bwlw/vitess-operator] time="2026-02-12T22:35:35Z" level=info msg="Reconciling VitessCell" controller=VitessCell namespace=vitess vitesscell=example-zone1-5abb61ae
[pod/vitess-operator-dcb9bc6cc-4bwlw/vitess-operator] time="2026-02-12T22:35:35Z" level=info msg="Reconciling VitessCell" controller=VitessCell namespace=vitess vitesscell=example-zone1-5abb61ae
[pod/vitess-operator-dcb9bc6cc-4bwlw/vitess-operator] time="2026-02-12T22:35:35Z" level=info msg="Reconciling VitessCluster" VitessCluster=example controller=VitessCluster namespace=vitess
[pod/vitess-operator-dcb9bc6cc-4bwlw/vitess-operator] time="2026-02-12T22:35:35Z" level=info msg="Reconciling VitessCell" controller=VitessCell namespace=vitess vitesscell=example-zone1-5abb61ae
[pod/vitess-operator-dcb9bc6cc-4bwlw/vitess-operator] time="2026-02-12T22:35:35Z" level=info msg="Reconciling VitessCell" controller=VitessCell namespace=vitess vitesscell=example-zone1-5abb61ae
[pod/vitess-operator-dcb9bc6cc-4bwlw/vitess-operator] time="2026-02-12T22:35:35Z" level=info msg="Reconciling VitessCluster" VitessCluster=example controller=VitessCluster namespace=vitess
[pod/vitess-operator-dcb9bc6cc-4bwlw/vitess-operator] time="2026-02-12T22:35:35Z" level=info msg="Reconciling VitessCell" controller=VitessCell namespace=vitess vitesscell=example-zone1-5abb61ae
[pod/vitess-operator-dcb9bc6cc-4bwlw/vitess-operator] time="2026-02-12T22:35:35Z" level=info msg="Reconciling VitessCell" controller=VitessCell namespace=vitess vitesscell=example-zone1-5abb61ae
[pod/vitess-operator-dcb9bc6cc-4bwlw/vitess-operator] time="2026-02-12T22:35:35Z" level=info msg="Reconciling VitessCluster" VitessCluster=example controller=VitessCluster namespace=vitess
[pod/vitess-operator-dcb9bc6cc-4bwlw/vitess-operator] time="2026-02-12T22:35:49Z" level=info msg="Reconciling EtcdLockserver" controller=EtcdLockserver etcdlockserver=example-etcd-faf13de3 namespace=vitess
[pod/vitess-operator-dcb9bc6cc-4bwlw/vitess-operator] time="2026-02-12T22:35:49Z" level=info msg="Reconciling VitessCluster" VitessCluster=example controller=VitessCluster namespace=vitess
[pod/vitess-operator-dcb9bc6cc-4bwlw/vitess-operator] time="2026-02-12T22:35:57Z" level=info msg="Reconciling EtcdLockserver" controller=EtcdLockserver etcdlockserver=example-etcd-faf13de3 namespace=vitess
[pod/vitess-operator-dcb9bc6cc-4bwlw/vitess-operator] time="2026-02-12T22:36:40Z" level=info msg="Reconciling VitessCluster" VitessCluster=example controller=VitessCluster namespace=vitess
[pod/vitess-operator-dcb9bc6cc-4bwlw/vitess-operator] time="2026-02-12T22:36:40Z" level=info msg="Reconciling VitessCell" controller=VitessCell namespace=vitess vitesscell=example-zone1-5abb61ae
[pod/vitess-operator-dcb9bc6cc-4bwlw/vitess-operator] time="2026-02-12T22:39:43Z" level=info msg="Reconciling VitessCell" controller=VitessCell namespace=vitess vitesscell=example-zone1-5abb61ae
[pod/vitess-operator-dcb9bc6cc-4bwlw/vitess-operator] time="2026-02-12T22:39:43Z" level=info msg="Reconciling VitessCluster" VitessCluster=example controller=VitessCluster namespace=vitess
[pod/vitess-operator-dcb9bc6cc-4bwlw/vitess-operator] time="2026-02-12T22:39:43Z" level=info msg="Reconciling VitessCell" controller=VitessCell namespace=vitess vitesscell=example-zone1-5abb61ae
[pod/vitess-operator-dcb9bc6cc-4bwlw/vitess-operator] time="2026-02-12T22:39:43Z" level=info msg="Reconciling VitessCluster" VitessCluster=example controller=VitessCluster namespace=vitess
[pod/vitess-operator-dcb9bc6cc-4bwlw/vitess-operator] time="2026-02-12T22:39:43Z" level=info msg="Reconciling VitessCell" controller=VitessCell namespace=vitess vitesscell=example-zone1-5abb61ae
[pod/vitess-operator-dcb9bc6cc-4bwlw/vitess-operator] time="2026-02-12T22:39:43Z" level=info msg="Reconciling VitessCluster" VitessCluster=example controller=VitessCluster namespace=vitess
[pod/vitess-operator-dcb9bc6cc-4bwlw/vitess-operator] time="2026-02-12T22:39:53Z" level=info msg="Reconciling VitessCell" controller=VitessCell namespace=vitess vitesscell=example-zone1-5abb61ae
[pod/vitess-operator-dcb9bc6cc-4bwlw/vitess-operator] time="2026-02-12T22:39:53Z" level=info msg="Reconciling VitessCluster" VitessCluster=example controller=VitessCluster namespace=vitess
[pod/vitess-operator-dcb9bc6cc-4bwlw/vitess-operator] time="2026-02-12T22:39:53Z" level=info msg="Reconciling EtcdLockserver" controller=EtcdLockserver etcdlockserver=example-etcd-faf13de3 namespace=vitess
[pod/vitess-operator-dcb9bc6cc-4bwlw/vitess-operator] time="2026-02-12T22:39:53Z" level=info msg="Reconciling EtcdLockserver" controller=EtcdLockserver etcdlockserver=example-etcd-faf13de3 namespace=vitess
[pod/vitess-operator-dcb9bc6cc-4bwlw/vitess-operator] time="2026-02-12T22:39:53Z" level=info msg="Reconciling VitessCluster" VitessCluster=example controller=VitessCluster namespace=vitess
[pod/vitess-operator-dcb9bc6cc-4bwlw/vitess-operator] time="2026-02-12T22:40:35Z" level=info msg="Reconciling EtcdLockserver" controller=EtcdLockserver etcdlockserver=example-etcd-faf13de3 namespace=vitess
[pod/vitess-operator-dcb9bc6cc-4bwlw/vitess-operator] time="2026-02-12T22:40:35Z" level=info msg="Reconciling EtcdLockserver" controller=EtcdLockserver etcdlockserver=example-etcd-faf13de3 namespace=vitess
[pod/vitess-operator-dcb9bc6cc-4bwlw/vitess-operator] time="2026-02-12T22:43:13Z" level=info msg="Reconciling EtcdLockserver" controller=EtcdLockserver etcdlockserver=example-etcd-faf13de3 namespace=vitess
[pod/vitess-operator-dcb9bc6cc-4bwlw/vitess-operator] time="2026-02-12T22:43:13Z" level=info msg="Reconciling EtcdLockserver" controller=EtcdLockserver etcdlockserver=example-etcd-faf13de3 namespace=vitess
[pod/vitess-operator-dcb9bc6cc-4bwlw/vitess-operator] time="2026-02-12T22:43:54Z" level=info msg="Reconciling VitessCluster" VitessCluster=example controller=VitessCluster namespace=vitess
[pod/vitess-operator-dcb9bc6cc-4bwlw/vitess-operator] time="2026-02-12T22:45:02Z" level=info msg="Reconciling EtcdLockserver" controller=EtcdLockserver etcdlockserver=example-etcd-faf13de3 namespace=vitess
[pod/vitess-operator-dcb9bc6cc-4bwlw/vitess-operator] time="2026-02-12T22:45:02Z" level=info msg="Reconciling VitessCluster" VitessCluster=example controller=VitessCluster namespace=vitess
[pod/vitess-operator-dcb9bc6cc-4bwlw/vitess-operator] time="2026-02-12T22:45:11Z" level=info msg="Reconciling EtcdLockserver" controller=EtcdLockserver etcdlockserver=example-etcd-faf13de3 namespace=vitess
[pod/vitess-operator-dcb9bc6cc-4bwlw/vitess-operator] time="2026-02-12T22:46:00Z" level=info msg="Reconciling VitessCluster" VitessCluster=example controller=VitessCluster namespace=vitess
[pod/vitess-operator-dcb9bc6cc-4bwlw/vitess-operator] time="2026-02-12T22:46:00Z" level=info msg="Reconciling VitessCell" controller=VitessCell namespace=vitess vitesscell=example-zone1-5abb61ae
[pod/vitess-operator-dcb9bc6cc-4bwlw/vitess-operator] time="2026-02-12T22:46:18Z" level=info msg="Reconciling VitessCluster" VitessCluster=example controller=VitessCluster namespace=vitess
[pod/vitess-operator-dcb9bc6cc-4bwlw/vitess-operator] time="2026-02-12T22:46:18Z" level=info msg="Reconciling VitessCell" controller=VitessCell namespace=vitess vitesscell=example-zone1-5abb61ae
[pod/vitess-operator-dcb9bc6cc-4bwlw/vitess-operator] time="2026-02-12T22:46:18Z" level=info msg="Reconciling VitessCluster" VitessCluster=example controller=VitessCluster namespace=vitess
[pod/vitess-operator-dcb9bc6cc-4bwlw/vitess-operator] time="2026-02-12T22:50:00Z" level=info msg="Reconciling EtcdLockserver" controller=EtcdLockserver etcdlockserver=example-etcd-faf13de3 namespace=vitess
[pod/vitess-operator-dcb9bc6cc-4bwlw/vitess-operator] time="2026-02-12T22:50:00Z" level=info msg="Reconciling EtcdLockserver" controller=EtcdLockserver etcdlockserver=example-etcd-faf13de3 namespace=vitess
[pod/vitess-operator-dcb9bc6cc-4bwlw/vitess-operator] time="2026-02-12T22:50:00Z" level=info msg="Reconciling EtcdLockserver" controller=EtcdLockserver etcdlockserver=example-etcd-faf13de3 namespace=vitess
[pod/vitess-operator-dcb9bc6cc-4bwlw/vitess-operator] time="2026-02-12T22:50:03Z" level=info msg="Reconciling EtcdLockserver" controller=EtcdLockserver etcdlockserver=example-etcd-faf13de3 namespace=vitess
[pod/vitess-operator-dcb9bc6cc-4bwlw/vitess-operator] time="2026-02-12T22:50:03Z" level=info msg="Reconciling VitessCluster" VitessCluster=example controller=VitessCluster namespace=vitess
[pod/vitess-operator-dcb9bc6cc-4bwlw/vitess-operator] time="2026-02-12T22:50:03Z" level=info msg="Reconciling VitessCell" controller=VitessCell namespace=vitess vitesscell=example-zone1-5abb61ae
[pod/vitess-operator-dcb9bc6cc-4bwlw/vitess-operator] time="2026-02-12T22:50:03Z" level=info msg="Reconciling EtcdLockserver" controller=EtcdLockserver etcdlockserver=example-etcd-faf13de3 namespace=vitess
[pod/vitess-operator-dcb9bc6cc-4bwlw/vitess-operator] time="2026-02-12T22:50:03Z" level=info msg="Reconciling VitessCluster" VitessCluster=example controller=VitessCluster namespace=vitess
[pod/vitess-operator-dcb9bc6cc-4bwlw/vitess-operator] time="2026-02-12T22:50:19Z" level=info msg="Reconciling VitessCell" controller=VitessCell namespace=vitess vitesscell=example-zone1-5abb61ae
[pod/vitess-operator-dcb9bc6cc-4bwlw/vitess-operator] time="2026-02-12T22:50:19Z" level=info msg="Reconciling VitessCluster" VitessCluster=example controller=VitessCluster namespace=vitess
[pod/vitess-operator-dcb9bc6cc-4bwlw/vitess-operator] time="2026-02-12T22:50:19Z" level=info msg="Reconciling VitessCell" controller=VitessCell namespace=vitess vitesscell=example-zone1-5abb61ae
[pod/vitess-operator-dcb9bc6cc-4bwlw/vitess-operator] time="2026-02-12T22:50:19Z" level=info msg="Reconciling VitessCell" controller=VitessCell namespace=vitess vitesscell=example-zone1-5abb61ae
[pod/vitess-operator-dcb9bc6cc-4bwlw/vitess-operator] time="2026-02-12T22:50:19Z" level=info msg="Reconciling VitessCluster" VitessCluster=example controller=VitessCluster namespace=vitess
[pod/vitess-operator-dcb9bc6cc-4bwlw/vitess-operator] time="2026-02-12T22:50:19Z" level=info msg="Reconciling VitessCell" controller=VitessCell namespace=vitess vitesscell=example-zone1-5abb61ae
[pod/vitess-operator-dcb9bc6cc-4bwlw/vitess-operator] time="2026-02-12T22:50:19Z" level=info msg="Reconciling VitessCluster" VitessCluster=example controller=VitessCluster namespace=vitess
[pod/vitess-operator-dcb9bc6cc-4bwlw/vitess-operator] time="2026-02-12T22:52:22Z" level=info msg="Reconciling EtcdLockserver" controller=EtcdLockserver etcdlockserver=example-etcd-faf13de3 namespace=vitess
[pod/vitess-operator-dcb9bc6cc-4bwlw/vitess-operator] time="2026-02-12T22:52:22Z" level=info msg="Reconciling EtcdLockserver" controller=EtcdLockserver etcdlockserver=example-etcd-faf13de3 namespace=vitess
[pod/vitess-operator-dcb9bc6cc-4bwlw/vitess-operator] time="2026-02-12T22:54:16Z" level=info msg="Reconciling EtcdLockserver" controller=EtcdLockserver etcdlockserver=example-etcd-faf13de3 namespace=vitess
[pod/vitess-operator-dcb9bc6cc-4bwlw/vitess-operator] time="2026-02-12T22:54:16Z" level=info msg="Reconciling VitessCluster" VitessCluster=example controller=VitessCluster namespace=vitess
[pod/vitess-operator-dcb9bc6cc-4bwlw/vitess-operator] time="2026-02-12T22:54:26Z" level=info msg="Reconciling EtcdLockserver" controller=EtcdLockserver etcdlockserver=example-etcd-faf13de3 namespace=vitess
[pod/vitess-operator-dcb9bc6cc-4bwlw/vitess-operator] time="2026-02-12T22:54:42Z" level=info msg="Reconciling VitessCluster" VitessCluster=example controller=VitessCluster namespace=vitess
[pod/vitess-operator-dcb9bc6cc-4bwlw/vitess-operator] time="2026-02-12T22:55:56Z" level=info msg="Reconciling VitessCell" controller=VitessCell namespace=vitess vitesscell=example-zone1-5abb61ae
[pod/vitess-operator-dcb9bc6cc-4bwlw/vitess-operator] time="2026-02-12T22:55:56Z" level=info msg="Reconciling VitessCluster" VitessCluster=example controller=VitessCluster namespace=vitess
[pod/vitess-operator-dcb9bc6cc-4bwlw/vitess-operator] time="2026-02-12T22:55:56Z" level=info msg="Reconciling VitessCell" controller=VitessCell namespace=vitess vitesscell=example-zone1-5abb61ae
[pod/vitess-operator-dcb9bc6cc-4bwlw/vitess-operator] time="2026-02-12T22:55:56Z" level=info msg="Reconciling VitessCluster" VitessCluster=example controller=VitessCluster namespace=vitess
[pod/vitess-operator-dcb9bc6cc-4bwlw/vitess-operator] time="2026-02-12T22:55:56Z" level=info msg="Reconciling VitessCell" controller=VitessCell namespace=vitess vitesscell=example-zone1-5abb61ae
[pod/vitess-operator-dcb9bc6cc-4bwlw/vitess-operator] time="2026-02-12T22:55:57Z" level=info msg="Reconciling VitessCell" controller=VitessCell namespace=vitess vitesscell=example-zone1-5abb61ae
[pod/vitess-operator-dcb9bc6cc-4bwlw/vitess-operator] time="2026-02-12T22:55:57Z" level=info msg="Reconciling VitessCluster" VitessCluster=example controller=VitessCluster namespace=vitess
[pod/vitess-operator-dcb9bc6cc-4bwlw/vitess-operator] time="2026-02-12T22:55:57Z" level=info msg="Reconciling VitessCell" controller=VitessCell namespace=vitess vitesscell=example-zone1-5abb61ae
[pod/vitess-operator-dcb9bc6cc-4bwlw/vitess-operator] time="2026-02-12T22:55:57Z" level=info msg="Reconciling VitessCluster" VitessCluster=example controller=VitessCluster namespace=vitess
[pod/vitess-operator-dcb9bc6cc-4bwlw/vitess-operator] time="2026-02-12T22:56:26Z" level=info msg="Reconciling VitessCluster" VitessCluster=example controller=VitessCluster namespace=vitess
[pod/vitess-operator-dcb9bc6cc-4bwlw/vitess-operator] time="2026-02-12T22:56:26Z" level=info msg="Reconciling VitessCell" controller=VitessCell namespace=vitess vitesscell=example-zone1-5abb61ae
[pod/vitess-operator-dcb9bc6cc-4bwlw/vitess-operator] time="2026-02-12T22:56:26Z" level=info msg="Reconciling VitessCell" controller=VitessCell namespace=vitess vitesscell=example-zone1-5abb61ae
[pod/vitess-operator-dcb9bc6cc-4bwlw/vitess-operator] time="2026-02-12T22:56:26Z" level=info msg="Reconciling VitessCluster" VitessCluster=example controller=VitessCluster namespace=vitess
[pod/vitess-operator-dcb9bc6cc-4bwlw/vitess-operator] time="2026-02-12T22:59:25Z" level=info msg="Reconciling EtcdLockserver" controller=EtcdLockserver etcdlockserver=example-etcd-faf13de3 namespace=vitess
[pod/vitess-operator-dcb9bc6cc-4bwlw/vitess-operator] time="2026-02-12T22:59:25Z" level=info msg="Reconciling EtcdLockserver" controller=EtcdLockserver etcdlockserver=example-etcd-faf13de3 namespace=vitess
[pod/vitess-operator-dcb9bc6cc-4bwlw/vitess-operator] time="2026-02-12T23:00:13Z" level=info msg="Reconciling EtcdLockserver" controller=EtcdLockserver etcdlockserver=example-etcd-faf13de3 namespace=vitess
[pod/vitess-operator-dcb9bc6cc-4bwlw/vitess-operator] time="2026-02-12T23:00:13Z" level=info msg="Reconciling VitessCluster" VitessCluster=example controller=VitessCluster namespace=vitess
[pod/vitess-operator-dcb9bc6cc-4bwlw/vitess-operator] time="2026-02-12T23:00:13Z" level=info msg="Reconciling VitessCell" controller=VitessCell namespace=vitess vitesscell=example-zone1-5abb61ae
[pod/vitess-operator-dcb9bc6cc-4bwlw/vitess-operator] time="2026-02-12T23:00:13Z" level=info msg="Reconciling EtcdLockserver" controller=EtcdLockserver etcdlockserver=example-etcd-faf13de3 namespace=vitess
[pod/vitess-operator-dcb9bc6cc-4bwlw/vitess-operator] time="2026-02-12T23:00:13Z" level=info msg="Reconciling VitessCluster" VitessCluster=example controller=VitessCluster namespace=vitess
[pod/vitess-operator-dcb9bc6cc-4bwlw/vitess-operator] time="2026-02-12T23:00:55Z" level=info msg="Reconciling VitessCell" controller=VitessCell namespace=vitess vitesscell=example-zone1-5abb61ae
[pod/vitess-operator-dcb9bc6cc-4bwlw/vitess-operator] time="2026-02-12T23:00:55Z" level=info msg="Reconciling VitessCluster" VitessCluster=example controller=VitessCluster namespace=vitess
[pod/vitess-operator-dcb9bc6cc-4bwlw/vitess-operator] time="2026-02-12T23:01:32Z" level=info msg="Reconciling EtcdLockserver" controller=EtcdLockserver etcdlockserver=example-etcd-faf13de3 namespace=vitess
[pod/vitess-operator-dcb9bc6cc-4bwlw/vitess-operator] time="2026-02-12T23:01:32Z" level=info msg="Reconciling EtcdLockserver" controller=EtcdLockserver etcdlockserver=example-etcd-faf13de3 namespace=vitess
[pod/vitess-operator-dcb9bc6cc-4bwlw/vitess-operator] time="2026-02-12T23:01:32Z" level=info msg="Reconciling EtcdLockserver" controller=EtcdLockserver etcdlockserver=example-etcd-faf13de3 namespace=vitess
[pod/vitess-operator-dcb9bc6cc-4bwlw/vitess-operator] time="2026-02-12T23:03:30Z" level=info msg="Reconciling EtcdLockserver" controller=EtcdLockserver etcdlockserver=example-etcd-faf13de3 namespace=vitess
[pod/vitess-operator-dcb9bc6cc-4bwlw/vitess-operator] time="2026-02-12T23:03:30Z" level=info msg="Reconciling VitessCluster" VitessCluster=example controller=VitessCluster namespace=vitess
[pod/vitess-operator-dcb9bc6cc-4bwlw/vitess-operator] time="2026-02-12T23:03:40Z" level=info msg="Reconciling EtcdLockserver" controller=EtcdLockserver etcdlockserver=example-etcd-faf13de3 namespace=vitess
[pod/vitess-operator-dcb9bc6cc-4bwlw/vitess-operator] time="2026-02-12T23:05:29Z" level=info msg="Reconciling VitessCluster" VitessCluster=example controller=VitessCluster namespace=vitess
[pod/vitess-operator-dcb9bc6cc-4bwlw/vitess-operator] time="2026-02-12T23:05:34Z" level=info msg="Reconciling VitessCluster" VitessCluster=example controller=VitessCluster namespace=vitess
[pod/vitess-operator-dcb9bc6cc-4bwlw/vitess-operator] time="2026-02-12T23:05:34Z" level=info msg="Reconciling VitessCell" controller=VitessCell namespace=vitess vitesscell=example-zone1-5abb61ae
[pod/vitess-operator-dcb9bc6cc-4bwlw/vitess-operator] time="2026-02-12T23:06:52Z" level=info msg="Reconciling VitessCluster" VitessCluster=example controller=VitessCluster namespace=vitess
[pod/vitess-operator-dcb9bc6cc-4bwlw/vitess-operator] time="2026-02-12T23:06:52Z" level=info msg="Reconciling VitessCell" controller=VitessCell namespace=vitess vitesscell=example-zone1-5abb61ae
[pod/vitess-operator-dcb9bc6cc-4bwlw/vitess-operator] time="2026-02-12T23:06:52Z" level=info msg="Reconciling VitessCell" controller=VitessCell namespace=vitess vitesscell=example-zone1-5abb61ae
[pod/vitess-operator-dcb9bc6cc-4bwlw/vitess-operator] time="2026-02-12T23:06:52Z" level=info msg="Reconciling VitessCluster" VitessCluster=example controller=VitessCluster namespace=vitess
[pod/vitess-operator-dcb9bc6cc-4bwlw/vitess-operator] time="2026-02-12T23:06:52Z" level=info msg="Reconciling VitessCell" controller=VitessCell namespace=vitess vitesscell=example-zone1-5abb61ae
[pod/vitess-operator-dcb9bc6cc-4bwlw/vitess-operator] time="2026-02-12T23:06:52Z" level=info msg="Reconciling VitessCluster" VitessCluster=example controller=VitessCluster namespace=vitess
[pod/vitess-operator-dcb9bc6cc-4bwlw/vitess-operator] time="2026-02-12T23:06:52Z" level=info msg="Reconciling VitessCell" controller=VitessCell namespace=vitess vitesscell=example-zone1-5abb61ae
[pod/vitess-operator-dcb9bc6cc-4bwlw/vitess-operator] time="2026-02-12T23:06:52Z" level=info msg="Reconciling VitessCell" controller=VitessCell namespace=vitess vitesscell=example-zone1-5abb61ae
[pod/vitess-operator-dcb9bc6cc-4bwlw/vitess-operator] time="2026-02-12T23:06:52Z" level=info msg="Reconciling VitessCluster" VitessCluster=example controller=VitessCluster namespace=vitess
[pod/vitess-operator-dcb9bc6cc-4bwlw/vitess-operator] time="2026-02-12T23:08:50Z" level=info msg="Reconciling EtcdLockserver" controller=EtcdLockserver etcdlockserver=example-etcd-faf13de3 namespace=vitess
[pod/vitess-operator-dcb9bc6cc-4bwlw/vitess-operator] time="2026-02-12T23:08:50Z" level=info msg="Reconciling EtcdLockserver" controller=EtcdLockserver etcdlockserver=example-etcd-faf13de3 namespace=vitess
[pod/vitess-operator-dcb9bc6cc-4bwlw/vitess-operator] time="2026-02-12T23:10:23Z" level=info msg="Reconciling EtcdLockserver" controller=EtcdLockserver etcdlockserver=example-etcd-faf13de3 namespace=vitess
[pod/vitess-operator-dcb9bc6cc-4bwlw/vitess-operator] time="2026-02-12T23:10:23Z" level=info msg="Reconciling VitessCluster" VitessCluster=example controller=VitessCluster namespace=vitess
[pod/vitess-operator-dcb9bc6cc-4bwlw/vitess-operator] time="2026-02-12T23:10:23Z" level=info msg="Reconciling VitessCell" controller=VitessCell namespace=vitess vitesscell=example-zone1-5abb61ae
[pod/vitess-operator-dcb9bc6cc-4bwlw/vitess-operator] time="2026-02-12T23:10:23Z" level=info msg="Reconciling EtcdLockserver" controller=EtcdLockserver etcdlockserver=example-etcd-faf13de3 namespace=vitess
[pod/vitess-operator-dcb9bc6cc-4bwlw/vitess-operator] time="2026-02-12T23:10:23Z" level=info msg="Reconciling VitessCluster" VitessCluster=example controller=VitessCluster namespace=vitess
[pod/vitess-operator-dcb9bc6cc-4bwlw/vitess-operator] time="2026-02-12T23:10:42Z" level=info msg="Reconciling EtcdLockserver" controller=EtcdLockserver etcdlockserver=example-etcd-faf13de3 namespace=vitess
[pod/vitess-operator-dcb9bc6cc-4bwlw/vitess-operator] time="2026-02-12T23:10:42Z" level=info msg="Reconciling EtcdLockserver" controller=EtcdLockserver etcdlockserver=example-etcd-faf13de3 namespace=vitess
[pod/vitess-operator-dcb9bc6cc-4bwlw/vitess-operator] time="2026-02-12T23:11:32Z" level=info msg="Reconciling VitessCell" controller=VitessCell namespace=vitess vitesscell=example-zone1-5abb61ae
[pod/vitess-operator-dcb9bc6cc-4bwlw/vitess-operator] time="2026-02-12T23:11:32Z" level=info msg="Reconciling VitessCluster" VitessCluster=example controller=VitessCluster namespace=vitess
[pod/vitess-operator-dcb9bc6cc-4bwlw/vitess-operator] time="2026-02-12T23:12:44Z" level=info msg="Reconciling EtcdLockserver" controller=EtcdLockserver etcdlockserver=example-etcd-faf13de3 namespace=vitess
[pod/vitess-operator-dcb9bc6cc-4bwlw/vitess-operator] time="2026-02-12T23:12:44Z" level=info msg="Reconciling VitessCluster" VitessCluster=example controller=VitessCluster namespace=vitess
[pod/vitess-operator-dcb9bc6cc-4bwlw/vitess-operator] time="2026-02-12T23:12:54Z" level=info msg="Reconciling EtcdLockserver" controller=EtcdLockserver etcdlockserver=example-etcd-faf13de3 namespace=vitess
[pod/vitess-operator-dcb9bc6cc-4bwlw/vitess-operator] time="2026-02-12T23:15:13Z" level=info msg="Reconciling VitessCell" controller=VitessCell namespace=vitess vitesscell=example-zone1-5abb61ae
[pod/vitess-operator-dcb9bc6cc-4bwlw/vitess-operator] time="2026-02-12T23:15:13Z" level=info msg="Reconciling VitessCluster" VitessCluster=example controller=VitessCluster namespace=vitess
[pod/vitess-operator-dcb9bc6cc-4bwlw/vitess-operator] time="2026-02-12T23:15:13Z" level=info msg="Reconciling VitessCell" controller=VitessCell namespace=vitess vitesscell=example-zone1-5abb61ae
[pod/vitess-operator-dcb9bc6cc-4bwlw/vitess-operator] time="2026-02-12T23:15:13Z" level=info msg="Reconciling VitessCluster" VitessCluster=example controller=VitessCluster namespace=vitess
[pod/vitess-operator-dcb9bc6cc-4bwlw/vitess-operator] time="2026-02-12T23:15:13Z" level=info msg="Reconciling VitessCell" controller=VitessCell namespace=vitess vitesscell=example-zone1-5abb61ae
[pod/vitess-operator-dcb9bc6cc-4bwlw/vitess-operator] time="2026-02-12T23:15:13Z" level=info msg="Reconciling VitessCluster" VitessCluster=example controller=VitessCluster namespace=vitess
[pod/vitess-operator-dcb9bc6cc-4bwlw/vitess-operator] time="2026-02-12T23:16:16Z" level=info msg="Reconciling VitessCluster" VitessCluster=example controller=VitessCluster namespace=vitess
[pod/vitess-operator-dcb9bc6cc-4bwlw/vitess-operator] time="2026-02-12T23:17:17Z" level=info msg="Reconciling VitessCluster" VitessCluster=example controller=VitessCluster namespace=vitess
[pod/vitess-operator-dcb9bc6cc-4bwlw/vitess-operator] time="2026-02-12T23:17:17Z" level=info msg="Reconciling VitessCell" controller=VitessCell namespace=vitess vitesscell=example-zone1-5abb61ae
[pod/vitess-operator-dcb9bc6cc-4bwlw/vitess-operator] time="2026-02-12T23:18:15Z" level=info msg="Reconciling EtcdLockserver" controller=EtcdLockserver etcdlockserver=example-etcd-faf13de3 namespace=vitess
[pod/vitess-operator-dcb9bc6cc-4bwlw/vitess-operator] time="2026-02-12T23:18:15Z" level=info msg="Reconciling EtcdLockserver" controller=EtcdLockserver etcdlockserver=example-etcd-faf13de3 namespace=vitess
[pod/vitess-operator-dcb9bc6cc-4bwlw/vitess-operator] time="2026-02-12T23:19:52Z" level=info msg="Reconciling EtcdLockserver" controller=EtcdLockserver etcdlockserver=example-etcd-faf13de3 namespace=vitess
[pod/vitess-operator-dcb9bc6cc-4bwlw/vitess-operator] time="2026-02-12T23:19:52Z" level=info msg="Reconciling EtcdLockserver" controller=EtcdLockserver etcdlockserver=example-etcd-faf13de3 namespace=vitess
[pod/vitess-operator-dcb9bc6cc-4bwlw/vitess-operator] time="2026-02-12T23:20:34Z" level=info msg="Reconciling EtcdLockserver" controller=EtcdLockserver etcdlockserver=example-etcd-faf13de3 namespace=vitess
[pod/vitess-operator-dcb9bc6cc-4bwlw/vitess-operator] time="2026-02-12T23:20:34Z" level=info msg="Reconciling VitessCell" controller=VitessCell namespace=vitess vitesscell=example-zone1-5abb61ae
[pod/vitess-operator-dcb9bc6cc-4bwlw/vitess-operator] time="2026-02-12T23:20:34Z" level=info msg="Reconciling VitessCluster" VitessCluster=example controller=VitessCluster namespace=vitess
[pod/vitess-operator-dcb9bc6cc-4bwlw/vitess-operator] time="2026-02-12T23:20:34Z" level=info msg="Reconciling EtcdLockserver" controller=EtcdLockserver etcdlockserver=example-etcd-faf13de3 namespace=vitess
[pod/vitess-operator-dcb9bc6cc-4bwlw/vitess-operator] time="2026-02-12T23:20:34Z" level=info msg="Reconciling VitessCluster" VitessCluster=example controller=VitessCluster namespace=vitess
[pod/vitess-operator-dcb9bc6cc-4bwlw/vitess-operator] time="2026-02-12T23:21:58Z" level=info msg="Reconciling EtcdLockserver" controller=EtcdLockserver etcdlockserver=example-etcd-faf13de3 namespace=vitess
[pod/vitess-operator-dcb9bc6cc-4bwlw/vitess-operator] time="2026-02-12T23:21:58Z" level=info msg="Reconciling VitessCluster" VitessCluster=example controller=VitessCluster namespace=vitess
[pod/vitess-operator-dcb9bc6cc-4bwlw/vitess-operator] time="2026-02-12T23:22:08Z" level=info msg="Reconciling VitessCell" controller=VitessCell namespace=vitess vitesscell=example-zone1-5abb61ae
[pod/vitess-operator-dcb9bc6cc-4bwlw/vitess-operator] time="2026-02-12T23:22:08Z" level=info msg="Reconciling VitessCluster" VitessCluster=example controller=VitessCluster namespace=vitess
[pod/vitess-operator-dcb9bc6cc-4bwlw/vitess-operator] time="2026-02-12T23:22:08Z" level=info msg="Reconciling VitessCell" controller=VitessCell namespace=vitess vitesscell=example-zone1-5abb61ae
[pod/vitess-operator-dcb9bc6cc-4bwlw/vitess-operator] time="2026-02-12T23:22:08Z" level=info msg="Reconciling VitessCluster" VitessCluster=example controller=VitessCluster namespace=vitess
[pod/vitess-operator-dcb9bc6cc-4bwlw/vitess-operator] time="2026-02-12T23:22:08Z" level=info msg="Reconciling VitessCell" controller=VitessCell namespace=vitess vitesscell=example-zone1-5abb61ae
[pod/vitess-operator-dcb9bc6cc-4bwlw/vitess-operator] time="2026-02-12T23:22:08Z" level=info msg="Reconciling EtcdLockserver" controller=EtcdLockserver etcdlockserver=example-etcd-faf13de3 namespace=vitess
[pod/vitess-operator-dcb9bc6cc-4bwlw/vitess-operator] time="2026-02-12T23:22:08Z" level=info msg="Reconciling VitessCluster" VitessCluster=example controller=VitessCluster namespace=vitess
[pod/vitess-operator-dcb9bc6cc-4bwlw/vitess-operator] time="2026-02-12T23:24:51Z" level=info msg="Reconciling VitessCell" controller=VitessCell namespace=vitess vitesscell=example-zone1-5abb61ae
[pod/vitess-operator-dcb9bc6cc-4bwlw/vitess-operator] time="2026-02-12T23:24:51Z" level=info msg="Reconciling VitessCluster" VitessCluster=example controller=VitessCluster namespace=vitess
[pod/vitess-operator-dcb9bc6cc-4bwlw/vitess-operator] time="2026-02-12T23:24:51Z" level=info msg="Reconciling VitessCell" controller=VitessCell namespace=vitess vitesscell=example-zone1-5abb61ae
[pod/vitess-operator-dcb9bc6cc-4bwlw/vitess-operator] time="2026-02-12T23:24:51Z" level=info msg="Reconciling VitessCluster" VitessCluster=example controller=VitessCluster namespace=vitess
[pod/vitess-operator-dcb9bc6cc-4bwlw/vitess-operator] time="2026-02-12T23:24:51Z" level=info msg="Reconciling VitessCell" controller=VitessCell namespace=vitess vitesscell=example-zone1-5abb61ae
[pod/vitess-operator-dcb9bc6cc-4bwlw/vitess-operator] time="2026-02-12T23:24:51Z" level=info msg="Reconciling VitessCell" controller=VitessCell namespace=vitess vitesscell=example-zone1-5abb61ae
[pod/vitess-operator-dcb9bc6cc-4bwlw/vitess-operator] time="2026-02-12T23:24:51Z" level=info msg="Reconciling VitessCluster" VitessCluster=example controller=VitessCluster namespace=vitess
[pod/vitess-operator-dcb9bc6cc-4bwlw/vitess-operator] time="2026-02-12T23:24:51Z" level=info msg="Reconciling VitessCell" controller=VitessCell namespace=vitess vitesscell=example-zone1-5abb61ae
[pod/vitess-operator-dcb9bc6cc-4bwlw/vitess-operator] time="2026-02-12T23:24:51Z" level=info msg="Reconciling VitessCell" controller=VitessCell namespace=vitess vitesscell=example-zone1-5abb61ae
[pod/vitess-operator-dcb9bc6cc-4bwlw/vitess-operator] time="2026-02-12T23:24:51Z" level=info msg="Reconciling VitessCluster" VitessCluster=example controller=VitessCluster namespace=vitess
[pod/vitess-operator-dcb9bc6cc-4bwlw/vitess-operator] time="2026-02-12T23:24:51Z" level=info msg="Reconciling VitessCell" controller=VitessCell namespace=vitess vitesscell=example-zone1-5abb61ae
[pod/vitess-operator-dcb9bc6cc-4bwlw/vitess-operator] time="2026-02-12T23:24:51Z" level=info msg="Reconciling VitessCell" controller=VitessCell namespace=vitess vitesscell=example-zone1-5abb61ae
[pod/vitess-operator-dcb9bc6cc-4bwlw/vitess-operator] time="2026-02-12T23:24:51Z" level=info msg="Reconciling VitessCluster" VitessCluster=example controller=VitessCluster namespace=vitess
[pod/vitess-operator-dcb9bc6cc-4bwlw/vitess-operator] time="2026-02-12T23:27:04Z" level=info msg="Reconciling VitessCluster" VitessCluster=example controller=VitessCluster namespace=vitess
[pod/vitess-operator-dcb9bc6cc-4bwlw/vitess-operator] time="2026-02-12T23:27:40Z" level=info msg="Reconciling EtcdLockserver" controller=EtcdLockserver etcdlockserver=example-etcd-faf13de3 namespace=vitess
[pod/vitess-operator-dcb9bc6cc-4bwlw/vitess-operator] time="2026-02-12T23:27:40Z" level=info msg="Reconciling EtcdLockserver" controller=EtcdLockserver etcdlockserver=example-etcd-faf13de3 namespace=vitess
[pod/vitess-operator-dcb9bc6cc-4bwlw/vitess-operator] time="2026-02-12T23:27:43Z" level=info msg="Reconciling VitessCluster" VitessCluster=example controller=VitessCluster namespace=vitess
[pod/vitess-operator-dcb9bc6cc-4bwlw/vitess-operator] time="2026-02-12T23:27:43Z" level=info msg="Reconciling VitessCell" controller=VitessCell namespace=vitess vitesscell=example-zone1-5abb61ae
[pod/vitess-operator-dcb9bc6cc-4bwlw/vitess-operator] time="2026-02-12T23:27:43Z" level=info msg="Reconciling VitessCell" controller=VitessCell namespace=vitess vitesscell=example-zone1-5abb61ae
[pod/vitess-operator-dcb9bc6cc-4bwlw/vitess-operator] time="2026-02-12T23:27:43Z" level=info msg="Reconciling VitessCluster" VitessCluster=example controller=VitessCluster namespace=vitess
[pod/vitess-operator-dcb9bc6cc-4bwlw/vitess-operator] time="2026-02-12T23:27:43Z" level=info msg="Reconciling VitessCell" controller=VitessCell namespace=vitess vitesscell=example-zone1-5abb61ae
[pod/vitess-operator-dcb9bc6cc-4bwlw/vitess-operator] time="2026-02-12T23:27:43Z" level=info msg="Reconciling VitessCluster" VitessCluster=example controller=VitessCluster namespace=vitess
[pod/vitess-operator-dcb9bc6cc-4bwlw/vitess-operator] time="2026-02-12T23:29:02Z" level=info msg="Reconciling EtcdLockserver" controller=EtcdLockserver etcdlockserver=example-etcd-faf13de3 namespace=vitess
[pod/vitess-operator-dcb9bc6cc-4bwlw/vitess-operator] time="2026-02-12T23:29:02Z" level=info msg="Reconciling EtcdLockserver" controller=EtcdLockserver etcdlockserver=example-etcd-faf13de3 namespace=vitess
[pod/vitess-operator-dcb9bc6cc-4bwlw/vitess-operator] time="2026-02-12T23:30:44Z" level=info msg="Reconciling VitessCluster" VitessCluster=example controller=VitessCluster namespace=vitess
[pod/vitess-operator-dcb9bc6cc-4bwlw/vitess-operator] time="2026-02-12T23:30:44Z" level=info msg="Reconciling VitessCell" controller=VitessCell namespace=vitess vitesscell=example-zone1-5abb61ae
[pod/vitess-operator-dcb9bc6cc-4bwlw/vitess-operator] time="2026-02-12T23:30:44Z" level=info msg="Reconciling EtcdLockserver" controller=EtcdLockserver etcdlockserver=example-etcd-faf13de3 namespace=vitess
[pod/vitess-operator-dcb9bc6cc-4bwlw/vitess-operator] time="2026-02-12T23:30:44Z" level=info msg="Reconciling EtcdLockserver" controller=EtcdLockserver etcdlockserver=example-etcd-faf13de3 namespace=vitess
[pod/vitess-operator-dcb9bc6cc-4bwlw/vitess-operator] time="2026-02-12T23:30:44Z" level=info msg="Reconciling VitessCell" controller=VitessCell namespace=vitess vitesscell=example-zone1-5abb61ae
[pod/vitess-operator-dcb9bc6cc-4bwlw/vitess-operator] time="2026-02-12T23:30:44Z" level=info msg="Reconciling VitessCluster" VitessCluster=example controller=VitessCluster namespace=vitess
[pod/vitess-operator-dcb9bc6cc-4bwlw/vitess-operator] time="2026-02-12T23:30:44Z" level=info msg="Reconciling VitessCell" controller=VitessCell namespace=vitess vitesscell=example-zone1-5abb61ae
[pod/vitess-operator-dcb9bc6cc-4bwlw/vitess-operator] time="2026-02-12T23:30:44Z" level=info msg="Reconciling VitessCell" controller=VitessCell namespace=vitess vitesscell=example-zone1-5abb61ae
[pod/vitess-operator-dcb9bc6cc-4bwlw/vitess-operator] time="2026-02-12T23:30:44Z" level=info msg="Reconciling VitessCluster" VitessCluster=example controller=VitessCluster namespace=vitess
[pod/vitess-operator-dcb9bc6cc-4bwlw/vitess-operator] time="2026-02-12T23:30:44Z" level=info msg="Reconciling VitessCell" controller=VitessCell namespace=vitess vitesscell=example-zone1-5abb61ae
[pod/vitess-operator-dcb9bc6cc-4bwlw/vitess-operator] time="2026-02-12T23:30:44Z" level=info msg="Reconciling VitessCell" controller=VitessCell namespace=vitess vitesscell=example-zone1-5abb61ae
[pod/vitess-operator-dcb9bc6cc-4bwlw/vitess-operator] time="2026-02-12T23:30:44Z" level=info msg="Reconciling VitessCluster" VitessCluster=example controller=VitessCluster namespace=vitess
[pod/vitess-operator-dcb9bc6cc-4bwlw/vitess-operator] time="2026-02-12T23:30:44Z" level=info msg="Reconciling VitessCell" controller=VitessCell namespace=vitess vitesscell=example-zone1-5abb61ae
[pod/vitess-operator-dcb9bc6cc-4bwlw/vitess-operator] time="2026-02-12T23:30:44Z" level=info msg="Reconciling VitessCluster" VitessCluster=example controller=VitessCluster namespace=vitess
[pod/vitess-operator-dcb9bc6cc-4bwlw/vitess-operator] time="2026-02-12T23:30:44Z" level=info msg="Reconciling VitessCell" controller=VitessCell namespace=vitess vitesscell=example-zone1-5abb61ae
[pod/vitess-operator-dcb9bc6cc-4bwlw/vitess-operator] time="2026-02-12T23:30:45Z" level=info msg="Reconciling VitessCell" controller=VitessCell namespace=vitess vitesscell=example-zone1-5abb61ae
[pod/vitess-operator-dcb9bc6cc-4bwlw/vitess-operator] time="2026-02-12T23:30:45Z" level=info msg="Reconciling VitessCluster" VitessCluster=example controller=VitessCluster namespace=vitess
[pod/vitess-operator-dcb9bc6cc-4bwlw/vitess-operator] time="2026-02-12T23:31:12Z" level=info msg="Reconciling EtcdLockserver" controller=EtcdLockserver etcdlockserver=example-etcd-faf13de3 namespace=vitess
[pod/vitess-operator-dcb9bc6cc-4bwlw/vitess-operator] time="2026-02-12T23:31:12Z" level=info msg="Reconciling VitessCluster" VitessCluster=example controller=VitessCluster namespace=vitess
[pod/vitess-operator-dcb9bc6cc-4bwlw/vitess-operator] time="2026-02-12T23:31:23Z" level=info msg="Reconciling EtcdLockserver" controller=EtcdLockserver etcdlockserver=example-etcd-faf13de3 namespace=vitess
[pod/vitess-operator-dcb9bc6cc-4bwlw/vitess-operator] time="2026-02-12T23:32:44Z" level=info msg="Reconciling VitessCell" controller=VitessCell namespace=vitess vitesscell=example-zone1-5abb61ae
[pod/vitess-operator-dcb9bc6cc-4bwlw/vitess-operator] time="2026-02-12T23:32:44Z" level=info msg="Reconciling VitessCluster" VitessCluster=example controller=VitessCluster namespace=vitess
[pod/vitess-operator-dcb9bc6cc-4bwlw/vitess-operator] time="2026-02-12T23:34:29Z" level=info msg="Reconciling VitessCell" controller=VitessCell namespace=vitess vitesscell=example-zone1-5abb61ae
[pod/vitess-operator-dcb9bc6cc-4bwlw/vitess-operator] time="2026-02-12T23:34:29Z" level=info msg="Reconciling VitessCluster" VitessCluster=example controller=VitessCluster namespace=vitess
[pod/vitess-operator-dcb9bc6cc-4bwlw/vitess-operator] time="2026-02-12T23:34:29Z" level=info msg="Reconciling VitessCell" controller=VitessCell namespace=vitess vitesscell=example-zone1-5abb61ae
[pod/vitess-operator-dcb9bc6cc-4bwlw/vitess-operator] time="2026-02-12T23:34:29Z" level=info msg="Reconciling VitessCluster" VitessCluster=example controller=VitessCluster namespace=vitess
[pod/vitess-operator-dcb9bc6cc-4bwlw/vitess-operator] time="2026-02-12T23:34:29Z" level=info msg="Reconciling VitessCell" controller=VitessCell namespace=vitess vitesscell=example-zone1-5abb61ae
[pod/vitess-operator-dcb9bc6cc-4bwlw/vitess-operator] time="2026-02-12T23:34:29Z" level=info msg="Reconciling VitessCluster" VitessCluster=example controller=VitessCluster namespace=vitess
[pod/vitess-operator-dcb9bc6cc-4bwlw/vitess-operator] time="2026-02-12T23:37:05Z" level=info msg="Reconciling EtcdLockserver" controller=EtcdLockserver etcdlockserver=example-etcd-faf13de3 namespace=vitess
[pod/vitess-operator-dcb9bc6cc-4bwlw/vitess-operator] time="2026-02-12T23:37:05Z" level=info msg="Reconciling EtcdLockserver" controller=EtcdLockserver etcdlockserver=example-etcd-faf13de3 namespace=vitess
[pod/vitess-operator-dcb9bc6cc-4bwlw/vitess-operator] time="2026-02-12T23:37:51Z" level=info msg="Reconciling VitessCluster" VitessCluster=example controller=VitessCluster namespace=vitess
[pod/vitess-operator-dcb9bc6cc-4bwlw/vitess-operator] time="2026-02-12T23:38:08Z" level=info msg="Reconciling VitessCell" controller=VitessCell namespace=vitess vitesscell=example-zone1-5abb61ae
[pod/vitess-operator-dcb9bc6cc-4bwlw/vitess-operator] time="2026-02-12T23:38:08Z" level=info msg="Reconciling VitessCluster" VitessCluster=example controller=VitessCluster namespace=vitess
[pod/vitess-operator-dcb9bc6cc-4bwlw/vitess-operator] time="2026-02-12T23:38:12Z" level=info msg="Reconciling EtcdLockserver" controller=EtcdLockserver etcdlockserver=example-etcd-faf13de3 namespace=vitess
[pod/vitess-operator-dcb9bc6cc-4bwlw/vitess-operator] time="2026-02-12T23:38:12Z" level=info msg="Reconciling EtcdLockserver" controller=EtcdLockserver etcdlockserver=example-etcd-faf13de3 namespace=vitess
[pod/vitess-operator-dcb9bc6cc-4bwlw/vitess-operator] time="2026-02-12T23:40:26Z" level=info msg="Reconciling VitessCluster" VitessCluster=example controller=VitessCluster namespace=vitess
[pod/vitess-operator-dcb9bc6cc-4bwlw/vitess-operator] time="2026-02-12T23:40:26Z" level=info msg="Reconciling EtcdLockserver" controller=EtcdLockserver etcdlockserver=example-etcd-faf13de3 namespace=vitess
[pod/vitess-operator-dcb9bc6cc-4bwlw/vitess-operator] time="2026-02-12T23:40:37Z" level=info msg="Reconciling EtcdLockserver" controller=EtcdLockserver etcdlockserver=example-etcd-faf13de3 namespace=vitess
[pod/vitess-operator-dcb9bc6cc-4bwlw/vitess-operator] time="2026-02-12T23:40:54Z" level=info msg="Reconciling VitessCluster" VitessCluster=example controller=VitessCluster namespace=vitess
[pod/vitess-operator-dcb9bc6cc-4bwlw/vitess-operator] time="2026-02-12T23:40:54Z" level=info msg="Reconciling EtcdLockserver" controller=EtcdLockserver etcdlockserver=example-etcd-faf13de3 namespace=vitess
[pod/vitess-operator-dcb9bc6cc-4bwlw/vitess-operator] time="2026-02-12T23:40:54Z" level=info msg="Reconciling VitessCell" controller=VitessCell namespace=vitess vitesscell=example-zone1-5abb61ae
[pod/vitess-operator-dcb9bc6cc-4bwlw/vitess-operator] time="2026-02-12T23:40:54Z" level=info msg="Reconciling EtcdLockserver" controller=EtcdLockserver etcdlockserver=example-etcd-faf13de3 namespace=vitess
[pod/vitess-operator-dcb9bc6cc-4bwlw/vitess-operator] time="2026-02-12T23:40:54Z" level=info msg="Reconciling VitessCell" controller=VitessCell namespace=vitess vitesscell=example-zone1-5abb61ae
[pod/vitess-operator-dcb9bc6cc-4bwlw/vitess-operator] time="2026-02-12T23:40:54Z" level=info msg="Reconciling VitessCluster" VitessCluster=example controller=VitessCluster namespace=vitess
[pod/vitess-operator-dcb9bc6cc-4bwlw/vitess-operator] time="2026-02-12T23:43:21Z" level=info msg="Reconciling VitessCell" controller=VitessCell namespace=vitess vitesscell=example-zone1-5abb61ae
[pod/vitess-operator-dcb9bc6cc-4bwlw/vitess-operator] time="2026-02-12T23:43:21Z" level=info msg="Reconciling VitessCluster" VitessCluster=example controller=VitessCluster namespace=vitess
[pod/vitess-operator-dcb9bc6cc-4bwlw/vitess-operator] time="2026-02-12T23:44:07Z" level=info msg="Reconciling VitessCluster" VitessCluster=example controller=VitessCluster namespace=vitess
[pod/vitess-operator-dcb9bc6cc-4bwlw/vitess-operator] time="2026-02-12T23:44:07Z" level=info msg="Reconciling VitessCell" controller=VitessCell namespace=vitess vitesscell=example-zone1-5abb61ae
[pod/vitess-operator-dcb9bc6cc-4bwlw/vitess-operator] time="2026-02-12T23:44:07Z" level=info msg="Reconciling VitessCell" controller=VitessCell namespace=vitess vitesscell=example-zone1-5abb61ae
[pod/vitess-operator-dcb9bc6cc-4bwlw/vitess-operator] time="2026-02-12T23:44:07Z" level=info msg="Reconciling VitessCluster" VitessCluster=example controller=VitessCluster namespace=vitess
[pod/vitess-operator-dcb9bc6cc-4bwlw/vitess-operator] time="2026-02-12T23:44:07Z" level=info msg="Reconciling VitessCell" controller=VitessCell namespace=vitess vitesscell=example-zone1-5abb61ae
[pod/vitess-operator-dcb9bc6cc-4bwlw/vitess-operator] time="2026-02-12T23:44:07Z" level=info msg="Reconciling VitessCell" controller=VitessCell namespace=vitess vitesscell=example-zone1-5abb61ae
[pod/vitess-operator-dcb9bc6cc-4bwlw/vitess-operator] time="2026-02-12T23:44:07Z" level=info msg="Reconciling VitessCluster" VitessCluster=example controller=VitessCluster namespace=vitess
[pod/vitess-operator-dcb9bc6cc-4bwlw/vitess-operator] time="2026-02-12T23:44:07Z" level=info msg="Reconciling VitessCell" controller=VitessCell namespace=vitess vitesscell=example-zone1-5abb61ae
[pod/vitess-operator-dcb9bc6cc-4bwlw/vitess-operator] time="2026-02-12T23:44:07Z" level=info msg="Reconciling VitessCluster" VitessCluster=example controller=VitessCluster namespace=vitess
[pod/vitess-operator-dcb9bc6cc-4bwlw/vitess-operator] time="2026-02-12T23:46:30Z" level=info msg="Reconciling EtcdLockserver" controller=EtcdLockserver etcdlockserver=example-etcd-faf13de3 namespace=vitess
[pod/vitess-operator-dcb9bc6cc-4bwlw/vitess-operator] time="2026-02-12T23:46:30Z" level=info msg="Reconciling EtcdLockserver" controller=EtcdLockserver etcdlockserver=example-etcd-faf13de3 namespace=vitess
[pod/vitess-operator-dcb9bc6cc-4bwlw/vitess-operator] time="2026-02-12T23:47:22Z" level=info msg="Reconciling EtcdLockserver" controller=EtcdLockserver etcdlockserver=example-etcd-faf13de3 namespace=vitess
[pod/vitess-operator-dcb9bc6cc-4bwlw/vitess-operator] time="2026-02-12T23:47:22Z" level=info msg="Reconciling EtcdLockserver" controller=EtcdLockserver etcdlockserver=example-etcd-faf13de3 namespace=vitess
[pod/vitess-operator-dcb9bc6cc-4bwlw/vitess-operator] time="2026-02-12T23:47:22Z" level=info msg="Reconciling EtcdLockserver" controller=EtcdLockserver etcdlockserver=example-etcd-faf13de3 namespace=vitess
[pod/vitess-operator-dcb9bc6cc-4bwlw/vitess-operator] time="2026-02-12T23:48:34Z" level=info msg="Reconciling VitessCluster" VitessCluster=example controller=VitessCluster namespace=vitess
[pod/vitess-operator-dcb9bc6cc-4bwlw/vitess-operator] time="2026-02-12T23:48:34Z" level=info msg="Reconciling VitessCell" controller=VitessCell namespace=vitess vitesscell=example-zone1-5abb61ae
[pod/vitess-operator-dcb9bc6cc-4bwlw/vitess-operator] time="2026-02-12T23:48:38Z" level=info msg="Reconciling VitessCluster" VitessCluster=example controller=VitessCluster namespace=vitess
[pod/vitess-operator-dcb9bc6cc-4bwlw/vitess-operator] time="2026-02-12T23:49:40Z" level=info msg="Reconciling EtcdLockserver" controller=EtcdLockserver etcdlockserver=example-etcd-faf13de3 namespace=vitess
[pod/vitess-operator-dcb9bc6cc-4bwlw/vitess-operator] time="2026-02-12T23:49:40Z" level=info msg="Reconciling VitessCluster" VitessCluster=example controller=VitessCluster namespace=vitess
[pod/vitess-operator-dcb9bc6cc-4bwlw/vitess-operator] time="2026-02-12T23:49:51Z" level=info msg="Reconciling EtcdLockserver" controller=EtcdLockserver etcdlockserver=example-etcd-faf13de3 namespace=vitess
[pod/vitess-operator-dcb9bc6cc-4bwlw/vitess-operator] time="2026-02-12T23:51:04Z" level=info msg="Reconciling VitessCluster" VitessCluster=example controller=VitessCluster namespace=vitess
[pod/vitess-operator-dcb9bc6cc-4bwlw/vitess-operator] time="2026-02-12T23:51:04Z" level=info msg="Reconciling EtcdLockserver" controller=EtcdLockserver etcdlockserver=example-etcd-faf13de3 namespace=vitess
[pod/vitess-operator-dcb9bc6cc-4bwlw/vitess-operator] time="2026-02-12T23:51:04Z" level=info msg="Reconciling VitessCell" controller=VitessCell namespace=vitess vitesscell=example-zone1-5abb61ae
[pod/vitess-operator-dcb9bc6cc-4bwlw/vitess-operator] time="2026-02-12T23:51:04Z" level=info msg="Reconciling EtcdLockserver" controller=EtcdLockserver etcdlockserver=example-etcd-faf13de3 namespace=vitess
[pod/vitess-operator-dcb9bc6cc-4bwlw/vitess-operator] time="2026-02-12T23:51:04Z" level=info msg="Reconciling VitessCell" controller=VitessCell namespace=vitess vitesscell=example-zone1-5abb61ae
[pod/vitess-operator-dcb9bc6cc-4bwlw/vitess-operator] time="2026-02-12T23:51:05Z" level=info msg="Reconciling VitessCluster" VitessCluster=example controller=VitessCluster namespace=vitess
[pod/vitess-operator-dcb9bc6cc-4bwlw/vitess-operator] time="2026-02-12T23:51:05Z" level=info msg="Reconciling VitessCell" controller=VitessCell namespace=vitess vitesscell=example-zone1-5abb61ae
[pod/vitess-operator-dcb9bc6cc-4bwlw/vitess-operator] time="2026-02-12T23:51:05Z" level=info msg="Reconciling VitessCluster" VitessCluster=example controller=VitessCluster namespace=vitess
[pod/vitess-operator-dcb9bc6cc-4bwlw/vitess-operator] time="2026-02-12T23:53:45Z" level=info msg="Reconciling VitessCluster" VitessCluster=example controller=VitessCluster namespace=vitess
[pod/vitess-operator-dcb9bc6cc-4bwlw/vitess-operator] time="2026-02-12T23:53:45Z" level=info msg="Reconciling VitessCell" controller=VitessCell namespace=vitess vitesscell=example-zone1-5abb61ae
[pod/vitess-operator-dcb9bc6cc-4bwlw/vitess-operator] time="2026-02-12T23:53:45Z" level=info msg="Reconciling VitessCluster" VitessCluster=example controller=VitessCluster namespace=vitess
[pod/vitess-operator-dcb9bc6cc-4bwlw/vitess-operator] time="2026-02-12T23:53:57Z" level=info msg="Reconciling VitessCell" controller=VitessCell namespace=vitess vitesscell=example-zone1-5abb61ae
[pod/vitess-operator-dcb9bc6cc-4bwlw/vitess-operator] time="2026-02-12T23:53:57Z" level=info msg="Reconciling VitessCluster" VitessCluster=example controller=VitessCluster namespace=vitess
[pod/vitess-operator-dcb9bc6cc-4bwlw/vitess-operator] time="2026-02-12T23:55:54Z" level=info msg="Reconciling EtcdLockserver" controller=EtcdLockserver etcdlockserver=example-etcd-faf13de3 namespace=vitess
[pod/vitess-operator-dcb9bc6cc-4bwlw/vitess-operator] time="2026-02-12T23:55:55Z" level=info msg="Reconciling EtcdLockserver" controller=EtcdLockserver etcdlockserver=example-etcd-faf13de3 namespace=vitess
[pod/vitess-operator-dcb9bc6cc-4bwlw/vitess-operator] time="2026-02-12T23:56:32Z" level=info msg="Reconciling EtcdLockserver" controller=EtcdLockserver etcdlockserver=example-etcd-faf13de3 namespace=vitess
[pod/vitess-operator-dcb9bc6cc-4bwlw/vitess-operator] time="2026-02-12T23:56:32Z" level=info msg="Reconciling EtcdLockserver" controller=EtcdLockserver etcdlockserver=example-etcd-faf13de3 namespace=vitess
[pod/vitess-operator-dcb9bc6cc-4bwlw/vitess-operator] time="2026-02-12T23:58:54Z" level=info msg="Reconciling EtcdLockserver" controller=EtcdLockserver etcdlockserver=example-etcd-faf13de3 namespace=vitess
[pod/vitess-operator-dcb9bc6cc-4bwlw/vitess-operator] time="2026-02-12T23:58:54Z" level=info msg="Reconciling VitessCluster" VitessCluster=example controller=VitessCluster namespace=vitess
[pod/vitess-operator-dcb9bc6cc-4bwlw/vitess-operator] time="2026-02-12T23:59:00Z" level=info msg="Reconciling VitessCluster" VitessCluster=example controller=VitessCluster namespace=vitess
[pod/vitess-operator-dcb9bc6cc-4bwlw/vitess-operator] time="2026-02-12T23:59:00Z" level=info msg="Reconciling VitessCell" controller=VitessCell namespace=vitess vitesscell=example-zone1-5abb61ae
[pod/vitess-operator-dcb9bc6cc-4bwlw/vitess-operator] time="2026-02-12T23:59:05Z" level=info msg="Reconciling EtcdLockserver" controller=EtcdLockserver etcdlockserver=example-etcd-faf13de3 namespace=vitess
[pod/vitess-operator-dcb9bc6cc-4bwlw/vitess-operator] time="2026-02-12T23:59:25Z" level=info msg="Reconciling VitessCluster" VitessCluster=example controller=VitessCluster namespace=vitess
[pod/vitess-operator-dcb9bc6cc-4bwlw/vitess-operator] time="2026-02-13T00:01:15Z" level=info msg="Reconciling EtcdLockserver" controller=EtcdLockserver etcdlockserver=example-etcd-faf13de3 namespace=vitess
[pod/vitess-operator-dcb9bc6cc-4bwlw/vitess-operator] time="2026-02-13T00:01:15Z" level=info msg="Reconciling VitessCell" controller=VitessCell namespace=vitess vitesscell=example-zone1-5abb61ae
[pod/vitess-operator-dcb9bc6cc-4bwlw/vitess-operator] time="2026-02-13T00:01:15Z" level=info msg="Reconciling VitessCluster" VitessCluster=example controller=VitessCluster namespace=vitess
[pod/vitess-operator-dcb9bc6cc-4bwlw/vitess-operator] time="2026-02-13T00:01:15Z" level=info msg="Reconciling EtcdLockserver" controller=EtcdLockserver etcdlockserver=example-etcd-faf13de3 namespace=vitess
[pod/vitess-operator-dcb9bc6cc-4bwlw/vitess-operator] time="2026-02-13T00:01:15Z" level=info msg="Reconciling VitessCluster" VitessCluster=example controller=VitessCluster namespace=vitess
[pod/vitess-operator-dcb9bc6cc-4bwlw/vitess-operator] time="2026-02-13T00:01:15Z" level=info msg="Reconciling VitessCell" controller=VitessCell namespace=vitess vitesscell=example-zone1-5abb61ae
[pod/vitess-operator-dcb9bc6cc-4bwlw/vitess-operator] time="2026-02-13T00:01:15Z" level=info msg="Reconciling VitessCell" controller=VitessCell namespace=vitess vitesscell=example-zone1-5abb61ae
[pod/vitess-operator-dcb9bc6cc-4bwlw/vitess-operator] time="2026-02-13T00:01:15Z" level=info msg="Reconciling VitessCluster" VitessCluster=example controller=VitessCluster namespace=vitess
[pod/vitess-operator-dcb9bc6cc-4bwlw/vitess-operator] time="2026-02-13T00:01:15Z" level=info msg="Reconciling VitessCell" controller=VitessCell namespace=vitess vitesscell=example-zone1-5abb61ae
[pod/vitess-operator-dcb9bc6cc-4bwlw/vitess-operator] time="2026-02-13T00:01:15Z" level=info msg="Reconciling VitessCluster" VitessCluster=example controller=VitessCluster namespace=vitess
[pod/vitess-operator-dcb9bc6cc-4bwlw/vitess-operator] time="2026-02-13T00:03:23Z" level=info msg="Reconciling VitessCluster" VitessCluster=example controller=VitessCluster namespace=vitess
[pod/vitess-operator-dcb9bc6cc-4bwlw/vitess-operator] time="2026-02-13T00:03:23Z" level=info msg="Reconciling VitessCell" controller=VitessCell namespace=vitess vitesscell=example-zone1-5abb61ae
[pod/vitess-operator-dcb9bc6cc-4bwlw/vitess-operator] time="2026-02-13T00:03:23Z" level=info msg="Reconciling VitessCluster" VitessCluster=example controller=VitessCluster namespace=vitess
[pod/vitess-operator-dcb9bc6cc-4bwlw/vitess-operator] time="2026-02-13T00:04:33Z" level=info msg="Reconciling VitessCell" controller=VitessCell namespace=vitess vitesscell=example-zone1-5abb61ae
[pod/vitess-operator-dcb9bc6cc-4bwlw/vitess-operator] time="2026-02-13T00:04:33Z" level=info msg="Reconciling VitessCluster" VitessCluster=example controller=VitessCluster namespace=vitess
[pod/vitess-operator-dcb9bc6cc-4bwlw/vitess-operator] time="2026-02-13T00:04:34Z" level=info msg="Reconciling VitessCell" controller=VitessCell namespace=vitess vitesscell=example-zone1-5abb61ae
[pod/vitess-operator-dcb9bc6cc-4bwlw/vitess-operator] time="2026-02-13T00:04:34Z" level=info msg="Reconciling VitessCluster" VitessCluster=example controller=VitessCluster namespace=vitess
[pod/vitess-operator-dcb9bc6cc-4bwlw/vitess-operator] time="2026-02-13T00:04:34Z" level=info msg="Reconciling VitessCell" controller=VitessCell namespace=vitess vitesscell=example-zone1-5abb61ae
[pod/vitess-operator-dcb9bc6cc-4bwlw/vitess-operator] time="2026-02-13T00:04:34Z" level=info msg="Reconciling VitessCell" controller=VitessCell namespace=vitess vitesscell=example-zone1-5abb61ae
[pod/vitess-operator-dcb9bc6cc-4bwlw/vitess-operator] time="2026-02-13T00:04:34Z" level=info msg="Reconciling VitessCluster" VitessCluster=example controller=VitessCluster namespace=vitess
[pod/vitess-operator-dcb9bc6cc-4bwlw/vitess-operator] time="2026-02-13T00:04:34Z" level=info msg="Reconciling VitessCell" controller=VitessCell namespace=vitess vitesscell=example-zone1-5abb61ae
[pod/vitess-operator-dcb9bc6cc-4bwlw/vitess-operator] time="2026-02-13T00:04:34Z" level=info msg="Reconciling VitessCluster" VitessCluster=example controller=VitessCluster namespace=vitess
[pod/vitess-operator-dcb9bc6cc-4bwlw/vitess-operator] time="2026-02-13T00:04:34Z" level=info msg="Reconciling VitessCell" controller=VitessCell namespace=vitess vitesscell=example-zone1-5abb61ae
[pod/vitess-operator-dcb9bc6cc-4bwlw/vitess-operator] time="2026-02-13T00:04:34Z" level=info msg="Reconciling VitessCluster" VitessCluster=example controller=VitessCluster namespace=vitess
[pod/vitess-operator-dcb9bc6cc-4bwlw/vitess-operator] time="2026-02-13T00:04:34Z" level=info msg="Reconciling VitessCell" controller=VitessCell namespace=vitess vitesscell=example-zone1-5abb61ae
[pod/vitess-operator-dcb9bc6cc-4bwlw/vitess-operator] time="2026-02-13T00:04:34Z" level=info msg="Reconciling VitessCluster" VitessCluster=example controller=VitessCluster namespace=vitess
[pod/vitess-operator-dcb9bc6cc-4bwlw/vitess-operator] time="2026-02-13T00:05:19Z" level=info msg="Reconciling EtcdLockserver" controller=EtcdLockserver etcdlockserver=example-etcd-faf13de3 namespace=vitess
[pod/vitess-operator-dcb9bc6cc-4bwlw/vitess-operator] time="2026-02-13T00:05:19Z" level=info msg="Reconciling EtcdLockserver" controller=EtcdLockserver etcdlockserver=example-etcd-faf13de3 namespace=vitess
[pod/vitess-operator-dcb9bc6cc-4bwlw/vitess-operator] time="2026-02-13T00:05:19Z" level=info msg="Reconciling EtcdLockserver" controller=EtcdLockserver etcdlockserver=example-etcd-faf13de3 namespace=vitess
[pod/vitess-operator-dcb9bc6cc-4bwlw/vitess-operator] time="2026-02-13T00:05:41Z" level=info msg="Reconciling EtcdLockserver" controller=EtcdLockserver etcdlockserver=example-etcd-faf13de3 namespace=vitess
[pod/vitess-operator-dcb9bc6cc-4bwlw/vitess-operator] time="2026-02-13T00:05:41Z" level=info msg="Reconciling EtcdLockserver" controller=EtcdLockserver etcdlockserver=example-etcd-faf13de3 namespace=vitess
[pod/vitess-operator-dcb9bc6cc-4bwlw/vitess-operator] time="2026-02-13T00:08:08Z" level=info msg="Reconciling EtcdLockserver" controller=EtcdLockserver etcdlockserver=example-etcd-faf13de3 namespace=vitess
[pod/vitess-operator-dcb9bc6cc-4bwlw/vitess-operator] time="2026-02-13T00:08:08Z" level=info msg="Reconciling VitessCluster" VitessCluster=example controller=VitessCluster namespace=vitess
[pod/vitess-operator-dcb9bc6cc-4bwlw/vitess-operator] time="2026-02-13T00:08:20Z" level=info msg="Reconciling EtcdLockserver" controller=EtcdLockserver etcdlockserver=example-etcd-faf13de3 namespace=vitess
[pod/vitess-operator-dcb9bc6cc-4bwlw/vitess-operator] time="2026-02-13T00:09:25Z" level=info msg="Reconciling VitessCell" controller=VitessCell namespace=vitess vitesscell=example-zone1-5abb61ae
[pod/vitess-operator-dcb9bc6cc-4bwlw/vitess-operator] time="2026-02-13T00:09:25Z" level=info msg="Reconciling VitessCluster" VitessCluster=example controller=VitessCluster namespace=vitess
[pod/vitess-operator-dcb9bc6cc-4bwlw/vitess-operator] time="2026-02-13T00:09:25Z" level=info msg="Reconciling VitessCell" controller=VitessCell namespace=vitess vitesscell=example-zone1-5abb61ae
[pod/vitess-operator-dcb9bc6cc-4bwlw/vitess-operator] time="2026-02-13T00:09:25Z" level=info msg="Reconciling VitessCluster" VitessCluster=example controller=VitessCluster namespace=vitess
[pod/vitess-operator-dcb9bc6cc-4bwlw/vitess-operator] time="2026-02-13T00:09:25Z" level=info msg="Reconciling VitessCell" controller=VitessCell namespace=vitess vitesscell=example-zone1-5abb61ae
[pod/vitess-operator-dcb9bc6cc-4bwlw/vitess-operator] time="2026-02-13T00:09:25Z" level=info msg="Reconciling VitessCluster" VitessCluster=example controller=VitessCluster namespace=vitess
[pod/vitess-operator-dcb9bc6cc-4bwlw/vitess-operator] time="2026-02-13T00:10:13Z" level=info msg="Reconciling VitessCluster" VitessCluster=example controller=VitessCluster namespace=vitess
[pod/vitess-operator-dcb9bc6cc-4bwlw/vitess-operator] time="2026-02-13T00:11:25Z" level=info msg="Reconciling VitessCell" controller=VitessCell namespace=vitess vitesscell=example-zone1-5abb61ae
[pod/vitess-operator-dcb9bc6cc-4bwlw/vitess-operator] time="2026-02-13T00:11:25Z" level=info msg="Reconciling EtcdLockserver" controller=EtcdLockserver etcdlockserver=example-etcd-faf13de3 namespace=vitess
[pod/vitess-operator-dcb9bc6cc-4bwlw/vitess-operator] time="2026-02-13T00:11:25Z" level=info msg="Reconciling VitessCluster" VitessCluster=example controller=VitessCluster namespace=vitess
[pod/vitess-operator-dcb9bc6cc-4bwlw/vitess-operator] time="2026-02-13T00:11:25Z" level=info msg="Reconciling EtcdLockserver" controller=EtcdLockserver etcdlockserver=example-etcd-faf13de3 namespace=vitess
[pod/vitess-operator-dcb9bc6cc-4bwlw/vitess-operator] time="2026-02-13T00:11:25Z" level=info msg="Reconciling VitessCluster" VitessCluster=example controller=VitessCluster namespace=vitess
[pod/vitess-operator-dcb9bc6cc-4bwlw/vitess-operator] time="2026-02-13T00:13:02Z" level=info msg="Reconciling VitessCell" controller=VitessCell namespace=vitess vitesscell=example-zone1-5abb61ae
[pod/vitess-operator-dcb9bc6cc-4bwlw/vitess-operator] time="2026-02-13T00:13:02Z" level=info msg="Reconciling VitessCluster" VitessCluster=example controller=VitessCluster namespace=vitess
[pod/vitess-operator-dcb9bc6cc-4bwlw/vitess-operator] time="2026-02-13T00:13:02Z" level=info msg="Reconciling VitessCell" controller=VitessCell namespace=vitess vitesscell=example-zone1-5abb61ae
[pod/vitess-operator-dcb9bc6cc-4bwlw/vitess-operator] time="2026-02-13T00:13:02Z" level=info msg="Reconciling VitessCluster" VitessCluster=example controller=VitessCluster namespace=vitess
[pod/vitess-operator-dcb9bc6cc-4bwlw/vitess-operator] time="2026-02-13T00:13:02Z" level=info msg="Reconciling VitessCell" controller=VitessCell namespace=vitess vitesscell=example-zone1-5abb61ae
[pod/vitess-operator-dcb9bc6cc-4bwlw/vitess-operator] time="2026-02-13T00:13:02Z" level=info msg="Reconciling VitessCluster" VitessCluster=example controller=VitessCluster namespace=vitess
[pod/vitess-operator-dcb9bc6cc-4bwlw/vitess-operator] time="2026-02-13T00:14:44Z" level=info msg="Reconciling EtcdLockserver" controller=EtcdLockserver etcdlockserver=example-etcd-faf13de3 namespace=vitess
[pod/vitess-operator-dcb9bc6cc-4bwlw/vitess-operator] time="2026-02-13T00:14:44Z" level=info msg="Reconciling EtcdLockserver" controller=EtcdLockserver etcdlockserver=example-etcd-faf13de3 namespace=vitess
[pod/vitess-operator-dcb9bc6cc-4bwlw/vitess-operator] time="2026-02-13T00:14:44Z" level=info msg="Reconciling EtcdLockserver" controller=EtcdLockserver etcdlockserver=example-etcd-faf13de3 namespace=vitess
[pod/vitess-operator-dcb9bc6cc-4bwlw/vitess-operator] time="2026-02-13T00:14:51Z" level=info msg="Reconciling EtcdLockserver" controller=EtcdLockserver etcdlockserver=example-etcd-faf13de3 namespace=vitess
[pod/vitess-operator-dcb9bc6cc-4bwlw/vitess-operator] time="2026-02-13T00:14:51Z" level=info msg="Reconciling EtcdLockserver" controller=EtcdLockserver etcdlockserver=example-etcd-faf13de3 namespace=vitess
[pod/vitess-operator-dcb9bc6cc-4bwlw/vitess-operator] time="2026-02-13T00:14:51Z" level=info msg="Reconciling EtcdLockserver" controller=EtcdLockserver etcdlockserver=example-etcd-faf13de3 namespace=vitess
[pod/vitess-operator-dcb9bc6cc-4bwlw/vitess-operator] time="2026-02-13T00:15:10Z" level=info msg="Reconciling VitessCell" controller=VitessCell namespace=vitess vitesscell=example-zone1-5abb61ae
[pod/vitess-operator-dcb9bc6cc-4bwlw/vitess-operator] time="2026-02-13T00:15:10Z" level=info msg="Reconciling VitessCluster" VitessCluster=example controller=VitessCluster namespace=vitess
[pod/vitess-operator-dcb9bc6cc-4bwlw/vitess-operator] time="2026-02-13T00:17:22Z" level=info msg="Reconciling EtcdLockserver" controller=EtcdLockserver etcdlockserver=example-etcd-faf13de3 namespace=vitess
[pod/vitess-operator-dcb9bc6cc-4bwlw/vitess-operator] time="2026-02-13T00:17:22Z" level=info msg="Reconciling VitessCluster" VitessCluster=example controller=VitessCluster namespace=vitess
[pod/vitess-operator-dcb9bc6cc-4bwlw/vitess-operator] time="2026-02-13T00:17:34Z" level=info msg="Reconciling EtcdLockserver" controller=EtcdLockserver etcdlockserver=example-etcd-faf13de3 namespace=vitess
[pod/vitess-operator-dcb9bc6cc-4bwlw/vitess-operator] time="2026-02-13T00:19:51Z" level=info msg="Reconciling VitessCluster" VitessCluster=example controller=VitessCluster namespace=vitess
[pod/vitess-operator-dcb9bc6cc-4bwlw/vitess-operator] time="2026-02-13T00:19:51Z" level=info msg="Reconciling VitessCell" controller=VitessCell namespace=vitess vitesscell=example-zone1-5abb61ae
[pod/vitess-operator-dcb9bc6cc-4bwlw/vitess-operator] time="2026-02-13T00:21:00Z" level=info msg="Reconciling VitessCluster" VitessCluster=example controller=VitessCluster namespace=vitess
[pod/vitess-operator-dcb9bc6cc-4bwlw/vitess-operator] time="2026-02-13T00:21:35Z" level=info msg="Reconciling VitessCell" controller=VitessCell namespace=vitess vitesscell=example-zone1-5abb61ae
[pod/vitess-operator-dcb9bc6cc-4bwlw/vitess-operator] time="2026-02-13T00:21:35Z" level=info msg="Reconciling EtcdLockserver" controller=EtcdLockserver etcdlockserver=example-etcd-faf13de3 namespace=vitess
[pod/vitess-operator-dcb9bc6cc-4bwlw/vitess-operator] time="2026-02-13T00:21:35Z" level=info msg="Reconciling VitessCluster" VitessCluster=example controller=VitessCluster namespace=vitess
[pod/vitess-operator-dcb9bc6cc-4bwlw/vitess-operator] time="2026-02-13T00:21:35Z" level=info msg="Reconciling EtcdLockserver" controller=EtcdLockserver etcdlockserver=example-etcd-faf13de3 namespace=vitess
[pod/vitess-operator-dcb9bc6cc-4bwlw/vitess-operator] time="2026-02-13T00:21:35Z" level=info msg="Reconciling VitessCluster" VitessCluster=example controller=VitessCluster namespace=vitess
[pod/vitess-operator-dcb9bc6cc-4bwlw/vitess-operator] time="2026-02-13T00:22:40Z" level=info msg="Reconciling VitessCell" controller=VitessCell namespace=vitess vitesscell=example-zone1-5abb61ae
[pod/vitess-operator-dcb9bc6cc-4bwlw/vitess-operator] time="2026-02-13T00:22:40Z" level=info msg="Reconciling VitessCluster" VitessCluster=example controller=VitessCluster namespace=vitess
[pod/vitess-operator-dcb9bc6cc-4bwlw/vitess-operator] time="2026-02-13T00:22:40Z" level=info msg="Reconciling VitessCell" controller=VitessCell namespace=vitess vitesscell=example-zone1-5abb61ae
[pod/vitess-operator-dcb9bc6cc-4bwlw/vitess-operator] time="2026-02-13T00:22:40Z" level=info msg="Reconciling VitessCluster" VitessCluster=example controller=VitessCluster namespace=vitess
[pod/vitess-operator-dcb9bc6cc-4bwlw/vitess-operator] time="2026-02-13T00:22:40Z" level=info msg="Reconciling VitessCell" controller=VitessCell namespace=vitess vitesscell=example-zone1-5abb61ae
[pod/vitess-operator-dcb9bc6cc-4bwlw/vitess-operator] time="2026-02-13T00:22:40Z" level=info msg="Reconciling VitessCell" controller=VitessCell namespace=vitess vitesscell=example-zone1-5abb61ae
[pod/vitess-operator-dcb9bc6cc-4bwlw/vitess-operator] time="2026-02-13T00:22:40Z" level=info msg="Reconciling VitessCluster" VitessCluster=example controller=VitessCluster namespace=vitess
[pod/vitess-operator-dcb9bc6cc-4bwlw/vitess-operator] time="2026-02-13T00:24:01Z" level=info msg="Reconciling EtcdLockserver" controller=EtcdLockserver etcdlockserver=example-etcd-faf13de3 namespace=vitess
[pod/vitess-operator-dcb9bc6cc-4bwlw/vitess-operator] time="2026-02-13T00:24:01Z" level=info msg="Reconciling EtcdLockserver" controller=EtcdLockserver etcdlockserver=example-etcd-faf13de3 namespace=vitess
[pod/vitess-operator-dcb9bc6cc-4bwlw/vitess-operator] time="2026-02-13T00:24:09Z" level=info msg="Reconciling EtcdLockserver" controller=EtcdLockserver etcdlockserver=example-etcd-faf13de3 namespace=vitess
[pod/vitess-operator-dcb9bc6cc-4bwlw/vitess-operator] time="2026-02-13T00:24:09Z" level=info msg="Reconciling EtcdLockserver" controller=EtcdLockserver etcdlockserver=example-etcd-faf13de3 namespace=vitess
[pod/vitess-operator-dcb9bc6cc-4bwlw/vitess-operator] time="2026-02-13T00:24:09Z" level=info msg="Reconciling EtcdLockserver" controller=EtcdLockserver etcdlockserver=example-etcd-faf13de3 namespace=vitess
[pod/vitess-operator-dcb9bc6cc-4bwlw/vitess-operator] time="2026-02-13T00:25:46Z" level=info msg="Reconciling VitessCell" controller=VitessCell namespace=vitess vitesscell=example-zone1-5abb61ae
[pod/vitess-operator-dcb9bc6cc-4bwlw/vitess-operator] time="2026-02-13T00:25:46Z" level=info msg="Reconciling VitessCluster" VitessCluster=example controller=VitessCluster namespace=vitess
[pod/vitess-operator-dcb9bc6cc-4bwlw/vitess-operator] time="2026-02-13T00:25:46Z" level=info msg="Reconciling VitessCell" controller=VitessCell namespace=vitess vitesscell=example-zone1-5abb61ae
[pod/vitess-operator-dcb9bc6cc-4bwlw/vitess-operator] time="2026-02-13T00:25:46Z" level=info msg="Reconciling VitessCluster" VitessCluster=example controller=VitessCluster namespace=vitess
[pod/vitess-operator-dcb9bc6cc-4bwlw/vitess-operator] time="2026-02-13T00:25:46Z" level=info msg="Reconciling VitessCell" controller=VitessCell namespace=vitess vitesscell=example-zone1-5abb61ae
[pod/vitess-operator-dcb9bc6cc-4bwlw/vitess-operator] time="2026-02-13T00:25:46Z" level=info msg="Reconciling VitessCell" controller=VitessCell namespace=vitess vitesscell=example-zone1-5abb61ae
[pod/vitess-operator-dcb9bc6cc-4bwlw/vitess-operator] time="2026-02-13T00:25:46Z" level=info msg="Reconciling VitessCluster" VitessCluster=example controller=VitessCluster namespace=vitess
[pod/vitess-operator-dcb9bc6cc-4bwlw/vitess-operator] time="2026-02-13T00:25:46Z" level=info msg="Reconciling VitessCell" controller=VitessCell namespace=vitess vitesscell=example-zone1-5abb61ae
[pod/vitess-operator-dcb9bc6cc-4bwlw/vitess-operator] time="2026-02-13T00:25:46Z" level=info msg="Reconciling VitessCluster" VitessCluster=example controller=VitessCluster namespace=vitess
[pod/vitess-operator-dcb9bc6cc-4bwlw/vitess-operator] time="2026-02-13T00:26:36Z" level=info msg="Reconciling EtcdLockserver" controller=EtcdLockserver etcdlockserver=example-etcd-faf13de3 namespace=vitess
[pod/vitess-operator-dcb9bc6cc-4bwlw/vitess-operator] time="2026-02-13T00:26:36Z" level=info msg="Reconciling VitessCluster" VitessCluster=example controller=VitessCluster namespace=vitess
[pod/vitess-operator-dcb9bc6cc-4bwlw/vitess-operator] time="2026-02-13T00:26:48Z" level=info msg="Reconciling EtcdLockserver" controller=EtcdLockserver etcdlockserver=example-etcd-faf13de3 namespace=vitess
[pod/vitess-operator-dcb9bc6cc-4bwlw/vitess-operator] time="2026-02-13T00:30:16Z" level=info msg="Reconciling VitessCluster" VitessCluster=example controller=VitessCluster namespace=vitess
[pod/vitess-operator-dcb9bc6cc-4bwlw/vitess-operator] time="2026-02-13T00:30:16Z" level=info msg="Reconciling VitessCell" controller=VitessCell namespace=vitess vitesscell=example-zone1-5abb61ae
[pod/vitess-operator-dcb9bc6cc-4bwlw/vitess-operator] time="2026-02-13T00:31:45Z" level=info msg="Reconciling EtcdLockserver" controller=EtcdLockserver etcdlockserver=example-etcd-faf13de3 namespace=vitess
[pod/vitess-operator-dcb9bc6cc-4bwlw/vitess-operator] time="2026-02-13T00:31:45Z" level=info msg="Reconciling VitessCluster" VitessCluster=example controller=VitessCluster namespace=vitess
[pod/vitess-operator-dcb9bc6cc-4bwlw/vitess-operator] time="2026-02-13T00:31:45Z" level=info msg="Reconciling VitessCell" controller=VitessCell namespace=vitess vitesscell=example-zone1-5abb61ae
[pod/vitess-operator-dcb9bc6cc-4bwlw/vitess-operator] time="2026-02-13T00:31:45Z" level=info msg="Reconciling EtcdLockserver" controller=EtcdLockserver etcdlockserver=example-etcd-faf13de3 namespace=vitess
[pod/vitess-operator-dcb9bc6cc-4bwlw/vitess-operator] time="2026-02-13T00:31:46Z" level=info msg="Reconciling VitessCluster" VitessCluster=example controller=VitessCluster namespace=vitess
[pod/vitess-operator-dcb9bc6cc-4bwlw/vitess-operator] time="2026-02-13T00:31:47Z" level=info msg="Reconciling VitessCluster" VitessCluster=example controller=VitessCluster namespace=vitess
[pod/vitess-operator-dcb9bc6cc-4bwlw/vitess-operator] time="2026-02-13T00:32:18Z" level=info msg="Reconciling VitessCell" controller=VitessCell namespace=vitess vitesscell=example-zone1-5abb61ae
[pod/vitess-operator-dcb9bc6cc-4bwlw/vitess-operator] time="2026-02-13T00:32:18Z" level=info msg="Reconciling VitessCluster" VitessCluster=example controller=VitessCluster namespace=vitess
[pod/vitess-operator-dcb9bc6cc-4bwlw/vitess-operator] time="2026-02-13T00:32:18Z" level=info msg="Reconciling VitessCluster" VitessCluster=example controller=VitessCluster namespace=vitess
[pod/vitess-operator-dcb9bc6cc-4bwlw/vitess-operator] time="2026-02-13T00:33:11Z" level=info msg="Reconciling EtcdLockserver" controller=EtcdLockserver etcdlockserver=example-etcd-faf13de3 namespace=vitess
[pod/vitess-operator-dcb9bc6cc-4bwlw/vitess-operator] time="2026-02-13T00:33:11Z" level=info msg="Reconciling EtcdLockserver" controller=EtcdLockserver etcdlockserver=example-etcd-faf13de3 namespace=vitess
[pod/vitess-operator-dcb9bc6cc-4bwlw/vitess-operator] time="2026-02-13T00:33:34Z" level=info msg="Reconciling EtcdLockserver" controller=EtcdLockserver etcdlockserver=example-etcd-faf13de3 namespace=vitess
[pod/vitess-operator-dcb9bc6cc-4bwlw/vitess-operator] time="2026-02-13T00:33:35Z" level=info msg="Reconciling EtcdLockserver" controller=EtcdLockserver etcdlockserver=example-etcd-faf13de3 namespace=vitess
[pod/vitess-operator-dcb9bc6cc-4bwlw/vitess-operator] time="2026-02-13T00:35:50Z" level=info msg="Reconciling EtcdLockserver" controller=EtcdLockserver etcdlockserver=example-etcd-faf13de3 namespace=vitess
[pod/vitess-operator-dcb9bc6cc-4bwlw/vitess-operator] time="2026-02-13T00:35:50Z" level=info msg="Reconciling VitessCluster" VitessCluster=example controller=VitessCluster namespace=vitess
[pod/vitess-operator-dcb9bc6cc-4bwlw/vitess-operator] time="2026-02-13T00:36:02Z" level=info msg="Reconciling EtcdLockserver" controller=EtcdLockserver etcdlockserver=example-etcd-faf13de3 namespace=vitess
[pod/vitess-operator-dcb9bc6cc-4bwlw/vitess-operator] time="2026-02-13T00:36:23Z" level=info msg="Reconciling VitessCell" controller=VitessCell namespace=vitess vitesscell=example-zone1-5abb61ae
[pod/vitess-operator-dcb9bc6cc-4bwlw/vitess-operator] time="2026-02-13T00:36:23Z" level=info msg="Reconciling VitessCluster" VitessCluster=example controller=VitessCluster namespace=vitess
[pod/vitess-operator-dcb9bc6cc-4bwlw/vitess-operator] time="2026-02-13T00:36:23Z" level=info msg="Reconciling VitessCell" controller=VitessCell namespace=vitess vitesscell=example-zone1-5abb61ae
[pod/vitess-operator-dcb9bc6cc-4bwlw/vitess-operator] time="2026-02-13T00:36:23Z" level=info msg="Reconciling VitessCluster" VitessCluster=example controller=VitessCluster namespace=vitess
[pod/vitess-operator-dcb9bc6cc-4bwlw/vitess-operator] time="2026-02-13T00:36:23Z" level=info msg="Reconciling VitessCell" controller=VitessCell namespace=vitess vitesscell=example-zone1-5abb61ae
[pod/vitess-operator-dcb9bc6cc-4bwlw/vitess-operator] time="2026-02-13T00:36:23Z" level=info msg="Reconciling VitessCell" controller=VitessCell namespace=vitess vitesscell=example-zone1-5abb61ae
[pod/vitess-operator-dcb9bc6cc-4bwlw/vitess-operator] time="2026-02-13T00:36:23Z" level=info msg="Reconciling VitessCluster" VitessCluster=example controller=VitessCluster namespace=vitess
[pod/vitess-operator-dcb9bc6cc-4bwlw/vitess-operator] time="2026-02-13T00:36:23Z" level=info msg="Reconciling VitessCell" controller=VitessCell namespace=vitess vitesscell=example-zone1-5abb61ae
[pod/vitess-operator-dcb9bc6cc-4bwlw/vitess-operator] time="2026-02-13T00:36:23Z" level=info msg="Reconciling VitessCell" controller=VitessCell namespace=vitess vitesscell=example-zone1-5abb61ae
[pod/vitess-operator-dcb9bc6cc-4bwlw/vitess-operator] time="2026-02-13T00:36:23Z" level=info msg="Reconciling VitessCluster" VitessCluster=example controller=VitessCluster namespace=vitess
[pod/vitess-operator-dcb9bc6cc-4bwlw/vitess-operator] time="2026-02-13T00:40:42Z" level=info msg="Reconciling VitessCluster" VitessCluster=example controller=VitessCluster namespace=vitess
[pod/vitess-operator-dcb9bc6cc-4bwlw/vitess-operator] time="2026-02-13T00:40:42Z" level=info msg="Reconciling VitessCell" controller=VitessCell namespace=vitess vitesscell=example-zone1-5abb61ae
[pod/vitess-operator-dcb9bc6cc-4bwlw/vitess-operator] time="2026-02-13T00:41:56Z" level=info msg="Reconciling VitessCluster" VitessCluster=example controller=VitessCluster namespace=vitess
[pod/vitess-operator-dcb9bc6cc-4bwlw/vitess-operator] time="2026-02-13T00:41:56Z" level=info msg="Reconciling VitessCell" controller=VitessCell namespace=vitess vitesscell=example-zone1-5abb61ae
[pod/vitess-operator-dcb9bc6cc-4bwlw/vitess-operator] time="2026-02-13T00:41:56Z" level=info msg="Reconciling EtcdLockserver" controller=EtcdLockserver etcdlockserver=example-etcd-faf13de3 namespace=vitess
[pod/vitess-operator-dcb9bc6cc-4bwlw/vitess-operator] time="2026-02-13T00:41:56Z" level=info msg="Reconciling EtcdLockserver" controller=EtcdLockserver etcdlockserver=example-etcd-faf13de3 namespace=vitess
[pod/vitess-operator-dcb9bc6cc-4bwlw/vitess-operator] time="2026-02-13T00:41:56Z" level=info msg="Reconciling VitessCluster" VitessCluster=example controller=VitessCluster namespace=vitess
[pod/vitess-operator-dcb9bc6cc-4bwlw/vitess-operator] time="2026-02-13T00:41:56Z" level=info msg="Reconciling VitessCluster" VitessCluster=example controller=VitessCluster namespace=vitess
[pod/vitess-operator-dcb9bc6cc-4bwlw/vitess-operator] time="2026-02-13T00:41:56Z" level=info msg="Reconciling VitessCell" controller=VitessCell namespace=vitess vitesscell=example-zone1-5abb61ae
[pod/vitess-operator-dcb9bc6cc-4bwlw/vitess-operator] time="2026-02-13T00:41:56Z" level=info msg="Reconciling VitessCluster" VitessCluster=example controller=VitessCluster namespace=vitess
[pod/vitess-operator-dcb9bc6cc-4bwlw/vitess-operator] time="2026-02-13T00:42:21Z" level=info msg="Reconciling EtcdLockserver" controller=EtcdLockserver etcdlockserver=example-etcd-faf13de3 namespace=vitess
[pod/vitess-operator-dcb9bc6cc-4bwlw/vitess-operator] time="2026-02-13T00:42:21Z" level=info msg="Reconciling EtcdLockserver" controller=EtcdLockserver etcdlockserver=example-etcd-faf13de3 namespace=vitess
[pod/vitess-operator-dcb9bc6cc-4bwlw/vitess-operator] time="2026-02-13T00:42:21Z" level=info msg="Reconciling EtcdLockserver" controller=EtcdLockserver etcdlockserver=example-etcd-faf13de3 namespace=vitess
[pod/vitess-operator-dcb9bc6cc-4bwlw/vitess-operator] time="2026-02-13T00:42:35Z" level=info msg="Reconciling VitessCluster" VitessCluster=example controller=VitessCluster namespace=vitess
[pod/vitess-operator-dcb9bc6cc-4bwlw/vitess-operator] time="2026-02-13T00:42:59Z" level=info msg="Reconciling EtcdLockserver" controller=EtcdLockserver etcdlockserver=example-etcd-faf13de3 namespace=vitess
[pod/vitess-operator-dcb9bc6cc-4bwlw/vitess-operator] time="2026-02-13T00:42:59Z" level=info msg="Reconciling EtcdLockserver" controller=EtcdLockserver etcdlockserver=example-etcd-faf13de3 namespace=vitess
[pod/vitess-operator-dcb9bc6cc-4bwlw/vitess-operator] time="2026-02-13T00:45:04Z" level=info msg="Reconciling EtcdLockserver" controller=EtcdLockserver etcdlockserver=example-etcd-faf13de3 namespace=vitess
[pod/vitess-operator-dcb9bc6cc-4bwlw/vitess-operator] time="2026-02-13T00:45:04Z" level=info msg="Reconciling VitessCluster" VitessCluster=example controller=VitessCluster namespace=vitess
[pod/vitess-operator-dcb9bc6cc-4bwlw/vitess-operator] time="2026-02-13T00:45:17Z" level=info msg="Reconciling EtcdLockserver" controller=EtcdLockserver etcdlockserver=example-etcd-faf13de3 namespace=vitess
[pod/vitess-operator-dcb9bc6cc-4bwlw/vitess-operator] time="2026-02-13T00:46:59Z" level=info msg="Reconciling VitessCell" controller=VitessCell namespace=vitess vitesscell=example-zone1-5abb61ae
[pod/vitess-operator-dcb9bc6cc-4bwlw/vitess-operator] time="2026-02-13T00:46:59Z" level=info msg="Reconciling VitessCluster" VitessCluster=example controller=VitessCluster namespace=vitess
[pod/vitess-operator-dcb9bc6cc-4bwlw/vitess-operator] time="2026-02-13T00:51:08Z" level=info msg="Reconciling VitessCluster" VitessCluster=example controller=VitessCluster namespace=vitess
[pod/vitess-operator-dcb9bc6cc-4bwlw/vitess-operator] time="2026-02-13T00:51:08Z" level=info msg="Reconciling VitessCell" controller=VitessCell namespace=vitess vitesscell=example-zone1-5abb61ae
[pod/vitess-operator-dcb9bc6cc-4bwlw/vitess-operator] time="2026-02-13T00:51:31Z" level=info msg="Reconciling EtcdLockserver" controller=EtcdLockserver etcdlockserver=example-etcd-faf13de3 namespace=vitess
[pod/vitess-operator-dcb9bc6cc-4bwlw/vitess-operator] time="2026-02-13T00:51:31Z" level=info msg="Reconciling EtcdLockserver" controller=EtcdLockserver etcdlockserver=example-etcd-faf13de3 namespace=vitess
[pod/vitess-operator-dcb9bc6cc-4bwlw/vitess-operator] time="2026-02-13T00:51:31Z" level=info msg="Reconciling EtcdLockserver" controller=EtcdLockserver etcdlockserver=example-etcd-faf13de3 namespace=vitess
[pod/vitess-operator-dcb9bc6cc-4bwlw/vitess-operator] time="2026-02-13T00:51:34Z" level=info msg="Reconciling VitessCluster" VitessCluster=example controller=VitessCluster namespace=vitess
[pod/vitess-operator-dcb9bc6cc-4bwlw/vitess-operator] time="2026-02-13T00:51:34Z" level=info msg="Reconciling VitessCell" controller=VitessCell namespace=vitess vitesscell=example-zone1-5abb61ae
[pod/vitess-operator-dcb9bc6cc-4bwlw/vitess-operator] time="2026-02-13T00:52:06Z" level=info msg="Reconciling EtcdLockserver" controller=EtcdLockserver etcdlockserver=example-etcd-faf13de3 namespace=vitess
[pod/vitess-operator-dcb9bc6cc-4bwlw/vitess-operator] time="2026-02-13T00:52:06Z" level=info msg="Reconciling VitessCell" controller=VitessCell namespace=vitess vitesscell=example-zone1-5abb61ae
[pod/vitess-operator-dcb9bc6cc-4bwlw/vitess-operator] time="2026-02-13T00:52:06Z" level=info msg="Reconciling VitessCluster" VitessCluster=example controller=VitessCluster namespace=vitess
[pod/vitess-operator-dcb9bc6cc-4bwlw/vitess-operator] time="2026-02-13T00:52:06Z" level=info msg="Reconciling EtcdLockserver" controller=EtcdLockserver etcdlockserver=example-etcd-faf13de3 namespace=vitess
[pod/vitess-operator-dcb9bc6cc-4bwlw/vitess-operator] time="2026-02-13T00:52:06Z" level=info msg="Reconciling VitessCluster" VitessCluster=example controller=VitessCluster namespace=vitess
[pod/vitess-operator-dcb9bc6cc-4bwlw/vitess-operator] time="2026-02-13T00:52:24Z" level=info msg="Reconciling EtcdLockserver" controller=EtcdLockserver etcdlockserver=example-etcd-faf13de3 namespace=vitess
[pod/vitess-operator-dcb9bc6cc-4bwlw/vitess-operator] time="2026-02-13T00:52:24Z" level=info msg="Reconciling EtcdLockserver" controller=EtcdLockserver etcdlockserver=example-etcd-faf13de3 namespace=vitess
[pod/vitess-operator-dcb9bc6cc-4bwlw/vitess-operator] time="2026-02-13T00:53:22Z" level=info msg="Reconciling VitessCluster" VitessCluster=example controller=VitessCluster namespace=vitess
[pod/vitess-operator-dcb9bc6cc-4bwlw/vitess-operator] time="2026-02-13T00:54:18Z" level=info msg="Reconciling EtcdLockserver" controller=EtcdLockserver etcdlockserver=example-etcd-faf13de3 namespace=vitess
[pod/vitess-operator-dcb9bc6cc-4bwlw/vitess-operator] time="2026-02-13T00:54:18Z" level=info msg="Reconciling VitessCluster" VitessCluster=example controller=VitessCluster namespace=vitess
[pod/vitess-operator-dcb9bc6cc-4bwlw/vitess-operator] time="2026-02-13T00:54:31Z" level=info msg="Reconciling EtcdLockserver" controller=EtcdLockserver etcdlockserver=example-etcd-faf13de3 namespace=vitess
[pod/vitess-operator-dcb9bc6cc-4bwlw/vitess-operator] time="2026-02-13T00:57:35Z" level=info msg="Reconciling VitessCell" controller=VitessCell namespace=vitess vitesscell=example-zone1-5abb61ae
[pod/vitess-operator-dcb9bc6cc-4bwlw/vitess-operator] time="2026-02-13T00:57:35Z" level=info msg="Reconciling VitessCluster" VitessCluster=example controller=VitessCluster namespace=vitess
[pod/vitess-operator-dcb9bc6cc-4bwlw/vitess-operator] time="2026-02-13T01:00:41Z" level=info msg="Reconciling EtcdLockserver" controller=EtcdLockserver etcdlockserver=example-etcd-faf13de3 namespace=vitess
[pod/vitess-operator-dcb9bc6cc-4bwlw/vitess-operator] time="2026-02-13T01:00:41Z" level=info msg="Reconciling EtcdLockserver" controller=EtcdLockserver etcdlockserver=example-etcd-faf13de3 namespace=vitess
[pod/vitess-operator-dcb9bc6cc-4bwlw/vitess-operator] time="2026-02-13T01:00:41Z" level=info msg="Reconciling EtcdLockserver" controller=EtcdLockserver etcdlockserver=example-etcd-faf13de3 namespace=vitess
[pod/vitess-operator-dcb9bc6cc-4bwlw/vitess-operator] time="2026-02-13T01:01:12Z" level=info msg="Reconciling VitessCluster" VitessCluster=example controller=VitessCluster namespace=vitess
[pod/vitess-operator-dcb9bc6cc-4bwlw/vitess-operator] time="2026-02-13T01:01:12Z" level=info msg="Reconciling VitessCell" controller=VitessCell namespace=vitess vitesscell=example-zone1-5abb61ae
[pod/vitess-operator-dcb9bc6cc-4bwlw/vitess-operator] time="2026-02-13T01:01:12Z" level=info msg="Reconciling VitessCell" controller=VitessCell namespace=vitess vitesscell=example-zone1-5abb61ae
[pod/vitess-operator-dcb9bc6cc-4bwlw/vitess-operator] time="2026-02-13T01:01:12Z" level=info msg="Reconciling VitessCell" controller=VitessCell namespace=vitess vitesscell=example-zone1-5abb61ae
[pod/vitess-operator-dcb9bc6cc-4bwlw/vitess-operator] time="2026-02-13T01:01:12Z" level=info msg="Reconciling VitessCluster" VitessCluster=example controller=VitessCluster namespace=vitess
[pod/vitess-operator-dcb9bc6cc-4bwlw/vitess-operator] time="2026-02-13T01:01:33Z" level=info msg="Reconciling VitessCluster" VitessCluster=example controller=VitessCluster namespace=vitess
[pod/vitess-operator-dcb9bc6cc-4bwlw/vitess-operator] time="2026-02-13T01:01:33Z" level=info msg="Reconciling VitessCell" controller=VitessCell namespace=vitess vitesscell=example-zone1-5abb61ae
[pod/vitess-operator-dcb9bc6cc-4bwlw/vitess-operator] time="2026-02-13T01:01:33Z" level=info msg="Reconciling VitessCell" controller=VitessCell namespace=vitess vitesscell=example-zone1-5abb61ae
[pod/vitess-operator-dcb9bc6cc-4bwlw/vitess-operator] time="2026-02-13T01:01:33Z" level=info msg="Reconciling VitessCell" controller=VitessCell namespace=vitess vitesscell=example-zone1-5abb61ae
[pod/vitess-operator-dcb9bc6cc-4bwlw/vitess-operator] time="2026-02-13T01:01:33Z" level=info msg="Reconciling VitessCluster" VitessCluster=example controller=VitessCluster namespace=vitess
[pod/vitess-operator-dcb9bc6cc-4bwlw/vitess-operator] time="2026-02-13T01:01:49Z" level=info msg="Reconciling EtcdLockserver" controller=EtcdLockserver etcdlockserver=example-etcd-faf13de3 namespace=vitess
[pod/vitess-operator-dcb9bc6cc-4bwlw/vitess-operator] time="2026-02-13T01:01:49Z" level=info msg="Reconciling EtcdLockserver" controller=EtcdLockserver etcdlockserver=example-etcd-faf13de3 namespace=vitess
[pod/vitess-operator-dcb9bc6cc-4bwlw/vitess-operator] time="2026-02-13T01:01:49Z" level=info msg="Reconciling EtcdLockserver" controller=EtcdLockserver etcdlockserver=example-etcd-faf13de3 namespace=vitess
[pod/vitess-operator-dcb9bc6cc-4bwlw/vitess-operator] time="2026-02-13T01:02:16Z" level=info msg="Reconciling EtcdLockserver" controller=EtcdLockserver etcdlockserver=example-etcd-faf13de3 namespace=vitess
[pod/vitess-operator-dcb9bc6cc-4bwlw/vitess-operator] time="2026-02-13T01:02:16Z" level=info msg="Reconciling VitessCell" controller=VitessCell namespace=vitess vitesscell=example-zone1-5abb61ae
[pod/vitess-operator-dcb9bc6cc-4bwlw/vitess-operator] time="2026-02-13T01:02:16Z" level=info msg="Reconciling VitessCluster" VitessCluster=example controller=VitessCluster namespace=vitess
[pod/vitess-operator-dcb9bc6cc-4bwlw/vitess-operator] time="2026-02-13T01:02:16Z" level=info msg="Reconciling EtcdLockserver" controller=EtcdLockserver etcdlockserver=example-etcd-faf13de3 namespace=vitess
[pod/vitess-operator-dcb9bc6cc-4bwlw/vitess-operator] time="2026-02-13T01:02:16Z" level=info msg="Reconciling VitessCell" controller=VitessCell namespace=vitess vitesscell=example-zone1-5abb61ae
[pod/vitess-operator-dcb9bc6cc-4bwlw/vitess-operator] time="2026-02-13T01:02:16Z" level=info msg="Reconciling VitessCluster" VitessCluster=example controller=VitessCluster namespace=vitess
[pod/vitess-operator-dcb9bc6cc-4bwlw/vitess-operator] time="2026-02-13T01:03:31Z" level=info msg="Reconciling EtcdLockserver" controller=EtcdLockserver etcdlockserver=example-etcd-faf13de3 namespace=vitess
[pod/vitess-operator-dcb9bc6cc-4bwlw/vitess-operator] time="2026-02-13T01:03:31Z" level=info msg="Reconciling VitessCluster" VitessCluster=example controller=VitessCluster namespace=vitess
[pod/vitess-operator-dcb9bc6cc-4bwlw/vitess-operator] time="2026-02-13T01:03:45Z" level=info msg="Reconciling EtcdLockserver" controller=EtcdLockserver etcdlockserver=example-etcd-faf13de3 namespace=vitess
[pod/vitess-operator-dcb9bc6cc-4bwlw/vitess-operator] time="2026-02-13T01:04:09Z" level=info msg="Reconciling VitessCluster" VitessCluster=example controller=VitessCluster namespace=vitess
[pod/vitess-operator-dcb9bc6cc-4bwlw/vitess-operator] time="2026-02-13T01:08:12Z" level=info msg="Reconciling VitessCell" controller=VitessCell namespace=vitess vitesscell=example-zone1-5abb61ae
[pod/vitess-operator-dcb9bc6cc-4bwlw/vitess-operator] time="2026-02-13T01:08:12Z" level=info msg="Reconciling VitessCluster" VitessCluster=example controller=VitessCluster namespace=vitess
[pod/vitess-operator-dcb9bc6cc-4bwlw/vitess-operator] time="2026-02-13T01:08:12Z" level=info msg="Reconciling VitessCell" controller=VitessCell namespace=vitess vitesscell=example-zone1-5abb61ae
[pod/vitess-operator-dcb9bc6cc-4bwlw/vitess-operator] time="2026-02-13T01:08:12Z" level=info msg="Reconciling VitessCluster" VitessCluster=example controller=VitessCluster namespace=vitess
[pod/vitess-operator-dcb9bc6cc-4bwlw/vitess-operator] time="2026-02-13T01:09:50Z" level=info msg="Reconciling EtcdLockserver" controller=EtcdLockserver etcdlockserver=example-etcd-faf13de3 namespace=vitess
[pod/vitess-operator-dcb9bc6cc-4bwlw/vitess-operator] time="2026-02-13T01:09:50Z" level=info msg="Reconciling EtcdLockserver" controller=EtcdLockserver etcdlockserver=example-etcd-faf13de3 namespace=vitess
[pod/vitess-operator-dcb9bc6cc-4bwlw/vitess-operator] time="2026-02-13T01:09:50Z" level=info msg="Reconciling EtcdLockserver" controller=EtcdLockserver etcdlockserver=example-etcd-faf13de3 namespace=vitess
[pod/vitess-operator-dcb9bc6cc-4bwlw/vitess-operator] time="2026-02-13T01:10:50Z" level=info msg="Reconciling VitessCell" controller=VitessCell namespace=vitess vitesscell=example-zone1-5abb61ae
[pod/vitess-operator-dcb9bc6cc-4bwlw/vitess-operator] time="2026-02-13T01:10:50Z" level=info msg="Reconciling VitessCluster" VitessCluster=example controller=VitessCluster namespace=vitess
[pod/vitess-operator-dcb9bc6cc-4bwlw/vitess-operator] time="2026-02-13T01:11:14Z" level=info msg="Reconciling EtcdLockserver" controller=EtcdLockserver etcdlockserver=example-etcd-faf13de3 namespace=vitess
[pod/vitess-operator-dcb9bc6cc-4bwlw/vitess-operator] time="2026-02-13T01:11:14Z" level=info msg="Reconciling EtcdLockserver" controller=EtcdLockserver etcdlockserver=example-etcd-faf13de3 namespace=vitess
[pod/vitess-operator-dcb9bc6cc-4bwlw/vitess-operator] time="2026-02-13T01:11:59Z" level=info msg="Reconciling VitessCluster" VitessCluster=example controller=VitessCluster namespace=vitess
[pod/vitess-operator-dcb9bc6cc-4bwlw/vitess-operator] time="2026-02-13T01:11:59Z" level=info msg="Reconciling VitessCell" controller=VitessCell namespace=vitess vitesscell=example-zone1-5abb61ae
[pod/vitess-operator-dcb9bc6cc-4bwlw/vitess-operator] time="2026-02-13T01:11:59Z" level=info msg="Reconciling VitessCell" controller=VitessCell namespace=vitess vitesscell=example-zone1-5abb61ae
[pod/vitess-operator-dcb9bc6cc-4bwlw/vitess-operator] time="2026-02-13T01:11:59Z" level=info msg="Reconciling VitessCluster" VitessCluster=example controller=VitessCluster namespace=vitess
[pod/vitess-operator-dcb9bc6cc-4bwlw/vitess-operator] time="2026-02-13T01:12:26Z" level=info msg="Reconciling VitessCell" controller=VitessCell namespace=vitess vitesscell=example-zone1-5abb61ae
[pod/vitess-operator-dcb9bc6cc-4bwlw/vitess-operator] time="2026-02-13T01:12:26Z" level=info msg="Reconciling VitessCluster" VitessCluster=example controller=VitessCluster namespace=vitess
[pod/vitess-operator-dcb9bc6cc-4bwlw/vitess-operator] time="2026-02-13T01:12:26Z" level=info msg="Reconciling EtcdLockserver" controller=EtcdLockserver etcdlockserver=example-etcd-faf13de3 namespace=vitess
[pod/vitess-operator-dcb9bc6cc-4bwlw/vitess-operator] time="2026-02-13T01:12:26Z" level=info msg="Reconciling EtcdLockserver" controller=EtcdLockserver etcdlockserver=example-etcd-faf13de3 namespace=vitess
[pod/vitess-operator-dcb9bc6cc-4bwlw/vitess-operator] time="2026-02-13T01:12:27Z" level=info msg="Reconciling VitessCell" controller=VitessCell namespace=vitess vitesscell=example-zone1-5abb61ae
[pod/vitess-operator-dcb9bc6cc-4bwlw/vitess-operator] time="2026-02-13T01:12:27Z" level=info msg="Reconciling VitessCluster" VitessCluster=example controller=VitessCluster namespace=vitess
[pod/vitess-operator-dcb9bc6cc-4bwlw/vitess-operator] time="2026-02-13T01:12:27Z" level=info msg="Reconciling VitessCell" controller=VitessCell namespace=vitess vitesscell=example-zone1-5abb61ae
[pod/vitess-operator-dcb9bc6cc-4bwlw/vitess-operator] time="2026-02-13T01:12:27Z" level=info msg="Reconciling VitessCell" controller=VitessCell namespace=vitess vitesscell=example-zone1-5abb61ae
[pod/vitess-operator-dcb9bc6cc-4bwlw/vitess-operator] time="2026-02-13T01:12:27Z" level=info msg="Reconciling VitessCluster" VitessCluster=example controller=VitessCluster namespace=vitess
[pod/vitess-operator-dcb9bc6cc-4bwlw/vitess-operator] time="2026-02-13T01:12:27Z" level=info msg="Reconciling VitessCell" controller=VitessCell namespace=vitess vitesscell=example-zone1-5abb61ae
[pod/vitess-operator-dcb9bc6cc-4bwlw/vitess-operator] time="2026-02-13T01:12:27Z" level=info msg="Reconciling VitessCluster" VitessCluster=example controller=VitessCluster namespace=vitess
[pod/vitess-operator-dcb9bc6cc-4bwlw/vitess-operator] time="2026-02-13T01:12:45Z" level=info msg="Reconciling EtcdLockserver" controller=EtcdLockserver etcdlockserver=example-etcd-faf13de3 namespace=vitess
[pod/vitess-operator-dcb9bc6cc-4bwlw/vitess-operator] time="2026-02-13T01:12:45Z" level=info msg="Reconciling VitessCluster" VitessCluster=example controller=VitessCluster namespace=vitess
[pod/vitess-operator-dcb9bc6cc-4bwlw/vitess-operator] time="2026-02-13T01:12:59Z" level=info msg="Reconciling EtcdLockserver" controller=EtcdLockserver etcdlockserver=example-etcd-faf13de3 namespace=vitess
[pod/vitess-operator-dcb9bc6cc-4bwlw/vitess-operator] time="2026-02-13T01:14:57Z" level=info msg="Reconciling VitessCluster" VitessCluster=example controller=VitessCluster namespace=vitess
[pod/vitess-operator-dcb9bc6cc-4bwlw/vitess-operator] time="2026-02-13T01:18:48Z" level=info msg="Reconciling VitessCell" controller=VitessCell namespace=vitess vitesscell=example-zone1-5abb61ae
[pod/vitess-operator-dcb9bc6cc-4bwlw/vitess-operator] time="2026-02-13T01:18:48Z" level=info msg="Reconciling VitessCluster" VitessCluster=example controller=VitessCluster namespace=vitess
[pod/vitess-operator-dcb9bc6cc-4bwlw/vitess-operator] time="2026-02-13T01:19:00Z" level=info msg="Reconciling EtcdLockserver" controller=EtcdLockserver etcdlockserver=example-etcd-faf13de3 namespace=vitess
[pod/vitess-operator-dcb9bc6cc-4bwlw/vitess-operator] time="2026-02-13T01:19:00Z" level=info msg="Reconciling EtcdLockserver" controller=EtcdLockserver etcdlockserver=example-etcd-faf13de3 namespace=vitess
[pod/vitess-operator-dcb9bc6cc-4bwlw/vitess-operator] time="2026-02-13T01:20:29Z" level=info msg="Reconciling VitessCell" controller=VitessCell namespace=vitess vitesscell=example-zone1-5abb61ae
[pod/vitess-operator-dcb9bc6cc-4bwlw/vitess-operator] time="2026-02-13T01:20:29Z" level=info msg="Reconciling VitessCluster" VitessCluster=example controller=VitessCluster namespace=vitess
[pod/vitess-operator-dcb9bc6cc-4bwlw/vitess-operator] time="2026-02-13T01:20:29Z" level=info msg="Reconciling VitessCluster" VitessCluster=example controller=VitessCluster namespace=vitess
[pod/vitess-operator-dcb9bc6cc-4bwlw/vitess-operator] time="2026-02-13T01:20:39Z" level=info msg="Reconciling EtcdLockserver" controller=EtcdLockserver etcdlockserver=example-etcd-faf13de3 namespace=vitess
[pod/vitess-operator-dcb9bc6cc-4bwlw/vitess-operator] time="2026-02-13T01:20:39Z" level=info msg="Reconciling EtcdLockserver" controller=EtcdLockserver etcdlockserver=example-etcd-faf13de3 namespace=vitess
[pod/vitess-operator-dcb9bc6cc-4bwlw/vitess-operator] time="2026-02-13T01:21:59Z" level=info msg="Reconciling EtcdLockserver" controller=EtcdLockserver etcdlockserver=example-etcd-faf13de3 namespace=vitess
[pod/vitess-operator-dcb9bc6cc-4bwlw/vitess-operator] time="2026-02-13T01:21:59Z" level=info msg="Reconciling VitessCluster" VitessCluster=example controller=VitessCluster namespace=vitess
[pod/vitess-operator-dcb9bc6cc-4bwlw/vitess-operator] time="2026-02-13T01:22:14Z" level=info msg="Reconciling EtcdLockserver" controller=EtcdLockserver etcdlockserver=example-etcd-faf13de3 namespace=vitess
[pod/vitess-operator-dcb9bc6cc-4bwlw/vitess-operator] time="2026-02-13T01:22:24Z" level=info msg="Reconciling VitessCell" controller=VitessCell namespace=vitess vitesscell=example-zone1-5abb61ae
[pod/vitess-operator-dcb9bc6cc-4bwlw/vitess-operator] time="2026-02-13T01:22:24Z" level=info msg="Reconciling VitessCluster" VitessCluster=example controller=VitessCluster namespace=vitess
[pod/vitess-operator-dcb9bc6cc-4bwlw/vitess-operator] time="2026-02-13T01:22:37Z" level=info msg="Reconciling EtcdLockserver" controller=EtcdLockserver etcdlockserver=example-etcd-faf13de3 namespace=vitess
[pod/vitess-operator-dcb9bc6cc-4bwlw/vitess-operator] time="2026-02-13T01:22:37Z" level=info msg="Reconciling VitessCluster" VitessCluster=example controller=VitessCluster namespace=vitess
[pod/vitess-operator-dcb9bc6cc-4bwlw/vitess-operator] time="2026-02-13T01:22:37Z" level=info msg="Reconciling VitessCell" controller=VitessCell namespace=vitess vitesscell=example-zone1-5abb61ae
[pod/vitess-operator-dcb9bc6cc-4bwlw/vitess-operator] time="2026-02-13T01:22:37Z" level=info msg="Reconciling EtcdLockserver" controller=EtcdLockserver etcdlockserver=example-etcd-faf13de3 namespace=vitess
[pod/vitess-operator-dcb9bc6cc-4bwlw/vitess-operator] time="2026-02-13T01:22:37Z" level=info msg="Reconciling VitessCell" controller=VitessCell namespace=vitess vitesscell=example-zone1-5abb61ae
[pod/vitess-operator-dcb9bc6cc-4bwlw/vitess-operator] time="2026-02-13T01:22:37Z" level=info msg="Reconciling VitessCluster" VitessCluster=example controller=VitessCluster namespace=vitess
[pod/vitess-operator-dcb9bc6cc-4bwlw/vitess-operator] time="2026-02-13T01:22:37Z" level=info msg="Reconciling VitessCell" controller=VitessCell namespace=vitess vitesscell=example-zone1-5abb61ae
[pod/vitess-operator-dcb9bc6cc-4bwlw/vitess-operator] time="2026-02-13T01:22:37Z" level=info msg="Reconciling VitessCell" controller=VitessCell namespace=vitess vitesscell=example-zone1-5abb61ae
[pod/vitess-operator-dcb9bc6cc-4bwlw/vitess-operator] time="2026-02-13T01:22:37Z" level=info msg="Reconciling VitessCluster" VitessCluster=example controller=VitessCluster namespace=vitess
[pod/vitess-operator-dcb9bc6cc-4bwlw/vitess-operator] time="2026-02-13T01:22:37Z" level=info msg="Reconciling VitessCell" controller=VitessCell namespace=vitess vitesscell=example-zone1-5abb61ae
[pod/vitess-operator-dcb9bc6cc-4bwlw/vitess-operator] time="2026-02-13T01:22:37Z" level=info msg="Reconciling VitessCluster" VitessCluster=example controller=VitessCluster namespace=vitess
[pod/vitess-operator-dcb9bc6cc-4bwlw/vitess-operator] time="2026-02-13T01:25:44Z" level=info msg="Reconciling VitessCluster" VitessCluster=example controller=VitessCluster namespace=vitess
[pod/vitess-operator-dcb9bc6cc-4bwlw/vitess-operator] time="2026-02-13T01:28:10Z" level=info msg="Reconciling EtcdLockserver" controller=EtcdLockserver etcdlockserver=example-etcd-faf13de3 namespace=vitess
[pod/vitess-operator-dcb9bc6cc-4bwlw/vitess-operator] time="2026-02-13T01:28:10Z" level=info msg="Reconciling EtcdLockserver" controller=EtcdLockserver etcdlockserver=example-etcd-faf13de3 namespace=vitess
[pod/vitess-operator-dcb9bc6cc-4bwlw/vitess-operator] time="2026-02-13T01:29:24Z" level=info msg="Reconciling VitessCell" controller=VitessCell namespace=vitess vitesscell=example-zone1-5abb61ae
[pod/vitess-operator-dcb9bc6cc-4bwlw/vitess-operator] time="2026-02-13T01:29:24Z" level=info msg="Reconciling VitessCluster" VitessCluster=example controller=VitessCluster namespace=vitess
[pod/vitess-operator-dcb9bc6cc-4bwlw/vitess-operator] time="2026-02-13T01:29:24Z" level=info msg="Reconciling VitessCell" controller=VitessCell namespace=vitess vitesscell=example-zone1-5abb61ae
[pod/vitess-operator-dcb9bc6cc-4bwlw/vitess-operator] time="2026-02-13T01:29:24Z" level=info msg="Reconciling VitessCluster" VitessCluster=example controller=VitessCluster namespace=vitess
[pod/vitess-operator-dcb9bc6cc-4bwlw/vitess-operator] time="2026-02-13T01:29:24Z" level=info msg="Reconciling VitessCell" controller=VitessCell namespace=vitess vitesscell=example-zone1-5abb61ae
[pod/vitess-operator-dcb9bc6cc-4bwlw/vitess-operator] time="2026-02-13T01:29:24Z" level=info msg="Reconciling VitessCluster" VitessCluster=example controller=VitessCluster namespace=vitess
[pod/vitess-operator-dcb9bc6cc-4bwlw/vitess-operator] time="2026-02-13T01:29:24Z" level=info msg="Reconciling VitessCell" controller=VitessCell namespace=vitess vitesscell=example-zone1-5abb61ae
[pod/vitess-operator-dcb9bc6cc-4bwlw/vitess-operator] time="2026-02-13T01:29:24Z" level=info msg="Reconciling VitessCell" controller=VitessCell namespace=vitess vitesscell=example-zone1-5abb61ae
[pod/vitess-operator-dcb9bc6cc-4bwlw/vitess-operator] time="2026-02-13T01:29:24Z" level=info msg="Reconciling VitessCluster" VitessCluster=example controller=VitessCluster namespace=vitess
[pod/vitess-operator-dcb9bc6cc-4bwlw/vitess-operator] time="2026-02-13T01:30:04Z" level=info msg="Reconciling EtcdLockserver" controller=EtcdLockserver etcdlockserver=example-etcd-faf13de3 namespace=vitess
[pod/vitess-operator-dcb9bc6cc-4bwlw/vitess-operator] time="2026-02-13T01:30:04Z" level=info msg="Reconciling EtcdLockserver" controller=EtcdLockserver etcdlockserver=example-etcd-faf13de3 namespace=vitess
[pod/vitess-operator-dcb9bc6cc-4bwlw/vitess-operator] time="2026-02-13T01:30:04Z" level=info msg="Reconciling EtcdLockserver" controller=EtcdLockserver etcdlockserver=example-etcd-faf13de3 namespace=vitess
[pod/vitess-operator-dcb9bc6cc-4bwlw/vitess-operator] time="2026-02-13T01:30:07Z" level=info msg="Reconciling VitessCell" controller=VitessCell namespace=vitess vitesscell=example-zone1-5abb61ae
[pod/vitess-operator-dcb9bc6cc-4bwlw/vitess-operator] time="2026-02-13T01:30:07Z" level=info msg="Reconciling VitessCluster" VitessCluster=example controller=VitessCluster namespace=vitess
[pod/vitess-operator-dcb9bc6cc-4bwlw/vitess-operator] time="2026-02-13T01:30:07Z" level=info msg="Reconciling VitessCell" controller=VitessCell namespace=vitess vitesscell=example-zone1-5abb61ae
[pod/vitess-operator-dcb9bc6cc-4bwlw/vitess-operator] time="2026-02-13T01:30:07Z" level=info msg="Reconciling VitessCluster" VitessCluster=example controller=VitessCluster namespace=vitess
[pod/vitess-operator-dcb9bc6cc-4bwlw/vitess-operator] time="2026-02-13T01:31:13Z" level=info msg="Reconciling EtcdLockserver" controller=EtcdLockserver etcdlockserver=example-etcd-faf13de3 namespace=vitess
[pod/vitess-operator-dcb9bc6cc-4bwlw/vitess-operator] time="2026-02-13T01:31:13Z" level=info msg="Reconciling VitessCluster" VitessCluster=example controller=VitessCluster namespace=vitess
[pod/vitess-operator-dcb9bc6cc-4bwlw/vitess-operator] time="2026-02-13T01:31:28Z" level=info msg="Reconciling EtcdLockserver" controller=EtcdLockserver etcdlockserver=example-etcd-faf13de3 namespace=vitess
[pod/vitess-operator-dcb9bc6cc-4bwlw/vitess-operator] time="2026-02-13T01:32:47Z" level=info msg="Reconciling EtcdLockserver" controller=EtcdLockserver etcdlockserver=example-etcd-faf13de3 namespace=vitess
[pod/vitess-operator-dcb9bc6cc-4bwlw/vitess-operator] time="2026-02-13T01:32:47Z" level=info msg="Reconciling VitessCluster" VitessCluster=example controller=VitessCluster namespace=vitess
[pod/vitess-operator-dcb9bc6cc-4bwlw/vitess-operator] time="2026-02-13T01:32:47Z" level=info msg="Reconciling VitessCell" controller=VitessCell namespace=vitess vitesscell=example-zone1-5abb61ae
[pod/vitess-operator-dcb9bc6cc-4bwlw/vitess-operator] time="2026-02-13T01:32:47Z" level=info msg="Reconciling EtcdLockserver" controller=EtcdLockserver etcdlockserver=example-etcd-faf13de3 namespace=vitess
[pod/vitess-operator-dcb9bc6cc-4bwlw/vitess-operator] time="2026-02-13T01:32:47Z" level=info msg="Reconciling VitessCell" controller=VitessCell namespace=vitess vitesscell=example-zone1-5abb61ae
[pod/vitess-operator-dcb9bc6cc-4bwlw/vitess-operator] time="2026-02-13T01:32:47Z" level=info msg="Reconciling VitessCluster" VitessCluster=example controller=VitessCluster namespace=vitess
[pod/vitess-operator-dcb9bc6cc-4bwlw/vitess-operator] time="2026-02-13T01:32:47Z" level=info msg="Reconciling VitessCell" controller=VitessCell namespace=vitess vitesscell=example-zone1-5abb61ae
[pod/vitess-operator-dcb9bc6cc-4bwlw/vitess-operator] time="2026-02-13T01:32:47Z" level=info msg="Reconciling VitessCluster" VitessCluster=example controller=VitessCluster namespace=vitess
[pod/vitess-operator-dcb9bc6cc-4bwlw/vitess-operator] time="2026-02-13T01:32:50Z" level=info msg="Reconciling VitessCluster" VitessCluster=example controller=VitessCluster namespace=vitess
[pod/vitess-operator-dcb9bc6cc-4bwlw/vitess-operator] time="2026-02-13T01:32:50Z" level=info msg="Reconciling VitessCell" controller=VitessCell namespace=vitess vitesscell=example-zone1-5abb61ae
[pod/vitess-operator-dcb9bc6cc-4bwlw/vitess-operator] time="2026-02-13T01:32:50Z" level=info msg="Reconciling VitessCell" controller=VitessCell namespace=vitess vitesscell=example-zone1-5abb61ae
[pod/vitess-operator-dcb9bc6cc-4bwlw/vitess-operator] time="2026-02-13T01:32:50Z" level=info msg="Reconciling VitessCluster" VitessCluster=example controller=VitessCluster namespace=vitess
[pod/vitess-operator-dcb9bc6cc-4bwlw/vitess-operator] time="2026-02-13T01:36:31Z" level=info msg="Reconciling VitessCluster" VitessCluster=example controller=VitessCluster namespace=vitess
[pod/vitess-operator-dcb9bc6cc-4bwlw/vitess-operator] time="2026-02-13T01:37:20Z" level=info msg="Reconciling EtcdLockserver" controller=EtcdLockserver etcdlockserver=example-etcd-faf13de3 namespace=vitess
[pod/vitess-operator-dcb9bc6cc-4bwlw/vitess-operator] time="2026-02-13T01:37:20Z" level=info msg="Reconciling EtcdLockserver" controller=EtcdLockserver etcdlockserver=example-etcd-faf13de3 namespace=vitess
[pod/vitess-operator-dcb9bc6cc-4bwlw/vitess-operator] time="2026-02-13T01:37:20Z" level=info msg="Reconciling EtcdLockserver" controller=EtcdLockserver etcdlockserver=example-etcd-faf13de3 namespace=vitess
[pod/vitess-operator-dcb9bc6cc-4bwlw/vitess-operator] time="2026-02-13T01:39:29Z" level=info msg="Reconciling EtcdLockserver" controller=EtcdLockserver etcdlockserver=example-etcd-faf13de3 namespace=vitess
[pod/vitess-operator-dcb9bc6cc-4bwlw/vitess-operator] time="2026-02-13T01:39:29Z" level=info msg="Reconciling EtcdLockserver" controller=EtcdLockserver etcdlockserver=example-etcd-faf13de3 namespace=vitess
[pod/vitess-operator-dcb9bc6cc-4bwlw/vitess-operator] time="2026-02-13T01:39:45Z" level=info msg="Reconciling VitessCluster" VitessCluster=example controller=VitessCluster namespace=vitess
[pod/vitess-operator-dcb9bc6cc-4bwlw/vitess-operator] time="2026-02-13T01:39:45Z" level=info msg="Reconciling VitessCell" controller=VitessCell namespace=vitess vitesscell=example-zone1-5abb61ae
[pod/vitess-operator-dcb9bc6cc-4bwlw/vitess-operator] time="2026-02-13T01:39:45Z" level=info msg="Reconciling VitessCell" controller=VitessCell namespace=vitess vitesscell=example-zone1-5abb61ae
[pod/vitess-operator-dcb9bc6cc-4bwlw/vitess-operator] time="2026-02-13T01:39:45Z" level=info msg="Reconciling VitessCluster" VitessCluster=example controller=VitessCluster namespace=vitess
[pod/vitess-operator-dcb9bc6cc-4bwlw/vitess-operator] time="2026-02-13T01:39:45Z" level=info msg="Reconciling VitessCell" controller=VitessCell namespace=vitess vitesscell=example-zone1-5abb61ae
[pod/vitess-operator-dcb9bc6cc-4bwlw/vitess-operator] time="2026-02-13T01:39:45Z" level=info msg="Reconciling VitessCluster" VitessCluster=example controller=VitessCluster namespace=vitess
[pod/vitess-operator-dcb9bc6cc-4bwlw/vitess-operator] time="2026-02-13T01:40:01Z" level=info msg="Reconciling VitessCell" controller=VitessCell namespace=vitess vitesscell=example-zone1-5abb61ae
[pod/vitess-operator-dcb9bc6cc-4bwlw/vitess-operator] time="2026-02-13T01:40:01Z" level=info msg="Reconciling VitessCluster" VitessCluster=example controller=VitessCluster namespace=vitess
[pod/vitess-operator-dcb9bc6cc-4bwlw/vitess-operator] time="2026-02-13T01:40:01Z" level=info msg="Reconciling VitessCell" controller=VitessCell namespace=vitess vitesscell=example-zone1-5abb61ae
[pod/vitess-operator-dcb9bc6cc-4bwlw/vitess-operator] time="2026-02-13T01:40:01Z" level=info msg="Reconciling VitessCluster" VitessCluster=example controller=VitessCluster namespace=vitess
[pod/vitess-operator-dcb9bc6cc-4bwlw/vitess-operator] time="2026-02-13T01:40:01Z" level=info msg="Reconciling VitessCell" controller=VitessCell namespace=vitess vitesscell=example-zone1-5abb61ae
[pod/vitess-operator-dcb9bc6cc-4bwlw/vitess-operator] time="2026-02-13T01:40:01Z" level=info msg="Reconciling VitessCluster" VitessCluster=example controller=VitessCluster namespace=vitess
[pod/vitess-operator-dcb9bc6cc-4bwlw/vitess-operator] time="2026-02-13T01:40:27Z" level=info msg="Reconciling EtcdLockserver" controller=EtcdLockserver etcdlockserver=example-etcd-faf13de3 namespace=vitess
[pod/vitess-operator-dcb9bc6cc-4bwlw/vitess-operator] time="2026-02-13T01:40:27Z" level=info msg="Reconciling VitessCluster" VitessCluster=example controller=VitessCluster namespace=vitess
[pod/vitess-operator-dcb9bc6cc-4bwlw/vitess-operator] time="2026-02-13T01:40:42Z" level=info msg="Reconciling EtcdLockserver" controller=EtcdLockserver etcdlockserver=example-etcd-faf13de3 namespace=vitess
[pod/vitess-operator-dcb9bc6cc-4bwlw/vitess-operator] time="2026-02-13T01:42:57Z" level=info msg="Reconciling EtcdLockserver" controller=EtcdLockserver etcdlockserver=example-etcd-faf13de3 namespace=vitess
[pod/vitess-operator-dcb9bc6cc-4bwlw/vitess-operator] time="2026-02-13T01:42:57Z" level=info msg="Reconciling VitessCluster" VitessCluster=example controller=VitessCluster namespace=vitess
[pod/vitess-operator-dcb9bc6cc-4bwlw/vitess-operator] time="2026-02-13T01:42:57Z" level=info msg="Reconciling VitessCell" controller=VitessCell namespace=vitess vitesscell=example-zone1-5abb61ae
[pod/vitess-operator-dcb9bc6cc-4bwlw/vitess-operator] time="2026-02-13T01:42:57Z" level=info msg="Reconciling EtcdLockserver" controller=EtcdLockserver etcdlockserver=example-etcd-faf13de3 namespace=vitess
[pod/vitess-operator-dcb9bc6cc-4bwlw/vitess-operator] time="2026-02-13T01:42:57Z" level=info msg="Reconciling VitessCell" controller=VitessCell namespace=vitess vitesscell=example-zone1-5abb61ae
[pod/vitess-operator-dcb9bc6cc-4bwlw/vitess-operator] time="2026-02-13T01:42:57Z" level=info msg="Reconciling VitessCluster" VitessCluster=example controller=VitessCluster namespace=vitess
[pod/vitess-operator-dcb9bc6cc-4bwlw/vitess-operator] time="2026-02-13T01:42:57Z" level=info msg="Reconciling VitessCell" controller=VitessCell namespace=vitess vitesscell=example-zone1-5abb61ae
[pod/vitess-operator-dcb9bc6cc-4bwlw/vitess-operator] time="2026-02-13T01:42:57Z" level=info msg="Reconciling VitessCluster" VitessCluster=example controller=VitessCluster namespace=vitess
[pod/vitess-operator-dcb9bc6cc-4bwlw/vitess-operator] time="2026-02-13T01:43:15Z" level=info msg="Reconciling VitessCell" controller=VitessCell namespace=vitess vitesscell=example-zone1-5abb61ae
[pod/vitess-operator-dcb9bc6cc-4bwlw/vitess-operator] time="2026-02-13T01:43:15Z" level=info msg="Reconciling VitessCluster" VitessCluster=example controller=VitessCluster namespace=vitess
[pod/vitess-operator-dcb9bc6cc-4bwlw/vitess-operator] time="2026-02-13T01:46:30Z" level=info msg="Reconciling EtcdLockserver" controller=EtcdLockserver etcdlockserver=example-etcd-faf13de3 namespace=vitess
[pod/vitess-operator-dcb9bc6cc-4bwlw/vitess-operator] time="2026-02-13T01:46:30Z" level=info msg="Reconciling EtcdLockserver" controller=EtcdLockserver etcdlockserver=example-etcd-faf13de3 namespace=vitess
[pod/vitess-operator-dcb9bc6cc-4bwlw/vitess-operator] time="2026-02-13T01:46:30Z" level=info msg="Reconciling EtcdLockserver" controller=EtcdLockserver etcdlockserver=example-etcd-faf13de3 namespace=vitess
[pod/vitess-operator-dcb9bc6cc-4bwlw/vitess-operator] time="2026-02-13T01:47:19Z" level=info msg="Reconciling VitessCluster" VitessCluster=example controller=VitessCluster namespace=vitess
[pod/vitess-operator-dcb9bc6cc-4bwlw/vitess-operator] time="2026-02-13T01:48:54Z" level=info msg="Reconciling EtcdLockserver" controller=EtcdLockserver etcdlockserver=example-etcd-faf13de3 namespace=vitess
[pod/vitess-operator-dcb9bc6cc-4bwlw/vitess-operator] time="2026-02-13T01:48:54Z" level=info msg="Reconciling EtcdLockserver" controller=EtcdLockserver etcdlockserver=example-etcd-faf13de3 namespace=vitess
[pod/vitess-operator-dcb9bc6cc-4bwlw/vitess-operator] time="2026-02-13T01:49:23Z" level=info msg="Reconciling VitessCell" controller=VitessCell namespace=vitess vitesscell=example-zone1-5abb61ae
[pod/vitess-operator-dcb9bc6cc-4bwlw/vitess-operator] time="2026-02-13T01:49:23Z" level=info msg="Reconciling VitessCluster" VitessCluster=example controller=VitessCluster namespace=vitess
[pod/vitess-operator-dcb9bc6cc-4bwlw/vitess-operator] time="2026-02-13T01:49:41Z" level=info msg="Reconciling EtcdLockserver" controller=EtcdLockserver etcdlockserver=example-etcd-faf13de3 namespace=vitess
[pod/vitess-operator-dcb9bc6cc-4bwlw/vitess-operator] time="2026-02-13T01:49:41Z" level=info msg="Reconciling VitessCluster" VitessCluster=example controller=VitessCluster namespace=vitess
[pod/vitess-operator-dcb9bc6cc-4bwlw/vitess-operator] time="2026-02-13T01:49:56Z" level=info msg="Reconciling EtcdLockserver" controller=EtcdLockserver etcdlockserver=example-etcd-faf13de3 namespace=vitess
[pod/vitess-operator-dcb9bc6cc-4bwlw/vitess-operator] time="2026-02-13T01:50:37Z" level=info msg="Reconciling VitessCell" controller=VitessCell namespace=vitess vitesscell=example-zone1-5abb61ae
[pod/vitess-operator-dcb9bc6cc-4bwlw/vitess-operator] time="2026-02-13T01:50:37Z" level=info msg="Reconciling VitessCluster" VitessCluster=example controller=VitessCluster namespace=vitess
[pod/vitess-operator-dcb9bc6cc-4bwlw/vitess-operator] time="2026-02-13T01:50:37Z" level=info msg="Reconciling VitessCell" controller=VitessCell namespace=vitess vitesscell=example-zone1-5abb61ae
[pod/vitess-operator-dcb9bc6cc-4bwlw/vitess-operator] time="2026-02-13T01:50:37Z" level=info msg="Reconciling VitessCluster" VitessCluster=example controller=VitessCluster namespace=vitess
[pod/vitess-operator-dcb9bc6cc-4bwlw/vitess-operator] time="2026-02-13T01:50:37Z" level=info msg="Reconciling VitessCell" controller=VitessCell namespace=vitess vitesscell=example-zone1-5abb61ae
[pod/vitess-operator-dcb9bc6cc-4bwlw/vitess-operator] time="2026-02-13T01:50:37Z" level=info msg="Reconciling VitessCluster" VitessCluster=example controller=VitessCluster namespace=vitess
[pod/vitess-operator-dcb9bc6cc-4bwlw/vitess-operator] time="2026-02-13T01:53:08Z" level=info msg="Reconciling VitessCell" controller=VitessCell namespace=vitess vitesscell=example-zone1-5abb61ae
[pod/vitess-operator-dcb9bc6cc-4bwlw/vitess-operator] time="2026-02-13T01:53:08Z" level=info msg="Reconciling VitessCluster" VitessCluster=example controller=VitessCluster namespace=vitess
[pod/vitess-operator-dcb9bc6cc-4bwlw/vitess-operator] time="2026-02-13T01:53:08Z" level=info msg="Reconciling EtcdLockserver" controller=EtcdLockserver etcdlockserver=example-etcd-faf13de3 namespace=vitess
[pod/vitess-operator-dcb9bc6cc-4bwlw/vitess-operator] time="2026-02-13T01:53:08Z" level=info msg="Reconciling EtcdLockserver" controller=EtcdLockserver etcdlockserver=example-etcd-faf13de3 namespace=vitess
[pod/vitess-operator-dcb9bc6cc-4bwlw/vitess-operator] time="2026-02-13T01:53:08Z" level=info msg="Reconciling VitessCluster" VitessCluster=example controller=VitessCluster namespace=vitess
[pod/vitess-operator-dcb9bc6cc-4bwlw/vitess-operator] time="2026-02-13T01:53:41Z" level=info msg="Reconciling VitessCluster" VitessCluster=example controller=VitessCluster namespace=vitess
[pod/vitess-operator-dcb9bc6cc-4bwlw/vitess-operator] time="2026-02-13T01:53:41Z" level=info msg="Reconciling VitessCell" controller=VitessCell namespace=vitess vitesscell=example-zone1-5abb61ae
[pod/vitess-operator-dcb9bc6cc-4bwlw/vitess-operator] time="2026-02-13T01:55:40Z" level=info msg="Reconciling EtcdLockserver" controller=EtcdLockserver etcdlockserver=example-etcd-faf13de3 namespace=vitess
[pod/vitess-operator-dcb9bc6cc-4bwlw/vitess-operator] time="2026-02-13T01:55:40Z" level=info msg="Reconciling EtcdLockserver" controller=EtcdLockserver etcdlockserver=example-etcd-faf13de3 namespace=vitess
[pod/vitess-operator-dcb9bc6cc-4bwlw/vitess-operator] time="2026-02-13T01:58:06Z" level=info msg="Reconciling VitessCluster" VitessCluster=example controller=VitessCluster namespace=vitess
[pod/vitess-operator-dcb9bc6cc-4bwlw/vitess-operator] time="2026-02-13T01:58:19Z" level=info msg="Reconciling EtcdLockserver" controller=EtcdLockserver etcdlockserver=example-etcd-faf13de3 namespace=vitess
[pod/vitess-operator-dcb9bc6cc-4bwlw/vitess-operator] time="2026-02-13T01:58:19Z" level=info msg="Reconciling EtcdLockserver" controller=EtcdLockserver etcdlockserver=example-etcd-faf13de3 namespace=vitess
[pod/vitess-operator-dcb9bc6cc-4bwlw/vitess-operator] time="2026-02-13T01:58:19Z" level=info msg="Reconciling EtcdLockserver" controller=EtcdLockserver etcdlockserver=example-etcd-faf13de3 namespace=vitess
[pod/vitess-operator-dcb9bc6cc-4bwlw/vitess-operator] time="2026-02-13T01:58:55Z" level=info msg="Reconciling EtcdLockserver" controller=EtcdLockserver etcdlockserver=example-etcd-faf13de3 namespace=vitess
[pod/vitess-operator-dcb9bc6cc-4bwlw/vitess-operator] time="2026-02-13T01:58:55Z" level=info msg="Reconciling VitessCluster" VitessCluster=example controller=VitessCluster namespace=vitess
[pod/vitess-operator-dcb9bc6cc-4bwlw/vitess-operator] time="2026-02-13T01:59:01Z" level=info msg="Reconciling VitessCluster" VitessCluster=example controller=VitessCluster namespace=vitess
[pod/vitess-operator-dcb9bc6cc-4bwlw/vitess-operator] time="2026-02-13T01:59:01Z" level=info msg="Reconciling VitessCell" controller=VitessCell namespace=vitess vitesscell=example-zone1-5abb61ae
[pod/vitess-operator-dcb9bc6cc-4bwlw/vitess-operator] time="2026-02-13T01:59:01Z" level=info msg="Reconciling VitessCell" controller=VitessCell namespace=vitess vitesscell=example-zone1-5abb61ae
[pod/vitess-operator-dcb9bc6cc-4bwlw/vitess-operator] time="2026-02-13T01:59:01Z" level=info msg="Reconciling VitessCluster" VitessCluster=example controller=VitessCluster namespace=vitess
[pod/vitess-operator-dcb9bc6cc-4bwlw/vitess-operator] time="2026-02-13T01:59:11Z" level=info msg="Reconciling EtcdLockserver" controller=EtcdLockserver etcdlockserver=example-etcd-faf13de3 namespace=vitess
[pod/vitess-operator-dcb9bc6cc-4bwlw/vitess-operator] time="2026-02-13T02:01:13Z" level=info msg="Reconciling VitessCell" controller=VitessCell namespace=vitess vitesscell=example-zone1-5abb61ae
[pod/vitess-operator-dcb9bc6cc-4bwlw/vitess-operator] time="2026-02-13T02:01:13Z" level=info msg="Reconciling VitessCluster" VitessCluster=example controller=VitessCluster namespace=vitess
[pod/vitess-operator-dcb9bc6cc-4bwlw/vitess-operator] time="2026-02-13T02:01:13Z" level=info msg="Reconciling VitessCell" controller=VitessCell namespace=vitess vitesscell=example-zone1-5abb61ae
[pod/vitess-operator-dcb9bc6cc-4bwlw/vitess-operator] time="2026-02-13T02:01:13Z" level=info msg="Reconciling VitessCluster" VitessCluster=example controller=VitessCluster namespace=vitess
[pod/vitess-operator-dcb9bc6cc-4bwlw/vitess-operator] time="2026-02-13T02:03:18Z" level=info msg="Reconciling VitessCluster" VitessCluster=example controller=VitessCluster namespace=vitess
[pod/vitess-operator-dcb9bc6cc-4bwlw/vitess-operator] time="2026-02-13T02:03:18Z" level=info msg="Reconciling VitessCell" controller=VitessCell namespace=vitess vitesscell=example-zone1-5abb61ae
[pod/vitess-operator-dcb9bc6cc-4bwlw/vitess-operator] time="2026-02-13T02:03:18Z" level=info msg="Reconciling EtcdLockserver" controller=EtcdLockserver etcdlockserver=example-etcd-faf13de3 namespace=vitess
[pod/vitess-operator-dcb9bc6cc-4bwlw/vitess-operator] time="2026-02-13T02:03:18Z" level=info msg="Reconciling EtcdLockserver" controller=EtcdLockserver etcdlockserver=example-etcd-faf13de3 namespace=vitess
[pod/vitess-operator-dcb9bc6cc-4bwlw/vitess-operator] time="2026-02-13T02:03:18Z" level=info msg="Reconciling VitessCell" controller=VitessCell namespace=vitess vitesscell=example-zone1-5abb61ae
[pod/vitess-operator-dcb9bc6cc-4bwlw/vitess-operator] time="2026-02-13T02:03:18Z" level=info msg="Reconciling VitessCluster" VitessCluster=example controller=VitessCluster namespace=vitess
[pod/vitess-operator-dcb9bc6cc-4bwlw/vitess-operator] time="2026-02-13T02:04:07Z" level=info msg="Reconciling VitessCluster" VitessCluster=example controller=VitessCluster namespace=vitess
[pod/vitess-operator-dcb9bc6cc-4bwlw/vitess-operator] time="2026-02-13T02:04:07Z" level=info msg="Reconciling VitessCell" controller=VitessCell namespace=vitess vitesscell=example-zone1-5abb61ae
[pod/vitess-operator-dcb9bc6cc-4bwlw/vitess-operator] time="2026-02-13T02:04:07Z" level=info msg="Reconciling VitessCell" controller=VitessCell namespace=vitess vitesscell=example-zone1-5abb61ae
[pod/vitess-operator-dcb9bc6cc-4bwlw/vitess-operator] time="2026-02-13T02:04:07Z" level=info msg="Reconciling VitessCluster" VitessCluster=example controller=VitessCluster namespace=vitess
[pod/vitess-operator-dcb9bc6cc-4bwlw/vitess-operator] time="2026-02-13T02:04:07Z" level=info msg="Reconciling VitessCell" controller=VitessCell namespace=vitess vitesscell=example-zone1-5abb61ae
[pod/vitess-operator-dcb9bc6cc-4bwlw/vitess-operator] time="2026-02-13T02:04:07Z" level=info msg="Reconciling VitessCell" controller=VitessCell namespace=vitess vitesscell=example-zone1-5abb61ae
[pod/vitess-operator-dcb9bc6cc-4bwlw/vitess-operator] time="2026-02-13T02:04:07Z" level=info msg="Reconciling VitessCluster" VitessCluster=example controller=VitessCluster namespace=vitess
[pod/vitess-operator-dcb9bc6cc-4bwlw/vitess-operator] time="2026-02-13T02:04:07Z" level=info msg="Reconciling VitessCell" controller=VitessCell namespace=vitess vitesscell=example-zone1-5abb61ae
[pod/vitess-operator-dcb9bc6cc-4bwlw/vitess-operator] time="2026-02-13T02:04:07Z" level=info msg="Reconciling VitessCluster" VitessCluster=example controller=VitessCluster namespace=vitess
[pod/vitess-operator-dcb9bc6cc-4bwlw/vitess-operator] time="2026-02-13T02:04:50Z" level=info msg="Reconciling EtcdLockserver" controller=EtcdLockserver etcdlockserver=example-etcd-faf13de3 namespace=vitess
[pod/vitess-operator-dcb9bc6cc-4bwlw/vitess-operator] time="2026-02-13T02:04:50Z" level=info msg="Reconciling EtcdLockserver" controller=EtcdLockserver etcdlockserver=example-etcd-faf13de3 namespace=vitess
[pod/vitess-operator-dcb9bc6cc-4bwlw/vitess-operator] time="2026-02-13T02:04:50Z" level=info msg="Reconciling EtcdLockserver" controller=EtcdLockserver etcdlockserver=example-etcd-faf13de3 namespace=vitess
[pod/vitess-operator-dcb9bc6cc-4bwlw/vitess-operator] time="2026-02-13T02:07:44Z" level=info msg="Reconciling EtcdLockserver" controller=EtcdLockserver etcdlockserver=example-etcd-faf13de3 namespace=vitess
[pod/vitess-operator-dcb9bc6cc-4bwlw/vitess-operator] time="2026-02-13T02:07:44Z" level=info msg="Reconciling EtcdLockserver" controller=EtcdLockserver etcdlockserver=example-etcd-faf13de3 namespace=vitess
[pod/vitess-operator-dcb9bc6cc-4bwlw/vitess-operator] time="2026-02-13T02:08:09Z" level=info msg="Reconciling EtcdLockserver" controller=EtcdLockserver etcdlockserver=example-etcd-faf13de3 namespace=vitess
[pod/vitess-operator-dcb9bc6cc-4bwlw/vitess-operator] time="2026-02-13T02:08:09Z" level=info msg="Reconciling VitessCluster" VitessCluster=example controller=VitessCluster namespace=vitess
[pod/vitess-operator-dcb9bc6cc-4bwlw/vitess-operator] time="2026-02-13T02:08:25Z" level=info msg="Reconciling EtcdLockserver" controller=EtcdLockserver etcdlockserver=example-etcd-faf13de3 namespace=vitess
[pod/vitess-operator-dcb9bc6cc-4bwlw/vitess-operator] time="2026-02-13T02:08:39Z" level=info msg="Reconciling VitessCluster" VitessCluster=example controller=VitessCluster namespace=vitess
[pod/vitess-operator-dcb9bc6cc-4bwlw/vitess-operator] time="2026-02-13T02:08:39Z" level=info msg="Reconciling VitessCell" controller=VitessCell namespace=vitess vitesscell=example-zone1-5abb61ae
[pod/vitess-operator-dcb9bc6cc-4bwlw/vitess-operator] time="2026-02-13T02:08:39Z" level=info msg="Reconciling VitessCell" controller=VitessCell namespace=vitess vitesscell=example-zone1-5abb61ae
[pod/vitess-operator-dcb9bc6cc-4bwlw/vitess-operator] time="2026-02-13T02:08:39Z" level=info msg="Reconciling VitessCluster" VitessCluster=example controller=VitessCluster namespace=vitess
[pod/vitess-operator-dcb9bc6cc-4bwlw/vitess-operator] time="2026-02-13T02:08:39Z" level=info msg="Reconciling VitessCell" controller=VitessCell namespace=vitess vitesscell=example-zone1-5abb61ae
[pod/vitess-operator-dcb9bc6cc-4bwlw/vitess-operator] time="2026-02-13T02:08:39Z" level=info msg="Reconciling VitessCell" controller=VitessCell namespace=vitess vitesscell=example-zone1-5abb61ae
[pod/vitess-operator-dcb9bc6cc-4bwlw/vitess-operator] time="2026-02-13T02:08:40Z" level=info msg="Reconciling VitessCluster" VitessCluster=example controller=VitessCluster namespace=vitess
[pod/vitess-operator-dcb9bc6cc-4bwlw/vitess-operator] time="2026-02-13T02:08:40Z" level=info msg="Reconciling VitessCell" controller=VitessCell namespace=vitess vitesscell=example-zone1-5abb61ae
[pod/vitess-operator-dcb9bc6cc-4bwlw/vitess-operator] time="2026-02-13T02:08:40Z" level=info msg="Reconciling VitessCluster" VitessCluster=example controller=VitessCluster namespace=vitess
[pod/vitess-operator-dcb9bc6cc-4bwlw/vitess-operator] time="2026-02-13T02:08:53Z" level=info msg="Reconciling VitessCluster" VitessCluster=example controller=VitessCluster namespace=vitess
[pod/vitess-operator-dcb9bc6cc-4bwlw/vitess-operator] time="2026-02-13T02:11:50Z" level=info msg="Reconciling VitessCell" controller=VitessCell namespace=vitess vitesscell=example-zone1-5abb61ae
[pod/vitess-operator-dcb9bc6cc-4bwlw/vitess-operator] time="2026-02-13T02:11:50Z" level=info msg="Reconciling VitessCluster" VitessCluster=example controller=VitessCluster namespace=vitess
[pod/vitess-operator-dcb9bc6cc-4bwlw/vitess-operator] time="2026-02-13T02:13:28Z" level=info msg="Reconciling VitessCluster" VitessCluster=example controller=VitessCluster namespace=vitess
[pod/vitess-operator-dcb9bc6cc-4bwlw/vitess-operator] time="2026-02-13T02:13:28Z" level=info msg="Reconciling EtcdLockserver" controller=EtcdLockserver etcdlockserver=example-etcd-faf13de3 namespace=vitess
[pod/vitess-operator-dcb9bc6cc-4bwlw/vitess-operator] time="2026-02-13T02:13:28Z" level=info msg="Reconciling EtcdLockserver" controller=EtcdLockserver etcdlockserver=example-etcd-faf13de3 namespace=vitess
[pod/vitess-operator-dcb9bc6cc-4bwlw/vitess-operator] time="2026-02-13T02:13:28Z" level=info msg="Reconciling VitessCell" controller=VitessCell namespace=vitess vitesscell=example-zone1-5abb61ae
[pod/vitess-operator-dcb9bc6cc-4bwlw/vitess-operator] time="2026-02-13T02:13:28Z" level=info msg="Reconciling VitessCell" controller=VitessCell namespace=vitess vitesscell=example-zone1-5abb61ae
[pod/vitess-operator-dcb9bc6cc-4bwlw/vitess-operator] time="2026-02-13T02:13:28Z" level=info msg="Reconciling VitessCluster" VitessCluster=example controller=VitessCluster namespace=vitess
[pod/vitess-operator-dcb9bc6cc-4bwlw/vitess-operator] time="2026-02-13T02:13:28Z" level=info msg="Reconciling VitessCell" controller=VitessCell namespace=vitess vitesscell=example-zone1-5abb61ae
[pod/vitess-operator-dcb9bc6cc-4bwlw/vitess-operator] time="2026-02-13T02:13:28Z" level=info msg="Reconciling VitessCluster" VitessCluster=example controller=VitessCluster namespace=vitess
[pod/vitess-operator-dcb9bc6cc-4bwlw/vitess-operator] time="2026-02-13T02:13:59Z" level=info msg="Reconciling EtcdLockserver" controller=EtcdLockserver etcdlockserver=example-etcd-faf13de3 namespace=vitess
[pod/vitess-operator-dcb9bc6cc-4bwlw/vitess-operator] time="2026-02-13T02:13:59Z" level=info msg="Reconciling EtcdLockserver" controller=EtcdLockserver etcdlockserver=example-etcd-faf13de3 namespace=vitess
[pod/vitess-operator-dcb9bc6cc-4bwlw/vitess-operator] time="2026-02-13T02:14:32Z" level=info msg="Reconciling VitessCluster" VitessCluster=example controller=VitessCluster namespace=vitess
[pod/vitess-operator-dcb9bc6cc-4bwlw/vitess-operator] time="2026-02-13T02:14:32Z" level=info msg="Reconciling VitessCell" controller=VitessCell namespace=vitess vitesscell=example-zone1-5abb61ae
[pod/vitess-operator-dcb9bc6cc-4bwlw/vitess-operator] time="2026-02-13T02:17:09Z" level=info msg="Reconciling EtcdLockserver" controller=EtcdLockserver etcdlockserver=example-etcd-faf13de3 namespace=vitess
[pod/vitess-operator-dcb9bc6cc-4bwlw/vitess-operator] time="2026-02-13T02:17:09Z" level=info msg="Reconciling EtcdLockserver" controller=EtcdLockserver etcdlockserver=example-etcd-faf13de3 namespace=vitess
[pod/vitess-operator-dcb9bc6cc-4bwlw/vitess-operator] time="2026-02-13T02:17:09Z" level=info msg="Reconciling EtcdLockserver" controller=EtcdLockserver etcdlockserver=example-etcd-faf13de3 namespace=vitess
[pod/vitess-operator-dcb9bc6cc-4bwlw/vitess-operator] time="2026-02-13T02:17:23Z" level=info msg="Reconciling EtcdLockserver" controller=EtcdLockserver etcdlockserver=example-etcd-faf13de3 namespace=vitess
[pod/vitess-operator-dcb9bc6cc-4bwlw/vitess-operator] time="2026-02-13T02:17:23Z" level=info msg="Reconciling VitessCluster" VitessCluster=example controller=VitessCluster namespace=vitess
[pod/vitess-operator-dcb9bc6cc-4bwlw/vitess-operator] time="2026-02-13T02:17:39Z" level=info msg="Reconciling EtcdLockserver" controller=EtcdLockserver etcdlockserver=example-etcd-faf13de3 namespace=vitess
