[pod/example-vttablet-zone1-0942943782-67bcbcdb/mysqld-exporter] ts=2026-02-12T18:42:30.479Z caller=mysqld_exporter.go:277 level=info msg="Starting mysqld_exporter" version="(version=0.14.0, branch=HEAD, revision=ca1b9af82a471c849c529eb8aadb1aac73e7b68c)"
[pod/example-vttablet-zone1-0942943782-67bcbcdb/mysqld-exporter] ts=2026-02-12T18:42:30.479Z caller=mysqld_exporter.go:278 level=info msg="Build context" (gogo1.17.8,userroot@401d370ca42e,date20220304-16:25:15)=(MISSING)
[pod/example-vttablet-zone1-0942943782-67bcbcdb/mysqld-exporter] ts=2026-02-12T18:42:30.479Z caller=mysqld_exporter.go:293 level=info msg="Scraper enabled" scraper=global_status
[pod/example-vttablet-zone1-0942943782-67bcbcdb/mysqld-exporter] ts=2026-02-12T18:42:30.479Z caller=mysqld_exporter.go:293 level=info msg="Scraper enabled" scraper=global_variables
[pod/example-vttablet-zone1-0942943782-67bcbcdb/mysqld-exporter] ts=2026-02-12T18:42:30.479Z caller=mysqld_exporter.go:293 level=info msg="Scraper enabled" scraper=slave_status
[pod/example-vttablet-zone1-0942943782-67bcbcdb/mysqld-exporter] ts=2026-02-12T18:42:30.479Z caller=mysqld_exporter.go:293 level=info msg="Scraper enabled" scraper=info_schema.query_response_time
[pod/example-vttablet-zone1-0942943782-67bcbcdb/mysqld-exporter] ts=2026-02-12T18:42:30.479Z caller=mysqld_exporter.go:293 level=info msg="Scraper enabled" scraper=info_schema.innodb_cmp
[pod/example-vttablet-zone1-0942943782-67bcbcdb/mysqld-exporter] ts=2026-02-12T18:42:30.479Z caller=mysqld_exporter.go:293 level=info msg="Scraper enabled" scraper=info_schema.innodb_cmpmem
[pod/example-vttablet-zone1-0942943782-67bcbcdb/mysqld-exporter] ts=2026-02-12T18:42:30.479Z caller=mysqld_exporter.go:303 level=info msg="Listening on address" address=:9104
[pod/example-vttablet-zone1-0942943782-67bcbcdb/mysqld-exporter] ts=2026-02-12T18:42:30.480Z caller=tls_config.go:195 level=info msg="TLS is disabled." http2=false
[pod/example-vttablet-zone1-0942943782-67bcbcdb/init-vt-root] + mkdir -p /mnt/vt/bin
[pod/example-vttablet-zone1-0942943782-67bcbcdb/init-vt-root] + cp --no-clobber /vt/bin/mysqlctld /mnt/vt/bin/
[pod/example-vttablet-zone1-0942943782-67bcbcdb/init-vt-root] + mkdir -p /mnt/vt/config
[pod/example-vttablet-zone1-0942943782-67bcbcdb/init-vt-root] + [[ -d /vt/config/mycnf ]]
[pod/example-vttablet-zone1-0942943782-67bcbcdb/init-vt-root] + mkdir -p /mnt/vt/config/mycnf
[pod/example-vttablet-zone1-0942943782-67bcbcdb/init-vt-root] + mkdir -p /mnt/vt/vtdataroot
[pod/example-vttablet-zone1-0942943782-67bcbcdb/init-vt-root] + ln -sf /dev/stderr /mnt/vt/config/stderr.symlink
[pod/example-vttablet-zone1-0942943782-67bcbcdb/init-vt-root] + echo 'log-error = /vt/config/stderr.symlink'
[pod/example-vttablet-zone1-0942943782-67bcbcdb/init-vt-root] + echo binlog_format=row
[pod/example-vttablet-zone1-0942943782-67bcbcdb/init-vt-root] + echo 'socket = /vt/socket/mysql.sock'
[pod/example-vttablet-zone1-1085274074-76c88d55/mysqld-exporter] ts=2026-02-12T18:42:25.723Z caller=mysqld_exporter.go:277 level=info msg="Starting mysqld_exporter" version="(version=0.14.0, branch=HEAD, revision=ca1b9af82a471c849c529eb8aadb1aac73e7b68c)"
[pod/example-vttablet-zone1-1085274074-76c88d55/mysqld-exporter] ts=2026-02-12T18:42:25.724Z caller=mysqld_exporter.go:278 level=info msg="Build context" (gogo1.17.8,userroot@401d370ca42e,date20220304-16:25:15)=(MISSING)
[pod/example-vttablet-zone1-1085274074-76c88d55/mysqld-exporter] ts=2026-02-12T18:42:25.724Z caller=mysqld_exporter.go:293 level=info msg="Scraper enabled" scraper=global_status
[pod/example-vttablet-zone1-1085274074-76c88d55/mysqld-exporter] ts=2026-02-12T18:42:25.724Z caller=mysqld_exporter.go:293 level=info msg="Scraper enabled" scraper=global_variables
[pod/example-vttablet-zone1-1085274074-76c88d55/mysqld-exporter] ts=2026-02-12T18:42:25.724Z caller=mysqld_exporter.go:293 level=info msg="Scraper enabled" scraper=slave_status
[pod/example-vttablet-zone1-1085274074-76c88d55/mysqld-exporter] ts=2026-02-12T18:42:25.724Z caller=mysqld_exporter.go:293 level=info msg="Scraper enabled" scraper=info_schema.innodb_cmp
[pod/example-vttablet-zone1-1085274074-76c88d55/mysqld-exporter] ts=2026-02-12T18:42:25.724Z caller=mysqld_exporter.go:293 level=info msg="Scraper enabled" scraper=info_schema.innodb_cmpmem
[pod/example-vttablet-zone1-1085274074-76c88d55/mysqld-exporter] ts=2026-02-12T18:42:25.724Z caller=mysqld_exporter.go:293 level=info msg="Scraper enabled" scraper=info_schema.query_response_time
[pod/example-vttablet-zone1-1085274074-76c88d55/mysqld-exporter] ts=2026-02-12T18:42:25.724Z caller=mysqld_exporter.go:303 level=info msg="Listening on address" address=:9104
[pod/example-vttablet-zone1-1085274074-76c88d55/mysqld-exporter] ts=2026-02-12T18:42:25.724Z caller=tls_config.go:195 level=info msg="TLS is disabled." http2=false
[pod/example-vttablet-zone1-0942943782-67bcbcdb/vttablet] Flag --db_app_user has been deprecated, use --db-app-user instead 
[pod/example-vttablet-zone1-0942943782-67bcbcdb/vttablet] Flag --db_charset has been deprecated, use --db-charset instead 
[pod/example-vttablet-zone1-0942943782-67bcbcdb/vttablet] Flag --db_dba_user has been deprecated, use --db-dba-user instead 
[pod/example-vttablet-zone1-0942943782-67bcbcdb/vttablet] Flag --db_filtered_user has been deprecated, use --db-filtered-user instead 
[pod/example-vttablet-zone1-0942943782-67bcbcdb/vttablet] Flag --db_repl_user has been deprecated, use --db-repl-user instead 
[pod/example-vttablet-zone1-0942943782-67bcbcdb/vttablet] Flag --enable_replication_reporter has been deprecated, use --enable-replication-reporter instead 
[pod/example-vttablet-zone1-0942943782-67bcbcdb/vttablet] Flag --enforce_strict_trans_tables has been deprecated, use --enforce-strict-trans-tables instead 
[pod/example-vttablet-zone1-0942943782-67bcbcdb/vttablet] Flag --grpc_max_message_size has been deprecated, use --grpc-max-message-size instead 
[pod/example-vttablet-zone1-0942943782-67bcbcdb/vttablet] Flag --grpc_port has been deprecated, use --grpc-port instead 
[pod/example-vttablet-zone1-0942943782-67bcbcdb/vttablet] Flag --health_check_interval has been deprecated, use --health-check-interval instead 
[pod/example-vttablet-zone1-0942943782-67bcbcdb/vttablet] Flag --init_db_name_override has been deprecated, use --init-db-name-override instead 
[pod/example-vttablet-zone1-0942943782-67bcbcdb/vttablet] Flag --init_keyspace has been deprecated, use --init-keyspace instead 
[pod/example-vttablet-zone1-0942943782-67bcbcdb/vttablet] Flag --init_shard has been deprecated, use --init-shard instead 
[pod/example-vttablet-zone1-0942943782-67bcbcdb/vttablet] Flag --init_tablet_type has been deprecated, use --init-tablet-type instead 
[pod/example-vttablet-zone1-0942943782-67bcbcdb/vttablet] Flag --mycnf_socket_file has been deprecated, use --mycnf-socket-file instead 
[pod/example-vttablet-zone1-0942943782-67bcbcdb/vttablet] Flag --mysqlctl_socket has been deprecated, use --mysqlctl-socket instead 
[pod/example-vttablet-zone1-0942943782-67bcbcdb/vttablet] Flag --service_map has been deprecated, use --service-map instead 
[pod/example-vttablet-zone1-0942943782-67bcbcdb/vttablet] Flag --tablet_hostname has been deprecated, use --tablet-hostname instead 
[pod/example-vttablet-zone1-0942943782-67bcbcdb/vttablet] Flag --topo_global_root has been deprecated, use --topo-global-root instead 
[pod/example-vttablet-zone1-0942943782-67bcbcdb/vttablet] Flag --topo_global_server_address has been deprecated, use --topo-global-server-address instead 
[pod/example-vttablet-zone1-0942943782-67bcbcdb/vttablet] Flag --topo_implementation has been deprecated, use --topo-implementation instead 
[pod/example-vttablet-zone1-0942943782-67bcbcdb/vttablet] I0212 18:42:42.177997       1 servenv_unix.go:57] Version: 23.0.0 (Git revision bee41a670a0e18e7400364712263bab171ee89dc branch 'HEAD') built on Tue Nov  4 14:37:43 UTC 2025 by vitess@buildkitsandbox using go1.25.1 linux/amd64
[pod/example-vttablet-zone1-0942943782-67bcbcdb/vttablet] E0212 18:42:42.178594       1 syslogger.go:171] can't connect to syslog: Unix syslog delivery error
[pod/example-vttablet-zone1-0942943782-67bcbcdb/vttablet] I0212 18:42:42.200776       1 streamlog.go:224] Streaming logs from TabletServer at /debug/querylog.
[pod/example-vttablet-zone1-0942943782-67bcbcdb/vttablet] I0212 18:42:42.200817       1 streamlog.go:224] Streaming logs from TxLog at /debug/txlog.
[pod/example-vttablet-zone1-0942943782-67bcbcdb/vttablet] I0212 18:42:42.202598       1 cli.go:208] Loaded config file  successfully:
[pod/example-vttablet-zone1-0942943782-67bcbcdb/vttablet] consolidator: enable
[pod/example-vttablet-zone1-0942943782-67bcbcdb/vttablet] consolidatorStreamQuerySize: 2097152
[pod/example-vttablet-zone1-0942943782-67bcbcdb/vttablet] consolidatorStreamTotalSize: 134217728
[pod/example-vttablet-zone1-0942943782-67bcbcdb/vttablet] db:
[pod/example-vttablet-zone1-0942943782-67bcbcdb/vttablet]   allprivs:
[pod/example-vttablet-zone1-0942943782-67bcbcdb/vttablet]     password: '****'
[pod/example-vttablet-zone1-0942943782-67bcbcdb/vttablet]     useSsl: true
[pod/example-vttablet-zone1-0942943782-67bcbcdb/vttablet]     user: vt_allprivs
[pod/example-vttablet-zone1-0942943782-67bcbcdb/vttablet]   app:
[pod/example-vttablet-zone1-0942943782-67bcbcdb/vttablet]     password: '****'
[pod/example-vttablet-zone1-0942943782-67bcbcdb/vttablet]     useSsl: true
[pod/example-vttablet-zone1-0942943782-67bcbcdb/vttablet]     user: vt_app
[pod/example-vttablet-zone1-0942943782-67bcbcdb/vttablet]   appdebug:
[pod/example-vttablet-zone1-0942943782-67bcbcdb/vttablet]     password: '****'
[pod/example-vttablet-zone1-0942943782-67bcbcdb/vttablet]     useSsl: true
[pod/example-vttablet-zone1-0942943782-67bcbcdb/vttablet]     user: vt_appdebug
[pod/example-vttablet-zone1-0942943782-67bcbcdb/vttablet]   charset: utf8mb4
[pod/example-vttablet-zone1-0942943782-67bcbcdb/vttablet]   dba:
[pod/example-vttablet-zone1-0942943782-67bcbcdb/vttablet]     password: '****'
[pod/example-vttablet-zone1-0942943782-67bcbcdb/vttablet]     useSsl: true
[pod/example-vttablet-zone1-0942943782-67bcbcdb/vttablet]     user: vt_dba
[pod/example-vttablet-zone1-0942943782-67bcbcdb/vttablet]   filtered:
[pod/example-vttablet-zone1-0942943782-67bcbcdb/vttablet]     password: '****'
[pod/example-vttablet-zone1-0942943782-67bcbcdb/vttablet]     useSsl: true
[pod/example-vttablet-zone1-0942943782-67bcbcdb/vttablet]     user: vt_filtered
[pod/example-vttablet-zone1-0942943782-67bcbcdb/vttablet]   repl:
[pod/example-vttablet-zone1-0942943782-67bcbcdb/vttablet]     password: '****'
[pod/example-vttablet-zone1-0942943782-67bcbcdb/vttablet]     useSsl: true
[pod/example-vttablet-zone1-0942943782-67bcbcdb/vttablet]     user: vt_repl
[pod/example-vttablet-zone1-0942943782-67bcbcdb/vttablet] gracePeriods:
[pod/example-vttablet-zone1-0942943782-67bcbcdb/vttablet]   shutdownSeconds: 3s
[pod/example-vttablet-zone1-0942943782-67bcbcdb/vttablet] healthcheck:
[pod/example-vttablet-zone1-0942943782-67bcbcdb/vttablet]   degradedThresholdSeconds: 30s
[pod/example-vttablet-zone1-0942943782-67bcbcdb/vttablet]   intervalSeconds: 5s
[pod/example-vttablet-zone1-0942943782-67bcbcdb/vttablet]   unhealthyThresholdSeconds: 2h0m0s
[pod/example-vttablet-zone1-0942943782-67bcbcdb/vttablet] hotRowProtection:
[pod/example-vttablet-zone1-0942943782-67bcbcdb/vttablet]   maxConcurrency: 5
[pod/example-vttablet-zone1-0942943782-67bcbcdb/vttablet]   maxGlobalQueueSize: 1000
[pod/example-vttablet-zone1-0942943782-67bcbcdb/vttablet]   maxQueueSize: 20
[pod/example-vttablet-zone1-0942943782-67bcbcdb/vttablet]   mode: disable
[pod/example-vttablet-zone1-0942943782-67bcbcdb/vttablet] messagePostponeParallelism: 4
[pod/example-vttablet-zone1-0942943782-67bcbcdb/vttablet] olap:
[pod/example-vttablet-zone1-0942943782-67bcbcdb/vttablet]   txTimeoutSeconds: 30s
[pod/example-vttablet-zone1-0942943782-67bcbcdb/vttablet] olapReadPool:
[pod/example-vttablet-zone1-0942943782-67bcbcdb/vttablet]   idleTimeoutSeconds: 30m0s
[pod/example-vttablet-zone1-0942943782-67bcbcdb/vttablet]   size: 96
[pod/example-vttablet-zone1-0942943782-67bcbcdb/vttablet] oltp:
[pod/example-vttablet-zone1-0942943782-67bcbcdb/vttablet]   maxRows: 100000
[pod/example-vttablet-zone1-0942943782-67bcbcdb/vttablet]   queryTimeoutSeconds: 5m0s
[pod/example-vttablet-zone1-0942943782-67bcbcdb/vttablet]   txTimeoutSeconds: 2m0s
[pod/example-vttablet-zone1-0942943782-67bcbcdb/vttablet] oltpReadPool:
[pod/example-vttablet-zone1-0942943782-67bcbcdb/vttablet]   idleTimeoutSeconds: 30m0s
[pod/example-vttablet-zone1-0942943782-67bcbcdb/vttablet]   size: 100
[pod/example-vttablet-zone1-0942943782-67bcbcdb/vttablet] queryCacheDoorkeeper: true
[pod/example-vttablet-zone1-0942943782-67bcbcdb/vttablet] queryCacheMemory: 33554432
[pod/example-vttablet-zone1-0942943782-67bcbcdb/vttablet] replicationTracker:
[pod/example-vttablet-zone1-0942943782-67bcbcdb/vttablet]   heartbeatIntervalSeconds: 1s
[pod/example-vttablet-zone1-0942943782-67bcbcdb/vttablet]   mode: polling
[pod/example-vttablet-zone1-0942943782-67bcbcdb/vttablet] rowStreamer:
[pod/example-vttablet-zone1-0942943782-67bcbcdb/vttablet]   maxInnoDBTrxHistLen: 10000000
[pod/example-vttablet-zone1-0942943782-67bcbcdb/vttablet]   maxMySQLReplLagSecs: 43200
[pod/example-vttablet-zone1-0942943782-67bcbcdb/vttablet] schemaChangeReloadTimeout: 30s
[pod/example-vttablet-zone1-0942943782-67bcbcdb/vttablet] schemaReloadIntervalSeconds: 30m0s
[pod/example-vttablet-zone1-0942943782-67bcbcdb/vttablet] semiSyncMonitor:
[pod/example-vttablet-zone1-0942943782-67bcbcdb/vttablet]   intervalSeconds: 10s
[pod/example-vttablet-zone1-0942943782-67bcbcdb/vttablet] signalWhenSchemaChange: true
[pod/example-vttablet-zone1-0942943782-67bcbcdb/vttablet] streamBufferSize: 32768
[pod/example-vttablet-zone1-0942943782-67bcbcdb/vttablet] txPool:
[pod/example-vttablet-zone1-0942943782-67bcbcdb/vttablet]   idleTimeoutSeconds: 30m0s
[pod/example-vttablet-zone1-0942943782-67bcbcdb/vttablet]   size: 100
[pod/example-vttablet-zone1-0942943782-67bcbcdb/vttablet]   timeoutSeconds: 1m0s
[pod/example-vttablet-zone1-0942943782-67bcbcdb/vttablet] I0212 18:42:42.202631       1 mycnf_flag.go:133] No mycnf-server-id, no mycnf-file specified, using default config for server id 942943782: /vt/vtdataroot/vt_0942943782/my.cnf
[pod/example-vttablet-zone1-0942943782-67bcbcdb/vttablet] I0212 18:42:42.207467       1 dbconfigs.go:377] DBConfigs: allprivs:
[pod/example-vttablet-zone1-0942943782-67bcbcdb/vttablet]   password: '****'
[pod/example-vttablet-zone1-0942943782-67bcbcdb/vttablet]   useSsl: true
[pod/example-vttablet-zone1-0942943782-67bcbcdb/vttablet]   user: vt_allprivs
[pod/example-vttablet-zone1-0942943782-67bcbcdb/vttablet] app:
[pod/example-vttablet-zone1-0942943782-67bcbcdb/vttablet]   password: '****'
[pod/example-vttablet-zone1-0942943782-67bcbcdb/vttablet]   useSsl: true
[pod/example-vttablet-zone1-0942943782-67bcbcdb/vttablet]   user: vt_app
[pod/example-vttablet-zone1-0942943782-67bcbcdb/vttablet] appdebug:
[pod/example-vttablet-zone1-0942943782-67bcbcdb/vttablet]   password: '****'
[pod/example-vttablet-zone1-0942943782-67bcbcdb/vttablet]   useSsl: true
[pod/example-vttablet-zone1-0942943782-67bcbcdb/vttablet]   user: vt_appdebug
[pod/example-vttablet-zone1-0942943782-67bcbcdb/vttablet] charset: utf8mb4
[pod/example-vttablet-zone1-0942943782-67bcbcdb/vttablet] dba:
[pod/example-vttablet-zone1-0942943782-67bcbcdb/vttablet]   password: '****'
[pod/example-vttablet-zone1-0942943782-67bcbcdb/vttablet]   useSsl: true
[pod/example-vttablet-zone1-0942943782-67bcbcdb/vttablet]   user: vt_dba
[pod/example-vttablet-zone1-0942943782-67bcbcdb/vttablet] filtered:
[pod/example-vttablet-zone1-0942943782-67bcbcdb/vttablet]   password: '****'
[pod/example-vttablet-zone1-0942943782-67bcbcdb/vttablet]   useSsl: true
[pod/example-vttablet-zone1-0942943782-67bcbcdb/vttablet]   user: vt_filtered
[pod/example-vttablet-zone1-0942943782-67bcbcdb/vttablet] repl:
[pod/example-vttablet-zone1-0942943782-67bcbcdb/vttablet]   password: '****'
[pod/example-vttablet-zone1-0942943782-67bcbcdb/vttablet]   useSsl: true
[pod/example-vttablet-zone1-0942943782-67bcbcdb/vttablet]   user: vt_repl
[pod/example-vttablet-zone1-0942943782-67bcbcdb/vttablet] 
[pod/example-vttablet-zone1-0942943782-67bcbcdb/vttablet] I0212 18:42:42.212283       1 query_engine.go:236] Stream consolidator is enabled with query size set to 2097152 and total size set to 134217728.
[pod/example-vttablet-zone1-0942943782-67bcbcdb/vttablet] I0212 18:42:42.214487       1 mysqld.go:191] mysqld is remote. Skipping flavor detection
[pod/example-vttablet-zone1-0942943782-67bcbcdb/vttablet] I0212 18:42:42.221515       1 tm_init.go:238] Using hostname: 10.0.3.237 from --tablet-hostname flag. Tablet cell:"zone1" uid:942943782
[pod/example-vttablet-zone1-0942943782-67bcbcdb/vttablet] I0212 18:42:42.224438       1 tm_init.go:372] TabletManager Start
[pod/example-vttablet-zone1-0942943782-67bcbcdb/vttablet] I0212 18:42:42.224503       1 tm_init.go:523] Reading/creating keyspace and shard records for benchmark/-33
[pod/example-vttablet-zone1-0942943782-67bcbcdb/vttablet] W0212 18:42:42.326960       1 tm_init.go:751] Cannot get current mysql port, will keep retrying every 1s: net.Dial(/vt/socket/mysql.sock) to local server failed: dial unix /vt/socket/mysql.sock: connect: no such file or directory (errno 2002) (sqlstate HY000)
[pod/example-vttablet-zone1-0942943782-67bcbcdb/vttablet] I0212 18:42:42.388552       1 tm_init.go:829] Successfully updated tablet replication data for alias: zone1-0942943782
[pod/example-vttablet-zone1-0942943782-67bcbcdb/vttablet] I0212 18:42:42.407351       1 syslogger.go:133] benchmark/-33/zone1-0942943782 [tablet] updated
[pod/example-vttablet-zone1-0942943782-67bcbcdb/vttablet] I0212 18:42:42.407534       1 tablegc.go:162] TableGC: init
[pod/example-vttablet-zone1-0942943782-67bcbcdb/vttablet] I0212 18:42:42.407768       1 shard_sync.go:80] Change to tablet state
[pod/example-vttablet-zone1-0942943782-67bcbcdb/vttablet] W0212 18:42:42.430959       1 tm_init.go:997] cannot start replication during initialization: shard benchmark/-33 has no primary.
[pod/example-vttablet-zone1-0942943782-67bcbcdb/vttablet] I0212 18:42:49.587472       1 tm_state.go:104] In tmState.Open()
[pod/example-vttablet-zone1-0942943782-67bcbcdb/vttablet] I0212 18:42:49.587571       1 updatestreamctl.go:189] Enabling update stream, dbname: benchmark
[pod/example-vttablet-zone1-0942943782-67bcbcdb/vttablet] I0212 18:42:49.587650       1 state_manager.go:233] Starting transition to REPLICA Serving, primary term start timestamp: 0001-01-01 00:00:00 +0000 UTC
[pod/example-vttablet-zone1-0942943782-67bcbcdb/vttablet] I0212 18:42:49.587763       1 tablegc.go:217] TableGC - started execution of Close. Acquiring initMutex lock
[pod/example-vttablet-zone1-0942943782-67bcbcdb/vttablet] I0212 18:42:49.587817       1 tablegc.go:220] TableGC - acquired lock
[pod/example-vttablet-zone1-0942943782-67bcbcdb/vttablet] I0212 18:42:49.587856       1 tablegc.go:222] TableGC - no collector is open
[pod/example-vttablet-zone1-0942943782-67bcbcdb/vttablet] I0212 18:42:49.587941       1 engine.go:97] messager Engine - started execution of Close. Acquiring mu lock
[pod/example-vttablet-zone1-0942943782-67bcbcdb/vttablet] I0212 18:42:49.587988       1 engine.go:99] messager Engine - acquired mu lock
[pod/example-vttablet-zone1-0942943782-67bcbcdb/vttablet] I0212 18:42:49.588019       1 engine.go:102] messager Engine is not open
[pod/example-vttablet-zone1-0942943782-67bcbcdb/vttablet] E0212 18:42:49.588478       1 state_manager.go:299] Error transitioning to the desired state: REPLICA, Serving, will keep retrying: Unknown database 'benchmark' (errno 1049) (sqlstate 42000)
[pod/example-vttablet-zone1-0942943782-67bcbcdb/vttablet] I0212 18:42:49.588562       1 state_manager.go:781] State: exiting lameduck
[pod/example-vttablet-zone1-0942943782-67bcbcdb/vttablet] E0212 18:42:49.588626       1 tm_state.go:371] Cannot start query service: Unknown database 'benchmark' (errno 1049) (sqlstate 42000)
[pod/example-vttablet-zone1-0942943782-67bcbcdb/vttablet] I0212 18:42:49.588715       1 tm_state.go:421] Publishing state: alias:{cell:"zone1" uid:942943782} hostname:"10.0.3.237" port_map:{key:"grpc" value:15999} port_map:{key:"vt" value:15000} keyspace:"benchmark" shard:"-33" key_range:{end:"3"} type:REPLICA db_name_override:"benchmark" mysql_hostname:"10.0.3.237" default_conn_collation:255
[pod/example-vttablet-zone1-0942943782-67bcbcdb/vttablet] I0212 18:42:49.596712       1 syslogger.go:133] benchmark/-33/zone1-0942943782 [tablet] updated
[pod/example-vttablet-zone1-0942943782-67bcbcdb/vttablet] I0212 18:42:49.596789       1 tm_init.go:370] TabletManager Start took ~7418 ms
[pod/example-vttablet-zone1-0942943782-67bcbcdb/vttablet] I0212 18:42:49.596886       1 grpc_server.go:237] Setting grpc max message size to 67108864
[pod/example-vttablet-zone1-0942943782-67bcbcdb/vttablet] I0212 18:42:49.596960       1 grpc_server.go:446] Building interceptors with 0 unary interceptors and 0 stream interceptors
[pod/example-vttablet-zone1-0942943782-67bcbcdb/vttablet] I0212 18:42:49.597088       1 service_map.go:67] Registering tabletmanager for grpc, disable it with -grpc-tabletmanager service-map parameter
[pod/example-vttablet-zone1-0942943782-67bcbcdb/vttablet] I0212 18:42:49.597275       1 service_map.go:70] Not registering throttler for grpc, enable it with grpc-throttler service-map parameter
[pod/example-vttablet-zone1-0942943782-67bcbcdb/vttablet] I0212 18:42:49.597177       1 init.go:39] Initializing opentsdb backend...
[pod/example-vttablet-zone1-0942943782-67bcbcdb/vttablet] I0212 18:42:49.597379       1 init.go:42] Failed to initialize singleton opentsdb backend: cannot create opentsdb PushBackend with empty --opentsdb-uri
[pod/example-vttablet-zone1-0942943782-67bcbcdb/vttablet] I0212 18:42:49.597353       1 statsd.go:82] statsdAddress is empty
[pod/example-vttablet-zone1-0942943782-67bcbcdb/vttablet] I0212 18:42:49.597441       1 service_map.go:67] Registering queryservice for grpc, disable it with -grpc-queryservice service-map parameter
[pod/example-vttablet-zone1-0942943782-67bcbcdb/vttablet] I0212 18:42:49.609689       1 service_map.go:67] Registering updatestream for grpc, disable it with -grpc-updatestream service-map parameter
[pod/example-vttablet-zone1-0942943782-67bcbcdb/vttablet] I0212 18:42:49.609830       1 grpc_server.go:325] Listening for gRPC calls on port 15999
[pod/example-vttablet-zone1-0942943782-67bcbcdb/vttablet] I0212 18:42:49.610175       1 unix_socket.go:38] Not listening on socket file
[pod/example-vttablet-zone1-0942943782-67bcbcdb/vttablet] I0212 18:42:50.347297       1 tm_init.go:777] Identified mysql port: 3306
[pod/example-vttablet-zone1-0942943782-67bcbcdb/vttablet] I0212 18:42:50.347477       1 tm_state.go:421] Publishing state: alias:{cell:"zone1" uid:942943782} hostname:"10.0.3.237" port_map:{key:"grpc" value:15999} port_map:{key:"vt" value:15000} keyspace:"benchmark" shard:"-33" key_range:{end:"3"} type:REPLICA db_name_override:"benchmark" mysql_hostname:"10.0.3.237" mysql_port:3306 default_conn_collation:255
[pod/example-vttablet-zone1-0942943782-67bcbcdb/vttablet] I0212 18:42:50.355284       1 syslogger.go:133] benchmark/-33/zone1-0942943782 [tablet] updated
[pod/example-vttablet-zone1-0942943782-67bcbcdb/vttablet] I0212 18:42:50.589174       1 tablegc.go:217] TableGC - started execution of Close. Acquiring initMutex lock
[pod/example-vttablet-zone1-0942943782-67bcbcdb/vttablet] I0212 18:42:50.589212       1 tablegc.go:220] TableGC - acquired lock
[pod/example-vttablet-zone1-0942943782-67bcbcdb/vttablet] I0212 18:42:50.589217       1 tablegc.go:222] TableGC - no collector is open
[pod/example-vttablet-zone1-0942943782-67bcbcdb/vttablet] I0212 18:42:50.589221       1 engine.go:97] messager Engine - started execution of Close. Acquiring mu lock
[pod/example-vttablet-zone1-0942943782-67bcbcdb/vttablet] I0212 18:42:50.589226       1 engine.go:99] messager Engine - acquired mu lock
[pod/example-vttablet-zone1-0942943782-67bcbcdb/vttablet] I0212 18:42:50.589231       1 engine.go:102] messager Engine is not open
[pod/example-vttablet-zone1-0942943782-67bcbcdb/vttablet] I0212 18:42:51.589466       1 tablegc.go:217] TableGC - started execution of Close. Acquiring initMutex lock
[pod/example-vttablet-zone1-0942943782-67bcbcdb/vttablet] I0212 18:42:51.589496       1 tablegc.go:220] TableGC - acquired lock
[pod/example-vttablet-zone1-0942943782-67bcbcdb/vttablet] I0212 18:42:51.589501       1 tablegc.go:222] TableGC - no collector is open
[pod/example-vttablet-zone1-0942943782-67bcbcdb/vttablet] I0212 18:42:51.589505       1 engine.go:97] messager Engine - started execution of Close. Acquiring mu lock
[pod/example-vttablet-zone1-0942943782-67bcbcdb/vttablet] I0212 18:42:51.589510       1 engine.go:99] messager Engine - acquired mu lock
[pod/example-vttablet-zone1-0942943782-67bcbcdb/vttablet] I0212 18:42:51.589515       1 engine.go:102] messager Engine is not open
[pod/example-vttablet-zone1-0942943782-67bcbcdb/vttablet] W0212 18:42:51.773259       1 rpc_server.go:79] TabletManager.ReplicationStatus()(on zone1-0942943782 from ) error: no replication status (errno 100) (sqlstate HY000)
[pod/example-vttablet-zone1-0942943782-67bcbcdb/vttablet] I0212 18:42:51.810564       1 rpc_replication.go:375] ResetReplication
[pod/example-vttablet-zone1-0942943782-67bcbcdb/vttablet] I0212 18:42:51.813311       1 query.go:81] exec STOP REPLICA
[pod/example-vttablet-zone1-0942943782-67bcbcdb/vttablet] I0212 18:42:51.813647       1 query.go:81] exec RESET REPLICA ALL
[pod/example-vttablet-zone1-0942943782-67bcbcdb/vttablet] I0212 18:42:51.814362       1 query.go:81] exec RESET BINARY LOGS AND GTIDS
[pod/example-vttablet-zone1-0942943782-67bcbcdb/vttablet] I0212 18:42:51.824225       1 query.go:81] exec SET GLOBAL rpl_semi_sync_source_enabled = false, GLOBAL rpl_semi_sync_replica_enabled = false
[pod/example-vttablet-zone1-0942943782-67bcbcdb/vttablet] I0212 18:42:51.824531       1 rpc_server.go:83] TabletManager.ResetReplication()(on zone1-0942943782 from ): (*tabletmanagerdata.ResetReplicationResponse)(nil)
[pod/example-vttablet-zone1-0942943782-67bcbcdb/vttablet] I0212 18:42:51.834443       1 rpc_replication.go:389] InitPrimary with semiSync as false
[pod/example-vttablet-zone1-0942943782-67bcbcdb/vttablet] I0212 18:42:51.838565       1 query.go:81] exec SET GLOBAL super_read_only = 'OFF'
[pod/example-vttablet-zone1-0942943782-67bcbcdb/vttablet] I0212 18:42:51.838856       1 query.go:81] exec create database if not exists _vt
[pod/example-vttablet-zone1-0942943782-67bcbcdb/vttablet] I0212 18:42:51.842057       1 tm_state.go:205] Changing Tablet Type: PRIMARY for cell:"zone1" uid:942943782
[pod/example-vttablet-zone1-0942943782-67bcbcdb/vttablet] I0212 18:42:51.852776       1 syslogger.go:133] benchmark/-33/zone1-0942943782 [tablet] updated
[pod/example-vttablet-zone1-0942943782-67bcbcdb/vttablet] I0212 18:42:51.853341       1 query.go:81] exec SET GLOBAL super_read_only = 'OFF'
[pod/example-vttablet-zone1-0942943782-67bcbcdb/vttablet] I0212 18:42:51.853572       1 tx_engine.go:344] TxEngine - called shutdownLocked
[pod/example-vttablet-zone1-0942943782-67bcbcdb/vttablet] I0212 18:42:51.853663       1 tx_engine.go:350] TxEngine - waiting for begin requests
[pod/example-vttablet-zone1-0942943782-67bcbcdb/vttablet] I0212 18:42:51.853676       1 tx_engine.go:352] TxEngine - acquiring state lock again
[pod/example-vttablet-zone1-0942943782-67bcbcdb/vttablet] I0212 18:42:51.853708       1 tx_engine.go:354] TxEngine - state lock acquired again
[pod/example-vttablet-zone1-0942943782-67bcbcdb/vttablet] I0212 18:42:51.853718       1 tx_engine.go:395] TxEngine - waiting for empty txPool
[pod/example-vttablet-zone1-0942943782-67bcbcdb/vttablet] I0212 18:42:51.853724       1 tx_engine.go:400] TxEngine - making sure the goroutine has returned
[pod/example-vttablet-zone1-0942943782-67bcbcdb/vttablet] I0212 18:42:51.853732       1 tx_engine.go:369] Immediate shutdown: rolling back now.
[pod/example-vttablet-zone1-0942943782-67bcbcdb/vttablet] I0212 18:42:51.853752       1 tx_engine.go:406] TxEngine - stop transaction watcher
[pod/example-vttablet-zone1-0942943782-67bcbcdb/vttablet] I0212 18:42:51.853794       1 tx_engine.go:410] TxEngine - closing the txPool
[pod/example-vttablet-zone1-0942943782-67bcbcdb/vttablet] I0212 18:42:51.853825       1 tx_engine.go:412] TxEngine - closing twoPC
[pod/example-vttablet-zone1-0942943782-67bcbcdb/vttablet] I0212 18:42:51.853839       1 tx_engine.go:414] TxEngine - closing the prepared pool
[pod/example-vttablet-zone1-0942943782-67bcbcdb/vttablet] I0212 18:42:51.853874       1 tx_engine.go:416] TxEngine - finished shutdownLocked
[pod/example-vttablet-zone1-0942943782-67bcbcdb/vttablet] E0212 18:42:51.854466       1 tx_engine.go:217] Could not open TwoPC engine: Unknown database 'benchmark' (errno 1049) (sqlstate 42000)
[pod/example-vttablet-zone1-0942943782-67bcbcdb/vttablet] I0212 18:42:51.854746       1 query.go:81] exec SET GLOBAL read_only = OFF
[pod/example-vttablet-zone1-0942943782-67bcbcdb/vttablet] I0212 18:42:51.854980       1 engine.go:213] VReplication Engine: opening
[pod/example-vttablet-zone1-0942943782-67bcbcdb/vttablet] I0212 18:42:51.855675       1 engine.go:224] openLocked error: error in connecting to mysql db with connection <nil>, err Unknown database 'benchmark' (errno 1049) (sqlstate 42000)
[pod/example-vttablet-zone1-0942943782-67bcbcdb/vttablet] I0212 18:42:51.855747       1 engine.go:229] VReplication engine opened successfully
[pod/example-vttablet-zone1-0942943782-67bcbcdb/vttablet] I0212 18:42:51.855778       1 engine.go:127] VDiff Engine: opening...
[pod/example-vttablet-zone1-0942943782-67bcbcdb/vttablet] E0212 18:42:51.855822       1 engine.go:256] Error starting vreplication engine: error in connecting to mysql db with connection <nil>, err Unknown database 'benchmark' (errno 1049) (sqlstate 42000), will keep retrying.
[pod/example-vttablet-zone1-0942943782-67bcbcdb/vttablet] I0212 18:42:51.856259       1 engine.go:135] openLocked error: error in connecting to mysql db with connection <nil>, err Unknown database 'benchmark' (errno 1049) (sqlstate 42000)
[pod/example-vttablet-zone1-0942943782-67bcbcdb/vttablet] I0212 18:42:51.856332       1 state_manager.go:233] Starting transition to PRIMARY Serving, primary term start timestamp: 2026-02-12 18:42:51.842191259 +0000 UTC
[pod/example-vttablet-zone1-0942943782-67bcbcdb/vttablet] I0212 18:42:51.856374       1 state_manager.go:457] servePrimary: binlog watcher closed
[pod/example-vttablet-zone1-0942943782-67bcbcdb/vttablet] E0212 18:42:51.856432       1 engine.go:182] Error starting vdiff engine: error in connecting to mysql db with connection <nil>, err Unknown database 'benchmark' (errno 1049) (sqlstate 42000), will keep retrying.
[pod/example-vttablet-zone1-0942943782-67bcbcdb/vttablet] I0212 18:42:51.860752       1 engine.go:238] db benchmark created
[pod/example-vttablet-zone1-0942943782-67bcbcdb/vttablet] I0212 18:42:51.860834       1 engine.go:165] In syncSidecarDB
[pod/example-vttablet-zone1-0942943782-67bcbcdb/vttablet] I0212 18:42:51.860869       1 sidecardb.go:195] _vt schema init called from vitess.io/vitess/go/vt/vttablet/tabletserver/schema.(*Engine).syncSidecarDB:179
[pod/example-vttablet-zone1-0942943782-67bcbcdb/vttablet] I0212 18:42:51.860933       1 sidecardb.go:238] Starting sidecardb.Init()
[pod/example-vttablet-zone1-0942943782-67bcbcdb/vttablet] I0212 18:42:51.862874       1 sidecardb.go:329] doesSidecarDBExist: found _vt
[pod/example-vttablet-zone1-0942943782-67bcbcdb/vttablet] I0212 18:42:51.865028       1 sidecardb.go:415] Applying DDL for table heartbeat:
[pod/example-vttablet-zone1-0942943782-67bcbcdb/vttablet] CREATE TABLE IF NOT EXISTS `_vt`.`heartbeat` (
[pod/example-vttablet-zone1-0942943782-67bcbcdb/vttablet] 	`keyspaceShard` varbinary(256) NOT NULL,
[pod/example-vttablet-zone1-0942943782-67bcbcdb/vttablet] 	`tabletUid` int unsigned NOT NULL,
[pod/example-vttablet-zone1-0942943782-67bcbcdb/vttablet] 	`ts` bigint unsigned NOT NULL,
[pod/example-vttablet-zone1-0942943782-67bcbcdb/vttablet] 	PRIMARY KEY (`keyspaceShard`)
[pod/example-vttablet-zone1-0942943782-67bcbcdb/vttablet] ) ENGINE InnoDB,
[pod/example-vttablet-zone1-0942943782-67bcbcdb/vttablet]   CHARSET utf8mb4
[pod/example-vttablet-zone1-0942943782-67bcbcdb/vttablet] I0212 18:42:51.866391       1 sidecardb.go:343] createSidecarDB: _vt
[pod/example-vttablet-zone1-0942943782-67bcbcdb/vttablet] I0212 18:42:51.882081       1 sidecardb.go:462] Applied DDL CREATE TABLE IF NOT EXISTS `_vt`.`heartbeat` (
[pod/example-vttablet-zone1-0942943782-67bcbcdb/vttablet] 	`keyspaceShard` varbinary(256) NOT NULL,
[pod/example-vttablet-zone1-0942943782-67bcbcdb/vttablet] 	`tabletUid` int unsigned NOT NULL,
[pod/example-vttablet-zone1-0942943782-67bcbcdb/vttablet] 	`ts` bigint unsigned NOT NULL,
[pod/example-vttablet-zone1-0942943782-67bcbcdb/vttablet] 	PRIMARY KEY (`keyspaceShard`)
[pod/example-vttablet-zone1-0942943782-67bcbcdb/vttablet] ) ENGINE InnoDB,
[pod/example-vttablet-zone1-0942943782-67bcbcdb/vttablet]   CHARSET utf8mb4 for table _vt.heartbeat (misc) during sidecar database initialization
[pod/example-vttablet-zone1-0942943782-67bcbcdb/vttablet] I0212 18:42:51.882538       1 sidecardb.go:415] Applying DDL for table reparent_journal:
[pod/example-vttablet-zone1-0942943782-67bcbcdb/vttablet] CREATE TABLE IF NOT EXISTS `_vt`.`reparent_journal` (
[pod/example-vttablet-zone1-0942943782-67bcbcdb/vttablet] 	`time_created_ns` bigint unsigned NOT NULL,
[pod/example-vttablet-zone1-0942943782-67bcbcdb/vttablet] 	`action_name` varbinary(255) NOT NULL,
[pod/example-vttablet-zone1-0942943782-67bcbcdb/vttablet] 	`primary_alias` varbinary(255) NOT NULL,
[pod/example-vttablet-zone1-0942943782-67bcbcdb/vttablet] 	`replication_position` varbinary(64000),
[pod/example-vttablet-zone1-0942943782-67bcbcdb/vttablet] 	PRIMARY KEY (`time_created_ns`)
[pod/example-vttablet-zone1-0942943782-67bcbcdb/vttablet] ) ENGINE InnoDB,
[pod/example-vttablet-zone1-0942943782-67bcbcdb/vttablet]   CHARSET utf8mb4
[pod/example-vttablet-zone1-0942943782-67bcbcdb/vttablet] I0212 18:42:51.895485       1 sidecardb.go:462] Applied DDL CREATE TABLE IF NOT EXISTS `_vt`.`reparent_journal` (
[pod/example-vttablet-zone1-0942943782-67bcbcdb/vttablet] 	`time_created_ns` bigint unsigned NOT NULL,
[pod/example-vttablet-zone1-0942943782-67bcbcdb/vttablet] 	`action_name` varbinary(255) NOT NULL,
[pod/example-vttablet-zone1-0942943782-67bcbcdb/vttablet] 	`primary_alias` varbinary(255) NOT NULL,
[pod/example-vttablet-zone1-0942943782-67bcbcdb/vttablet] 	`replication_position` varbinary(64000),
[pod/example-vttablet-zone1-0942943782-67bcbcdb/vttablet] 	PRIMARY KEY (`time_created_ns`)
[pod/example-vttablet-zone1-0942943782-67bcbcdb/vttablet] ) ENGINE InnoDB,
[pod/example-vttablet-zone1-0942943782-67bcbcdb/vttablet]   CHARSET utf8mb4 for table _vt.reparent_journal (misc) during sidecar database initialization
[pod/example-vttablet-zone1-0942943782-67bcbcdb/vttablet] I0212 18:42:51.895906       1 sidecardb.go:415] Applying DDL for table semisync_heartbeat:
[pod/example-vttablet-zone1-0942943782-67bcbcdb/vttablet] CREATE TABLE IF NOT EXISTS `_vt`.`semisync_heartbeat` (
[pod/example-vttablet-zone1-0942943782-67bcbcdb/vttablet] 	`ts` bigint unsigned NOT NULL,
[pod/example-vttablet-zone1-0942943782-67bcbcdb/vttablet] 	PRIMARY KEY (`ts`)
[pod/example-vttablet-zone1-0942943782-67bcbcdb/vttablet] ) ENGINE InnoDB,
[pod/example-vttablet-zone1-0942943782-67bcbcdb/vttablet]   CHARSET utf8mb4
[pod/example-vttablet-zone1-0942943782-67bcbcdb/vttablet] I0212 18:42:51.911723       1 sidecardb.go:462] Applied DDL CREATE TABLE IF NOT EXISTS `_vt`.`semisync_heartbeat` (
[pod/example-vttablet-zone1-0942943782-67bcbcdb/vttablet] 	`ts` bigint unsigned NOT NULL,
[pod/example-vttablet-zone1-0942943782-67bcbcdb/vttablet] 	PRIMARY KEY (`ts`)
[pod/example-vttablet-zone1-0942943782-67bcbcdb/vttablet] ) ENGINE InnoDB,
[pod/example-vttablet-zone1-0942943782-67bcbcdb/vttablet]   CHARSET utf8mb4 for table _vt.semisync_heartbeat (misc) during sidecar database initialization
[pod/example-vttablet-zone1-0942943782-67bcbcdb/vttablet] I0212 18:42:51.913299       1 sidecardb.go:415] Applying DDL for table schema_migrations:
[pod/example-vttablet-zone1-0942943782-67bcbcdb/vttablet] CREATE TABLE IF NOT EXISTS `_vt`.`schema_migrations` (
[pod/example-vttablet-zone1-0942943782-67bcbcdb/vttablet] 	`id` bigint unsigned NOT NULL AUTO_INCREMENT,
[pod/example-vttablet-zone1-0942943782-67bcbcdb/vttablet] 	`migration_uuid` varchar(64) NOT NULL,
[pod/example-vttablet-zone1-0942943782-67bcbcdb/vttablet] 	`keyspace` varchar(256) NOT NULL,
[pod/example-vttablet-zone1-0942943782-67bcbcdb/vttablet] 	`shard` varchar(255) NOT NULL,
[pod/example-vttablet-zone1-0942943782-67bcbcdb/vttablet] 	`mysql_schema` varchar(128) NOT NULL,
[pod/example-vttablet-zone1-0942943782-67bcbcdb/vttablet] 	`mysql_table` varchar(128) NOT NULL,
[pod/example-vttablet-zone1-0942943782-67bcbcdb/vttablet] 	`migration_statement` text NOT NULL,
[pod/example-vttablet-zone1-0942943782-67bcbcdb/vttablet] 	`strategy` varchar(128) NOT NULL,
[pod/example-vttablet-zone1-0942943782-67bcbcdb/vttablet] 	`options` varchar(8192) NOT NULL,
[pod/example-vttablet-zone1-0942943782-67bcbcdb/vttablet] 	`added_timestamp` timestamp NOT NULL DEFAULT current_timestamp(),
[pod/example-vttablet-zone1-0942943782-67bcbcdb/vttablet] 	`requested_timestamp` timestamp NOT NULL DEFAULT current_timestamp(),
[pod/example-vttablet-zone1-0942943782-67bcbcdb/vttablet] 	`ready_timestamp` timestamp NULL,
[pod/example-vttablet-zone1-0942943782-67bcbcdb/vttablet] 	`started_timestamp` timestamp NULL,
[pod/example-vttablet-zone1-0942943782-67bcbcdb/vttablet] 	`liveness_timestamp` timestamp NULL,
[pod/example-vttablet-zone1-0942943782-67bcbcdb/vttablet] 	`completed_timestamp` timestamp(6) NULL,
[pod/example-vttablet-zone1-0942943782-67bcbcdb/vttablet] 	`cleanup_timestamp` timestamp NULL,
[pod/example-vttablet-zone1-0942943782-67bcbcdb/vttablet] 	`migration_status` varchar(128) NOT NULL,
[pod/example-vttablet-zone1-0942943782-67bcbcdb/vttablet] 	`log_path` varchar(1024) NOT NULL,
[pod/example-vttablet-zone1-0942943782-67bcbcdb/vttablet] 	`artifacts` text NOT NULL,
[pod/example-vttablet-zone1-0942943782-67bcbcdb/vttablet] 	`retries` int unsigned NOT NULL DEFAULT '0',
[pod/example-vttablet-zone1-0942943782-67bcbcdb/vttablet] 	`tablet` varchar(128) NOT NULL DEFAULT '',
[pod/example-vttablet-zone1-0942943782-67bcbcdb/vttablet] 	`tablet_failure` tinyint unsigned NOT NULL DEFAULT '0',
[pod/example-vttablet-zone1-0942943782-67bcbcdb/vttablet] 	`progress` float NOT NULL DEFAULT '0',
[pod/example-vttablet-zone1-0942943782-67bcbcdb/vttablet] 	`migration_context` varchar(1024) NOT NULL DEFAULT '',
[pod/example-vttablet-zone1-0942943782-67bcbcdb/vttablet] 	`ddl_action` varchar(16) NOT NULL DEFAULT '',
[pod/example-vttablet-zone1-0942943782-67bcbcdb/vttablet] 	`message` text NOT NULL,
[pod/example-vttablet-zone1-0942943782-67bcbcdb/vttablet] 	`message_timestamp` timestamp(6) NULL,
[pod/example-vttablet-zone1-0942943782-67bcbcdb/vttablet] 	`eta_seconds` bigint NOT NULL DEFAULT '-1',
[pod/example-vttablet-zone1-0942943782-67bcbcdb/vttablet] 	`rows_copied` bigint unsigned NOT NULL DEFAULT '0',
[pod/example-vttablet-zone1-0942943782-67bcbcdb/vttablet] 	`vreplication_lag_seconds` bigint unsigned NOT NULL DEFAULT '0',
[pod/example-vttablet-zone1-0942943782-67bcbcdb/vttablet] 	`table_rows` bigint NOT NULL DEFAULT '0',
[pod/example-vttablet-zone1-0942943782-67bcbcdb/vttablet] 	`added_unique_keys` int unsigned NOT NULL DEFAULT '0',
[pod/example-vttablet-zone1-0942943782-67bcbcdb/vttablet] 	`removed_unique_keys` int unsigned NOT NULL DEFAULT '0',
[pod/example-vttablet-zone1-0942943782-67bcbcdb/vttablet] 	`log_file` varchar(1024) NOT NULL DEFAULT '',
[pod/example-vttablet-zone1-0942943782-67bcbcdb/vttablet] 	`retain_artifacts_seconds` bigint NOT NULL DEFAULT '0',
[pod/example-vttablet-zone1-0942943782-67bcbcdb/vttablet] 	`postpone_completion` tinyint unsigned NOT NULL DEFAULT '0',
[pod/example-vttablet-zone1-0942943782-67bcbcdb/vttablet] 	`removed_unique_key_names` text NOT NULL,
[pod/example-vttablet-zone1-0942943782-67bcbcdb/vttablet] 	`dropped_no_default_column_names` text NOT NULL,
[pod/example-vttablet-zone1-0942943782-67bcbcdb/vttablet] 	`expanded_column_names` text NOT NULL,
[pod/example-vttablet-zone1-0942943782-67bcbcdb/vttablet] 	`revertible_notes` text NOT NULL,
[pod/example-vttablet-zone1-0942943782-67bcbcdb/vttablet] 	`allow_concurrent` tinyint unsigned NOT NULL DEFAULT '0',
[pod/example-vttablet-zone1-0942943782-67bcbcdb/vttablet] 	`reverted_uuid` varchar(64) NOT NULL DEFAULT '',
[pod/example-vttablet-zone1-0942943782-67bcbcdb/vttablet] 	`is_view` tinyint unsigned NOT NULL DEFAULT '0',
[pod/example-vttablet-zone1-0942943782-67bcbcdb/vttablet] 	`ready_to_complete` tinyint unsigned NOT NULL DEFAULT '0',
[pod/example-vttablet-zone1-0942943782-67bcbcdb/vttablet] 	`vitess_liveness_indicator` bigint NOT NULL DEFAULT '0',
[pod/example-vttablet-zone1-0942943782-67bcbcdb/vttablet] 	`user_throttle_ratio` float NOT NULL DEFAULT '0',
[pod/example-vttablet-zone1-0942943782-67bcbcdb/vttablet] 	`special_plan` text NOT NULL,
[pod/example-vttablet-zone1-0942943782-67bcbcdb/vttablet] 	`last_throttled_timestamp` timestamp NULL,
[pod/example-vttablet-zone1-0942943782-67bcbcdb/vttablet] 	`component_throttled` tinytext NOT NULL,
[pod/example-vttablet-zone1-0942943782-67bcbcdb/vttablet] 	`reason_throttled` text NOT NULL,
[pod/example-vttablet-zone1-0942943782-67bcbcdb/vttablet] 	`cancelled_timestamp` timestamp NULL,
[pod/example-vttablet-zone1-0942943782-67bcbcdb/vttablet] 	`postpone_launch` tinyint unsigned NOT NULL DEFAULT '0',
[pod/example-vttablet-zone1-0942943782-67bcbcdb/vttablet] 	`stage` text NOT NULL,
[pod/example-vttablet-zone1-0942943782-67bcbcdb/vttablet] 	`cutover_attempts` int unsigned NOT NULL DEFAULT '0',
[pod/example-vttablet-zone1-0942943782-67bcbcdb/vttablet] 	`is_immediate_operation` tinyint unsigned NOT NULL DEFAULT '0',
[pod/example-vttablet-zone1-0942943782-67bcbcdb/vttablet] 	`reviewed_timestamp` timestamp NULL,
[pod/example-vttablet-zone1-0942943782-67bcbcdb/vttablet] 	`ready_to_complete_timestamp` timestamp NULL,
[pod/example-vttablet-zone1-0942943782-67bcbcdb/vttablet] 	`shadow_analyzed_timestamp` timestamp NULL,
[pod/example-vttablet-zone1-0942943782-67bcbcdb/vttablet] 	`removed_foreign_key_names` text NOT NULL,
[pod/example-vttablet-zone1-0942943782-67bcbcdb/vttablet] 	`last_cutover_attempt_timestamp` timestamp NULL,
[pod/example-vttablet-zone1-0942943782-67bcbcdb/vttablet] 	`force_cutover` tinyint unsigned NOT NULL DEFAULT '0',
[pod/example-vttablet-zone1-0942943782-67bcbcdb/vttablet] 	`cutover_threshold_seconds` int unsigned NOT NULL DEFAULT '0',
[pod/example-vttablet-zone1-0942943782-67bcbcdb/vttablet] 	PRIMARY KEY (`id`),
[pod/example-vttablet-zone1-0942943782-67bcbcdb/vttablet] 	UNIQUE KEY `uuid_idx` (`migration_uuid`),
[pod/example-vttablet-zone1-0942943782-67bcbcdb/vttablet] 	KEY `keyspace_shard_idx` (`keyspace`(64), `shard`(64)),
[pod/example-vttablet-zone1-0942943782-67bcbcdb/vttablet] 	KEY `status_idx` (`migration_status`, `liveness_timestamp`),
[pod/example-vttablet-zone1-0942943782-67bcbcdb/vttablet] 	KEY `cleanup_status_idx` (`cleanup_timestamp`, `migration_status`),
[pod/example-vttablet-zone1-0942943782-67bcbcdb/vttablet] 	KEY `tablet_failure_idx` (`tablet_failure`, `migration_status`, `retries`),
[pod/example-vttablet-zone1-0942943782-67bcbcdb/vttablet] 	KEY `table_complete_idx` (`migration_status`, `keyspace`(64), `mysql_table`(64), `completed_timestamp`),
[pod/example-vttablet-zone1-0942943782-67bcbcdb/vttablet] 	KEY `migration_context_idx` (`migration_context`(64)),
[pod/example-vttablet-zone1-0942943782-67bcbcdb/vttablet] 	KEY `reverted_uuid_idx` (`reverted_uuid`)
[pod/example-vttablet-zone1-0942943782-67bcbcdb/vttablet] ) ENGINE InnoDB,
[pod/example-vttablet-zone1-0942943782-67bcbcdb/vttablet]   CHARSET utf8mb4
[pod/example-vttablet-zone1-0942943782-67bcbcdb/vttablet] I0212 18:42:52.001381       1 sidecardb.go:462] Applied DDL CREATE TABLE IF NOT EXISTS `_vt`.`schema_migrations` (
[pod/example-vttablet-zone1-0942943782-67bcbcdb/vttablet] 	`id` bigint unsigned NOT NULL AUTO_INCREMENT,
[pod/example-vttablet-zone1-0942943782-67bcbcdb/vttablet] 	`migration_uuid` varchar(64) NOT NULL,
[pod/example-vttablet-zone1-0942943782-67bcbcdb/vttablet] 	`keyspace` varchar(256) NOT NULL,
[pod/example-vttablet-zone1-0942943782-67bcbcdb/vttablet] 	`shard` varchar(255) NOT NULL,
[pod/example-vttablet-zone1-0942943782-67bcbcdb/vttablet] 	`mysql_schema` varchar(128) NOT NULL,
[pod/example-vttablet-zone1-0942943782-67bcbcdb/vttablet] 	`mysql_table` varchar(128) NOT NULL,
[pod/example-vttablet-zone1-0942943782-67bcbcdb/vttablet] 	`migration_statement` text NOT NULL,
[pod/example-vttablet-zone1-0942943782-67bcbcdb/vttablet] 	`strategy` varchar(128) NOT NULL,
[pod/example-vttablet-zone1-0942943782-67bcbcdb/vttablet] 	`options` varchar(8192) NOT NULL,
[pod/example-vttablet-zone1-0942943782-67bcbcdb/vttablet] 	`added_timestamp` timestamp NOT NULL DEFAULT current_timestamp(),
[pod/example-vttablet-zone1-0942943782-67bcbcdb/vttablet] 	`requested_timestamp` timestamp NOT NULL DEFAULT current_timestamp(),
[pod/example-vttablet-zone1-0942943782-67bcbcdb/vttablet] 	`ready_timestamp` timestamp NULL,
[pod/example-vttablet-zone1-0942943782-67bcbcdb/vttablet] 	`started_timestamp` timestamp NULL,
[pod/example-vttablet-zone1-0942943782-67bcbcdb/vttablet] 	`liveness_timestamp` timestamp NULL,
[pod/example-vttablet-zone1-0942943782-67bcbcdb/vttablet] 	`completed_timestamp` timestamp(6) NULL,
[pod/example-vttablet-zone1-0942943782-67bcbcdb/vttablet] 	`cleanup_timestamp` timestamp NULL,
[pod/example-vttablet-zone1-0942943782-67bcbcdb/vttablet] 	`migration_status` varchar(128) NOT NULL,
[pod/example-vttablet-zone1-0942943782-67bcbcdb/vttablet] 	`log_path` varchar(1024) NOT NULL,
[pod/example-vttablet-zone1-0942943782-67bcbcdb/vttablet] 	`artifacts` text NOT NULL,
[pod/example-vttablet-zone1-0942943782-67bcbcdb/vttablet] 	`retries` int unsigned NOT NULL DEFAULT '0',
[pod/example-vttablet-zone1-0942943782-67bcbcdb/vttablet] 	`tablet` varchar(128) NOT NULL DEFAULT '',
[pod/example-vttablet-zone1-0942943782-67bcbcdb/vttablet] 	`tablet_failure` tinyint unsigned NOT NULL DEFAULT '0',
[pod/example-vttablet-zone1-0942943782-67bcbcdb/vttablet] 	`progress` float NOT NULL DEFAULT '0',
[pod/example-vttablet-zone1-0942943782-67bcbcdb/vttablet] 	`migration_context` varchar(1024) NOT NULL DEFAULT '',
[pod/example-vttablet-zone1-0942943782-67bcbcdb/vttablet] 	`ddl_action` varchar(16) NOT NULL DEFAULT '',
[pod/example-vttablet-zone1-0942943782-67bcbcdb/vttablet] 	`message` text NOT NULL,
[pod/example-vttablet-zone1-0942943782-67bcbcdb/vttablet] 	`message_timestamp` timestamp(6) NULL,
[pod/example-vttablet-zone1-0942943782-67bcbcdb/vttablet] 	`eta_seconds` bigint NOT NULL DEFAULT '-1',
[pod/example-vttablet-zone1-0942943782-67bcbcdb/vttablet] 	`rows_copied` bigint unsigned NOT NULL DEFAULT '0',
[pod/example-vttablet-zone1-0942943782-67bcbcdb/vttablet] 	`vreplication_lag_seconds` bigint unsigned NOT NULL DEFAULT '0',
[pod/example-vttablet-zone1-0942943782-67bcbcdb/vttablet] 	`table_rows` bigint NOT NULL DEFAULT '0',
[pod/example-vttablet-zone1-0942943782-67bcbcdb/vttablet] 	`added_unique_keys` int unsigned NOT NULL DEFAULT '0',
[pod/example-vttablet-zone1-0942943782-67bcbcdb/vttablet] 	`removed_unique_keys` int unsigned NOT NULL DEFAULT '0',
[pod/example-vttablet-zone1-0942943782-67bcbcdb/vttablet] 	`log_file` varchar(1024) NOT NULL DEFAULT '',
[pod/example-vttablet-zone1-0942943782-67bcbcdb/vttablet] 	`retain_artifacts_seconds` bigint NOT NULL DEFAULT '0',
[pod/example-vttablet-zone1-0942943782-67bcbcdb/vttablet] 	`postpone_completion` tinyint unsigned NOT NULL DEFAULT '0',
[pod/example-vttablet-zone1-0942943782-67bcbcdb/vttablet] 	`removed_unique_key_names` text NOT NULL,
[pod/example-vttablet-zone1-0942943782-67bcbcdb/vttablet] 	`dropped_no_default_column_names` text NOT NULL,
[pod/example-vttablet-zone1-0942943782-67bcbcdb/vttablet] 	`expanded_column_names` text NOT NULL,
[pod/example-vttablet-zone1-0942943782-67bcbcdb/vttablet] 	`revertible_notes` text NOT NULL,
[pod/example-vttablet-zone1-0942943782-67bcbcdb/vttablet] 	`allow_concurrent` tinyint unsigned NOT NULL DEFAULT '0',
[pod/example-vttablet-zone1-0942943782-67bcbcdb/vttablet] 	`reverted_uuid` varchar(64) NOT NULL DEFAULT '',
[pod/example-vttablet-zone1-0942943782-67bcbcdb/vttablet] 	`is_view` tinyint unsigned NOT NULL DEFAULT '0',
[pod/example-vttablet-zone1-0942943782-67bcbcdb/vttablet] 	`ready_to_complete` tinyint unsigned NOT NULL DEFAULT '0',
[pod/example-vttablet-zone1-0942943782-67bcbcdb/vttablet] 	`vitess_liveness_indicator` bigint NOT NULL DEFAULT '0',
[pod/example-vttablet-zone1-0942943782-67bcbcdb/vttablet] 	`user_throttle_ratio` float NOT NULL DEFAULT '0',
[pod/example-vttablet-zone1-0942943782-67bcbcdb/vttablet] 	`special_plan` text NOT NULL,
[pod/example-vttablet-zone1-0942943782-67bcbcdb/vttablet] 	`last_throttled_timestamp` timestamp NULL,
[pod/example-vttablet-zone1-0942943782-67bcbcdb/vttablet] 	`component_throttled` tinytext NOT NULL,
[pod/example-vttablet-zone1-0942943782-67bcbcdb/vttablet] 	`reason_throttled` text NOT NULL,
[pod/example-vttablet-zone1-0942943782-67bcbcdb/vttablet] 	`cancelled_timestamp` timestamp NULL,
[pod/example-vttablet-zone1-0942943782-67bcbcdb/vttablet] 	`postpone_launch` tinyint unsigned NOT NULL DEFAULT '0',
[pod/example-vttablet-zone1-0942943782-67bcbcdb/vttablet] 	`stage` text NOT NULL,
[pod/example-vttablet-zone1-0942943782-67bcbcdb/vttablet] 	`cutover_attempts` int unsigned NOT NULL DEFAULT '0',
[pod/example-vttablet-zone1-0942943782-67bcbcdb/vttablet] 	`is_immediate_operation` tinyint unsigned NOT NULL DEFAULT '0',
[pod/example-vttablet-zone1-0942943782-67bcbcdb/vttablet] 	`reviewed_timestamp` timestamp NULL,
[pod/example-vttablet-zone1-0942943782-67bcbcdb/vttablet] 	`ready_to_complete_timestamp` timestamp NULL,
[pod/example-vttablet-zone1-0942943782-67bcbcdb/vttablet] 	`shadow_analyzed_timestamp` timestamp NULL,
[pod/example-vttablet-zone1-0942943782-67bcbcdb/vttablet] 	`removed_foreign_key_names` text NOT NULL,
[pod/example-vttablet-zone1-0942943782-67bcbcdb/vttablet] 	`last_cutover_attempt_timestamp` timestamp NULL,
[pod/example-vttablet-zone1-0942943782-67bcbcdb/vttablet] 	`force_cutover` tinyint unsigned NOT NULL DEFAULT '0',
[pod/example-vttablet-zone1-0942943782-67bcbcdb/vttablet] 	`cutover_threshold_seconds` int unsigned NOT NULL DEFAULT '0',
[pod/example-vttablet-zone1-0942943782-67bcbcdb/vttablet] 	PRIMARY KEY (`id`),
[pod/example-vttablet-zone1-0942943782-67bcbcdb/vttablet] 	UNIQUE KEY `uuid_idx` (`migration_uuid`),
[pod/example-vttablet-zone1-0942943782-67bcbcdb/vttablet] 	KEY `keyspace_shard_idx` (`keyspace`(64), `shard`(64)),
[pod/example-vttablet-zone1-0942943782-67bcbcdb/vttablet] 	KEY `status_idx` (`migration_status`, `liveness_timestamp`),
[pod/example-vttablet-zone1-0942943782-67bcbcdb/vttablet] 	KEY `cleanup_status_idx` (`cleanup_timestamp`, `migration_status`),
[pod/example-vttablet-zone1-0942943782-67bcbcdb/vttablet] 	KEY `tablet_failure_idx` (`tablet_failure`, `migration_status`, `retries`),
[pod/example-vttablet-zone1-0942943782-67bcbcdb/vttablet] 	KEY `table_complete_idx` (`migration_status`, `keyspace`(64), `mysql_table`(64), `completed_timestamp`),
[pod/example-vttablet-zone1-0942943782-67bcbcdb/vttablet] 	KEY `migration_context_idx` (`migration_context`(64)),
[pod/example-vttablet-zone1-0942943782-67bcbcdb/vttablet] 	KEY `reverted_uuid_idx` (`reverted_uuid`)
[pod/example-vttablet-zone1-0942943782-67bcbcdb/vttablet] ) ENGINE InnoDB,
[pod/example-vttablet-zone1-0942943782-67bcbcdb/vttablet]   CHARSET utf8mb4 for table _vt.schema_migrations (onlineddl) during sidecar database initialization
[pod/example-vttablet-zone1-0942943782-67bcbcdb/vttablet] I0212 18:42:52.002132       1 sidecardb.go:415] Applying DDL for table tables:
[pod/example-vttablet-zone1-0942943782-67bcbcdb/vttablet] CREATE TABLE IF NOT EXISTS `_vt`.`tables` (
[pod/example-vttablet-zone1-0942943782-67bcbcdb/vttablet] 	`TABLE_SCHEMA` varchar(64) CHARACTER SET utf8mb3 COLLATE utf8mb3_bin NOT NULL,
[pod/example-vttablet-zone1-0942943782-67bcbcdb/vttablet] 	`TABLE_NAME` varchar(64) CHARACTER SET utf8mb3 COLLATE utf8mb3_bin NOT NULL,
[pod/example-vttablet-zone1-0942943782-67bcbcdb/vttablet] 	`CREATE_STATEMENT` longtext,
[pod/example-vttablet-zone1-0942943782-67bcbcdb/vttablet] 	`CREATE_TIME` bigint,
[pod/example-vttablet-zone1-0942943782-67bcbcdb/vttablet] 	PRIMARY KEY (`TABLE_SCHEMA`, `TABLE_NAME`)
[pod/example-vttablet-zone1-0942943782-67bcbcdb/vttablet] ) ENGINE InnoDB,
[pod/example-vttablet-zone1-0942943782-67bcbcdb/vttablet]   CHARSET utf8mb4
[pod/example-vttablet-zone1-0942943782-67bcbcdb/vttablet] I0212 18:42:52.038574       1 sidecardb.go:462] Applied DDL CREATE TABLE IF NOT EXISTS `_vt`.`tables` (
[pod/example-vttablet-zone1-0942943782-67bcbcdb/vttablet] 	`TABLE_SCHEMA` varchar(64) CHARACTER SET utf8mb3 COLLATE utf8mb3_bin NOT NULL,
[pod/example-vttablet-zone1-0942943782-67bcbcdb/vttablet] 	`TABLE_NAME` varchar(64) CHARACTER SET utf8mb3 COLLATE utf8mb3_bin NOT NULL,
[pod/example-vttablet-zone1-0942943782-67bcbcdb/vttablet] 	`CREATE_STATEMENT` longtext,
[pod/example-vttablet-zone1-0942943782-67bcbcdb/vttablet] 	`CREATE_TIME` bigint,
[pod/example-vttablet-zone1-0942943782-67bcbcdb/vttablet] 	PRIMARY KEY (`TABLE_SCHEMA`, `TABLE_NAME`)
[pod/example-vttablet-zone1-0942943782-67bcbcdb/vttablet] ) ENGINE InnoDB,
[pod/example-vttablet-zone1-0942943782-67bcbcdb/vttablet]   CHARSET utf8mb4 for table _vt.`tables` (schemaengine) during sidecar database initialization
[pod/example-vttablet-zone1-0942943782-67bcbcdb/vttablet] I0212 18:42:52.039046       1 sidecardb.go:415] Applying DDL for table udfs:
[pod/example-vttablet-zone1-0942943782-67bcbcdb/vttablet] CREATE TABLE IF NOT EXISTS `_vt`.`udfs` (
[pod/example-vttablet-zone1-0942943782-67bcbcdb/vttablet] 	`FUNCTION_NAME` varchar(128) CHARACTER SET utf8mb3 COLLATE utf8mb3_bin NOT NULL,
[pod/example-vttablet-zone1-0942943782-67bcbcdb/vttablet] 	`FUNCTION_RETURN_TYPE` varchar(20) CHARACTER SET utf8mb3 COLLATE utf8mb3_bin NOT NULL,
[pod/example-vttablet-zone1-0942943782-67bcbcdb/vttablet] 	`FUNCTION_TYPE` varchar(20) CHARACTER SET utf8mb3 COLLATE utf8mb3_bin NOT NULL,
[pod/example-vttablet-zone1-0942943782-67bcbcdb/vttablet] 	PRIMARY KEY (`FUNCTION_NAME`)
[pod/example-vttablet-zone1-0942943782-67bcbcdb/vttablet] ) ENGINE InnoDB,
[pod/example-vttablet-zone1-0942943782-67bcbcdb/vttablet]   CHARSET utf8mb4
[pod/example-vttablet-zone1-0942943782-67bcbcdb/vttablet] I0212 18:42:52.067926       1 sidecardb.go:462] Applied DDL CREATE TABLE IF NOT EXISTS `_vt`.`udfs` (
[pod/example-vttablet-zone1-0942943782-67bcbcdb/vttablet] 	`FUNCTION_NAME` varchar(128) CHARACTER SET utf8mb3 COLLATE utf8mb3_bin NOT NULL,
[pod/example-vttablet-zone1-0942943782-67bcbcdb/vttablet] 	`FUNCTION_RETURN_TYPE` varchar(20) CHARACTER SET utf8mb3 COLLATE utf8mb3_bin NOT NULL,
[pod/example-vttablet-zone1-0942943782-67bcbcdb/vttablet] 	`FUNCTION_TYPE` varchar(20) CHARACTER SET utf8mb3 COLLATE utf8mb3_bin NOT NULL,
[pod/example-vttablet-zone1-0942943782-67bcbcdb/vttablet] 	PRIMARY KEY (`FUNCTION_NAME`)
[pod/example-vttablet-zone1-0942943782-67bcbcdb/vttablet] ) ENGINE InnoDB,
[pod/example-vttablet-zone1-0942943782-67bcbcdb/vttablet]   CHARSET utf8mb4 for table _vt.udfs (schemaengine) during sidecar database initialization
[pod/example-vttablet-zone1-0942943782-67bcbcdb/vttablet] I0212 18:42:52.068480       1 sidecardb.go:415] Applying DDL for table views:
[pod/example-vttablet-zone1-0942943782-67bcbcdb/vttablet] CREATE TABLE IF NOT EXISTS `_vt`.`views` (
[pod/example-vttablet-zone1-0942943782-67bcbcdb/vttablet] 	`TABLE_SCHEMA` varchar(64) CHARACTER SET utf8mb3 COLLATE utf8mb3_bin NOT NULL,
[pod/example-vttablet-zone1-0942943782-67bcbcdb/vttablet] 	`TABLE_NAME` varchar(64) CHARACTER SET utf8mb3 COLLATE utf8mb3_bin NOT NULL,
[pod/example-vttablet-zone1-0942943782-67bcbcdb/vttablet] 	`CREATE_STATEMENT` longtext,
[pod/example-vttablet-zone1-0942943782-67bcbcdb/vttablet] 	`VIEW_DEFINITION` longtext NOT NULL,
[pod/example-vttablet-zone1-0942943782-67bcbcdb/vttablet] 	PRIMARY KEY (`TABLE_SCHEMA`, `TABLE_NAME`)
[pod/example-vttablet-zone1-0942943782-67bcbcdb/vttablet] ) ENGINE InnoDB,
[pod/example-vttablet-zone1-0942943782-67bcbcdb/vttablet]   CHARSET utf8mb4
[pod/example-vttablet-zone1-0942943782-67bcbcdb/vttablet] I0212 18:42:52.095905       1 sidecardb.go:462] Applied DDL CREATE TABLE IF NOT EXISTS `_vt`.`views` (
[pod/example-vttablet-zone1-0942943782-67bcbcdb/vttablet] 	`TABLE_SCHEMA` varchar(64) CHARACTER SET utf8mb3 COLLATE utf8mb3_bin NOT NULL,
[pod/example-vttablet-zone1-0942943782-67bcbcdb/vttablet] 	`TABLE_NAME` varchar(64) CHARACTER SET utf8mb3 COLLATE utf8mb3_bin NOT NULL,
[pod/example-vttablet-zone1-0942943782-67bcbcdb/vttablet] 	`CREATE_STATEMENT` longtext,
[pod/example-vttablet-zone1-0942943782-67bcbcdb/vttablet] 	`VIEW_DEFINITION` longtext NOT NULL,
[pod/example-vttablet-zone1-0942943782-67bcbcdb/vttablet] 	PRIMARY KEY (`TABLE_SCHEMA`, `TABLE_NAME`)
[pod/example-vttablet-zone1-0942943782-67bcbcdb/vttablet] ) ENGINE InnoDB,
[pod/example-vttablet-zone1-0942943782-67bcbcdb/vttablet]   CHARSET utf8mb4 for table _vt.views (schemaengine) during sidecar database initialization
[pod/example-vttablet-zone1-0942943782-67bcbcdb/vttablet] I0212 18:42:52.096581       1 sidecardb.go:415] Applying DDL for table dt_participant:
[pod/example-vttablet-zone1-0942943782-67bcbcdb/vttablet] CREATE TABLE IF NOT EXISTS `_vt`.`dt_participant` (
[pod/example-vttablet-zone1-0942943782-67bcbcdb/vttablet] 	`dtid` varbinary(512) NOT NULL,
[pod/example-vttablet-zone1-0942943782-67bcbcdb/vttablet] 	`id` bigint NOT NULL,
[pod/example-vttablet-zone1-0942943782-67bcbcdb/vttablet] 	`keyspace` varchar(256) NOT NULL,
[pod/example-vttablet-zone1-0942943782-67bcbcdb/vttablet] 	`shard` varchar(256) NOT NULL,
[pod/example-vttablet-zone1-0942943782-67bcbcdb/vttablet] 	PRIMARY KEY (`dtid`, `id`)
[pod/example-vttablet-zone1-0942943782-67bcbcdb/vttablet] ) ENGINE InnoDB,
[pod/example-vttablet-zone1-0942943782-67bcbcdb/vttablet]   CHARSET utf8mb4
[pod/example-vttablet-zone1-0942943782-67bcbcdb/vttablet] I0212 18:42:52.129339       1 sidecardb.go:462] Applied DDL CREATE TABLE IF NOT EXISTS `_vt`.`dt_participant` (
[pod/example-vttablet-zone1-0942943782-67bcbcdb/vttablet] 	`dtid` varbinary(512) NOT NULL,
[pod/example-vttablet-zone1-0942943782-67bcbcdb/vttablet] 	`id` bigint NOT NULL,
[pod/example-vttablet-zone1-0942943782-67bcbcdb/vttablet] 	`keyspace` varchar(256) NOT NULL,
[pod/example-vttablet-zone1-0942943782-67bcbcdb/vttablet] 	`shard` varchar(256) NOT NULL,
[pod/example-vttablet-zone1-0942943782-67bcbcdb/vttablet] 	PRIMARY KEY (`dtid`, `id`)
[pod/example-vttablet-zone1-0942943782-67bcbcdb/vttablet] ) ENGINE InnoDB,
[pod/example-vttablet-zone1-0942943782-67bcbcdb/vttablet]   CHARSET utf8mb4 for table _vt.dt_participant (twopc) during sidecar database initialization
[pod/example-vttablet-zone1-0942943782-67bcbcdb/vttablet] I0212 18:42:52.129819       1 sidecardb.go:415] Applying DDL for table dt_state:
[pod/example-vttablet-zone1-0942943782-67bcbcdb/vttablet] CREATE TABLE IF NOT EXISTS `_vt`.`dt_state` (
[pod/example-vttablet-zone1-0942943782-67bcbcdb/vttablet] 	`dtid` varbinary(512) NOT NULL,
[pod/example-vttablet-zone1-0942943782-67bcbcdb/vttablet] 	`state` bigint NOT NULL,
[pod/example-vttablet-zone1-0942943782-67bcbcdb/vttablet] 	`time_created` bigint NOT NULL,
[pod/example-vttablet-zone1-0942943782-67bcbcdb/vttablet] 	PRIMARY KEY (`dtid`),
[pod/example-vttablet-zone1-0942943782-67bcbcdb/vttablet] 	KEY `time_created` (`time_created`)
[pod/example-vttablet-zone1-0942943782-67bcbcdb/vttablet] ) ENGINE InnoDB,
[pod/example-vttablet-zone1-0942943782-67bcbcdb/vttablet]   CHARSET utf8mb4
[pod/example-vttablet-zone1-0942943782-67bcbcdb/vttablet] I0212 18:42:52.161281       1 sidecardb.go:462] Applied DDL CREATE TABLE IF NOT EXISTS `_vt`.`dt_state` (
[pod/example-vttablet-zone1-0942943782-67bcbcdb/vttablet] 	`dtid` varbinary(512) NOT NULL,
[pod/example-vttablet-zone1-0942943782-67bcbcdb/vttablet] 	`state` bigint NOT NULL,
[pod/example-vttablet-zone1-0942943782-67bcbcdb/vttablet] 	`time_created` bigint NOT NULL,
[pod/example-vttablet-zone1-0942943782-67bcbcdb/vttablet] 	PRIMARY KEY (`dtid`),
[pod/example-vttablet-zone1-0942943782-67bcbcdb/vttablet] 	KEY `time_created` (`time_created`)
[pod/example-vttablet-zone1-0942943782-67bcbcdb/vttablet] ) ENGINE InnoDB,
[pod/example-vttablet-zone1-0942943782-67bcbcdb/vttablet]   CHARSET utf8mb4 for table _vt.dt_state (twopc) during sidecar database initialization
[pod/example-vttablet-zone1-0942943782-67bcbcdb/vttablet] I0212 18:42:52.161734       1 sidecardb.go:415] Applying DDL for table redo_state:
[pod/example-vttablet-zone1-0942943782-67bcbcdb/vttablet] CREATE TABLE IF NOT EXISTS `_vt`.`redo_state` (
[pod/example-vttablet-zone1-0942943782-67bcbcdb/vttablet] 	`dtid` varbinary(512) NOT NULL,
[pod/example-vttablet-zone1-0942943782-67bcbcdb/vttablet] 	`state` bigint NOT NULL,
[pod/example-vttablet-zone1-0942943782-67bcbcdb/vttablet] 	`time_created` bigint NOT NULL,
[pod/example-vttablet-zone1-0942943782-67bcbcdb/vttablet] 	`message` text,
[pod/example-vttablet-zone1-0942943782-67bcbcdb/vttablet] 	PRIMARY KEY (`dtid`)
[pod/example-vttablet-zone1-0942943782-67bcbcdb/vttablet] ) ENGINE InnoDB,
[pod/example-vttablet-zone1-0942943782-67bcbcdb/vttablet]   CHARSET utf8mb4
[pod/example-vttablet-zone1-0942943782-67bcbcdb/vttablet] I0212 18:42:52.188641       1 sidecardb.go:462] Applied DDL CREATE TABLE IF NOT EXISTS `_vt`.`redo_state` (
[pod/example-vttablet-zone1-0942943782-67bcbcdb/vttablet] 	`dtid` varbinary(512) NOT NULL,
[pod/example-vttablet-zone1-0942943782-67bcbcdb/vttablet] 	`state` bigint NOT NULL,
[pod/example-vttablet-zone1-0942943782-67bcbcdb/vttablet] 	`time_created` bigint NOT NULL,
[pod/example-vttablet-zone1-0942943782-67bcbcdb/vttablet] 	`message` text,
[pod/example-vttablet-zone1-0942943782-67bcbcdb/vttablet] 	PRIMARY KEY (`dtid`)
[pod/example-vttablet-zone1-0942943782-67bcbcdb/vttablet] ) ENGINE InnoDB,
[pod/example-vttablet-zone1-0942943782-67bcbcdb/vttablet]   CHARSET utf8mb4 for table _vt.redo_state (twopc) during sidecar database initialization
[pod/example-vttablet-zone1-0942943782-67bcbcdb/vttablet] I0212 18:42:52.189093       1 sidecardb.go:415] Applying DDL for table redo_statement:
[pod/example-vttablet-zone1-0942943782-67bcbcdb/vttablet] CREATE TABLE IF NOT EXISTS `_vt`.`redo_statement` (
[pod/example-vttablet-zone1-0942943782-67bcbcdb/vttablet] 	`dtid` varbinary(512) NOT NULL,
[pod/example-vttablet-zone1-0942943782-67bcbcdb/vttablet] 	`id` bigint NOT NULL,
[pod/example-vttablet-zone1-0942943782-67bcbcdb/vttablet] 	`statement` mediumblob NOT NULL,
[pod/example-vttablet-zone1-0942943782-67bcbcdb/vttablet] 	PRIMARY KEY (`dtid`, `id`)
[pod/example-vttablet-zone1-0942943782-67bcbcdb/vttablet] ) ENGINE InnoDB,
[pod/example-vttablet-zone1-0942943782-67bcbcdb/vttablet]   CHARSET utf8mb4
[pod/example-vttablet-zone1-0942943782-67bcbcdb/vttablet] I0212 18:42:52.216700       1 sidecardb.go:462] Applied DDL CREATE TABLE IF NOT EXISTS `_vt`.`redo_statement` (
[pod/example-vttablet-zone1-0942943782-67bcbcdb/vttablet] 	`dtid` varbinary(512) NOT NULL,
[pod/example-vttablet-zone1-0942943782-67bcbcdb/vttablet] 	`id` bigint NOT NULL,
[pod/example-vttablet-zone1-0942943782-67bcbcdb/vttablet] 	`statement` mediumblob NOT NULL,
[pod/example-vttablet-zone1-0942943782-67bcbcdb/vttablet] 	PRIMARY KEY (`dtid`, `id`)
[pod/example-vttablet-zone1-0942943782-67bcbcdb/vttablet] ) ENGINE InnoDB,
[pod/example-vttablet-zone1-0942943782-67bcbcdb/vttablet]   CHARSET utf8mb4 for table _vt.redo_statement (twopc) during sidecar database initialization
[pod/example-vttablet-zone1-0942943782-67bcbcdb/vttablet] I0212 18:42:52.217199       1 sidecardb.go:415] Applying DDL for table vdiff:
[pod/example-vttablet-zone1-0942943782-67bcbcdb/vttablet] CREATE TABLE IF NOT EXISTS `_vt`.`vdiff` (
[pod/example-vttablet-zone1-0942943782-67bcbcdb/vttablet] 	`id` bigint NOT NULL AUTO_INCREMENT,
[pod/example-vttablet-zone1-0942943782-67bcbcdb/vttablet] 	`vdiff_uuid` varchar(64) NOT NULL,
[pod/example-vttablet-zone1-0942943782-67bcbcdb/vttablet] 	`workflow` varbinary(1024),
[pod/example-vttablet-zone1-0942943782-67bcbcdb/vttablet] 	`keyspace` varbinary(256),
[pod/example-vttablet-zone1-0942943782-67bcbcdb/vttablet] 	`shard` varchar(255) NOT NULL,
[pod/example-vttablet-zone1-0942943782-67bcbcdb/vttablet] 	`db_name` varbinary(1024),
[pod/example-vttablet-zone1-0942943782-67bcbcdb/vttablet] 	`state` varbinary(64),
[pod/example-vttablet-zone1-0942943782-67bcbcdb/vttablet] 	`options` json,
[pod/example-vttablet-zone1-0942943782-67bcbcdb/vttablet] 	`created_at` timestamp NOT NULL DEFAULT current_timestamp(),
[pod/example-vttablet-zone1-0942943782-67bcbcdb/vttablet] 	`started_at` timestamp NULL,
[pod/example-vttablet-zone1-0942943782-67bcbcdb/vttablet] 	`liveness_timestamp` timestamp NULL,
[pod/example-vttablet-zone1-0942943782-67bcbcdb/vttablet] 	`completed_at` timestamp NULL,
[pod/example-vttablet-zone1-0942943782-67bcbcdb/vttablet] 	`last_error` varbinary(1024),
[pod/example-vttablet-zone1-0942943782-67bcbcdb/vttablet] 	PRIMARY KEY (`id`),
[pod/example-vttablet-zone1-0942943782-67bcbcdb/vttablet] 	UNIQUE KEY `uuid_idx` (`vdiff_uuid`),
[pod/example-vttablet-zone1-0942943782-67bcbcdb/vttablet] 	KEY `state` (`state`),
[pod/example-vttablet-zone1-0942943782-67bcbcdb/vttablet] 	KEY `ks_wf_idx` (`keyspace`(64), `workflow`(64))
[pod/example-vttablet-zone1-0942943782-67bcbcdb/vttablet] ) ENGINE InnoDB,
[pod/example-vttablet-zone1-0942943782-67bcbcdb/vttablet]   CHARSET utf8mb4
[pod/example-vttablet-zone1-0942943782-67bcbcdb/vttablet] I0212 18:42:52.268397       1 sidecardb.go:462] Applied DDL CREATE TABLE IF NOT EXISTS `_vt`.`vdiff` (
[pod/example-vttablet-zone1-0942943782-67bcbcdb/vttablet] 	`id` bigint NOT NULL AUTO_INCREMENT,
[pod/example-vttablet-zone1-0942943782-67bcbcdb/vttablet] 	`vdiff_uuid` varchar(64) NOT NULL,
[pod/example-vttablet-zone1-0942943782-67bcbcdb/vttablet] 	`workflow` varbinary(1024),
[pod/example-vttablet-zone1-0942943782-67bcbcdb/vttablet] 	`keyspace` varbinary(256),
[pod/example-vttablet-zone1-0942943782-67bcbcdb/vttablet] 	`shard` varchar(255) NOT NULL,
[pod/example-vttablet-zone1-0942943782-67bcbcdb/vttablet] 	`db_name` varbinary(1024),
[pod/example-vttablet-zone1-0942943782-67bcbcdb/vttablet] 	`state` varbinary(64),
[pod/example-vttablet-zone1-0942943782-67bcbcdb/vttablet] 	`options` json,
[pod/example-vttablet-zone1-0942943782-67bcbcdb/vttablet] 	`created_at` timestamp NOT NULL DEFAULT current_timestamp(),
[pod/example-vttablet-zone1-0942943782-67bcbcdb/vttablet] 	`started_at` timestamp NULL,
[pod/example-vttablet-zone1-0942943782-67bcbcdb/vttablet] 	`liveness_timestamp` timestamp NULL,
[pod/example-vttablet-zone1-0942943782-67bcbcdb/vttablet] 	`completed_at` timestamp NULL,
[pod/example-vttablet-zone1-0942943782-67bcbcdb/vttablet] 	`last_error` varbinary(1024),
[pod/example-vttablet-zone1-0942943782-67bcbcdb/vttablet] 	PRIMARY KEY (`id`),
[pod/example-vttablet-zone1-0942943782-67bcbcdb/vttablet] 	UNIQUE KEY `uuid_idx` (`vdiff_uuid`),
[pod/example-vttablet-zone1-0942943782-67bcbcdb/vttablet] 	KEY `state` (`state`),
[pod/example-vttablet-zone1-0942943782-67bcbcdb/vttablet] 	KEY `ks_wf_idx` (`keyspace`(64), `workflow`(64))
[pod/example-vttablet-zone1-0942943782-67bcbcdb/vttablet] ) ENGINE InnoDB,
[pod/example-vttablet-zone1-0942943782-67bcbcdb/vttablet]   CHARSET utf8mb4 for table _vt.vdiff (vdiff) during sidecar database initialization
[pod/example-vttablet-zone1-0942943782-67bcbcdb/vttablet] I0212 18:42:52.269085       1 sidecardb.go:415] Applying DDL for table vdiff_log:
[pod/example-vttablet-zone1-0942943782-67bcbcdb/vttablet] CREATE TABLE IF NOT EXISTS `_vt`.`vdiff_log` (
[pod/example-vttablet-zone1-0942943782-67bcbcdb/vttablet] 	`id` bigint NOT NULL AUTO_INCREMENT,
[pod/example-vttablet-zone1-0942943782-67bcbcdb/vttablet] 	`vdiff_id` bigint NOT NULL,
[pod/example-vttablet-zone1-0942943782-67bcbcdb/vttablet] 	`created_at` timestamp NOT NULL DEFAULT current_timestamp(),
[pod/example-vttablet-zone1-0942943782-67bcbcdb/vttablet] 	`message` text NOT NULL,
[pod/example-vttablet-zone1-0942943782-67bcbcdb/vttablet] 	PRIMARY KEY (`id`),
[pod/example-vttablet-zone1-0942943782-67bcbcdb/vttablet] 	KEY `vdiff_id_idx` (`vdiff_id`)
[pod/example-vttablet-zone1-0942943782-67bcbcdb/vttablet] ) ENGINE InnoDB,
[pod/example-vttablet-zone1-0942943782-67bcbcdb/vttablet]   CHARSET utf8mb4
[pod/example-vttablet-zone1-0942943782-67bcbcdb/vttablet] I0212 18:42:52.330938       1 sidecardb.go:462] Applied DDL CREATE TABLE IF NOT EXISTS `_vt`.`vdiff_log` (
[pod/example-vttablet-zone1-0942943782-67bcbcdb/vttablet] 	`id` bigint NOT NULL AUTO_INCREMENT,
[pod/example-vttablet-zone1-0942943782-67bcbcdb/vttablet] 	`vdiff_id` bigint NOT NULL,
[pod/example-vttablet-zone1-0942943782-67bcbcdb/vttablet] 	`created_at` timestamp NOT NULL DEFAULT current_timestamp(),
[pod/example-vttablet-zone1-0942943782-67bcbcdb/vttablet] 	`message` text NOT NULL,
[pod/example-vttablet-zone1-0942943782-67bcbcdb/vttablet] 	PRIMARY KEY (`id`),
[pod/example-vttablet-zone1-0942943782-67bcbcdb/vttablet] 	KEY `vdiff_id_idx` (`vdiff_id`)
[pod/example-vttablet-zone1-0942943782-67bcbcdb/vttablet] ) ENGINE InnoDB,
[pod/example-vttablet-zone1-0942943782-67bcbcdb/vttablet]   CHARSET utf8mb4 for table _vt.vdiff_log (vdiff) during sidecar database initialization
[pod/example-vttablet-zone1-0942943782-67bcbcdb/vttablet] I0212 18:42:52.331471       1 sidecardb.go:415] Applying DDL for table vdiff_table:
[pod/example-vttablet-zone1-0942943782-67bcbcdb/vttablet] CREATE TABLE IF NOT EXISTS `_vt`.`vdiff_table` (
[pod/example-vttablet-zone1-0942943782-67bcbcdb/vttablet] 	`vdiff_id` bigint NOT NULL,
[pod/example-vttablet-zone1-0942943782-67bcbcdb/vttablet] 	`table_name` varbinary(128) NOT NULL,
[pod/example-vttablet-zone1-0942943782-67bcbcdb/vttablet] 	`state` varbinary(64),
[pod/example-vttablet-zone1-0942943782-67bcbcdb/vttablet] 	`lastpk` varbinary(2000),
[pod/example-vttablet-zone1-0942943782-67bcbcdb/vttablet] 	`table_rows` bigint NOT NULL DEFAULT '0',
[pod/example-vttablet-zone1-0942943782-67bcbcdb/vttablet] 	`rows_compared` bigint NOT NULL DEFAULT '0',
[pod/example-vttablet-zone1-0942943782-67bcbcdb/vttablet] 	`mismatch` tinyint(1) NOT NULL DEFAULT '0',
[pod/example-vttablet-zone1-0942943782-67bcbcdb/vttablet] 	`report` json,
[pod/example-vttablet-zone1-0942943782-67bcbcdb/vttablet] 	`created_at` timestamp NOT NULL DEFAULT current_timestamp(),
[pod/example-vttablet-zone1-0942943782-67bcbcdb/vttablet] 	`updated_at` timestamp NOT NULL DEFAULT current_timestamp() ON UPDATE current_timestamp(),
[pod/example-vttablet-zone1-0942943782-67bcbcdb/vttablet] 	PRIMARY KEY (`vdiff_id`, `table_name`)
[pod/example-vttablet-zone1-0942943782-67bcbcdb/vttablet] ) ENGINE InnoDB,
[pod/example-vttablet-zone1-0942943782-67bcbcdb/vttablet]   CHARSET utf8mb4
[pod/example-vttablet-zone1-0942943782-67bcbcdb/vttablet] I0212 18:42:52.351836       1 sidecardb.go:462] Applied DDL CREATE TABLE IF NOT EXISTS `_vt`.`vdiff_table` (
[pod/example-vttablet-zone1-0942943782-67bcbcdb/vttablet] 	`vdiff_id` bigint NOT NULL,
[pod/example-vttablet-zone1-0942943782-67bcbcdb/vttablet] 	`table_name` varbinary(128) NOT NULL,
[pod/example-vttablet-zone1-0942943782-67bcbcdb/vttablet] 	`state` varbinary(64),
[pod/example-vttablet-zone1-0942943782-67bcbcdb/vttablet] 	`lastpk` varbinary(2000),
[pod/example-vttablet-zone1-0942943782-67bcbcdb/vttablet] 	`table_rows` bigint NOT NULL DEFAULT '0',
[pod/example-vttablet-zone1-0942943782-67bcbcdb/vttablet] 	`rows_compared` bigint NOT NULL DEFAULT '0',
[pod/example-vttablet-zone1-0942943782-67bcbcdb/vttablet] 	`mismatch` tinyint(1) NOT NULL DEFAULT '0',
[pod/example-vttablet-zone1-0942943782-67bcbcdb/vttablet] 	`report` json,
[pod/example-vttablet-zone1-0942943782-67bcbcdb/vttablet] 	`created_at` timestamp NOT NULL DEFAULT current_timestamp(),
[pod/example-vttablet-zone1-0942943782-67bcbcdb/vttablet] 	`updated_at` timestamp NOT NULL DEFAULT current_timestamp() ON UPDATE current_timestamp(),
[pod/example-vttablet-zone1-0942943782-67bcbcdb/vttablet] 	PRIMARY KEY (`vdiff_id`, `table_name`)
[pod/example-vttablet-zone1-0942943782-67bcbcdb/vttablet] ) ENGINE InnoDB,
[pod/example-vttablet-zone1-0942943782-67bcbcdb/vttablet]   CHARSET utf8mb4 for table _vt.vdiff_table (vdiff) during sidecar database initialization
[pod/example-vttablet-zone1-0942943782-67bcbcdb/vttablet] I0212 18:42:52.352376       1 sidecardb.go:415] Applying DDL for table copy_state:
[pod/example-vttablet-zone1-0942943782-67bcbcdb/vttablet] CREATE TABLE IF NOT EXISTS `_vt`.`copy_state` (
[pod/example-vttablet-zone1-0942943782-67bcbcdb/vttablet] 	`id` bigint unsigned NOT NULL AUTO_INCREMENT,
[pod/example-vttablet-zone1-0942943782-67bcbcdb/vttablet] 	`vrepl_id` int NOT NULL,
[pod/example-vttablet-zone1-0942943782-67bcbcdb/vttablet] 	`table_name` varbinary(128) NOT NULL,
[pod/example-vttablet-zone1-0942943782-67bcbcdb/vttablet] 	`lastpk` varbinary(2000),
[pod/example-vttablet-zone1-0942943782-67bcbcdb/vttablet] 	PRIMARY KEY (`id`),
[pod/example-vttablet-zone1-0942943782-67bcbcdb/vttablet] 	KEY `vrepl_id` (`vrepl_id`, `table_name`)
[pod/example-vttablet-zone1-0942943782-67bcbcdb/vttablet] ) ENGINE InnoDB,
[pod/example-vttablet-zone1-0942943782-67bcbcdb/vttablet]   CHARSET utf8mb4
[pod/example-vttablet-zone1-0942943782-67bcbcdb/vttablet] I0212 18:42:52.370747       1 sidecardb.go:462] Applied DDL CREATE TABLE IF NOT EXISTS `_vt`.`copy_state` (
[pod/example-vttablet-zone1-0942943782-67bcbcdb/vttablet] 	`id` bigint unsigned NOT NULL AUTO_INCREMENT,
[pod/example-vttablet-zone1-0942943782-67bcbcdb/vttablet] 	`vrepl_id` int NOT NULL,
[pod/example-vttablet-zone1-0942943782-67bcbcdb/vttablet] 	`table_name` varbinary(128) NOT NULL,
[pod/example-vttablet-zone1-0942943782-67bcbcdb/vttablet] 	`lastpk` varbinary(2000),
[pod/example-vttablet-zone1-0942943782-67bcbcdb/vttablet] 	PRIMARY KEY (`id`),
[pod/example-vttablet-zone1-0942943782-67bcbcdb/vttablet] 	KEY `vrepl_id` (`vrepl_id`, `table_name`)
[pod/example-vttablet-zone1-0942943782-67bcbcdb/vttablet] ) ENGINE InnoDB,
[pod/example-vttablet-zone1-0942943782-67bcbcdb/vttablet]   CHARSET utf8mb4 for table _vt.copy_state (vreplication) during sidecar database initialization
[pod/example-vttablet-zone1-0942943782-67bcbcdb/vttablet] I0212 18:42:52.371283       1 sidecardb.go:415] Applying DDL for table post_copy_action:
[pod/example-vttablet-zone1-0942943782-67bcbcdb/vttablet] CREATE TABLE IF NOT EXISTS `_vt`.`post_copy_action` (
[pod/example-vttablet-zone1-0942943782-67bcbcdb/vttablet] 	`id` bigint NOT NULL AUTO_INCREMENT,
[pod/example-vttablet-zone1-0942943782-67bcbcdb/vttablet] 	`vrepl_id` int NOT NULL,
[pod/example-vttablet-zone1-0942943782-67bcbcdb/vttablet] 	`table_name` varbinary(128) NOT NULL,
[pod/example-vttablet-zone1-0942943782-67bcbcdb/vttablet] 	`action` json NOT NULL,
[pod/example-vttablet-zone1-0942943782-67bcbcdb/vttablet] 	UNIQUE KEY `vrepl_id` (`vrepl_id`, `table_name`),
[pod/example-vttablet-zone1-0942943782-67bcbcdb/vttablet] 	PRIMARY KEY (`id`)
[pod/example-vttablet-zone1-0942943782-67bcbcdb/vttablet] ) ENGINE InnoDB,
[pod/example-vttablet-zone1-0942943782-67bcbcdb/vttablet]   CHARSET utf8mb4
[pod/example-vttablet-zone1-0942943782-67bcbcdb/vttablet] I0212 18:42:52.389478       1 sidecardb.go:462] Applied DDL CREATE TABLE IF NOT EXISTS `_vt`.`post_copy_action` (
[pod/example-vttablet-zone1-0942943782-67bcbcdb/vttablet] 	`id` bigint NOT NULL AUTO_INCREMENT,
[pod/example-vttablet-zone1-0942943782-67bcbcdb/vttablet] 	`vrepl_id` int NOT NULL,
[pod/example-vttablet-zone1-0942943782-67bcbcdb/vttablet] 	`table_name` varbinary(128) NOT NULL,
[pod/example-vttablet-zone1-0942943782-67bcbcdb/vttablet] 	`action` json NOT NULL,
[pod/example-vttablet-zone1-0942943782-67bcbcdb/vttablet] 	UNIQUE KEY `vrepl_id` (`vrepl_id`, `table_name`),
[pod/example-vttablet-zone1-0942943782-67bcbcdb/vttablet] 	PRIMARY KEY (`id`)
[pod/example-vttablet-zone1-0942943782-67bcbcdb/vttablet] ) ENGINE InnoDB,
[pod/example-vttablet-zone1-0942943782-67bcbcdb/vttablet]   CHARSET utf8mb4 for table _vt.post_copy_action (vreplication) during sidecar database initialization
[pod/example-vttablet-zone1-0942943782-67bcbcdb/vttablet] I0212 18:42:52.389950       1 sidecardb.go:415] Applying DDL for table resharding_journal:
[pod/example-vttablet-zone1-0942943782-67bcbcdb/vttablet] CREATE TABLE IF NOT EXISTS `_vt`.`resharding_journal` (
[pod/example-vttablet-zone1-0942943782-67bcbcdb/vttablet] 	`id` bigint NOT NULL,
[pod/example-vttablet-zone1-0942943782-67bcbcdb/vttablet] 	`db_name` varbinary(255),
[pod/example-vttablet-zone1-0942943782-67bcbcdb/vttablet] 	`val` longblob,
[pod/example-vttablet-zone1-0942943782-67bcbcdb/vttablet] 	PRIMARY KEY (`id`)
[pod/example-vttablet-zone1-0942943782-67bcbcdb/vttablet] ) ENGINE InnoDB,
[pod/example-vttablet-zone1-0942943782-67bcbcdb/vttablet]   CHARSET utf8mb4
[pod/example-vttablet-zone1-0942943782-67bcbcdb/vttablet] I0212 18:42:52.404232       1 sidecardb.go:462] Applied DDL CREATE TABLE IF NOT EXISTS `_vt`.`resharding_journal` (
[pod/example-vttablet-zone1-0942943782-67bcbcdb/vttablet] 	`id` bigint NOT NULL,
[pod/example-vttablet-zone1-0942943782-67bcbcdb/vttablet] 	`db_name` varbinary(255),
[pod/example-vttablet-zone1-0942943782-67bcbcdb/vttablet] 	`val` longblob,
[pod/example-vttablet-zone1-0942943782-67bcbcdb/vttablet] 	PRIMARY KEY (`id`)
[pod/example-vttablet-zone1-0942943782-67bcbcdb/vttablet] ) ENGINE InnoDB,
[pod/example-vttablet-zone1-0942943782-67bcbcdb/vttablet]   CHARSET utf8mb4 for table _vt.resharding_journal (vreplication) during sidecar database initialization
[pod/example-vttablet-zone1-0942943782-67bcbcdb/vttablet] I0212 18:42:52.404906       1 sidecardb.go:415] Applying DDL for table schema_version:
[pod/example-vttablet-zone1-0942943782-67bcbcdb/vttablet] CREATE TABLE IF NOT EXISTS `_vt`.`schema_version` (
[pod/example-vttablet-zone1-0942943782-67bcbcdb/vttablet] 	`id` int NOT NULL AUTO_INCREMENT,
[pod/example-vttablet-zone1-0942943782-67bcbcdb/vttablet] 	`pos` varbinary(10000) NOT NULL,
[pod/example-vttablet-zone1-0942943782-67bcbcdb/vttablet] 	`time_updated` bigint NOT NULL,
[pod/example-vttablet-zone1-0942943782-67bcbcdb/vttablet] 	`ddl` blob,
[pod/example-vttablet-zone1-0942943782-67bcbcdb/vttablet] 	`schemax` longblob NOT NULL,
[pod/example-vttablet-zone1-0942943782-67bcbcdb/vttablet] 	PRIMARY KEY (`id`)
[pod/example-vttablet-zone1-0942943782-67bcbcdb/vttablet] ) ENGINE InnoDB,
[pod/example-vttablet-zone1-0942943782-67bcbcdb/vttablet]   CHARSET utf8mb4
[pod/example-vttablet-zone1-0942943782-67bcbcdb/vttablet] I0212 18:42:52.419671       1 sidecardb.go:462] Applied DDL CREATE TABLE IF NOT EXISTS `_vt`.`schema_version` (
[pod/example-vttablet-zone1-0942943782-67bcbcdb/vttablet] 	`id` int NOT NULL AUTO_INCREMENT,
[pod/example-vttablet-zone1-0942943782-67bcbcdb/vttablet] 	`pos` varbinary(10000) NOT NULL,
[pod/example-vttablet-zone1-0942943782-67bcbcdb/vttablet] 	`time_updated` bigint NOT NULL,
[pod/example-vttablet-zone1-0942943782-67bcbcdb/vttablet] 	`ddl` blob,
[pod/example-vttablet-zone1-0942943782-67bcbcdb/vttablet] 	`schemax` longblob NOT NULL,
[pod/example-vttablet-zone1-0942943782-67bcbcdb/vttablet] 	PRIMARY KEY (`id`)
[pod/example-vttablet-zone1-0942943782-67bcbcdb/vttablet] ) ENGINE InnoDB,
[pod/example-vttablet-zone1-0942943782-67bcbcdb/vttablet]   CHARSET utf8mb4 for table _vt.schema_version (vreplication) during sidecar database initialization
[pod/example-vttablet-zone1-0942943782-67bcbcdb/vttablet] I0212 18:42:52.420520       1 sidecardb.go:415] Applying DDL for table vreplication:
[pod/example-vttablet-zone1-0942943782-67bcbcdb/vttablet] CREATE TABLE IF NOT EXISTS `_vt`.`vreplication` (
[pod/example-vttablet-zone1-0942943782-67bcbcdb/vttablet] 	`id` int NOT NULL AUTO_INCREMENT,
[pod/example-vttablet-zone1-0942943782-67bcbcdb/vttablet] 	`workflow` varbinary(1000),
[pod/example-vttablet-zone1-0942943782-67bcbcdb/vttablet] 	`source` mediumblob NOT NULL,
[pod/example-vttablet-zone1-0942943782-67bcbcdb/vttablet] 	`pos` varbinary(10000) NOT NULL,
[pod/example-vttablet-zone1-0942943782-67bcbcdb/vttablet] 	`stop_pos` varbinary(10000),
[pod/example-vttablet-zone1-0942943782-67bcbcdb/vttablet] 	`max_tps` bigint NOT NULL,
[pod/example-vttablet-zone1-0942943782-67bcbcdb/vttablet] 	`max_replication_lag` bigint NOT NULL,
[pod/example-vttablet-zone1-0942943782-67bcbcdb/vttablet] 	`cell` varbinary(1000),
[pod/example-vttablet-zone1-0942943782-67bcbcdb/vttablet] 	`tablet_types` varbinary(100),
[pod/example-vttablet-zone1-0942943782-67bcbcdb/vttablet] 	`time_updated` bigint NOT NULL,
[pod/example-vttablet-zone1-0942943782-67bcbcdb/vttablet] 	`transaction_timestamp` bigint NOT NULL,
[pod/example-vttablet-zone1-0942943782-67bcbcdb/vttablet] 	`state` varbinary(100) NOT NULL,
[pod/example-vttablet-zone1-0942943782-67bcbcdb/vttablet] 	`message` varbinary(1000),
[pod/example-vttablet-zone1-0942943782-67bcbcdb/vttablet] 	`db_name` varbinary(255) NOT NULL,
[pod/example-vttablet-zone1-0942943782-67bcbcdb/vttablet] 	`rows_copied` bigint NOT NULL DEFAULT '0',
[pod/example-vttablet-zone1-0942943782-67bcbcdb/vttablet] 	`tags` varbinary(1024) NOT NULL DEFAULT '',
[pod/example-vttablet-zone1-0942943782-67bcbcdb/vttablet] 	`time_heartbeat` bigint NOT NULL DEFAULT '0',
[pod/example-vttablet-zone1-0942943782-67bcbcdb/vttablet] 	`workflow_type` int NOT NULL DEFAULT '0',
[pod/example-vttablet-zone1-0942943782-67bcbcdb/vttablet] 	`time_throttled` bigint NOT NULL DEFAULT '0',
[pod/example-vttablet-zone1-0942943782-67bcbcdb/vttablet] 	`component_throttled` varchar(255) NOT NULL DEFAULT '',
[pod/example-vttablet-zone1-0942943782-67bcbcdb/vttablet] 	`reason_throttled` varchar(1000) NOT NULL DEFAULT '',
[pod/example-vttablet-zone1-0942943782-67bcbcdb/vttablet] 	`workflow_sub_type` int NOT NULL DEFAULT '0',
[pod/example-vttablet-zone1-0942943782-67bcbcdb/vttablet] 	`defer_secondary_keys` tinyint(1) NOT NULL DEFAULT '0',
[pod/example-vttablet-zone1-0942943782-67bcbcdb/vttablet] 	`options` json NOT NULL,
[pod/example-vttablet-zone1-0942943782-67bcbcdb/vttablet] 	PRIMARY KEY (`id`),
[pod/example-vttablet-zone1-0942943782-67bcbcdb/vttablet] 	KEY `workflow_idx` (`workflow`(64))
[pod/example-vttablet-zone1-0942943782-67bcbcdb/vttablet] ) ENGINE InnoDB,
[pod/example-vttablet-zone1-0942943782-67bcbcdb/vttablet]   CHARSET utf8mb4
[pod/example-vttablet-zone1-0942943782-67bcbcdb/vttablet] I0212 18:42:52.440223       1 sidecardb.go:462] Applied DDL CREATE TABLE IF NOT EXISTS `_vt`.`vreplication` (
[pod/example-vttablet-zone1-0942943782-67bcbcdb/vttablet] 	`id` int NOT NULL AUTO_INCREMENT,
[pod/example-vttablet-zone1-0942943782-67bcbcdb/vttablet] 	`workflow` varbinary(1000),
[pod/example-vttablet-zone1-0942943782-67bcbcdb/vttablet] 	`source` mediumblob NOT NULL,
[pod/example-vttablet-zone1-0942943782-67bcbcdb/vttablet] 	`pos` varbinary(10000) NOT NULL,
[pod/example-vttablet-zone1-0942943782-67bcbcdb/vttablet] 	`stop_pos` varbinary(10000),
[pod/example-vttablet-zone1-0942943782-67bcbcdb/vttablet] 	`max_tps` bigint NOT NULL,
[pod/example-vttablet-zone1-0942943782-67bcbcdb/vttablet] 	`max_replication_lag` bigint NOT NULL,
[pod/example-vttablet-zone1-0942943782-67bcbcdb/vttablet] 	`cell` varbinary(1000),
[pod/example-vttablet-zone1-0942943782-67bcbcdb/vttablet] 	`tablet_types` varbinary(100),
[pod/example-vttablet-zone1-0942943782-67bcbcdb/vttablet] 	`time_updated` bigint NOT NULL,
[pod/example-vttablet-zone1-0942943782-67bcbcdb/vttablet] 	`transaction_timestamp` bigint NOT NULL,
[pod/example-vttablet-zone1-0942943782-67bcbcdb/vttablet] 	`state` varbinary(100) NOT NULL,
[pod/example-vttablet-zone1-0942943782-67bcbcdb/vttablet] 	`message` varbinary(1000),
[pod/example-vttablet-zone1-0942943782-67bcbcdb/vttablet] 	`db_name` varbinary(255) NOT NULL,
[pod/example-vttablet-zone1-0942943782-67bcbcdb/vttablet] 	`rows_copied` bigint NOT NULL DEFAULT '0',
[pod/example-vttablet-zone1-0942943782-67bcbcdb/vttablet] 	`tags` varbinary(1024) NOT NULL DEFAULT '',
[pod/example-vttablet-zone1-0942943782-67bcbcdb/vttablet] 	`time_heartbeat` bigint NOT NULL DEFAULT '0',
[pod/example-vttablet-zone1-0942943782-67bcbcdb/vttablet] 	`workflow_type` int NOT NULL DEFAULT '0',
[pod/example-vttablet-zone1-0942943782-67bcbcdb/vttablet] 	`time_throttled` bigint NOT NULL DEFAULT '0',
[pod/example-vttablet-zone1-0942943782-67bcbcdb/vttablet] 	`component_throttled` varchar(255) NOT NULL DEFAULT '',
[pod/example-vttablet-zone1-0942943782-67bcbcdb/vttablet] 	`reason_throttled` varchar(1000) NOT NULL DEFAULT '',
[pod/example-vttablet-zone1-0942943782-67bcbcdb/vttablet] 	`workflow_sub_type` int NOT NULL DEFAULT '0',
[pod/example-vttablet-zone1-0942943782-67bcbcdb/vttablet] 	`defer_secondary_keys` tinyint(1) NOT NULL DEFAULT '0',
[pod/example-vttablet-zone1-0942943782-67bcbcdb/vttablet] 	`options` json NOT NULL,
[pod/example-vttablet-zone1-0942943782-67bcbcdb/vttablet] 	PRIMARY KEY (`id`),
[pod/example-vttablet-zone1-0942943782-67bcbcdb/vttablet] 	KEY `workflow_idx` (`workflow`(64))
[pod/example-vttablet-zone1-0942943782-67bcbcdb/vttablet] ) ENGINE InnoDB,
[pod/example-vttablet-zone1-0942943782-67bcbcdb/vttablet]   CHARSET utf8mb4 for table _vt.vreplication (vreplication) during sidecar database initialization
[pod/example-vttablet-zone1-0942943782-67bcbcdb/vttablet] I0212 18:42:52.440776       1 sidecardb.go:415] Applying DDL for table vreplication_log:
[pod/example-vttablet-zone1-0942943782-67bcbcdb/vttablet] CREATE TABLE IF NOT EXISTS `_vt`.`vreplication_log` (
[pod/example-vttablet-zone1-0942943782-67bcbcdb/vttablet] 	`id` bigint NOT NULL AUTO_INCREMENT,
[pod/example-vttablet-zone1-0942943782-67bcbcdb/vttablet] 	`vrepl_id` int NOT NULL,
[pod/example-vttablet-zone1-0942943782-67bcbcdb/vttablet] 	`type` varbinary(256) NOT NULL,
[pod/example-vttablet-zone1-0942943782-67bcbcdb/vttablet] 	`state` varbinary(100) NOT NULL,
[pod/example-vttablet-zone1-0942943782-67bcbcdb/vttablet] 	`created_at` timestamp NULL DEFAULT current_timestamp(),
[pod/example-vttablet-zone1-0942943782-67bcbcdb/vttablet] 	`updated_at` timestamp NULL DEFAULT current_timestamp() ON UPDATE current_timestamp(),
[pod/example-vttablet-zone1-0942943782-67bcbcdb/vttablet] 	`message` text NOT NULL,
[pod/example-vttablet-zone1-0942943782-67bcbcdb/vttablet] 	`count` bigint NOT NULL DEFAULT '1',
[pod/example-vttablet-zone1-0942943782-67bcbcdb/vttablet] 	PRIMARY KEY (`id`),
[pod/example-vttablet-zone1-0942943782-67bcbcdb/vttablet] 	KEY `vrepl_id_idx` (`vrepl_id`)
[pod/example-vttablet-zone1-0942943782-67bcbcdb/vttablet] ) ENGINE InnoDB,
[pod/example-vttablet-zone1-0942943782-67bcbcdb/vttablet]   CHARSET utf8mb4
[pod/example-vttablet-zone1-0942943782-67bcbcdb/vttablet] I0212 18:42:52.473029       1 sidecardb.go:462] Applied DDL CREATE TABLE IF NOT EXISTS `_vt`.`vreplication_log` (
[pod/example-vttablet-zone1-0942943782-67bcbcdb/vttablet] 	`id` bigint NOT NULL AUTO_INCREMENT,
[pod/example-vttablet-zone1-0942943782-67bcbcdb/vttablet] 	`vrepl_id` int NOT NULL,
[pod/example-vttablet-zone1-0942943782-67bcbcdb/vttablet] 	`type` varbinary(256) NOT NULL,
[pod/example-vttablet-zone1-0942943782-67bcbcdb/vttablet] 	`state` varbinary(100) NOT NULL,
[pod/example-vttablet-zone1-0942943782-67bcbcdb/vttablet] 	`created_at` timestamp NULL DEFAULT current_timestamp(),
[pod/example-vttablet-zone1-0942943782-67bcbcdb/vttablet] 	`updated_at` timestamp NULL DEFAULT current_timestamp() ON UPDATE current_timestamp(),
[pod/example-vttablet-zone1-0942943782-67bcbcdb/vttablet] 	`message` text NOT NULL,
[pod/example-vttablet-zone1-0942943782-67bcbcdb/vttablet] 	`count` bigint NOT NULL DEFAULT '1',
[pod/example-vttablet-zone1-0942943782-67bcbcdb/vttablet] 	PRIMARY KEY (`id`),
[pod/example-vttablet-zone1-0942943782-67bcbcdb/vttablet] 	KEY `vrepl_id_idx` (`vrepl_id`)
[pod/example-vttablet-zone1-0942943782-67bcbcdb/vttablet] ) ENGINE InnoDB,
[pod/example-vttablet-zone1-0942943782-67bcbcdb/vttablet]   CHARSET utf8mb4 for table _vt.vreplication_log (vreplication) during sidecar database initialization
[pod/example-vttablet-zone1-0942943782-67bcbcdb/vttablet] I0212 18:42:52.473236       1 engine.go:188] syncSidecarDB done
[pod/example-vttablet-zone1-0942943782-67bcbcdb/vttablet] I0212 18:42:52.473248       1 engine.go:167] syncSidecarDB took 612 ms
[pod/example-vttablet-zone1-0942943782-67bcbcdb/vttablet] I0212 18:42:52.473276       1 engine.go:255] Schema Engine: opening
[pod/example-vttablet-zone1-0942943782-67bcbcdb/vttablet] I0212 18:42:52.483216       1 engine.go:167] VStreamer: opening
[pod/example-vttablet-zone1-0942943782-67bcbcdb/vttablet] I0212 18:42:52.483244       1 query_engine.go:328] Query Engine: opening
[pod/example-vttablet-zone1-0942943782-67bcbcdb/vttablet] I0212 18:42:52.484630       1 repltracker.go:91] Replication Tracker: going into primary mode
[pod/example-vttablet-zone1-0942943782-67bcbcdb/vttablet] I0212 18:42:52.484645       1 writer.go:151] Heartbeat Writer: opening
[pod/example-vttablet-zone1-0942943782-67bcbcdb/vttablet] I0212 18:42:52.484661       1 tx_engine.go:168] TxEngine transition: AcceptReadWrite
[pod/example-vttablet-zone1-0942943782-67bcbcdb/vttablet] I0212 18:42:52.484673       1 tx_engine.go:344] TxEngine - called shutdownLocked
[pod/example-vttablet-zone1-0942943782-67bcbcdb/vttablet] I0212 18:42:52.484679       1 tx_engine.go:350] TxEngine - waiting for begin requests
[pod/example-vttablet-zone1-0942943782-67bcbcdb/vttablet] I0212 18:42:52.484685       1 tx_engine.go:352] TxEngine - acquiring state lock again
[pod/example-vttablet-zone1-0942943782-67bcbcdb/vttablet] I0212 18:42:52.484690       1 tx_engine.go:354] TxEngine - state lock acquired again
[pod/example-vttablet-zone1-0942943782-67bcbcdb/vttablet] I0212 18:42:52.484697       1 tx_engine.go:395] TxEngine - waiting for empty txPool
[pod/example-vttablet-zone1-0942943782-67bcbcdb/vttablet] I0212 18:42:52.484704       1 tx_engine.go:400] TxEngine - making sure the goroutine has returned
[pod/example-vttablet-zone1-0942943782-67bcbcdb/vttablet] I0212 18:42:52.484713       1 tx_engine.go:389] Transactions completed before grace period: shutting down.
[pod/example-vttablet-zone1-0942943782-67bcbcdb/vttablet] I0212 18:42:52.484750       1 tx_engine.go:406] TxEngine - stop transaction watcher
[pod/example-vttablet-zone1-0942943782-67bcbcdb/vttablet] I0212 18:42:52.484773       1 tx_engine.go:410] TxEngine - closing the txPool
[pod/example-vttablet-zone1-0942943782-67bcbcdb/vttablet] I0212 18:42:52.484800       1 tx_engine.go:412] TxEngine - closing twoPC
[pod/example-vttablet-zone1-0942943782-67bcbcdb/vttablet] I0212 18:42:52.484843       1 tx_engine.go:414] TxEngine - closing the prepared pool
[pod/example-vttablet-zone1-0942943782-67bcbcdb/vttablet] I0212 18:42:52.484868       1 tx_engine.go:416] TxEngine - finished shutdownLocked
[pod/example-vttablet-zone1-0942943782-67bcbcdb/vttablet] I0212 18:42:52.485492       1 twopc.go:183] TwoPC: Engine open succeeded
[pod/example-vttablet-zone1-0942943782-67bcbcdb/vttablet] I0212 18:42:52.493384       1 tx_engine.go:471] TwoPC: Prepared 0 transactions, and registered 0 failures.
[pod/example-vttablet-zone1-0942943782-67bcbcdb/vttablet] I0212 18:42:52.493505       1 stateful_connection_pool.go:79] Starting transaction id: 1770921762213214042
[pod/example-vttablet-zone1-0942943782-67bcbcdb/vttablet] I0212 18:42:52.493684       1 stateful_connection_pool.go:79] Starting transaction id: 1770921762213214042
[pod/example-vttablet-zone1-0942943782-67bcbcdb/vttablet] I0212 18:42:52.493774       1 engine.go:91] Messager: opening
[pod/example-vttablet-zone1-0942943782-67bcbcdb/vttablet] I0212 18:42:52.493852       1 throttler.go:614] Throttler: started execution of Open. Acquiring initMutex lock
[pod/example-vttablet-zone1-0942943782-67bcbcdb/vttablet] I0212 18:42:52.493901       1 throttler.go:624] Throttler: opening
[pod/example-vttablet-zone1-0942943782-67bcbcdb/vttablet] I0212 18:42:52.493988       1 throttler.go:331] Throttler: initializing config
[pod/example-vttablet-zone1-0942943782-67bcbcdb/vttablet] I0212 18:42:52.494142       1 throttler.go:614] Throttler: started execution of Open. Acquiring initMutex lock
[pod/example-vttablet-zone1-0942943782-67bcbcdb/vttablet] I0212 18:42:52.494239       1 throttler.go:624] Throttler: opening
[pod/example-vttablet-zone1-0942943782-67bcbcdb/vttablet] I0212 18:42:52.494324       1 throttler.go:331] Throttler: initializing config
[pod/example-vttablet-zone1-0942943782-67bcbcdb/vttablet] I0212 18:42:52.494437       1 tablegc.go:185] TableGC: opening
[pod/example-vttablet-zone1-0942943782-67bcbcdb/vttablet] I0212 18:42:52.495186       1 tablegc.go:206] TableGC: MySQL version=8.4.6, serverSupportsFastDrops=true, lifecycleStates=map[DROP:true HOLD:true]
[pod/example-vttablet-zone1-0942943782-67bcbcdb/vttablet] I0212 18:42:52.495267       1 tablegc.go:269] TableGC: operating
[pod/example-vttablet-zone1-0942943782-67bcbcdb/vttablet] I0212 18:42:52.495406       1 tablegc.go:405] TableGC: readAndCheckTables
[pod/example-vttablet-zone1-0942943782-67bcbcdb/vttablet] I0212 18:42:52.495323       1 executor.go:290] onlineDDL Executor Open()
[pod/example-vttablet-zone1-0942943782-67bcbcdb/vttablet] I0212 18:42:52.495783       1 state_manager.go:677] TabletServer transition: REPLICA: Not connected to mysql -> PRIMARY: Serving, Feb 12, 2026 at 18:42:51 (UTC) for tablet :benchmark/-33
[pod/example-vttablet-zone1-0942943782-67bcbcdb/vttablet] I0212 18:42:52.495865       1 state_manager.go:670] Tablet Init took 10317 ms
[pod/example-vttablet-zone1-0942943782-67bcbcdb/vttablet] I0212 18:42:52.495893       1 state_manager.go:781] State: exiting lameduck
[pod/example-vttablet-zone1-0942943782-67bcbcdb/vttablet] I0212 18:42:52.495981       1 tm_state.go:421] Publishing state: alias:{cell:"zone1" uid:942943782} hostname:"10.0.3.237" port_map:{key:"grpc" value:15999} port_map:{key:"vt" value:15000} keyspace:"benchmark" shard:"-33" key_range:{end:"3"} type:PRIMARY db_name_override:"benchmark" mysql_hostname:"10.0.3.237" mysql_port:3306 primary_term_start_time:{seconds:1770921771 nanoseconds:842191259} default_conn_collation:255
[pod/example-vttablet-zone1-0942943782-67bcbcdb/vttablet] I0212 18:42:52.503473       1 throttler.go:586] Throttler.retryReadAndApplyThrottlerConfig(): success reading throttler config: threshold:5
[pod/example-vttablet-zone1-0942943782-67bcbcdb/vttablet] I0212 18:42:52.503759       1 throttler.go:428] Throttler: applying topo config: threshold:5
[pod/example-vttablet-zone1-0942943782-67bcbcdb/vttablet] I0212 18:42:52.504031       1 throttler.go:555] Throttler: already disabled
[pod/example-vttablet-zone1-0942943782-67bcbcdb/vttablet] I0212 18:42:52.505765       1 syslogger.go:133] benchmark/-33/zone1-0942943782 [tablet] updated
[pod/example-vttablet-zone1-0942943782-67bcbcdb/vttablet] I0212 18:42:52.505894       1 monitor.go:160] SemiSync Monitor: closing
[pod/example-vttablet-zone1-0942943782-67bcbcdb/vttablet] I0212 18:42:52.506021       1 replication.go:700] Setting semi-sync mode: primary=false, replica=false
[pod/example-vttablet-zone1-0942943782-67bcbcdb/vttablet] I0212 18:42:52.506145       1 shard_sync.go:80] Change to tablet state
[pod/example-vttablet-zone1-0942943782-67bcbcdb/vttablet] I0212 18:42:52.507302       1 throttler.go:586] Throttler.retryReadAndApplyThrottlerConfig(): success reading throttler config: threshold:5
[pod/example-vttablet-zone1-0942943782-67bcbcdb/vttablet] I0212 18:42:52.507398       1 throttler.go:428] Throttler: applying topo config: threshold:5
[pod/example-vttablet-zone1-0942943782-67bcbcdb/vttablet] I0212 18:42:52.507497       1 throttler.go:555] Throttler: already disabled
[pod/example-vttablet-zone1-0942943782-67bcbcdb/vttablet] I0212 18:42:52.509762       1 throttler.go:428] Throttler: applying topo config: threshold:5
[pod/example-vttablet-zone1-0942943782-67bcbcdb/vttablet] I0212 18:42:52.509872       1 throttler.go:428] Throttler: applying topo config: threshold:5
[pod/example-vttablet-zone1-0942943782-67bcbcdb/vttablet] I0212 18:42:52.509952       1 throttler.go:555] Throttler: already disabled
[pod/example-vttablet-zone1-0942943782-67bcbcdb/vttablet] I0212 18:42:52.510147       1 throttler.go:428] Throttler: applying topo config: threshold:5
[pod/example-vttablet-zone1-0942943782-67bcbcdb/vttablet] I0212 18:42:52.510303       1 throttler.go:555] Throttler: already disabled
[pod/example-vttablet-zone1-0942943782-67bcbcdb/vttablet] I0212 18:42:52.510397       1 throttler.go:428] Throttler: applying topo config: threshold:5
[pod/example-vttablet-zone1-0942943782-67bcbcdb/vttablet] I0212 18:42:52.510523       1 throttler.go:555] Throttler: already disabled
[pod/example-vttablet-zone1-0942943782-67bcbcdb/vttablet] I0212 18:42:52.510607       1 throttler.go:555] Throttler: already disabled
[pod/example-vttablet-zone1-0942943782-67bcbcdb/vttablet] I0212 18:42:52.510716       1 shard_sync.go:198] Updating shard record: primary_alias=zone1-0942943782, primary_term_start_time=2026-02-12 18:42:51.842191259 +0000 UTC
[pod/example-vttablet-zone1-0942943782-67bcbcdb/vttablet] I0212 18:42:52.512155       1 query.go:81] exec SET GLOBAL rpl_semi_sync_source_enabled = 0, GLOBAL rpl_semi_sync_replica_enabled = 0
[pod/example-vttablet-zone1-0942943782-67bcbcdb/vttablet] I0212 18:42:52.512495       1 rpc_server.go:83] TabletManager.InitPrimary()(on zone1-0942943782 from ): (*tabletmanagerdata.InitPrimaryResponse)(nil)
[pod/example-vttablet-zone1-0942943782-67bcbcdb/vttablet] I0212 18:42:52.514335       1 syslogger.go:133] benchmark/-33 [shard] updated value: primary_alias:{cell:"zone1" uid:942943782} primary_term_start_time:{seconds:1770921771 nanoseconds:842191259} key_range:{end:"3"} is_primary_serving:true
[pod/example-vttablet-zone1-0942943782-67bcbcdb/vttablet] I0212 18:42:52.514410       1 shard_watcher.go:36] Starting shard watch of benchmark/-33
[pod/example-vttablet-zone1-0942943782-67bcbcdb/vttablet] I0212 18:42:52.517649       1 rpc_replication.go:446] PopulateReparentJournal: action: InitShardPrimary parent: cell:"zone1" uid:942943782  position: MySQL56/96212b72-0842-11f1-a59b-c660c62f48c7:1 timeCreatedNS: 1770921772515186977 actionName: InitShardPrimary primaryAlias: cell:"zone1" uid:942943782
[pod/example-vttablet-zone1-0942943782-67bcbcdb/vttablet] I0212 18:42:52.518007       1 query.go:81] exec INSERT INTO _vt.reparent_journal (time_created_ns, action_name, primary_alias, replication_position) VALUES (1770921772515186977, 'InitShardPrimary', 'zone1-0942943782', 'MySQL56/96212b72-0842-11f1-a5
[pod/example-vttablet-zone1-0942943782-67bcbcdb/vttablet] I0212 18:42:52.521429       1 rpc_server.go:83] TabletManager.PopulateReparentJournal(time_created_ns:1770921772515186977 action_name:"InitShardPrimary" primary_alias:{cell:"zone1" uid:942943782} replication_position:"MySQL56/96212b72-0842-11f1-a59b-c660c62f48c7:1")(on zone1-0942943782 from ): (*tabletmanagerdata.PopulateReparentJournalResponse)(nil)
[pod/example-vttablet-zone1-0942943782-67bcbcdb/vttablet] I0212 18:42:52.532748       1 shard_sync.go:88] Change in shard record
[pod/example-vttablet-zone1-0942943782-67bcbcdb/vttablet] I0212 18:42:52.534967       1 shard_sync.go:88] Change in shard record
[pod/example-vttablet-zone1-0942943782-67bcbcdb/vttablet] I0212 18:42:52.861942       1 engine.go:203] VDiff engine: opened successfully
[pod/example-vttablet-zone1-0942943782-67bcbcdb/vttablet] I0212 18:42:53.465050       1 tm_state.go:130] Refreshing from Topo
[pod/example-vttablet-zone1-0942943782-67bcbcdb/vttablet] I0212 18:42:53.471236       1 state_manager.go:233] Starting transition to PRIMARY Serving, primary term start timestamp: 2026-02-12 18:42:51.842191259 +0000 UTC
[pod/example-vttablet-zone1-0942943782-67bcbcdb/vttablet] I0212 18:42:53.471375       1 state_manager.go:781] State: exiting lameduck
[pod/example-vttablet-zone1-0942943782-67bcbcdb/vttablet] I0212 18:42:53.471619       1 rpc_server.go:83] TabletManager.RefreshState()(on zone1-0942943782 from ): (*tabletmanagerdata.RefreshStateResponse)(nil)
[pod/example-vttablet-zone1-0942943782-67bcbcdb/vttablet] I0212 18:42:53.492294       1 rpc_server.go:83] TabletManager.VReplicationExec(query:"select distinct workflow from _vt.vreplication where state != 'Stopped' and db_name = 'benchmark'")(on zone1-0942943782 from ): (*tabletmanagerdata.VReplicationExecResponse)(nil)
[pod/example-vttablet-zone1-0942943782-67bcbcdb/vttablet] I0212 18:42:53.600480       1 rpc_server.go:83] TabletManager.VReplicationExec(query:"select distinct workflow from _vt.vreplication where state != 'Stopped' and db_name = 'benchmark'")(on zone1-0942943782 from ): (*tabletmanagerdata.VReplicationExecResponse)(nil)
[pod/example-vttablet-zone1-0942943782-67bcbcdb/vttablet] W0212 18:42:55.013180       1 rpc_server.go:79] TabletManager.ReplicationStatus()(on zone1-0942943782 from ) error: no replication status (errno 100) (sqlstate HY000)
[pod/example-vttablet-zone1-0942943782-67bcbcdb/vttablet] I0212 18:42:55.177334       1 rpc_server.go:83] TabletManager.VReplicationExec(query:"select distinct workflow from _vt.vreplication where state != 'Stopped' and db_name = 'benchmark'")(on zone1-0942943782 from ): (*tabletmanagerdata.VReplicationExecResponse)(nil)
[pod/example-vttablet-zone1-0942943782-67bcbcdb/vttablet] I0212 18:42:55.328951       1 rpc_server.go:83] TabletManager.VReplicationExec(query:"select distinct workflow from _vt.vreplication where state != 'Stopped' and db_name = 'benchmark'")(on zone1-0942943782 from ): (*tabletmanagerdata.VReplicationExecResponse)(nil)
[pod/example-vttablet-zone1-0942943782-67bcbcdb/vttablet] I0212 18:42:55.459417       1 rpc_server.go:83] TabletManager.VReplicationExec(query:"select distinct workflow from _vt.vreplication where state != 'Stopped' and db_name = 'benchmark'")(on zone1-0942943782 from ): (*tabletmanagerdata.VReplicationExecResponse)(nil)
[pod/example-vttablet-zone1-0942943782-67bcbcdb/vttablet] I0212 18:42:56.758551       1 rpc_server.go:83] TabletManager.VReplicationExec(query:"select distinct workflow from _vt.vreplication where state != 'Stopped' and db_name = 'benchmark'")(on zone1-0942943782 from ): (*tabletmanagerdata.VReplicationExecResponse)(nil)
[pod/example-vttablet-zone1-0942943782-67bcbcdb/vttablet] I0212 18:42:56.901604       1 rpc_server.go:83] TabletManager.VReplicationExec(query:"select distinct workflow from _vt.vreplication where state != 'Stopped' and db_name = 'benchmark'")(on zone1-0942943782 from ): (*tabletmanagerdata.VReplicationExecResponse)(nil)
[pod/example-vttablet-zone1-0942943782-67bcbcdb/vttablet] I0212 18:42:59.915385       1 rpc_server.go:83] TabletManager.VReplicationExec(query:"select distinct workflow from _vt.vreplication where state != 'Stopped' and db_name = 'benchmark'")(on zone1-0942943782 from ): (*tabletmanagerdata.VReplicationExecResponse)(nil)
[pod/example-vttablet-zone1-0942943782-67bcbcdb/vttablet] I0212 18:43:00.089200       1 rpc_server.go:83] TabletManager.VReplicationExec(query:"select distinct workflow from _vt.vreplication where state != 'Stopped' and db_name = 'benchmark'")(on zone1-0942943782 from ): (*tabletmanagerdata.VReplicationExecResponse)(nil)
[pod/example-vttablet-zone1-0942943782-67bcbcdb/vttablet] I0212 18:43:00.236412       1 rpc_server.go:83] TabletManager.VReplicationExec(query:"select distinct workflow from _vt.vreplication where state != 'Stopped' and db_name = 'benchmark'")(on zone1-0942943782 from ): (*tabletmanagerdata.VReplicationExecResponse)(nil)
[pod/example-vttablet-zone1-0942943782-67bcbcdb/vttablet] I0212 18:43:00.941785       1 rpc_server.go:83] TabletManager.VReplicationExec(query:"select distinct workflow from _vt.vreplication where state != 'Stopped' and db_name = 'benchmark'")(on zone1-0942943782 from ): (*tabletmanagerdata.VReplicationExecResponse)(nil)
[pod/example-vttablet-zone1-0942943782-67bcbcdb/vttablet] I0212 18:43:01.123520       1 rpc_server.go:83] TabletManager.VReplicationExec(query:"select distinct workflow from _vt.vreplication where state != 'Stopped' and db_name = 'benchmark'")(on zone1-0942943782 from ): (*tabletmanagerdata.VReplicationExecResponse)(nil)
[pod/example-vttablet-zone1-0942943782-67bcbcdb/vttablet] I0212 18:43:02.074348       1 rpc_server.go:83] TabletManager.VReplicationExec(query:"select distinct workflow from _vt.vreplication where state != 'Stopped' and db_name = 'benchmark'")(on zone1-0942943782 from ): (*tabletmanagerdata.VReplicationExecResponse)(nil)
[pod/example-vttablet-zone1-0942943782-67bcbcdb/vttablet] I0212 18:43:02.227686       1 rpc_server.go:83] TabletManager.VReplicationExec(query:"select distinct workflow from _vt.vreplication where state != 'Stopped' and db_name = 'benchmark'")(on zone1-0942943782 from ): (*tabletmanagerdata.VReplicationExecResponse)(nil)
[pod/example-vttablet-zone1-0942943782-67bcbcdb/vttablet] I0212 18:43:18.878194       1 rpc_server.go:83] TabletManager.VReplicationExec(query:"select distinct workflow from _vt.vreplication where state != 'Stopped' and db_name = 'benchmark'")(on zone1-0942943782 from ): (*tabletmanagerdata.VReplicationExecResponse)(nil)
[pod/example-vttablet-zone1-0942943782-67bcbcdb/vttablet] I0212 18:43:24.275064       1 rpc_server.go:83] TabletManager.VReplicationExec(query:"select distinct workflow from _vt.vreplication where state != 'Stopped' and db_name = 'benchmark'")(on zone1-0942943782 from ): (*tabletmanagerdata.VReplicationExecResponse)(nil)
[pod/example-vttablet-zone1-0942943782-67bcbcdb/vttablet] I0212 18:43:24.409365       1 rpc_server.go:83] TabletManager.VReplicationExec(query:"select distinct workflow from _vt.vreplication where state != 'Stopped' and db_name = 'benchmark'")(on zone1-0942943782 from ): (*tabletmanagerdata.VReplicationExecResponse)(nil)
[pod/example-vttablet-zone1-0942943782-67bcbcdb/vttablet] I0212 18:43:26.233179       1 rpc_server.go:83] TabletManager.VReplicationExec(query:"select distinct workflow from _vt.vreplication where state != 'Stopped' and db_name = 'benchmark'")(on zone1-0942943782 from ): (*tabletmanagerdata.VReplicationExecResponse)(nil)
[pod/example-vttablet-zone1-0942943782-67bcbcdb/vttablet] I0212 18:43:29.145716       1 rpc_server.go:83] TabletManager.VReplicationExec(query:"select distinct workflow from _vt.vreplication where state != 'Stopped' and db_name = 'benchmark'")(on zone1-0942943782 from ): (*tabletmanagerdata.VReplicationExecResponse)(nil)
[pod/example-vttablet-zone1-0942943782-67bcbcdb/vttablet] I0212 18:43:29.296528       1 rpc_server.go:83] TabletManager.VReplicationExec(query:"select distinct workflow from _vt.vreplication where state != 'Stopped' and db_name = 'benchmark'")(on zone1-0942943782 from ): (*tabletmanagerdata.VReplicationExecResponse)(nil)
[pod/example-vttablet-zone1-0942943782-67bcbcdb/vttablet] I0212 18:43:30.132986       1 rpc_server.go:83] TabletManager.VReplicationExec(query:"select distinct workflow from _vt.vreplication where state != 'Stopped' and db_name = 'benchmark'")(on zone1-0942943782 from ): (*tabletmanagerdata.VReplicationExecResponse)(nil)
[pod/example-vttablet-zone1-0942943782-67bcbcdb/vttablet] I0212 18:43:31.109768       1 rpc_server.go:83] TabletManager.VReplicationExec(query:"select distinct workflow from _vt.vreplication where state != 'Stopped' and db_name = 'benchmark'")(on zone1-0942943782 from ): (*tabletmanagerdata.VReplicationExecResponse)(nil)
[pod/example-vttablet-zone1-0942943782-67bcbcdb/vttablet] E0212 18:43:42.213686       1 query_throttler.go:140] Error loading config: open /config/throttler-config.json: no such file or directory
[pod/example-vttablet-zone1-0942943782-67bcbcdb/vttablet] I0212 18:43:44.126565       1 rpc_server.go:83] TabletManager.VReplicationExec(query:"select distinct workflow from _vt.vreplication where state != 'Stopped' and db_name = 'benchmark'")(on zone1-0942943782 from ): (*tabletmanagerdata.VReplicationExecResponse)(nil)
[pod/example-vttablet-zone1-0942943782-67bcbcdb/vttablet] I0212 18:43:59.439070       1 rpc_server.go:83] TabletManager.VReplicationExec(query:"select distinct workflow from _vt.vreplication where state != 'Stopped' and db_name = 'benchmark'")(on zone1-0942943782 from ): (*tabletmanagerdata.VReplicationExecResponse)(nil)
[pod/example-vttablet-zone1-0942943782-67bcbcdb/vttablet] I0212 18:44:11.413176       1 rpc_server.go:83] TabletManager.VReplicationExec(query:"select distinct workflow from _vt.vreplication where state != 'Stopped' and db_name = 'benchmark'")(on zone1-0942943782 from ): (*tabletmanagerdata.VReplicationExecResponse)(nil)
[pod/example-vttablet-zone1-0942943782-67bcbcdb/vttablet] I0212 18:44:23.232203       1 rpc_server.go:83] TabletManager.VReplicationExec(query:"select distinct workflow from _vt.vreplication where state != 'Stopped' and db_name = 'benchmark'")(on zone1-0942943782 from ): (*tabletmanagerdata.VReplicationExecResponse)(nil)
[pod/example-vttablet-zone1-0942943782-67bcbcdb/vttablet] I0212 18:44:38.902886       1 rpc_server.go:83] TabletManager.VReplicationExec(query:"select distinct workflow from _vt.vreplication where state != 'Stopped' and db_name = 'benchmark'")(on zone1-0942943782 from ): (*tabletmanagerdata.VReplicationExecResponse)(nil)
[pod/example-vttablet-zone1-0942943782-67bcbcdb/vttablet] E0212 18:44:42.213814       1 query_throttler.go:140] Error loading config: open /config/throttler-config.json: no such file or directory
[pod/example-vttablet-zone1-0942943782-67bcbcdb/vttablet] I0212 18:44:54.341156       1 rpc_server.go:83] TabletManager.VReplicationExec(query:"select distinct workflow from _vt.vreplication where state != 'Stopped' and db_name = 'benchmark'")(on zone1-0942943782 from ): (*tabletmanagerdata.VReplicationExecResponse)(nil)
[pod/example-vttablet-zone1-0942943782-67bcbcdb/vttablet] I0212 18:45:10.934168       1 rpc_server.go:83] TabletManager.VReplicationExec(query:"select distinct workflow from _vt.vreplication where state != 'Stopped' and db_name = 'benchmark'")(on zone1-0942943782 from ): (*tabletmanagerdata.VReplicationExecResponse)(nil)
[pod/example-vttablet-zone1-0942943782-67bcbcdb/vttablet] I0212 18:45:24.325037       1 rpc_server.go:83] TabletManager.VReplicationExec(query:"select distinct workflow from _vt.vreplication where state != 'Stopped' and db_name = 'benchmark'")(on zone1-0942943782 from ): (*tabletmanagerdata.VReplicationExecResponse)(nil)
[pod/example-vttablet-zone1-0942943782-67bcbcdb/vttablet] I0212 18:45:39.018703       1 rpc_server.go:83] TabletManager.VReplicationExec(query:"select distinct workflow from _vt.vreplication where state != 'Stopped' and db_name = 'benchmark'")(on zone1-0942943782 from ): (*tabletmanagerdata.VReplicationExecResponse)(nil)
[pod/example-vttablet-zone1-0942943782-67bcbcdb/vttablet] E0212 18:45:42.214425       1 query_throttler.go:140] Error loading config: open /config/throttler-config.json: no such file or directory
[pod/example-vttablet-zone1-0942943782-67bcbcdb/vttablet] I0212 18:45:57.166326       1 rpc_server.go:83] TabletManager.VReplicationExec(query:"select distinct workflow from _vt.vreplication where state != 'Stopped' and db_name = 'benchmark'")(on zone1-0942943782 from ): (*tabletmanagerdata.VReplicationExecResponse)(nil)
[pod/example-vttablet-zone1-0942943782-67bcbcdb/vttablet] I0212 18:46:12.518120       1 rpc_server.go:83] TabletManager.VReplicationExec(query:"select distinct workflow from _vt.vreplication where state != 'Stopped' and db_name = 'benchmark'")(on zone1-0942943782 from ): (*tabletmanagerdata.VReplicationExecResponse)(nil)
[pod/example-vttablet-zone1-0942943782-67bcbcdb/vttablet] I0212 18:46:28.921681       1 rpc_server.go:83] TabletManager.VReplicationExec(query:"select distinct workflow from _vt.vreplication where state != 'Stopped' and db_name = 'benchmark'")(on zone1-0942943782 from ): (*tabletmanagerdata.VReplicationExecResponse)(nil)
[pod/example-vttablet-zone1-0942943782-67bcbcdb/vttablet] I0212 18:46:42.125556       1 rpc_server.go:83] TabletManager.VReplicationExec(query:"select distinct workflow from _vt.vreplication where state != 'Stopped' and db_name = 'benchmark'")(on zone1-0942943782 from ): (*tabletmanagerdata.VReplicationExecResponse)(nil)
[pod/example-vttablet-zone1-0942943782-67bcbcdb/vttablet] E0212 18:46:42.214239       1 query_throttler.go:140] Error loading config: open /config/throttler-config.json: no such file or directory
[pod/example-vttablet-zone1-0942943782-67bcbcdb/vttablet] I0212 18:46:58.947880       1 rpc_server.go:83] TabletManager.VReplicationExec(query:"select distinct workflow from _vt.vreplication where state != 'Stopped' and db_name = 'benchmark'")(on zone1-0942943782 from ): (*tabletmanagerdata.VReplicationExecResponse)(nil)
[pod/example-vttablet-zone1-0942943782-67bcbcdb/vttablet] I0212 18:47:14.337170       1 rpc_server.go:83] TabletManager.VReplicationExec(query:"select distinct workflow from _vt.vreplication where state != 'Stopped' and db_name = 'benchmark'")(on zone1-0942943782 from ): (*tabletmanagerdata.VReplicationExecResponse)(nil)
[pod/example-vttablet-zone1-0942943782-67bcbcdb/vttablet] I0212 18:47:29.988029       1 rpc_server.go:83] TabletManager.VReplicationExec(query:"select distinct workflow from _vt.vreplication where state != 'Stopped' and db_name = 'benchmark'")(on zone1-0942943782 from ): (*tabletmanagerdata.VReplicationExecResponse)(nil)
[pod/example-vttablet-zone1-0942943782-67bcbcdb/vttablet] E0212 18:47:42.214215       1 query_throttler.go:140] Error loading config: open /config/throttler-config.json: no such file or directory
[pod/example-vttablet-zone1-0942943782-67bcbcdb/vttablet] I0212 18:47:44.013325       1 rpc_server.go:83] TabletManager.VReplicationExec(query:"select distinct workflow from _vt.vreplication where state != 'Stopped' and db_name = 'benchmark'")(on zone1-0942943782 from ): (*tabletmanagerdata.VReplicationExecResponse)(nil)
[pod/example-vttablet-zone1-0942943782-67bcbcdb/vttablet] I0212 18:47:58.951300       1 rpc_server.go:83] TabletManager.VReplicationExec(query:"select distinct workflow from _vt.vreplication where state != 'Stopped' and db_name = 'benchmark'")(on zone1-0942943782 from ): (*tabletmanagerdata.VReplicationExecResponse)(nil)
[pod/example-vttablet-zone1-0942943782-67bcbcdb/vttablet] I0212 18:48:13.425020       1 rpc_server.go:83] TabletManager.VReplicationExec(query:"select distinct workflow from _vt.vreplication where state != 'Stopped' and db_name = 'benchmark'")(on zone1-0942943782 from ): (*tabletmanagerdata.VReplicationExecResponse)(nil)
[pod/example-vttablet-zone1-0942943782-67bcbcdb/vttablet] I0212 18:48:29.176848       1 rpc_server.go:83] TabletManager.VReplicationExec(query:"select distinct workflow from _vt.vreplication where state != 'Stopped' and db_name = 'benchmark'")(on zone1-0942943782 from ): (*tabletmanagerdata.VReplicationExecResponse)(nil)
[pod/example-vttablet-zone1-0942943782-67bcbcdb/vttablet] E0212 18:48:42.214055       1 query_throttler.go:140] Error loading config: open /config/throttler-config.json: no such file or directory
[pod/example-vttablet-zone1-0942943782-67bcbcdb/vttablet] I0212 18:48:42.974846       1 rpc_server.go:83] TabletManager.VReplicationExec(query:"select distinct workflow from _vt.vreplication where state != 'Stopped' and db_name = 'benchmark'")(on zone1-0942943782 from ): (*tabletmanagerdata.VReplicationExecResponse)(nil)
[pod/example-vttablet-zone1-0942943782-67bcbcdb/vttablet] I0212 18:48:57.498260       1 rpc_server.go:83] TabletManager.VReplicationExec(query:"select distinct workflow from _vt.vreplication where state != 'Stopped' and db_name = 'benchmark'")(on zone1-0942943782 from ): (*tabletmanagerdata.VReplicationExecResponse)(nil)
[pod/example-vttablet-zone1-0942943782-67bcbcdb/vttablet] I0212 18:49:13.487887       1 rpc_server.go:83] TabletManager.VReplicationExec(query:"select distinct workflow from _vt.vreplication where state != 'Stopped' and db_name = 'benchmark'")(on zone1-0942943782 from ): (*tabletmanagerdata.VReplicationExecResponse)(nil)
[pod/example-vttablet-zone1-0942943782-67bcbcdb/vttablet] I0212 18:49:25.134924       1 rpc_server.go:83] TabletManager.VReplicationExec(query:"select distinct workflow from _vt.vreplication where state != 'Stopped' and db_name = 'benchmark'")(on zone1-0942943782 from ): (*tabletmanagerdata.VReplicationExecResponse)(nil)
[pod/example-vttablet-zone1-0942943782-67bcbcdb/vttablet] I0212 18:49:41.202946       1 rpc_server.go:83] TabletManager.VReplicationExec(query:"select distinct workflow from _vt.vreplication where state != 'Stopped' and db_name = 'benchmark'")(on zone1-0942943782 from ): (*tabletmanagerdata.VReplicationExecResponse)(nil)
[pod/example-vttablet-zone1-0942943782-67bcbcdb/vttablet] E0212 18:49:42.214183       1 query_throttler.go:140] Error loading config: open /config/throttler-config.json: no such file or directory
[pod/example-vttablet-zone1-0942943782-67bcbcdb/vttablet] I0212 18:49:58.011361       1 rpc_server.go:83] TabletManager.VReplicationExec(query:"select distinct workflow from _vt.vreplication where state != 'Stopped' and db_name = 'benchmark'")(on zone1-0942943782 from ): (*tabletmanagerdata.VReplicationExecResponse)(nil)
[pod/example-vttablet-zone1-0942943782-67bcbcdb/vttablet] I0212 18:50:09.622729       1 rpc_server.go:83] TabletManager.VReplicationExec(query:"select distinct workflow from _vt.vreplication where state != 'Stopped' and db_name = 'benchmark'")(on zone1-0942943782 from ): (*tabletmanagerdata.VReplicationExecResponse)(nil)
[pod/example-vttablet-zone1-0942943782-67bcbcdb/vttablet] I0212 18:50:22.122147       1 rpc_server.go:83] TabletManager.VReplicationExec(query:"select distinct workflow from _vt.vreplication where state != 'Stopped' and db_name = 'benchmark'")(on zone1-0942943782 from ): (*tabletmanagerdata.VReplicationExecResponse)(nil)
[pod/example-vttablet-zone1-0942943782-67bcbcdb/vttablet] I0212 18:50:38.501833       1 rpc_server.go:83] TabletManager.VReplicationExec(query:"select distinct workflow from _vt.vreplication where state != 'Stopped' and db_name = 'benchmark'")(on zone1-0942943782 from ): (*tabletmanagerdata.VReplicationExecResponse)(nil)
[pod/example-vttablet-zone1-0942943782-67bcbcdb/vttablet] E0212 18:50:42.213857       1 query_throttler.go:140] Error loading config: open /config/throttler-config.json: no such file or directory
[pod/example-vttablet-zone1-0942943782-67bcbcdb/vttablet] I0212 18:50:53.998907       1 rpc_server.go:83] TabletManager.VReplicationExec(query:"select distinct workflow from _vt.vreplication where state != 'Stopped' and db_name = 'benchmark'")(on zone1-0942943782 from ): (*tabletmanagerdata.VReplicationExecResponse)(nil)
[pod/example-vttablet-zone1-0942943782-67bcbcdb/vttablet] I0212 18:51:07.491230       1 rpc_server.go:83] TabletManager.ReadVReplicationWorkflows()(on zone1-0942943782 from ): (*tabletmanagerdata.ReadVReplicationWorkflowsResponse)(nil)
[pod/example-vttablet-zone1-0942943782-67bcbcdb/vttablet] I0212 18:51:12.573751       1 rpc_server.go:83] TabletManager.VReplicationExec(query:"select distinct workflow from _vt.vreplication where state != 'Stopped' and db_name = 'benchmark'")(on zone1-0942943782 from ): (*tabletmanagerdata.VReplicationExecResponse)(nil)
[pod/example-vttablet-zone1-0942943782-67bcbcdb/vttablet] I0212 18:51:28.026869       1 rpc_server.go:83] TabletManager.VReplicationExec(query:"select distinct workflow from _vt.vreplication where state != 'Stopped' and db_name = 'benchmark'")(on zone1-0942943782 from ): (*tabletmanagerdata.VReplicationExecResponse)(nil)
[pod/example-vttablet-zone1-0942943782-67bcbcdb/vttablet] E0212 18:51:42.213630       1 query_throttler.go:140] Error loading config: open /config/throttler-config.json: no such file or directory
[pod/example-vttablet-zone1-0942943782-67bcbcdb/vttablet] I0212 18:51:44.743073       1 rpc_server.go:83] TabletManager.VReplicationExec(query:"select distinct workflow from _vt.vreplication where state != 'Stopped' and db_name = 'benchmark'")(on zone1-0942943782 from ): (*tabletmanagerdata.VReplicationExecResponse)(nil)
[pod/example-vttablet-zone1-0942943782-67bcbcdb/vttablet] I0212 18:52:02.415477       1 rpc_server.go:83] TabletManager.VReplicationExec(query:"select distinct workflow from _vt.vreplication where state != 'Stopped' and db_name = 'benchmark'")(on zone1-0942943782 from ): (*tabletmanagerdata.VReplicationExecResponse)(nil)
[pod/example-vttablet-zone1-0942943782-67bcbcdb/vttablet] I0212 18:52:20.374574       1 rpc_server.go:83] TabletManager.VReplicationExec(query:"select distinct workflow from _vt.vreplication where state != 'Stopped' and db_name = 'benchmark'")(on zone1-0942943782 from ): (*tabletmanagerdata.VReplicationExecResponse)(nil)
[pod/example-vttablet-zone1-0942943782-67bcbcdb/vttablet] I0212 18:52:33.771144       1 rpc_server.go:83] TabletManager.VReplicationExec(query:"select distinct workflow from _vt.vreplication where state != 'Stopped' and db_name = 'benchmark'")(on zone1-0942943782 from ): (*tabletmanagerdata.VReplicationExecResponse)(nil)
[pod/example-vttablet-zone1-0942943782-67bcbcdb/vttablet] E0212 18:52:42.213960       1 query_throttler.go:140] Error loading config: open /config/throttler-config.json: no such file or directory
[pod/example-vttablet-zone1-0942943782-67bcbcdb/vttablet] I0212 18:52:47.735887       1 rpc_server.go:83] TabletManager.VReplicationExec(query:"select distinct workflow from _vt.vreplication where state != 'Stopped' and db_name = 'benchmark'")(on zone1-0942943782 from ): (*tabletmanagerdata.VReplicationExecResponse)(nil)
[pod/example-vttablet-zone1-0942943782-67bcbcdb/vttablet] I0212 18:52:51.953571       1 rpc_schema.go:57] ReloadSchema requested via RPC
[pod/example-vttablet-zone1-0942943782-67bcbcdb/vttablet] I0212 18:52:52.035501       1 engine.go:647] schema engine created [sbtest1 sbtest10 sbtest2 sbtest3 sbtest4 sbtest5 sbtest6 sbtest7 sbtest8 sbtest9], altered [], dropped []
[pod/example-vttablet-zone1-0942943782-67bcbcdb/vttablet] I0212 18:53:02.671957       1 rpc_server.go:83] TabletManager.VReplicationExec(query:"select distinct workflow from _vt.vreplication where state != 'Stopped' and db_name = 'benchmark'")(on zone1-0942943782 from ): (*tabletmanagerdata.VReplicationExecResponse)(nil)
[pod/example-vttablet-zone1-0942943782-67bcbcdb/vttablet] I0212 18:53:19.935716       1 rpc_server.go:83] TabletManager.VReplicationExec(query:"select distinct workflow from _vt.vreplication where state != 'Stopped' and db_name = 'benchmark'")(on zone1-0942943782 from ): (*tabletmanagerdata.VReplicationExecResponse)(nil)
[pod/example-vttablet-zone1-0942943782-67bcbcdb/vttablet] I0212 18:53:35.104068       1 rpc_server.go:83] TabletManager.VReplicationExec(query:"select distinct workflow from _vt.vreplication where state != 'Stopped' and db_name = 'benchmark'")(on zone1-0942943782 from ): (*tabletmanagerdata.VReplicationExecResponse)(nil)
[pod/example-vttablet-zone1-0942943782-67bcbcdb/vttablet] E0212 18:53:42.213991       1 query_throttler.go:140] Error loading config: open /config/throttler-config.json: no such file or directory
[pod/example-vttablet-zone1-0942943782-67bcbcdb/vttablet] I0212 18:53:48.934992       1 rpc_server.go:83] TabletManager.VReplicationExec(query:"select distinct workflow from _vt.vreplication where state != 'Stopped' and db_name = 'benchmark'")(on zone1-0942943782 from ): (*tabletmanagerdata.VReplicationExecResponse)(nil)
[pod/example-vttablet-zone1-0942943782-67bcbcdb/vttablet] I0212 18:54:03.315325       1 rpc_server.go:83] TabletManager.VReplicationExec(query:"select distinct workflow from _vt.vreplication where state != 'Stopped' and db_name = 'benchmark'")(on zone1-0942943782 from ): (*tabletmanagerdata.VReplicationExecResponse)(nil)
[pod/example-vttablet-zone1-0942943782-67bcbcdb/vttablet] I0212 18:54:18.639646       1 rpc_server.go:83] TabletManager.VReplicationExec(query:"select distinct workflow from _vt.vreplication where state != 'Stopped' and db_name = 'benchmark'")(on zone1-0942943782 from ): (*tabletmanagerdata.VReplicationExecResponse)(nil)
[pod/example-vttablet-zone1-0942943782-67bcbcdb/vttablet] I0212 18:54:35.622267       1 rpc_server.go:83] TabletManager.VReplicationExec(query:"select distinct workflow from _vt.vreplication where state != 'Stopped' and db_name = 'benchmark'")(on zone1-0942943782 from ): (*tabletmanagerdata.VReplicationExecResponse)(nil)
[pod/example-vttablet-zone1-0942943782-67bcbcdb/vttablet] E0212 18:54:42.213951       1 query_throttler.go:140] Error loading config: open /config/throttler-config.json: no such file or directory
[pod/example-vttablet-zone1-0942943782-67bcbcdb/vttablet] I0212 18:54:51.958286       1 rpc_server.go:83] TabletManager.VReplicationExec(query:"select distinct workflow from _vt.vreplication where state != 'Stopped' and db_name = 'benchmark'")(on zone1-0942943782 from ): (*tabletmanagerdata.VReplicationExecResponse)(nil)
[pod/example-vttablet-zone1-0942943782-67bcbcdb/vttablet] I0212 18:55:07.353331       1 rpc_server.go:83] TabletManager.VReplicationExec(query:"select distinct workflow from _vt.vreplication where state != 'Stopped' and db_name = 'benchmark'")(on zone1-0942943782 from ): (*tabletmanagerdata.VReplicationExecResponse)(nil)
[pod/example-vttablet-zone1-0942943782-67bcbcdb/vttablet] I0212 18:55:22.981564       1 rpc_server.go:83] TabletManager.VReplicationExec(query:"select distinct workflow from _vt.vreplication where state != 'Stopped' and db_name = 'benchmark'")(on zone1-0942943782 from ): (*tabletmanagerdata.VReplicationExecResponse)(nil)
[pod/example-vttablet-zone1-0942943782-67bcbcdb/vttablet] I0212 18:55:40.036117       1 rpc_server.go:83] TabletManager.VReplicationExec(query:"select distinct workflow from _vt.vreplication where state != 'Stopped' and db_name = 'benchmark'")(on zone1-0942943782 from ): (*tabletmanagerdata.VReplicationExecResponse)(nil)
[pod/example-vttablet-zone1-0942943782-67bcbcdb/vttablet] E0212 18:55:42.213770       1 query_throttler.go:140] Error loading config: open /config/throttler-config.json: no such file or directory
[pod/example-vttablet-zone1-0942943782-67bcbcdb/vttablet] I0212 18:55:53.631648       1 rpc_server.go:83] TabletManager.VReplicationExec(query:"select distinct workflow from _vt.vreplication where state != 'Stopped' and db_name = 'benchmark'")(on zone1-0942943782 from ): (*tabletmanagerdata.VReplicationExecResponse)(nil)
[pod/example-vttablet-zone1-0942943782-67bcbcdb/vttablet] I0212 18:56:11.463560       1 rpc_server.go:83] TabletManager.VReplicationExec(query:"select distinct workflow from _vt.vreplication where state != 'Stopped' and db_name = 'benchmark'")(on zone1-0942943782 from ): (*tabletmanagerdata.VReplicationExecResponse)(nil)
[pod/example-vttablet-zone1-0942943782-67bcbcdb/vttablet] I0212 18:56:24.183418       1 rpc_server.go:83] TabletManager.VReplicationExec(query:"select distinct workflow from _vt.vreplication where state != 'Stopped' and db_name = 'benchmark'")(on zone1-0942943782 from ): (*tabletmanagerdata.VReplicationExecResponse)(nil)
[pod/example-vttablet-zone1-0942943782-67bcbcdb/vttablet] I0212 18:56:34.429940       1 rpc_server.go:83] TabletManager.VReplicationExec(query:"select distinct workflow from _vt.vreplication where state != 'Stopped' and db_name = 'benchmark'")(on zone1-0942943782 from ): (*tabletmanagerdata.VReplicationExecResponse)(nil)
[pod/example-vttablet-zone1-0942943782-67bcbcdb/vttablet] I0212 18:56:34.497228       1 rpc_server.go:83] TabletManager.VReplicationExec(query:"select distinct workflow from _vt.vreplication where state != 'Stopped' and db_name = 'benchmark'")(on zone1-0942943782 from ): (*tabletmanagerdata.VReplicationExecResponse)(nil)
[pod/example-vttablet-zone1-0942943782-67bcbcdb/vttablet] I0212 18:56:38.037201       1 rpc_server.go:83] TabletManager.VReplicationExec(query:"select distinct workflow from _vt.vreplication where state != 'Stopped' and db_name = 'benchmark'")(on zone1-0942943782 from ): (*tabletmanagerdata.VReplicationExecResponse)(nil)
[pod/example-vttablet-zone1-0942943782-67bcbcdb/vttablet] E0212 18:56:42.214135       1 query_throttler.go:140] Error loading config: open /config/throttler-config.json: no such file or directory
[pod/example-vttablet-zone1-0942943782-67bcbcdb/vttablet] I0212 18:56:49.818946       1 rpc_server.go:83] TabletManager.VReplicationExec(query:"select distinct workflow from _vt.vreplication where state != 'Stopped' and db_name = 'benchmark'")(on zone1-0942943782 from ): (*tabletmanagerdata.VReplicationExecResponse)(nil)
[pod/example-vttablet-zone1-0942943782-67bcbcdb/vttablet] I0212 18:57:06.713959       1 rpc_server.go:83] TabletManager.VReplicationExec(query:"select distinct workflow from _vt.vreplication where state != 'Stopped' and db_name = 'benchmark'")(on zone1-0942943782 from ): (*tabletmanagerdata.VReplicationExecResponse)(nil)
[pod/example-vttablet-zone1-0942943782-67bcbcdb/vttablet] I0212 18:57:23.172521       1 rpc_server.go:83] TabletManager.VReplicationExec(query:"select distinct workflow from _vt.vreplication where state != 'Stopped' and db_name = 'benchmark'")(on zone1-0942943782 from ): (*tabletmanagerdata.VReplicationExecResponse)(nil)
[pod/example-vttablet-zone1-0942943782-67bcbcdb/vttablet] I0212 18:57:39.894709       1 rpc_server.go:83] TabletManager.VReplicationExec(query:"select distinct workflow from _vt.vreplication where state != 'Stopped' and db_name = 'benchmark'")(on zone1-0942943782 from ): (*tabletmanagerdata.VReplicationExecResponse)(nil)
[pod/example-vttablet-zone1-0942943782-67bcbcdb/vttablet] E0212 18:57:42.214231       1 query_throttler.go:140] Error loading config: open /config/throttler-config.json: no such file or directory
[pod/example-vttablet-zone1-0942943782-67bcbcdb/vttablet] I0212 18:57:51.214583       1 rpc_server.go:83] TabletManager.VReplicationExec(query:"select distinct workflow from _vt.vreplication where state != 'Stopped' and db_name = 'benchmark'")(on zone1-0942943782 from ): (*tabletmanagerdata.VReplicationExecResponse)(nil)
[pod/example-vttablet-zone1-0942943782-67bcbcdb/vttablet] I0212 18:58:07.514258       1 rpc_server.go:83] TabletManager.VReplicationExec(query:"select distinct workflow from _vt.vreplication where state != 'Stopped' and db_name = 'benchmark'")(on zone1-0942943782 from ): (*tabletmanagerdata.VReplicationExecResponse)(nil)
[pod/example-vttablet-zone1-0942943782-67bcbcdb/vttablet] I0212 18:58:23.009852       1 rpc_server.go:83] TabletManager.VReplicationExec(query:"select distinct workflow from _vt.vreplication where state != 'Stopped' and db_name = 'benchmark'")(on zone1-0942943782 from ): (*tabletmanagerdata.VReplicationExecResponse)(nil)
[pod/example-vttablet-zone1-0942943782-67bcbcdb/vttablet] I0212 18:58:41.424627       1 rpc_server.go:83] TabletManager.VReplicationExec(query:"select distinct workflow from _vt.vreplication where state != 'Stopped' and db_name = 'benchmark'")(on zone1-0942943782 from ): (*tabletmanagerdata.VReplicationExecResponse)(nil)
[pod/example-vttablet-zone1-0942943782-67bcbcdb/vttablet] E0212 18:58:42.213982       1 query_throttler.go:140] Error loading config: open /config/throttler-config.json: no such file or directory
[pod/example-vttablet-zone1-0942943782-67bcbcdb/vttablet] I0212 18:58:59.387211       1 rpc_server.go:83] TabletManager.VReplicationExec(query:"select distinct workflow from _vt.vreplication where state != 'Stopped' and db_name = 'benchmark'")(on zone1-0942943782 from ): (*tabletmanagerdata.VReplicationExecResponse)(nil)
[pod/example-vttablet-zone1-0942943782-67bcbcdb/vttablet] I0212 18:59:11.812344       1 rpc_server.go:83] TabletManager.VReplicationExec(query:"select distinct workflow from _vt.vreplication where state != 'Stopped' and db_name = 'benchmark'")(on zone1-0942943782 from ): (*tabletmanagerdata.VReplicationExecResponse)(nil)
[pod/example-vttablet-zone1-0942943782-67bcbcdb/vttablet] I0212 18:59:25.950334       1 rpc_server.go:83] TabletManager.VReplicationExec(query:"select distinct workflow from _vt.vreplication where state != 'Stopped' and db_name = 'benchmark'")(on zone1-0942943782 from ): (*tabletmanagerdata.VReplicationExecResponse)(nil)
[pod/example-vttablet-zone1-0942943782-67bcbcdb/vttablet] I0212 18:59:40.140662       1 rpc_server.go:83] TabletManager.VReplicationExec(query:"select distinct workflow from _vt.vreplication where state != 'Stopped' and db_name = 'benchmark'")(on zone1-0942943782 from ): (*tabletmanagerdata.VReplicationExecResponse)(nil)
[pod/example-vttablet-zone1-0942943782-67bcbcdb/vttablet] E0212 18:59:42.213867       1 query_throttler.go:140] Error loading config: open /config/throttler-config.json: no such file or directory
[pod/example-vttablet-zone1-0942943782-67bcbcdb/vttablet] I0212 18:59:55.353649       1 rpc_server.go:83] TabletManager.VReplicationExec(query:"select distinct workflow from _vt.vreplication where state != 'Stopped' and db_name = 'benchmark'")(on zone1-0942943782 from ): (*tabletmanagerdata.VReplicationExecResponse)(nil)
[pod/example-vttablet-zone1-0942943782-67bcbcdb/vttablet] I0212 19:00:09.955055       1 rpc_server.go:83] TabletManager.VReplicationExec(query:"select distinct workflow from _vt.vreplication where state != 'Stopped' and db_name = 'benchmark'")(on zone1-0942943782 from ): (*tabletmanagerdata.VReplicationExecResponse)(nil)
[pod/example-vttablet-zone1-0942943782-67bcbcdb/vttablet] I0212 19:00:27.517513       1 rpc_server.go:83] TabletManager.VReplicationExec(query:"select distinct workflow from _vt.vreplication where state != 'Stopped' and db_name = 'benchmark'")(on zone1-0942943782 from ): (*tabletmanagerdata.VReplicationExecResponse)(nil)
[pod/example-vttablet-zone1-0942943782-67bcbcdb/vttablet] E0212 19:00:42.214436       1 query_throttler.go:140] Error loading config: open /config/throttler-config.json: no such file or directory
[pod/example-vttablet-zone1-0942943782-67bcbcdb/vttablet] I0212 19:00:43.747658       1 rpc_server.go:83] TabletManager.VReplicationExec(query:"select distinct workflow from _vt.vreplication where state != 'Stopped' and db_name = 'benchmark'")(on zone1-0942943782 from ): (*tabletmanagerdata.VReplicationExecResponse)(nil)
[pod/example-vttablet-zone1-0942943782-67bcbcdb/vttablet] I0212 19:00:57.003722       1 rpc_server.go:83] TabletManager.VReplicationExec(query:"select distinct workflow from _vt.vreplication where state != 'Stopped' and db_name = 'benchmark'")(on zone1-0942943782 from ): (*tabletmanagerdata.VReplicationExecResponse)(nil)
[pod/example-vttablet-zone1-0942943782-67bcbcdb/vttablet] I0212 19:01:08.485422       1 rpc_server.go:83] TabletManager.VReplicationExec(query:"select distinct workflow from _vt.vreplication where state != 'Stopped' and db_name = 'benchmark'")(on zone1-0942943782 from ): (*tabletmanagerdata.VReplicationExecResponse)(nil)
[pod/example-vttablet-zone1-0942943782-67bcbcdb/vttablet] I0212 19:01:21.690369       1 rpc_server.go:83] TabletManager.VReplicationExec(query:"select distinct workflow from _vt.vreplication where state != 'Stopped' and db_name = 'benchmark'")(on zone1-0942943782 from ): (*tabletmanagerdata.VReplicationExecResponse)(nil)
[pod/example-vttablet-zone1-0942943782-67bcbcdb/vttablet] I0212 19:01:38.835271       1 rpc_server.go:83] TabletManager.VReplicationExec(query:"select distinct workflow from _vt.vreplication where state != 'Stopped' and db_name = 'benchmark'")(on zone1-0942943782 from ): (*tabletmanagerdata.VReplicationExecResponse)(nil)
[pod/example-vttablet-zone1-0942943782-67bcbcdb/vttablet] E0212 19:01:42.213977       1 query_throttler.go:140] Error loading config: open /config/throttler-config.json: no such file or directory
[pod/example-vttablet-zone1-0942943782-67bcbcdb/vttablet] I0212 19:01:56.713143       1 rpc_server.go:83] TabletManager.VReplicationExec(query:"select distinct workflow from _vt.vreplication where state != 'Stopped' and db_name = 'benchmark'")(on zone1-0942943782 from ): (*tabletmanagerdata.VReplicationExecResponse)(nil)
[pod/example-vttablet-zone1-0942943782-67bcbcdb/vttablet] I0212 19:02:13.176152       1 rpc_server.go:83] TabletManager.VReplicationExec(query:"select distinct workflow from _vt.vreplication where state != 'Stopped' and db_name = 'benchmark'")(on zone1-0942943782 from ): (*tabletmanagerdata.VReplicationExecResponse)(nil)
[pod/example-vttablet-zone1-0942943782-67bcbcdb/vttablet] I0212 19:02:26.779072       1 rpc_server.go:83] TabletManager.VReplicationExec(query:"select distinct workflow from _vt.vreplication where state != 'Stopped' and db_name = 'benchmark'")(on zone1-0942943782 from ): (*tabletmanagerdata.VReplicationExecResponse)(nil)
[pod/example-vttablet-zone1-0942943782-67bcbcdb/vttablet] I0212 19:02:38.789577       1 rpc_server.go:83] TabletManager.VReplicationExec(query:"select distinct workflow from _vt.vreplication where state != 'Stopped' and db_name = 'benchmark'")(on zone1-0942943782 from ): (*tabletmanagerdata.VReplicationExecResponse)(nil)
[pod/example-vttablet-zone1-0942943782-67bcbcdb/vttablet] E0212 19:02:42.213906       1 query_throttler.go:140] Error loading config: open /config/throttler-config.json: no such file or directory
[pod/example-vttablet-zone1-0942943782-67bcbcdb/vttablet] I0212 19:02:57.002184       1 rpc_server.go:83] TabletManager.VReplicationExec(query:"select distinct workflow from _vt.vreplication where state != 'Stopped' and db_name = 'benchmark'")(on zone1-0942943782 from ): (*tabletmanagerdata.VReplicationExecResponse)(nil)
[pod/example-vttablet-zone1-0942943782-67bcbcdb/vttablet] I0212 19:03:09.601900       1 rpc_server.go:83] TabletManager.VReplicationExec(query:"select distinct workflow from _vt.vreplication where state != 'Stopped' and db_name = 'benchmark'")(on zone1-0942943782 from ): (*tabletmanagerdata.VReplicationExecResponse)(nil)
[pod/example-vttablet-zone1-0942943782-67bcbcdb/vttablet] I0212 19:03:23.732554       1 rpc_server.go:83] TabletManager.VReplicationExec(query:"select distinct workflow from _vt.vreplication where state != 'Stopped' and db_name = 'benchmark'")(on zone1-0942943782 from ): (*tabletmanagerdata.VReplicationExecResponse)(nil)
[pod/example-vttablet-zone1-0942943782-67bcbcdb/vttablet] I0212 19:03:36.666283       1 rpc_server.go:83] TabletManager.VReplicationExec(query:"select distinct workflow from _vt.vreplication where state != 'Stopped' and db_name = 'benchmark'")(on zone1-0942943782 from ): (*tabletmanagerdata.VReplicationExecResponse)(nil)
[pod/example-vttablet-zone1-0942943782-67bcbcdb/vttablet] E0212 19:03:42.213923       1 query_throttler.go:140] Error loading config: open /config/throttler-config.json: no such file or directory
[pod/example-vttablet-zone1-0942943782-67bcbcdb/vttablet] I0212 19:03:48.036910       1 rpc_server.go:83] TabletManager.VReplicationExec(query:"select distinct workflow from _vt.vreplication where state != 'Stopped' and db_name = 'benchmark'")(on zone1-0942943782 from ): (*tabletmanagerdata.VReplicationExecResponse)(nil)
[pod/example-vttablet-zone1-0942943782-67bcbcdb/vttablet] I0212 19:04:00.093879       1 rpc_server.go:83] TabletManager.VReplicationExec(query:"select distinct workflow from _vt.vreplication where state != 'Stopped' and db_name = 'benchmark'")(on zone1-0942943782 from ): (*tabletmanagerdata.VReplicationExecResponse)(nil)
[pod/example-vttablet-zone1-0942943782-67bcbcdb/vttablet] I0212 19:04:17.974522       1 rpc_server.go:83] TabletManager.VReplicationExec(query:"select distinct workflow from _vt.vreplication where state != 'Stopped' and db_name = 'benchmark'")(on zone1-0942943782 from ): (*tabletmanagerdata.VReplicationExecResponse)(nil)
[pod/example-vttablet-zone1-0942943782-67bcbcdb/vttablet] I0212 19:04:31.072851       1 rpc_server.go:83] TabletManager.VReplicationExec(query:"select distinct workflow from _vt.vreplication where state != 'Stopped' and db_name = 'benchmark'")(on zone1-0942943782 from ): (*tabletmanagerdata.VReplicationExecResponse)(nil)
[pod/example-vttablet-zone1-0942943782-67bcbcdb/vttablet] E0212 19:04:42.213719       1 query_throttler.go:140] Error loading config: open /config/throttler-config.json: no such file or directory
[pod/example-vttablet-zone1-0942943782-67bcbcdb/vttablet] I0212 19:04:42.436003       1 rpc_server.go:83] TabletManager.VReplicationExec(query:"select distinct workflow from _vt.vreplication where state != 'Stopped' and db_name = 'benchmark'")(on zone1-0942943782 from ): (*tabletmanagerdata.VReplicationExecResponse)(nil)
[pod/example-vttablet-zone1-0942943782-67bcbcdb/vttablet] I0212 19:04:59.959713       1 rpc_server.go:83] TabletManager.VReplicationExec(query:"select distinct workflow from _vt.vreplication where state != 'Stopped' and db_name = 'benchmark'")(on zone1-0942943782 from ): (*tabletmanagerdata.VReplicationExecResponse)(nil)
[pod/example-vttablet-zone1-0942943782-67bcbcdb/vttablet] I0212 19:05:18.291486       1 rpc_server.go:83] TabletManager.VReplicationExec(query:"select distinct workflow from _vt.vreplication where state != 'Stopped' and db_name = 'benchmark'")(on zone1-0942943782 from ): (*tabletmanagerdata.VReplicationExecResponse)(nil)
[pod/example-vttablet-zone1-0942943782-67bcbcdb/vttablet] I0212 19:05:18.937921       1 engine.go:647] schema engine created [], altered [sbtest1 sbtest10 sbtest2 sbtest3 sbtest4 sbtest5 sbtest6 sbtest7 sbtest8 sbtest9], dropped []
[pod/example-vttablet-zone1-0942943782-67bcbcdb/vttablet] I0212 19:05:30.457531       1 rpc_server.go:83] TabletManager.VReplicationExec(query:"select distinct workflow from _vt.vreplication where state != 'Stopped' and db_name = 'benchmark'")(on zone1-0942943782 from ): (*tabletmanagerdata.VReplicationExecResponse)(nil)
[pod/example-vttablet-zone1-0942943782-67bcbcdb/vttablet] E0212 19:05:42.213923       1 query_throttler.go:140] Error loading config: open /config/throttler-config.json: no such file or directory
[pod/example-vttablet-zone1-0942943782-67bcbcdb/vttablet] I0212 19:05:43.074612       1 rpc_server.go:83] TabletManager.VReplicationExec(query:"select distinct workflow from _vt.vreplication where state != 'Stopped' and db_name = 'benchmark'")(on zone1-0942943782 from ): (*tabletmanagerdata.VReplicationExecResponse)(nil)
[pod/example-vttablet-zone1-0942943782-67bcbcdb/vttablet] I0212 19:05:55.884161       1 rpc_server.go:83] TabletManager.VReplicationExec(query:"select distinct workflow from _vt.vreplication where state != 'Stopped' and db_name = 'benchmark'")(on zone1-0942943782 from ): (*tabletmanagerdata.VReplicationExecResponse)(nil)
[pod/example-vttablet-zone1-0942943782-67bcbcdb/vttablet] I0212 19:06:11.047413       1 rpc_server.go:83] TabletManager.VReplicationExec(query:"select distinct workflow from _vt.vreplication where state != 'Stopped' and db_name = 'benchmark'")(on zone1-0942943782 from ): (*tabletmanagerdata.VReplicationExecResponse)(nil)
[pod/example-vttablet-zone1-0942943782-67bcbcdb/vttablet] I0212 19:06:23.487569       1 rpc_server.go:83] TabletManager.VReplicationExec(query:"select distinct workflow from _vt.vreplication where state != 'Stopped' and db_name = 'benchmark'")(on zone1-0942943782 from ): (*tabletmanagerdata.VReplicationExecResponse)(nil)
[pod/example-vttablet-zone1-0942943782-67bcbcdb/vttablet] I0212 19:06:38.698451       1 rpc_server.go:83] TabletManager.VReplicationExec(query:"select distinct workflow from _vt.vreplication where state != 'Stopped' and db_name = 'benchmark'")(on zone1-0942943782 from ): (*tabletmanagerdata.VReplicationExecResponse)(nil)
[pod/example-vttablet-zone1-0942943782-67bcbcdb/vttablet] E0212 19:06:42.213564       1 query_throttler.go:140] Error loading config: open /config/throttler-config.json: no such file or directory
[pod/example-vttablet-zone1-0942943782-67bcbcdb/vttablet] I0212 19:06:56.680247       1 rpc_server.go:83] TabletManager.VReplicationExec(query:"select distinct workflow from _vt.vreplication where state != 'Stopped' and db_name = 'benchmark'")(on zone1-0942943782 from ): (*tabletmanagerdata.VReplicationExecResponse)(nil)
[pod/example-vttablet-zone1-0942943782-67bcbcdb/vttablet] I0212 19:06:58.320480       1 rpc_server.go:83] TabletManager.VReplicationExec(query:"select distinct workflow from _vt.vreplication where state != 'Stopped' and db_name = 'benchmark'")(on zone1-0942943782 from ): (*tabletmanagerdata.VReplicationExecResponse)(nil)
[pod/example-vttablet-zone1-0942943782-67bcbcdb/vttablet] I0212 19:06:58.369888       1 rpc_server.go:83] TabletManager.VReplicationExec(query:"select distinct workflow from _vt.vreplication where state != 'Stopped' and db_name = 'benchmark'")(on zone1-0942943782 from ): (*tabletmanagerdata.VReplicationExecResponse)(nil)
[pod/example-vttablet-zone1-0942943782-67bcbcdb/vttablet] I0212 19:07:03.620183       1 rpc_server.go:83] TabletManager.VReplicationExec(query:"select distinct workflow from _vt.vreplication where state != 'Stopped' and db_name = 'benchmark'")(on zone1-0942943782 from ): (*tabletmanagerdata.VReplicationExecResponse)(nil)
[pod/example-vttablet-zone1-0942943782-67bcbcdb/vttablet] I0212 19:07:19.380174       1 rpc_server.go:83] TabletManager.VReplicationExec(query:"select distinct workflow from _vt.vreplication where state != 'Stopped' and db_name = 'benchmark'")(on zone1-0942943782 from ): (*tabletmanagerdata.VReplicationExecResponse)(nil)
[pod/example-vttablet-zone1-0942943782-67bcbcdb/vttablet] I0212 19:07:37.703446       1 rpc_server.go:83] TabletManager.VReplicationExec(query:"select distinct workflow from _vt.vreplication where state != 'Stopped' and db_name = 'benchmark'")(on zone1-0942943782 from ): (*tabletmanagerdata.VReplicationExecResponse)(nil)
[pod/example-vttablet-zone1-0942943782-67bcbcdb/vttablet] E0212 19:07:42.213556       1 query_throttler.go:140] Error loading config: open /config/throttler-config.json: no such file or directory
[pod/example-vttablet-zone1-0942943782-67bcbcdb/vttablet] I0212 19:07:56.099837       1 rpc_server.go:83] TabletManager.VReplicationExec(query:"select distinct workflow from _vt.vreplication where state != 'Stopped' and db_name = 'benchmark'")(on zone1-0942943782 from ): (*tabletmanagerdata.VReplicationExecResponse)(nil)
[pod/example-vttablet-zone1-0942943782-67bcbcdb/vttablet] I0212 19:08:09.673107       1 rpc_server.go:83] TabletManager.VReplicationExec(query:"select distinct workflow from _vt.vreplication where state != 'Stopped' and db_name = 'benchmark'")(on zone1-0942943782 from ): (*tabletmanagerdata.VReplicationExecResponse)(nil)
[pod/example-vttablet-zone1-0942943782-67bcbcdb/vttablet] I0212 19:08:25.645977       1 rpc_server.go:83] TabletManager.VReplicationExec(query:"select distinct workflow from _vt.vreplication where state != 'Stopped' and db_name = 'benchmark'")(on zone1-0942943782 from ): (*tabletmanagerdata.VReplicationExecResponse)(nil)
[pod/example-vttablet-zone1-0942943782-67bcbcdb/vttablet] I0212 19:08:39.321796       1 rpc_server.go:83] TabletManager.VReplicationExec(query:"select distinct workflow from _vt.vreplication where state != 'Stopped' and db_name = 'benchmark'")(on zone1-0942943782 from ): (*tabletmanagerdata.VReplicationExecResponse)(nil)
[pod/example-vttablet-zone1-0942943782-67bcbcdb/vttablet] E0212 19:08:42.213958       1 query_throttler.go:140] Error loading config: open /config/throttler-config.json: no such file or directory
[pod/example-vttablet-zone1-0942943782-67bcbcdb/vttablet] I0212 19:08:50.671941       1 rpc_server.go:83] TabletManager.VReplicationExec(query:"select distinct workflow from _vt.vreplication where state != 'Stopped' and db_name = 'benchmark'")(on zone1-0942943782 from ): (*tabletmanagerdata.VReplicationExecResponse)(nil)
[pod/example-vttablet-zone1-0942943782-67bcbcdb/vttablet] I0212 19:09:06.827441       1 rpc_server.go:83] TabletManager.VReplicationExec(query:"select distinct workflow from _vt.vreplication where state != 'Stopped' and db_name = 'benchmark'")(on zone1-0942943782 from ): (*tabletmanagerdata.VReplicationExecResponse)(nil)
[pod/example-vttablet-zone1-0942943782-67bcbcdb/vttablet] I0212 19:09:24.342790       1 rpc_server.go:83] TabletManager.VReplicationExec(query:"select distinct workflow from _vt.vreplication where state != 'Stopped' and db_name = 'benchmark'")(on zone1-0942943782 from ): (*tabletmanagerdata.VReplicationExecResponse)(nil)
[pod/example-vttablet-zone1-0942943782-67bcbcdb/vttablet] I0212 19:09:37.553125       1 rpc_server.go:83] TabletManager.VReplicationExec(query:"select distinct workflow from _vt.vreplication where state != 'Stopped' and db_name = 'benchmark'")(on zone1-0942943782 from ): (*tabletmanagerdata.VReplicationExecResponse)(nil)
[pod/example-vttablet-zone1-0942943782-67bcbcdb/vttablet] E0212 19:09:42.214309       1 query_throttler.go:140] Error loading config: open /config/throttler-config.json: no such file or directory
[pod/example-vttablet-zone1-0942943782-67bcbcdb/vttablet] I0212 19:09:50.590480       1 rpc_server.go:83] TabletManager.VReplicationExec(query:"select distinct workflow from _vt.vreplication where state != 'Stopped' and db_name = 'benchmark'")(on zone1-0942943782 from ): (*tabletmanagerdata.VReplicationExecResponse)(nil)
[pod/example-vttablet-zone1-0942943782-67bcbcdb/vttablet] I0212 19:10:08.161989       1 rpc_server.go:83] TabletManager.VReplicationExec(query:"select distinct workflow from _vt.vreplication where state != 'Stopped' and db_name = 'benchmark'")(on zone1-0942943782 from ): (*tabletmanagerdata.VReplicationExecResponse)(nil)
[pod/example-vttablet-zone1-0942943782-67bcbcdb/vttablet] I0212 19:10:22.917270       1 rpc_server.go:83] TabletManager.VReplicationExec(query:"select distinct workflow from _vt.vreplication where state != 'Stopped' and db_name = 'benchmark'")(on zone1-0942943782 from ): (*tabletmanagerdata.VReplicationExecResponse)(nil)
[pod/example-vttablet-zone1-0942943782-67bcbcdb/vttablet] I0212 19:10:39.828208       1 rpc_server.go:83] TabletManager.VReplicationExec(query:"select distinct workflow from _vt.vreplication where state != 'Stopped' and db_name = 'benchmark'")(on zone1-0942943782 from ): (*tabletmanagerdata.VReplicationExecResponse)(nil)
[pod/example-vttablet-zone1-0942943782-67bcbcdb/vttablet] E0212 19:10:42.213731       1 query_throttler.go:140] Error loading config: open /config/throttler-config.json: no such file or directory
[pod/example-vttablet-zone1-0942943782-67bcbcdb/vttablet] I0212 19:10:55.334124       1 rpc_server.go:83] TabletManager.VReplicationExec(query:"select distinct workflow from _vt.vreplication where state != 'Stopped' and db_name = 'benchmark'")(on zone1-0942943782 from ): (*tabletmanagerdata.VReplicationExecResponse)(nil)
[pod/example-vttablet-zone1-0942943782-67bcbcdb/vttablet] I0212 19:11:12.883369       1 rpc_server.go:83] TabletManager.VReplicationExec(query:"select distinct workflow from _vt.vreplication where state != 'Stopped' and db_name = 'benchmark'")(on zone1-0942943782 from ): (*tabletmanagerdata.VReplicationExecResponse)(nil)
[pod/example-vttablet-zone1-0942943782-67bcbcdb/vttablet] I0212 19:11:25.908757       1 rpc_server.go:83] TabletManager.VReplicationExec(query:"select distinct workflow from _vt.vreplication where state != 'Stopped' and db_name = 'benchmark'")(on zone1-0942943782 from ): (*tabletmanagerdata.VReplicationExecResponse)(nil)
[pod/example-vttablet-zone1-0942943782-67bcbcdb/vttablet] E0212 19:11:42.214000       1 query_throttler.go:140] Error loading config: open /config/throttler-config.json: no such file or directory
[pod/example-vttablet-zone1-0942943782-67bcbcdb/vttablet] I0212 19:11:42.559015       1 rpc_server.go:83] TabletManager.VReplicationExec(query:"select distinct workflow from _vt.vreplication where state != 'Stopped' and db_name = 'benchmark'")(on zone1-0942943782 from ): (*tabletmanagerdata.VReplicationExecResponse)(nil)
[pod/example-vttablet-zone1-0942943782-67bcbcdb/vttablet] I0212 19:11:55.012982       1 rpc_server.go:83] TabletManager.VReplicationExec(query:"select distinct workflow from _vt.vreplication where state != 'Stopped' and db_name = 'benchmark'")(on zone1-0942943782 from ): (*tabletmanagerdata.VReplicationExecResponse)(nil)
[pod/example-vttablet-zone1-0942943782-67bcbcdb/vttablet] I0212 19:12:10.900223       1 rpc_server.go:83] TabletManager.VReplicationExec(query:"select distinct workflow from _vt.vreplication where state != 'Stopped' and db_name = 'benchmark'")(on zone1-0942943782 from ): (*tabletmanagerdata.VReplicationExecResponse)(nil)
[pod/example-vttablet-zone1-0942943782-67bcbcdb/vttablet] I0212 19:12:28.953345       1 rpc_server.go:83] TabletManager.VReplicationExec(query:"select distinct workflow from _vt.vreplication where state != 'Stopped' and db_name = 'benchmark'")(on zone1-0942943782 from ): (*tabletmanagerdata.VReplicationExecResponse)(nil)
[pod/example-vttablet-zone1-0942943782-67bcbcdb/vttablet] I0212 19:12:41.651579       1 rpc_server.go:83] TabletManager.VReplicationExec(query:"select distinct workflow from _vt.vreplication where state != 'Stopped' and db_name = 'benchmark'")(on zone1-0942943782 from ): (*tabletmanagerdata.VReplicationExecResponse)(nil)
[pod/example-vttablet-zone1-0942943782-67bcbcdb/vttablet] E0212 19:12:42.213727       1 query_throttler.go:140] Error loading config: open /config/throttler-config.json: no such file or directory
[pod/example-vttablet-zone1-0942943782-67bcbcdb/vttablet] I0212 19:12:58.429283       1 rpc_server.go:83] TabletManager.VReplicationExec(query:"select distinct workflow from _vt.vreplication where state != 'Stopped' and db_name = 'benchmark'")(on zone1-0942943782 from ): (*tabletmanagerdata.VReplicationExecResponse)(nil)
[pod/example-vttablet-zone1-0942943782-67bcbcdb/vttablet] I0212 19:13:11.748073       1 rpc_server.go:83] TabletManager.VReplicationExec(query:"select distinct workflow from _vt.vreplication where state != 'Stopped' and db_name = 'benchmark'")(on zone1-0942943782 from ): (*tabletmanagerdata.VReplicationExecResponse)(nil)
[pod/example-vttablet-zone1-0942943782-67bcbcdb/vttablet] I0212 19:13:30.553669       1 rpc_server.go:83] TabletManager.VReplicationExec(query:"select distinct workflow from _vt.vreplication where state != 'Stopped' and db_name = 'benchmark'")(on zone1-0942943782 from ): (*tabletmanagerdata.VReplicationExecResponse)(nil)
[pod/example-vttablet-zone1-0942943782-67bcbcdb/vttablet] E0212 19:13:42.214013       1 query_throttler.go:140] Error loading config: open /config/throttler-config.json: no such file or directory
[pod/example-vttablet-zone1-0942943782-67bcbcdb/vttablet] I0212 19:13:45.138533       1 rpc_server.go:83] TabletManager.VReplicationExec(query:"select distinct workflow from _vt.vreplication where state != 'Stopped' and db_name = 'benchmark'")(on zone1-0942943782 from ): (*tabletmanagerdata.VReplicationExecResponse)(nil)
[pod/example-vttablet-zone1-0942943782-67bcbcdb/vttablet] I0212 19:14:01.683488       1 rpc_server.go:83] TabletManager.VReplicationExec(query:"select distinct workflow from _vt.vreplication where state != 'Stopped' and db_name = 'benchmark'")(on zone1-0942943782 from ): (*tabletmanagerdata.VReplicationExecResponse)(nil)
[pod/example-vttablet-zone1-0942943782-67bcbcdb/vttablet] I0212 19:14:15.123682       1 rpc_server.go:83] TabletManager.VReplicationExec(query:"select distinct workflow from _vt.vreplication where state != 'Stopped' and db_name = 'benchmark'")(on zone1-0942943782 from ): (*tabletmanagerdata.VReplicationExecResponse)(nil)
[pod/example-vttablet-zone1-0942943782-67bcbcdb/vttablet] I0212 19:14:32.592619       1 rpc_server.go:83] TabletManager.VReplicationExec(query:"select distinct workflow from _vt.vreplication where state != 'Stopped' and db_name = 'benchmark'")(on zone1-0942943782 from ): (*tabletmanagerdata.VReplicationExecResponse)(nil)
[pod/example-vttablet-zone1-0942943782-67bcbcdb/vttablet] E0212 19:14:42.213942       1 query_throttler.go:140] Error loading config: open /config/throttler-config.json: no such file or directory
[pod/example-vttablet-zone1-0942943782-67bcbcdb/vttablet] I0212 19:14:48.357524       1 rpc_server.go:83] TabletManager.VReplicationExec(query:"select distinct workflow from _vt.vreplication where state != 'Stopped' and db_name = 'benchmark'")(on zone1-0942943782 from ): (*tabletmanagerdata.VReplicationExecResponse)(nil)
[pod/example-vttablet-zone1-0942943782-67bcbcdb/vttablet] I0212 19:15:03.038251       1 rpc_server.go:83] TabletManager.VReplicationExec(query:"select distinct workflow from _vt.vreplication where state != 'Stopped' and db_name = 'benchmark'")(on zone1-0942943782 from ): (*tabletmanagerdata.VReplicationExecResponse)(nil)
[pod/example-vttablet-zone1-0942943782-67bcbcdb/vttablet] I0212 19:15:19.151891       1 rpc_server.go:83] TabletManager.VReplicationExec(query:"select distinct workflow from _vt.vreplication where state != 'Stopped' and db_name = 'benchmark'")(on zone1-0942943782 from ): (*tabletmanagerdata.VReplicationExecResponse)(nil)
[pod/example-vttablet-zone1-0942943782-67bcbcdb/vttablet] I0212 19:15:31.544726       1 rpc_server.go:83] TabletManager.VReplicationExec(query:"select distinct workflow from _vt.vreplication where state != 'Stopped' and db_name = 'benchmark'")(on zone1-0942943782 from ): (*tabletmanagerdata.VReplicationExecResponse)(nil)
[pod/example-vttablet-zone1-0942943782-67bcbcdb/vttablet] E0212 19:15:42.214000       1 query_throttler.go:140] Error loading config: open /config/throttler-config.json: no such file or directory
[pod/example-vttablet-zone1-0942943782-67bcbcdb/vttablet] I0212 19:15:48.629056       1 rpc_server.go:83] TabletManager.VReplicationExec(query:"select distinct workflow from _vt.vreplication where state != 'Stopped' and db_name = 'benchmark'")(on zone1-0942943782 from ): (*tabletmanagerdata.VReplicationExecResponse)(nil)
[pod/example-vttablet-zone1-0942943782-67bcbcdb/vttablet] I0212 19:16:03.129887       1 rpc_server.go:83] TabletManager.VReplicationExec(query:"select distinct workflow from _vt.vreplication where state != 'Stopped' and db_name = 'benchmark'")(on zone1-0942943782 from ): (*tabletmanagerdata.VReplicationExecResponse)(nil)
[pod/example-vttablet-zone1-0942943782-67bcbcdb/vttablet] I0212 19:16:21.366206       1 rpc_server.go:83] TabletManager.VReplicationExec(query:"select distinct workflow from _vt.vreplication where state != 'Stopped' and db_name = 'benchmark'")(on zone1-0942943782 from ): (*tabletmanagerdata.VReplicationExecResponse)(nil)
[pod/example-vttablet-zone1-0942943782-67bcbcdb/vttablet] I0212 19:16:36.074915       1 rpc_server.go:83] TabletManager.VReplicationExec(query:"select distinct workflow from _vt.vreplication where state != 'Stopped' and db_name = 'benchmark'")(on zone1-0942943782 from ): (*tabletmanagerdata.VReplicationExecResponse)(nil)
[pod/example-vttablet-zone1-0942943782-67bcbcdb/vttablet] E0212 19:16:42.214094       1 query_throttler.go:140] Error loading config: open /config/throttler-config.json: no such file or directory
[pod/example-vttablet-zone1-0942943782-67bcbcdb/vttablet] I0212 19:16:53.866792       1 rpc_server.go:83] TabletManager.VReplicationExec(query:"select distinct workflow from _vt.vreplication where state != 'Stopped' and db_name = 'benchmark'")(on zone1-0942943782 from ): (*tabletmanagerdata.VReplicationExecResponse)(nil)
[pod/example-vttablet-zone1-0942943782-67bcbcdb/vttablet] I0212 19:17:11.392552       1 rpc_server.go:83] TabletManager.VReplicationExec(query:"select distinct workflow from _vt.vreplication where state != 'Stopped' and db_name = 'benchmark'")(on zone1-0942943782 from ): (*tabletmanagerdata.VReplicationExecResponse)(nil)
[pod/example-vttablet-zone1-0942943782-67bcbcdb/vttablet] I0212 19:17:22.102716       1 rpc_server.go:83] TabletManager.VReplicationExec(query:"select distinct workflow from _vt.vreplication where state != 'Stopped' and db_name = 'benchmark'")(on zone1-0942943782 from ): (*tabletmanagerdata.VReplicationExecResponse)(nil)
[pod/example-vttablet-zone1-0942943782-67bcbcdb/vttablet] I0212 19:17:22.142767       1 rpc_server.go:83] TabletManager.VReplicationExec(query:"select distinct workflow from _vt.vreplication where state != 'Stopped' and db_name = 'benchmark'")(on zone1-0942943782 from ): (*tabletmanagerdata.VReplicationExecResponse)(nil)
[pod/example-vttablet-zone1-0942943782-67bcbcdb/vttablet] I0212 19:17:29.242060       1 rpc_server.go:83] TabletManager.VReplicationExec(query:"select distinct workflow from _vt.vreplication where state != 'Stopped' and db_name = 'benchmark'")(on zone1-0942943782 from ): (*tabletmanagerdata.VReplicationExecResponse)(nil)
[pod/example-vttablet-zone1-0942943782-67bcbcdb/vttablet] E0212 19:17:42.213994       1 query_throttler.go:140] Error loading config: open /config/throttler-config.json: no such file or directory
[pod/example-vttablet-zone1-0942943782-67bcbcdb/vttablet] I0212 19:17:43.144348       1 rpc_server.go:83] TabletManager.VReplicationExec(query:"select distinct workflow from _vt.vreplication where state != 'Stopped' and db_name = 'benchmark'")(on zone1-0942943782 from ): (*tabletmanagerdata.VReplicationExecResponse)(nil)
[pod/example-vttablet-zone1-0942943782-67bcbcdb/vttablet] I0212 19:17:54.955277       1 rpc_server.go:83] TabletManager.VReplicationExec(query:"select distinct workflow from _vt.vreplication where state != 'Stopped' and db_name = 'benchmark'")(on zone1-0942943782 from ): (*tabletmanagerdata.VReplicationExecResponse)(nil)
[pod/example-vttablet-zone1-0942943782-67bcbcdb/vttablet] I0212 19:18:11.498877       1 rpc_server.go:83] TabletManager.VReplicationExec(query:"select distinct workflow from _vt.vreplication where state != 'Stopped' and db_name = 'benchmark'")(on zone1-0942943782 from ): (*tabletmanagerdata.VReplicationExecResponse)(nil)
[pod/example-vttablet-zone1-0942943782-67bcbcdb/vttablet] I0212 19:18:25.869760       1 rpc_server.go:83] TabletManager.VReplicationExec(query:"select distinct workflow from _vt.vreplication where state != 'Stopped' and db_name = 'benchmark'")(on zone1-0942943782 from ): (*tabletmanagerdata.VReplicationExecResponse)(nil)
[pod/example-vttablet-zone1-0942943782-67bcbcdb/vttablet] I0212 19:18:40.376612       1 rpc_server.go:83] TabletManager.VReplicationExec(query:"select distinct workflow from _vt.vreplication where state != 'Stopped' and db_name = 'benchmark'")(on zone1-0942943782 from ): (*tabletmanagerdata.VReplicationExecResponse)(nil)
[pod/example-vttablet-zone1-0942943782-67bcbcdb/vttablet] E0212 19:18:42.213616       1 query_throttler.go:140] Error loading config: open /config/throttler-config.json: no such file or directory
[pod/example-vttablet-zone1-0942943782-67bcbcdb/vttablet] I0212 19:18:53.981372       1 rpc_server.go:83] TabletManager.VReplicationExec(query:"select distinct workflow from _vt.vreplication where state != 'Stopped' and db_name = 'benchmark'")(on zone1-0942943782 from ): (*tabletmanagerdata.VReplicationExecResponse)(nil)
[pod/example-vttablet-zone1-0942943782-67bcbcdb/vttablet] I0212 19:19:09.711482       1 rpc_server.go:83] TabletManager.VReplicationExec(query:"select distinct workflow from _vt.vreplication where state != 'Stopped' and db_name = 'benchmark'")(on zone1-0942943782 from ): (*tabletmanagerdata.VReplicationExecResponse)(nil)
[pod/example-vttablet-zone1-0942943782-67bcbcdb/vttablet] I0212 19:19:23.536892       1 rpc_server.go:83] TabletManager.VReplicationExec(query:"select distinct workflow from _vt.vreplication where state != 'Stopped' and db_name = 'benchmark'")(on zone1-0942943782 from ): (*tabletmanagerdata.VReplicationExecResponse)(nil)
[pod/example-vttablet-zone1-0942943782-67bcbcdb/vttablet] I0212 19:19:41.034548       1 rpc_server.go:83] TabletManager.VReplicationExec(query:"select distinct workflow from _vt.vreplication where state != 'Stopped' and db_name = 'benchmark'")(on zone1-0942943782 from ): (*tabletmanagerdata.VReplicationExecResponse)(nil)
[pod/example-vttablet-zone1-0942943782-67bcbcdb/vttablet] E0212 19:19:42.213658       1 query_throttler.go:140] Error loading config: open /config/throttler-config.json: no such file or directory
[pod/example-vttablet-zone1-0942943782-67bcbcdb/vttablet] I0212 19:19:52.995792       1 rpc_server.go:83] TabletManager.VReplicationExec(query:"select distinct workflow from _vt.vreplication where state != 'Stopped' and db_name = 'benchmark'")(on zone1-0942943782 from ): (*tabletmanagerdata.VReplicationExecResponse)(nil)
[pod/example-vttablet-zone1-0942943782-67bcbcdb/vttablet] I0212 19:20:08.669345       1 rpc_server.go:83] TabletManager.VReplicationExec(query:"select distinct workflow from _vt.vreplication where state != 'Stopped' and db_name = 'benchmark'")(on zone1-0942943782 from ): (*tabletmanagerdata.VReplicationExecResponse)(nil)
[pod/example-vttablet-zone1-0942943782-67bcbcdb/vttablet] I0212 19:20:24.249256       1 rpc_server.go:83] TabletManager.VReplicationExec(query:"select distinct workflow from _vt.vreplication where state != 'Stopped' and db_name = 'benchmark'")(on zone1-0942943782 from ): (*tabletmanagerdata.VReplicationExecResponse)(nil)
[pod/example-vttablet-zone1-0942943782-67bcbcdb/vttablet] I0212 19:20:38.238123       1 rpc_server.go:83] TabletManager.VReplicationExec(query:"select distinct workflow from _vt.vreplication where state != 'Stopped' and db_name = 'benchmark'")(on zone1-0942943782 from ): (*tabletmanagerdata.VReplicationExecResponse)(nil)
[pod/example-vttablet-zone1-0942943782-67bcbcdb/vttablet] E0212 19:20:42.213441       1 query_throttler.go:140] Error loading config: open /config/throttler-config.json: no such file or directory
[pod/example-vttablet-zone1-0942943782-67bcbcdb/vttablet] I0212 19:20:56.885589       1 rpc_server.go:83] TabletManager.VReplicationExec(query:"select distinct workflow from _vt.vreplication where state != 'Stopped' and db_name = 'benchmark'")(on zone1-0942943782 from ): (*tabletmanagerdata.VReplicationExecResponse)(nil)
[pod/example-vttablet-zone1-0942943782-67bcbcdb/vttablet] I0212 19:21:09.963823       1 rpc_server.go:83] TabletManager.VReplicationExec(query:"select distinct workflow from _vt.vreplication where state != 'Stopped' and db_name = 'benchmark'")(on zone1-0942943782 from ): (*tabletmanagerdata.VReplicationExecResponse)(nil)
[pod/example-vttablet-zone1-0942943782-67bcbcdb/vttablet] I0212 19:21:23.166295       1 rpc_server.go:83] TabletManager.VReplicationExec(query:"select distinct workflow from _vt.vreplication where state != 'Stopped' and db_name = 'benchmark'")(on zone1-0942943782 from ): (*tabletmanagerdata.VReplicationExecResponse)(nil)
[pod/example-vttablet-zone1-0942943782-67bcbcdb/vttablet] I0212 19:21:38.591732       1 rpc_server.go:83] TabletManager.VReplicationExec(query:"select distinct workflow from _vt.vreplication where state != 'Stopped' and db_name = 'benchmark'")(on zone1-0942943782 from ): (*tabletmanagerdata.VReplicationExecResponse)(nil)
[pod/example-vttablet-zone1-0942943782-67bcbcdb/vttablet] E0212 19:21:42.213937       1 query_throttler.go:140] Error loading config: open /config/throttler-config.json: no such file or directory
[pod/example-vttablet-zone1-0942943782-67bcbcdb/vttablet] I0212 19:21:53.240281       1 rpc_server.go:83] TabletManager.VReplicationExec(query:"select distinct workflow from _vt.vreplication where state != 'Stopped' and db_name = 'benchmark'")(on zone1-0942943782 from ): (*tabletmanagerdata.VReplicationExecResponse)(nil)
[pod/example-vttablet-zone1-0942943782-67bcbcdb/vttablet] I0212 19:22:09.336178       1 rpc_server.go:83] TabletManager.VReplicationExec(query:"select distinct workflow from _vt.vreplication where state != 'Stopped' and db_name = 'benchmark'")(on zone1-0942943782 from ): (*tabletmanagerdata.VReplicationExecResponse)(nil)
[pod/example-vttablet-zone1-0942943782-67bcbcdb/vttablet] I0212 19:22:25.681798       1 rpc_server.go:83] TabletManager.VReplicationExec(query:"select distinct workflow from _vt.vreplication where state != 'Stopped' and db_name = 'benchmark'")(on zone1-0942943782 from ): (*tabletmanagerdata.VReplicationExecResponse)(nil)
[pod/example-vttablet-zone1-0942943782-67bcbcdb/vttablet] I0212 19:22:41.775612       1 rpc_server.go:83] TabletManager.VReplicationExec(query:"select distinct workflow from _vt.vreplication where state != 'Stopped' and db_name = 'benchmark'")(on zone1-0942943782 from ): (*tabletmanagerdata.VReplicationExecResponse)(nil)
[pod/example-vttablet-zone1-0942943782-67bcbcdb/vttablet] E0212 19:22:42.214147       1 query_throttler.go:140] Error loading config: open /config/throttler-config.json: no such file or directory
[pod/example-vttablet-zone1-0942943782-67bcbcdb/vttablet] I0212 19:22:54.307554       1 rpc_server.go:83] TabletManager.VReplicationExec(query:"select distinct workflow from _vt.vreplication where state != 'Stopped' and db_name = 'benchmark'")(on zone1-0942943782 from ): (*tabletmanagerdata.VReplicationExecResponse)(nil)
[pod/example-vttablet-zone1-0942943782-67bcbcdb/vttablet] I0212 19:23:11.028922       1 rpc_server.go:83] TabletManager.VReplicationExec(query:"select distinct workflow from _vt.vreplication where state != 'Stopped' and db_name = 'benchmark'")(on zone1-0942943782 from ): (*tabletmanagerdata.VReplicationExecResponse)(nil)
[pod/example-vttablet-zone1-0942943782-67bcbcdb/vttablet] I0212 19:23:26.235597       1 rpc_server.go:83] TabletManager.VReplicationExec(query:"select distinct workflow from _vt.vreplication where state != 'Stopped' and db_name = 'benchmark'")(on zone1-0942943782 from ): (*tabletmanagerdata.VReplicationExecResponse)(nil)
[pod/example-vttablet-zone1-0942943782-67bcbcdb/vttablet] I0212 19:23:39.682457       1 rpc_server.go:83] TabletManager.VReplicationExec(query:"select distinct workflow from _vt.vreplication where state != 'Stopped' and db_name = 'benchmark'")(on zone1-0942943782 from ): (*tabletmanagerdata.VReplicationExecResponse)(nil)
[pod/example-vttablet-zone1-0942943782-67bcbcdb/vttablet] E0212 19:23:42.214027       1 query_throttler.go:140] Error loading config: open /config/throttler-config.json: no such file or directory
[pod/example-vttablet-zone1-0942943782-67bcbcdb/vttablet] I0212 19:23:58.300626       1 rpc_server.go:83] TabletManager.VReplicationExec(query:"select distinct workflow from _vt.vreplication where state != 'Stopped' and db_name = 'benchmark'")(on zone1-0942943782 from ): (*tabletmanagerdata.VReplicationExecResponse)(nil)
[pod/example-vttablet-zone1-0942943782-67bcbcdb/vttablet] I0212 19:24:10.973900       1 rpc_server.go:83] TabletManager.VReplicationExec(query:"select distinct workflow from _vt.vreplication where state != 'Stopped' and db_name = 'benchmark'")(on zone1-0942943782 from ): (*tabletmanagerdata.VReplicationExecResponse)(nil)
[pod/example-vttablet-zone1-0942943782-67bcbcdb/vttablet] I0212 19:24:27.865647       1 rpc_server.go:83] TabletManager.VReplicationExec(query:"select distinct workflow from _vt.vreplication where state != 'Stopped' and db_name = 'benchmark'")(on zone1-0942943782 from ): (*tabletmanagerdata.VReplicationExecResponse)(nil)
[pod/example-vttablet-zone1-0942943782-67bcbcdb/vttablet] I0212 19:24:41.182694       1 rpc_server.go:83] TabletManager.VReplicationExec(query:"select distinct workflow from _vt.vreplication where state != 'Stopped' and db_name = 'benchmark'")(on zone1-0942943782 from ): (*tabletmanagerdata.VReplicationExecResponse)(nil)
[pod/example-vttablet-zone1-0942943782-67bcbcdb/vttablet] E0212 19:24:42.214134       1 query_throttler.go:140] Error loading config: open /config/throttler-config.json: no such file or directory
[pod/example-vttablet-zone1-0942943782-67bcbcdb/vttablet] I0212 19:24:54.270708       1 rpc_server.go:83] TabletManager.VReplicationExec(query:"select distinct workflow from _vt.vreplication where state != 'Stopped' and db_name = 'benchmark'")(on zone1-0942943782 from ): (*tabletmanagerdata.VReplicationExecResponse)(nil)
[pod/example-vttablet-zone1-0942943782-67bcbcdb/vttablet] I0212 19:25:12.040198       1 rpc_server.go:83] TabletManager.VReplicationExec(query:"select distinct workflow from _vt.vreplication where state != 'Stopped' and db_name = 'benchmark'")(on zone1-0942943782 from ): (*tabletmanagerdata.VReplicationExecResponse)(nil)
[pod/example-vttablet-zone1-0942943782-67bcbcdb/vttablet] I0212 19:25:25.567595       1 rpc_server.go:83] TabletManager.VReplicationExec(query:"select distinct workflow from _vt.vreplication where state != 'Stopped' and db_name = 'benchmark'")(on zone1-0942943782 from ): (*tabletmanagerdata.VReplicationExecResponse)(nil)
[pod/example-vttablet-zone1-0942943782-67bcbcdb/vttablet] I0212 19:25:37.325520       1 rpc_server.go:83] TabletManager.VReplicationExec(query:"select distinct workflow from _vt.vreplication where state != 'Stopped' and db_name = 'benchmark'")(on zone1-0942943782 from ): (*tabletmanagerdata.VReplicationExecResponse)(nil)
[pod/example-vttablet-zone1-0942943782-67bcbcdb/vttablet] E0212 19:25:42.213833       1 query_throttler.go:140] Error loading config: open /config/throttler-config.json: no such file or directory
[pod/example-vttablet-zone1-0942943782-67bcbcdb/vttablet] I0212 19:25:53.710585       1 rpc_server.go:83] TabletManager.VReplicationExec(query:"select distinct workflow from _vt.vreplication where state != 'Stopped' and db_name = 'benchmark'")(on zone1-0942943782 from ): (*tabletmanagerdata.VReplicationExecResponse)(nil)
[pod/example-vttablet-zone1-0942943782-67bcbcdb/vttablet] I0212 19:26:09.601410       1 rpc_server.go:83] TabletManager.VReplicationExec(query:"select distinct workflow from _vt.vreplication where state != 'Stopped' and db_name = 'benchmark'")(on zone1-0942943782 from ): (*tabletmanagerdata.VReplicationExecResponse)(nil)
[pod/example-vttablet-zone1-0942943782-67bcbcdb/vttablet] I0212 19:26:22.654642       1 rpc_server.go:83] TabletManager.VReplicationExec(query:"select distinct workflow from _vt.vreplication where state != 'Stopped' and db_name = 'benchmark'")(on zone1-0942943782 from ): (*tabletmanagerdata.VReplicationExecResponse)(nil)
[pod/example-vttablet-zone1-0942943782-67bcbcdb/vttablet] I0212 19:26:35.831138       1 rpc_server.go:83] TabletManager.VReplicationExec(query:"select distinct workflow from _vt.vreplication where state != 'Stopped' and db_name = 'benchmark'")(on zone1-0942943782 from ): (*tabletmanagerdata.VReplicationExecResponse)(nil)
[pod/example-vttablet-zone1-0942943782-67bcbcdb/vttablet] E0212 19:26:42.214001       1 query_throttler.go:140] Error loading config: open /config/throttler-config.json: no such file or directory
[pod/example-vttablet-zone1-0942943782-67bcbcdb/vttablet] I0212 19:26:48.124701       1 rpc_server.go:83] TabletManager.VReplicationExec(query:"select distinct workflow from _vt.vreplication where state != 'Stopped' and db_name = 'benchmark'")(on zone1-0942943782 from ): (*tabletmanagerdata.VReplicationExecResponse)(nil)
[pod/example-vttablet-zone1-0942943782-67bcbcdb/vttablet] I0212 19:27:00.024031       1 rpc_server.go:83] TabletManager.VReplicationExec(query:"select distinct workflow from _vt.vreplication where state != 'Stopped' and db_name = 'benchmark'")(on zone1-0942943782 from ): (*tabletmanagerdata.VReplicationExecResponse)(nil)
[pod/example-vttablet-zone1-0942943782-67bcbcdb/vttablet] I0212 19:27:18.351418       1 rpc_server.go:83] TabletManager.VReplicationExec(query:"select distinct workflow from _vt.vreplication where state != 'Stopped' and db_name = 'benchmark'")(on zone1-0942943782 from ): (*tabletmanagerdata.VReplicationExecResponse)(nil)
[pod/example-vttablet-zone1-0942943782-67bcbcdb/vttablet] I0212 19:27:34.469812       1 rpc_server.go:83] TabletManager.VReplicationExec(query:"select distinct workflow from _vt.vreplication where state != 'Stopped' and db_name = 'benchmark'")(on zone1-0942943782 from ): (*tabletmanagerdata.VReplicationExecResponse)(nil)
[pod/example-vttablet-zone1-0942943782-67bcbcdb/vttablet] E0212 19:27:42.214001       1 query_throttler.go:140] Error loading config: open /config/throttler-config.json: no such file or directory
[pod/example-vttablet-zone1-0942943782-67bcbcdb/vttablet] I0212 19:27:45.921948       1 rpc_server.go:83] TabletManager.VReplicationExec(query:"select distinct workflow from _vt.vreplication where state != 'Stopped' and db_name = 'benchmark'")(on zone1-0942943782 from ): (*tabletmanagerdata.VReplicationExecResponse)(nil)
[pod/example-vttablet-zone1-0942943782-67bcbcdb/vttablet] I0212 19:27:45.960175       1 rpc_server.go:83] TabletManager.VReplicationExec(query:"select distinct workflow from _vt.vreplication where state != 'Stopped' and db_name = 'benchmark'")(on zone1-0942943782 from ): (*tabletmanagerdata.VReplicationExecResponse)(nil)
[pod/example-vttablet-zone1-0942943782-67bcbcdb/vttablet] I0212 19:27:54.809035       1 rpc_server.go:83] TabletManager.VReplicationExec(query:"select distinct workflow from _vt.vreplication where state != 'Stopped' and db_name = 'benchmark'")(on zone1-0942943782 from ): (*tabletmanagerdata.VReplicationExecResponse)(nil)
[pod/example-vttablet-zone1-0942943782-67bcbcdb/vttablet] I0212 19:28:06.356561       1 rpc_server.go:83] TabletManager.VReplicationExec(query:"select distinct workflow from _vt.vreplication where state != 'Stopped' and db_name = 'benchmark'")(on zone1-0942943782 from ): (*tabletmanagerdata.VReplicationExecResponse)(nil)
[pod/example-vttablet-zone1-0942943782-67bcbcdb/vttablet] I0212 19:28:20.176619       1 rpc_server.go:83] TabletManager.VReplicationExec(query:"select distinct workflow from _vt.vreplication where state != 'Stopped' and db_name = 'benchmark'")(on zone1-0942943782 from ): (*tabletmanagerdata.VReplicationExecResponse)(nil)
[pod/example-vttablet-zone1-0942943782-67bcbcdb/vttablet] I0212 19:28:34.807583       1 rpc_server.go:83] TabletManager.VReplicationExec(query:"select distinct workflow from _vt.vreplication where state != 'Stopped' and db_name = 'benchmark'")(on zone1-0942943782 from ): (*tabletmanagerdata.VReplicationExecResponse)(nil)
[pod/example-vttablet-zone1-0942943782-67bcbcdb/vttablet] E0212 19:28:42.214460       1 query_throttler.go:140] Error loading config: open /config/throttler-config.json: no such file or directory
[pod/example-vttablet-zone1-0942943782-67bcbcdb/vttablet] I0212 19:28:49.813138       1 rpc_server.go:83] TabletManager.VReplicationExec(query:"select distinct workflow from _vt.vreplication where state != 'Stopped' and db_name = 'benchmark'")(on zone1-0942943782 from ): (*tabletmanagerdata.VReplicationExecResponse)(nil)
[pod/example-vttablet-zone1-0942943782-67bcbcdb/vttablet] I0212 19:29:04.766106       1 rpc_server.go:83] TabletManager.VReplicationExec(query:"select distinct workflow from _vt.vreplication where state != 'Stopped' and db_name = 'benchmark'")(on zone1-0942943782 from ): (*tabletmanagerdata.VReplicationExecResponse)(nil)
[pod/example-vttablet-zone1-0942943782-67bcbcdb/vttablet] I0212 19:29:19.369945       1 rpc_server.go:83] TabletManager.VReplicationExec(query:"select distinct workflow from _vt.vreplication where state != 'Stopped' and db_name = 'benchmark'")(on zone1-0942943782 from ): (*tabletmanagerdata.VReplicationExecResponse)(nil)
[pod/example-vttablet-zone1-0942943782-67bcbcdb/vttablet] I0212 19:29:34.908502       1 rpc_server.go:83] TabletManager.VReplicationExec(query:"select distinct workflow from _vt.vreplication where state != 'Stopped' and db_name = 'benchmark'")(on zone1-0942943782 from ): (*tabletmanagerdata.VReplicationExecResponse)(nil)
[pod/example-vttablet-zone1-0942943782-67bcbcdb/vttablet] E0212 19:29:42.213947       1 query_throttler.go:140] Error loading config: open /config/throttler-config.json: no such file or directory
[pod/example-vttablet-zone1-0942943782-67bcbcdb/vttablet] I0212 19:29:53.306972       1 rpc_server.go:83] TabletManager.VReplicationExec(query:"select distinct workflow from _vt.vreplication where state != 'Stopped' and db_name = 'benchmark'")(on zone1-0942943782 from ): (*tabletmanagerdata.VReplicationExecResponse)(nil)
[pod/example-vttablet-zone1-0942943782-67bcbcdb/vttablet] I0212 19:30:04.912590       1 rpc_server.go:83] TabletManager.VReplicationExec(query:"select distinct workflow from _vt.vreplication where state != 'Stopped' and db_name = 'benchmark'")(on zone1-0942943782 from ): (*tabletmanagerdata.VReplicationExecResponse)(nil)
[pod/example-vttablet-zone1-0942943782-67bcbcdb/vttablet] I0212 19:30:19.805383       1 rpc_server.go:83] TabletManager.VReplicationExec(query:"select distinct workflow from _vt.vreplication where state != 'Stopped' and db_name = 'benchmark'")(on zone1-0942943782 from ): (*tabletmanagerdata.VReplicationExecResponse)(nil)
[pod/example-vttablet-zone1-0942943782-67bcbcdb/vttablet] I0212 19:30:37.320531       1 rpc_server.go:83] TabletManager.VReplicationExec(query:"select distinct workflow from _vt.vreplication where state != 'Stopped' and db_name = 'benchmark'")(on zone1-0942943782 from ): (*tabletmanagerdata.VReplicationExecResponse)(nil)
[pod/example-vttablet-zone1-0942943782-67bcbcdb/vttablet] E0212 19:30:42.213641       1 query_throttler.go:140] Error loading config: open /config/throttler-config.json: no such file or directory
[pod/example-vttablet-zone1-0942943782-67bcbcdb/vttablet] I0212 19:30:54.096629       1 rpc_server.go:83] TabletManager.VReplicationExec(query:"select distinct workflow from _vt.vreplication where state != 'Stopped' and db_name = 'benchmark'")(on zone1-0942943782 from ): (*tabletmanagerdata.VReplicationExecResponse)(nil)
[pod/example-vttablet-zone1-0942943782-67bcbcdb/vttablet] I0212 19:31:10.821763       1 rpc_server.go:83] TabletManager.VReplicationExec(query:"select distinct workflow from _vt.vreplication where state != 'Stopped' and db_name = 'benchmark'")(on zone1-0942943782 from ): (*tabletmanagerdata.VReplicationExecResponse)(nil)
[pod/example-vttablet-zone1-0942943782-67bcbcdb/vttablet] I0212 19:31:29.595188       1 rpc_server.go:83] TabletManager.VReplicationExec(query:"select distinct workflow from _vt.vreplication where state != 'Stopped' and db_name = 'benchmark'")(on zone1-0942943782 from ): (*tabletmanagerdata.VReplicationExecResponse)(nil)
[pod/example-vttablet-zone1-0942943782-67bcbcdb/vttablet] E0212 19:31:42.213926       1 query_throttler.go:140] Error loading config: open /config/throttler-config.json: no such file or directory
[pod/example-vttablet-zone1-0942943782-67bcbcdb/vttablet] I0212 19:31:47.019427       1 rpc_server.go:83] TabletManager.VReplicationExec(query:"select distinct workflow from _vt.vreplication where state != 'Stopped' and db_name = 'benchmark'")(on zone1-0942943782 from ): (*tabletmanagerdata.VReplicationExecResponse)(nil)
[pod/example-vttablet-zone1-0942943782-67bcbcdb/vttablet] I0212 19:31:58.537546       1 rpc_server.go:83] TabletManager.VReplicationExec(query:"select distinct workflow from _vt.vreplication where state != 'Stopped' and db_name = 'benchmark'")(on zone1-0942943782 from ): (*tabletmanagerdata.VReplicationExecResponse)(nil)
[pod/example-vttablet-zone1-0942943782-67bcbcdb/vttablet] I0212 19:32:14.588989       1 rpc_server.go:83] TabletManager.VReplicationExec(query:"select distinct workflow from _vt.vreplication where state != 'Stopped' and db_name = 'benchmark'")(on zone1-0942943782 from ): (*tabletmanagerdata.VReplicationExecResponse)(nil)
[pod/example-vttablet-zone1-0942943782-67bcbcdb/vttablet] I0212 19:32:31.593369       1 rpc_server.go:83] TabletManager.VReplicationExec(query:"select distinct workflow from _vt.vreplication where state != 'Stopped' and db_name = 'benchmark'")(on zone1-0942943782 from ): (*tabletmanagerdata.VReplicationExecResponse)(nil)
[pod/example-vttablet-zone1-0942943782-67bcbcdb/vttablet] E0212 19:32:42.214017       1 query_throttler.go:140] Error loading config: open /config/throttler-config.json: no such file or directory
[pod/example-vttablet-zone1-0942943782-67bcbcdb/vttablet] I0212 19:32:47.162648       1 rpc_server.go:83] TabletManager.VReplicationExec(query:"select distinct workflow from _vt.vreplication where state != 'Stopped' and db_name = 'benchmark'")(on zone1-0942943782 from ): (*tabletmanagerdata.VReplicationExecResponse)(nil)
[pod/example-vttablet-zone1-0942943782-67bcbcdb/vttablet] I0212 19:33:05.512884       1 rpc_server.go:83] TabletManager.VReplicationExec(query:"select distinct workflow from _vt.vreplication where state != 'Stopped' and db_name = 'benchmark'")(on zone1-0942943782 from ): (*tabletmanagerdata.VReplicationExecResponse)(nil)
[pod/example-vttablet-zone1-0942943782-67bcbcdb/vttablet] I0212 19:33:20.320847       1 rpc_server.go:83] TabletManager.VReplicationExec(query:"select distinct workflow from _vt.vreplication where state != 'Stopped' and db_name = 'benchmark'")(on zone1-0942943782 from ): (*tabletmanagerdata.VReplicationExecResponse)(nil)
[pod/example-vttablet-zone1-0942943782-67bcbcdb/vttablet] I0212 19:33:36.511767       1 rpc_server.go:83] TabletManager.VReplicationExec(query:"select distinct workflow from _vt.vreplication where state != 'Stopped' and db_name = 'benchmark'")(on zone1-0942943782 from ): (*tabletmanagerdata.VReplicationExecResponse)(nil)
[pod/example-vttablet-zone1-0942943782-67bcbcdb/vttablet] E0212 19:33:42.213662       1 query_throttler.go:140] Error loading config: open /config/throttler-config.json: no such file or directory
[pod/example-vttablet-zone1-0942943782-67bcbcdb/vttablet] I0212 19:33:51.041900       1 rpc_server.go:83] TabletManager.VReplicationExec(query:"select distinct workflow from _vt.vreplication where state != 'Stopped' and db_name = 'benchmark'")(on zone1-0942943782 from ): (*tabletmanagerdata.VReplicationExecResponse)(nil)
[pod/example-vttablet-zone1-0942943782-67bcbcdb/vttablet] I0212 19:34:04.940282       1 rpc_server.go:83] TabletManager.VReplicationExec(query:"select distinct workflow from _vt.vreplication where state != 'Stopped' and db_name = 'benchmark'")(on zone1-0942943782 from ): (*tabletmanagerdata.VReplicationExecResponse)(nil)
[pod/example-vttablet-zone1-0942943782-67bcbcdb/vttablet] I0212 19:34:17.216656       1 rpc_server.go:83] TabletManager.VReplicationExec(query:"select distinct workflow from _vt.vreplication where state != 'Stopped' and db_name = 'benchmark'")(on zone1-0942943782 from ): (*tabletmanagerdata.VReplicationExecResponse)(nil)
[pod/example-vttablet-zone1-0942943782-67bcbcdb/vttablet] I0212 19:34:34.325179       1 rpc_server.go:83] TabletManager.VReplicationExec(query:"select distinct workflow from _vt.vreplication where state != 'Stopped' and db_name = 'benchmark'")(on zone1-0942943782 from ): (*tabletmanagerdata.VReplicationExecResponse)(nil)
[pod/example-vttablet-zone1-0942943782-67bcbcdb/vttablet] E0212 19:34:42.213773       1 query_throttler.go:140] Error loading config: open /config/throttler-config.json: no such file or directory
[pod/example-vttablet-zone1-0942943782-67bcbcdb/vttablet] I0212 19:34:51.313484       1 rpc_server.go:83] TabletManager.VReplicationExec(query:"select distinct workflow from _vt.vreplication where state != 'Stopped' and db_name = 'benchmark'")(on zone1-0942943782 from ): (*tabletmanagerdata.VReplicationExecResponse)(nil)
[pod/example-vttablet-zone1-0942943782-67bcbcdb/vttablet] I0212 19:35:07.879157       1 rpc_server.go:83] TabletManager.VReplicationExec(query:"select distinct workflow from _vt.vreplication where state != 'Stopped' and db_name = 'benchmark'")(on zone1-0942943782 from ): (*tabletmanagerdata.VReplicationExecResponse)(nil)
[pod/example-vttablet-zone1-0942943782-67bcbcdb/vttablet] I0212 19:35:25.039065       1 rpc_server.go:83] TabletManager.VReplicationExec(query:"select distinct workflow from _vt.vreplication where state != 'Stopped' and db_name = 'benchmark'")(on zone1-0942943782 from ): (*tabletmanagerdata.VReplicationExecResponse)(nil)
[pod/example-vttablet-zone1-0942943782-67bcbcdb/vttablet] I0212 19:35:40.939717       1 rpc_server.go:83] TabletManager.VReplicationExec(query:"select distinct workflow from _vt.vreplication where state != 'Stopped' and db_name = 'benchmark'")(on zone1-0942943782 from ): (*tabletmanagerdata.VReplicationExecResponse)(nil)
[pod/example-vttablet-zone1-0942943782-67bcbcdb/vttablet] E0212 19:35:42.214000       1 query_throttler.go:140] Error loading config: open /config/throttler-config.json: no such file or directory
[pod/example-vttablet-zone1-0942943782-67bcbcdb/vttablet] I0212 19:35:52.337576       1 rpc_server.go:83] TabletManager.VReplicationExec(query:"select distinct workflow from _vt.vreplication where state != 'Stopped' and db_name = 'benchmark'")(on zone1-0942943782 from ): (*tabletmanagerdata.VReplicationExecResponse)(nil)
[pod/example-vttablet-zone1-0942943782-67bcbcdb/vttablet] I0212 19:36:11.060205       1 rpc_server.go:83] TabletManager.VReplicationExec(query:"select distinct workflow from _vt.vreplication where state != 'Stopped' and db_name = 'benchmark'")(on zone1-0942943782 from ): (*tabletmanagerdata.VReplicationExecResponse)(nil)
[pod/example-vttablet-zone1-0942943782-67bcbcdb/vttablet] I0212 19:36:26.279770       1 rpc_server.go:83] TabletManager.VReplicationExec(query:"select distinct workflow from _vt.vreplication where state != 'Stopped' and db_name = 'benchmark'")(on zone1-0942943782 from ): (*tabletmanagerdata.VReplicationExecResponse)(nil)
[pod/example-vttablet-zone1-0942943782-67bcbcdb/vttablet] E0212 19:36:42.214058       1 query_throttler.go:140] Error loading config: open /config/throttler-config.json: no such file or directory
[pod/example-vttablet-zone1-0942943782-67bcbcdb/vttablet] I0212 19:36:42.780436       1 rpc_server.go:83] TabletManager.VReplicationExec(query:"select distinct workflow from _vt.vreplication where state != 'Stopped' and db_name = 'benchmark'")(on zone1-0942943782 from ): (*tabletmanagerdata.VReplicationExecResponse)(nil)
[pod/example-vttablet-zone1-0942943782-67bcbcdb/vttablet] I0212 19:36:55.498497       1 rpc_server.go:83] TabletManager.VReplicationExec(query:"select distinct workflow from _vt.vreplication where state != 'Stopped' and db_name = 'benchmark'")(on zone1-0942943782 from ): (*tabletmanagerdata.VReplicationExecResponse)(nil)
[pod/example-vttablet-zone1-0942943782-67bcbcdb/vttablet] I0212 19:37:08.267220       1 rpc_server.go:83] TabletManager.VReplicationExec(query:"select distinct workflow from _vt.vreplication where state != 'Stopped' and db_name = 'benchmark'")(on zone1-0942943782 from ): (*tabletmanagerdata.VReplicationExecResponse)(nil)
[pod/example-vttablet-zone1-0942943782-67bcbcdb/vttablet] I0212 19:37:22.792696       1 rpc_server.go:83] TabletManager.VReplicationExec(query:"select distinct workflow from _vt.vreplication where state != 'Stopped' and db_name = 'benchmark'")(on zone1-0942943782 from ): (*tabletmanagerdata.VReplicationExecResponse)(nil)
[pod/example-vttablet-zone1-0942943782-67bcbcdb/vttablet] I0212 19:37:36.880770       1 rpc_server.go:83] TabletManager.VReplicationExec(query:"select distinct workflow from _vt.vreplication where state != 'Stopped' and db_name = 'benchmark'")(on zone1-0942943782 from ): (*tabletmanagerdata.VReplicationExecResponse)(nil)
[pod/example-vttablet-zone1-0942943782-67bcbcdb/vttablet] E0212 19:37:42.214010       1 query_throttler.go:140] Error loading config: open /config/throttler-config.json: no such file or directory
[pod/example-vttablet-zone1-0942943782-67bcbcdb/vttablet] I0212 19:37:54.339812       1 rpc_server.go:83] TabletManager.VReplicationExec(query:"select distinct workflow from _vt.vreplication where state != 'Stopped' and db_name = 'benchmark'")(on zone1-0942943782 from ): (*tabletmanagerdata.VReplicationExecResponse)(nil)
[pod/example-vttablet-zone1-0942943782-67bcbcdb/vttablet] I0212 19:38:09.731637       1 rpc_server.go:83] TabletManager.VReplicationExec(query:"select distinct workflow from _vt.vreplication where state != 'Stopped' and db_name = 'benchmark'")(on zone1-0942943782 from ): (*tabletmanagerdata.VReplicationExecResponse)(nil)
[pod/example-vttablet-zone1-0942943782-67bcbcdb/vttablet] I0212 19:38:09.768877       1 rpc_server.go:83] TabletManager.VReplicationExec(query:"select distinct workflow from _vt.vreplication where state != 'Stopped' and db_name = 'benchmark'")(on zone1-0942943782 from ): (*tabletmanagerdata.VReplicationExecResponse)(nil)
[pod/example-vttablet-zone1-0942943782-67bcbcdb/vttablet] I0212 19:38:20.403926       1 rpc_server.go:83] TabletManager.VReplicationExec(query:"select distinct workflow from _vt.vreplication where state != 'Stopped' and db_name = 'benchmark'")(on zone1-0942943782 from ): (*tabletmanagerdata.VReplicationExecResponse)(nil)
[pod/example-vttablet-zone1-0942943782-67bcbcdb/vttablet] I0212 19:38:33.594563       1 rpc_server.go:83] TabletManager.VReplicationExec(query:"select distinct workflow from _vt.vreplication where state != 'Stopped' and db_name = 'benchmark'")(on zone1-0942943782 from ): (*tabletmanagerdata.VReplicationExecResponse)(nil)
[pod/example-vttablet-zone1-0942943782-67bcbcdb/vttablet] E0212 19:38:42.213614       1 query_throttler.go:140] Error loading config: open /config/throttler-config.json: no such file or directory
[pod/example-vttablet-zone1-0942943782-67bcbcdb/vttablet] I0212 19:38:51.732003       1 rpc_server.go:83] TabletManager.VReplicationExec(query:"select distinct workflow from _vt.vreplication where state != 'Stopped' and db_name = 'benchmark'")(on zone1-0942943782 from ): (*tabletmanagerdata.VReplicationExecResponse)(nil)
[pod/example-vttablet-zone1-0942943782-67bcbcdb/vttablet] I0212 19:39:09.265818       1 rpc_server.go:83] TabletManager.VReplicationExec(query:"select distinct workflow from _vt.vreplication where state != 'Stopped' and db_name = 'benchmark'")(on zone1-0942943782 from ): (*tabletmanagerdata.VReplicationExecResponse)(nil)
[pod/example-vttablet-zone1-0942943782-67bcbcdb/vttablet] I0212 19:39:27.524945       1 rpc_server.go:83] TabletManager.VReplicationExec(query:"select distinct workflow from _vt.vreplication where state != 'Stopped' and db_name = 'benchmark'")(on zone1-0942943782 from ): (*tabletmanagerdata.VReplicationExecResponse)(nil)
[pod/example-vttablet-zone1-0942943782-67bcbcdb/vttablet] E0212 19:39:42.214043       1 query_throttler.go:140] Error loading config: open /config/throttler-config.json: no such file or directory
[pod/example-vttablet-zone1-0942943782-67bcbcdb/vttablet] I0212 19:39:44.855955       1 rpc_server.go:83] TabletManager.VReplicationExec(query:"select distinct workflow from _vt.vreplication where state != 'Stopped' and db_name = 'benchmark'")(on zone1-0942943782 from ): (*tabletmanagerdata.VReplicationExecResponse)(nil)
[pod/example-vttablet-zone1-0942943782-67bcbcdb/vttablet] I0212 19:39:59.475849       1 rpc_server.go:83] TabletManager.VReplicationExec(query:"select distinct workflow from _vt.vreplication where state != 'Stopped' and db_name = 'benchmark'")(on zone1-0942943782 from ): (*tabletmanagerdata.VReplicationExecResponse)(nil)
[pod/example-vttablet-zone1-0942943782-67bcbcdb/vttablet] I0212 19:40:17.846713       1 rpc_server.go:83] TabletManager.VReplicationExec(query:"select distinct workflow from _vt.vreplication where state != 'Stopped' and db_name = 'benchmark'")(on zone1-0942943782 from ): (*tabletmanagerdata.VReplicationExecResponse)(nil)
[pod/example-vttablet-zone1-0942943782-67bcbcdb/vttablet] I0212 19:40:36.159956       1 rpc_server.go:83] TabletManager.VReplicationExec(query:"select distinct workflow from _vt.vreplication where state != 'Stopped' and db_name = 'benchmark'")(on zone1-0942943782 from ): (*tabletmanagerdata.VReplicationExecResponse)(nil)
[pod/example-vttablet-zone1-0942943782-67bcbcdb/vttablet] E0212 19:40:42.213791       1 query_throttler.go:140] Error loading config: open /config/throttler-config.json: no such file or directory
[pod/example-vttablet-zone1-0942943782-67bcbcdb/vttablet] I0212 19:40:54.060182       1 rpc_server.go:83] TabletManager.VReplicationExec(query:"select distinct workflow from _vt.vreplication where state != 'Stopped' and db_name = 'benchmark'")(on zone1-0942943782 from ): (*tabletmanagerdata.VReplicationExecResponse)(nil)
[pod/example-vttablet-zone1-0942943782-67bcbcdb/vttablet] I0212 19:41:05.511701       1 rpc_server.go:83] TabletManager.VReplicationExec(query:"select distinct workflow from _vt.vreplication where state != 'Stopped' and db_name = 'benchmark'")(on zone1-0942943782 from ): (*tabletmanagerdata.VReplicationExecResponse)(nil)
[pod/example-vttablet-zone1-0942943782-67bcbcdb/vttablet] I0212 19:41:20.658600       1 rpc_server.go:83] TabletManager.VReplicationExec(query:"select distinct workflow from _vt.vreplication where state != 'Stopped' and db_name = 'benchmark'")(on zone1-0942943782 from ): (*tabletmanagerdata.VReplicationExecResponse)(nil)
[pod/example-vttablet-zone1-0942943782-67bcbcdb/vttablet] I0212 19:41:36.203187       1 rpc_server.go:83] TabletManager.VReplicationExec(query:"select distinct workflow from _vt.vreplication where state != 'Stopped' and db_name = 'benchmark'")(on zone1-0942943782 from ): (*tabletmanagerdata.VReplicationExecResponse)(nil)
[pod/example-vttablet-zone1-0942943782-67bcbcdb/vttablet] E0212 19:41:42.213616       1 query_throttler.go:140] Error loading config: open /config/throttler-config.json: no such file or directory
[pod/example-vttablet-zone1-0942943782-67bcbcdb/vttablet] I0212 19:41:54.077912       1 rpc_server.go:83] TabletManager.VReplicationExec(query:"select distinct workflow from _vt.vreplication where state != 'Stopped' and db_name = 'benchmark'")(on zone1-0942943782 from ): (*tabletmanagerdata.VReplicationExecResponse)(nil)
[pod/example-vttablet-zone1-0942943782-67bcbcdb/vttablet] I0212 19:42:10.903276       1 rpc_server.go:83] TabletManager.VReplicationExec(query:"select distinct workflow from _vt.vreplication where state != 'Stopped' and db_name = 'benchmark'")(on zone1-0942943782 from ): (*tabletmanagerdata.VReplicationExecResponse)(nil)
[pod/example-vttablet-zone1-0942943782-67bcbcdb/vttablet] I0212 19:42:23.950487       1 rpc_server.go:83] TabletManager.VReplicationExec(query:"select distinct workflow from _vt.vreplication where state != 'Stopped' and db_name = 'benchmark'")(on zone1-0942943782 from ): (*tabletmanagerdata.VReplicationExecResponse)(nil)
[pod/example-vttablet-zone1-0942943782-67bcbcdb/vttablet] I0212 19:42:38.730578       1 rpc_server.go:83] TabletManager.VReplicationExec(query:"select distinct workflow from _vt.vreplication where state != 'Stopped' and db_name = 'benchmark'")(on zone1-0942943782 from ): (*tabletmanagerdata.VReplicationExecResponse)(nil)
[pod/example-vttablet-zone1-0942943782-67bcbcdb/vttablet] E0212 19:42:42.213573       1 query_throttler.go:140] Error loading config: open /config/throttler-config.json: no such file or directory
[pod/example-vttablet-zone1-0942943782-67bcbcdb/vttablet] I0212 19:42:52.496201       1 tablegc.go:405] TableGC: readAndCheckTables
[pod/example-vttablet-zone1-0942943782-67bcbcdb/vttablet] I0212 19:42:53.693855       1 rpc_server.go:83] TabletManager.VReplicationExec(query:"select distinct workflow from _vt.vreplication where state != 'Stopped' and db_name = 'benchmark'")(on zone1-0942943782 from ): (*tabletmanagerdata.VReplicationExecResponse)(nil)
[pod/example-vttablet-zone1-0942943782-67bcbcdb/vttablet] I0212 19:43:09.567837       1 rpc_server.go:83] TabletManager.VReplicationExec(query:"select distinct workflow from _vt.vreplication where state != 'Stopped' and db_name = 'benchmark'")(on zone1-0942943782 from ): (*tabletmanagerdata.VReplicationExecResponse)(nil)
[pod/example-vttablet-zone1-0942943782-67bcbcdb/vttablet] I0212 19:43:22.543629       1 rpc_server.go:83] TabletManager.VReplicationExec(query:"select distinct workflow from _vt.vreplication where state != 'Stopped' and db_name = 'benchmark'")(on zone1-0942943782 from ): (*tabletmanagerdata.VReplicationExecResponse)(nil)
[pod/example-vttablet-zone1-0942943782-67bcbcdb/vttablet] I0212 19:43:35.331483       1 rpc_server.go:83] TabletManager.VReplicationExec(query:"select distinct workflow from _vt.vreplication where state != 'Stopped' and db_name = 'benchmark'")(on zone1-0942943782 from ): (*tabletmanagerdata.VReplicationExecResponse)(nil)
[pod/example-vttablet-zone1-0942943782-67bcbcdb/vttablet] E0212 19:43:42.213908       1 query_throttler.go:140] Error loading config: open /config/throttler-config.json: no such file or directory
[pod/example-vttablet-zone1-0942943782-67bcbcdb/vttablet] I0212 19:43:51.642794       1 rpc_server.go:83] TabletManager.VReplicationExec(query:"select distinct workflow from _vt.vreplication where state != 'Stopped' and db_name = 'benchmark'")(on zone1-0942943782 from ): (*tabletmanagerdata.VReplicationExecResponse)(nil)
[pod/example-vttablet-zone1-0942943782-67bcbcdb/vttablet] I0212 19:44:08.705480       1 rpc_server.go:83] TabletManager.VReplicationExec(query:"select distinct workflow from _vt.vreplication where state != 'Stopped' and db_name = 'benchmark'")(on zone1-0942943782 from ): (*tabletmanagerdata.VReplicationExecResponse)(nil)
[pod/example-vttablet-zone1-0942943782-67bcbcdb/vttablet] I0212 19:44:24.198292       1 rpc_server.go:83] TabletManager.VReplicationExec(query:"select distinct workflow from _vt.vreplication where state != 'Stopped' and db_name = 'benchmark'")(on zone1-0942943782 from ): (*tabletmanagerdata.VReplicationExecResponse)(nil)
[pod/example-vttablet-zone1-0942943782-67bcbcdb/vttablet] I0212 19:44:38.518030       1 rpc_server.go:83] TabletManager.VReplicationExec(query:"select distinct workflow from _vt.vreplication where state != 'Stopped' and db_name = 'benchmark'")(on zone1-0942943782 from ): (*tabletmanagerdata.VReplicationExecResponse)(nil)
[pod/example-vttablet-zone1-0942943782-67bcbcdb/vttablet] E0212 19:44:42.214231       1 query_throttler.go:140] Error loading config: open /config/throttler-config.json: no such file or directory
[pod/example-vttablet-zone1-0942943782-67bcbcdb/vttablet] I0212 19:44:52.786810       1 rpc_server.go:83] TabletManager.VReplicationExec(query:"select distinct workflow from _vt.vreplication where state != 'Stopped' and db_name = 'benchmark'")(on zone1-0942943782 from ): (*tabletmanagerdata.VReplicationExecResponse)(nil)
[pod/example-vttablet-zone1-0942943782-67bcbcdb/vttablet] I0212 19:45:05.449648       1 rpc_server.go:83] TabletManager.VReplicationExec(query:"select distinct workflow from _vt.vreplication where state != 'Stopped' and db_name = 'benchmark'")(on zone1-0942943782 from ): (*tabletmanagerdata.VReplicationExecResponse)(nil)
[pod/example-vttablet-zone1-0942943782-67bcbcdb/vttablet] I0212 19:45:21.385610       1 rpc_server.go:83] TabletManager.VReplicationExec(query:"select distinct workflow from _vt.vreplication where state != 'Stopped' and db_name = 'benchmark'")(on zone1-0942943782 from ): (*tabletmanagerdata.VReplicationExecResponse)(nil)
[pod/example-vttablet-zone1-0942943782-67bcbcdb/vttablet] I0212 19:45:36.103378       1 rpc_server.go:83] TabletManager.VReplicationExec(query:"select distinct workflow from _vt.vreplication where state != 'Stopped' and db_name = 'benchmark'")(on zone1-0942943782 from ): (*tabletmanagerdata.VReplicationExecResponse)(nil)
[pod/example-vttablet-zone1-0942943782-67bcbcdb/vttablet] E0212 19:45:42.214257       1 query_throttler.go:140] Error loading config: open /config/throttler-config.json: no such file or directory
[pod/example-vttablet-zone1-0942943782-67bcbcdb/vttablet] I0212 19:45:51.177532       1 rpc_server.go:83] TabletManager.VReplicationExec(query:"select distinct workflow from _vt.vreplication where state != 'Stopped' and db_name = 'benchmark'")(on zone1-0942943782 from ): (*tabletmanagerdata.VReplicationExecResponse)(nil)
[pod/example-vttablet-zone1-0942943782-67bcbcdb/vttablet] I0212 19:46:09.183905       1 rpc_server.go:83] TabletManager.VReplicationExec(query:"select distinct workflow from _vt.vreplication where state != 'Stopped' and db_name = 'benchmark'")(on zone1-0942943782 from ): (*tabletmanagerdata.VReplicationExecResponse)(nil)
[pod/example-vttablet-zone1-0942943782-67bcbcdb/vttablet] I0212 19:46:25.823340       1 rpc_server.go:83] TabletManager.VReplicationExec(query:"select distinct workflow from _vt.vreplication where state != 'Stopped' and db_name = 'benchmark'")(on zone1-0942943782 from ): (*tabletmanagerdata.VReplicationExecResponse)(nil)
[pod/example-vttablet-zone1-0942943782-67bcbcdb/vttablet] E0212 19:46:42.214131       1 query_throttler.go:140] Error loading config: open /config/throttler-config.json: no such file or directory
[pod/example-vttablet-zone1-0942943782-67bcbcdb/vttablet] I0212 19:46:42.822864       1 rpc_server.go:83] TabletManager.VReplicationExec(query:"select distinct workflow from _vt.vreplication where state != 'Stopped' and db_name = 'benchmark'")(on zone1-0942943782 from ): (*tabletmanagerdata.VReplicationExecResponse)(nil)
[pod/example-vttablet-zone1-0942943782-67bcbcdb/vttablet] I0212 19:46:58.219766       1 rpc_server.go:83] TabletManager.VReplicationExec(query:"select distinct workflow from _vt.vreplication where state != 'Stopped' and db_name = 'benchmark'")(on zone1-0942943782 from ): (*tabletmanagerdata.VReplicationExecResponse)(nil)
[pod/example-vttablet-zone1-0942943782-67bcbcdb/vttablet] I0212 19:47:16.674894       1 rpc_server.go:83] TabletManager.VReplicationExec(query:"select distinct workflow from _vt.vreplication where state != 'Stopped' and db_name = 'benchmark'")(on zone1-0942943782 from ): (*tabletmanagerdata.VReplicationExecResponse)(nil)
[pod/example-vttablet-zone1-0942943782-67bcbcdb/vttablet] I0212 19:47:29.868049       1 rpc_server.go:83] TabletManager.VReplicationExec(query:"select distinct workflow from _vt.vreplication where state != 'Stopped' and db_name = 'benchmark'")(on zone1-0942943782 from ): (*tabletmanagerdata.VReplicationExecResponse)(nil)
[pod/example-vttablet-zone1-0942943782-67bcbcdb/vttablet] E0212 19:47:42.213912       1 query_throttler.go:140] Error loading config: open /config/throttler-config.json: no such file or directory
[pod/example-vttablet-zone1-0942943782-67bcbcdb/vttablet] I0212 19:47:48.255384       1 rpc_server.go:83] TabletManager.VReplicationExec(query:"select distinct workflow from _vt.vreplication where state != 'Stopped' and db_name = 'benchmark'")(on zone1-0942943782 from ): (*tabletmanagerdata.VReplicationExecResponse)(nil)
[pod/example-vttablet-zone1-0942943782-67bcbcdb/vttablet] I0212 19:48:04.142036       1 rpc_server.go:83] TabletManager.VReplicationExec(query:"select distinct workflow from _vt.vreplication where state != 'Stopped' and db_name = 'benchmark'")(on zone1-0942943782 from ): (*tabletmanagerdata.VReplicationExecResponse)(nil)
[pod/example-vttablet-zone1-0942943782-67bcbcdb/vttablet] I0212 19:48:15.844707       1 rpc_server.go:83] TabletManager.VReplicationExec(query:"select distinct workflow from _vt.vreplication where state != 'Stopped' and db_name = 'benchmark'")(on zone1-0942943782 from ): (*tabletmanagerdata.VReplicationExecResponse)(nil)
[pod/example-vttablet-zone1-0942943782-67bcbcdb/vttablet] I0212 19:48:31.385400       1 rpc_server.go:83] TabletManager.VReplicationExec(query:"select distinct workflow from _vt.vreplication where state != 'Stopped' and db_name = 'benchmark'")(on zone1-0942943782 from ): (*tabletmanagerdata.VReplicationExecResponse)(nil)
[pod/example-vttablet-zone1-0942943782-67bcbcdb/vttablet] I0212 19:48:33.573926       1 rpc_server.go:83] TabletManager.VReplicationExec(query:"select distinct workflow from _vt.vreplication where state != 'Stopped' and db_name = 'benchmark'")(on zone1-0942943782 from ): (*tabletmanagerdata.VReplicationExecResponse)(nil)
[pod/example-vttablet-zone1-0942943782-67bcbcdb/vttablet] I0212 19:48:33.613917       1 rpc_server.go:83] TabletManager.VReplicationExec(query:"select distinct workflow from _vt.vreplication where state != 'Stopped' and db_name = 'benchmark'")(on zone1-0942943782 from ): (*tabletmanagerdata.VReplicationExecResponse)(nil)
[pod/example-vttablet-zone1-0942943782-67bcbcdb/vttablet] E0212 19:48:42.213970       1 query_throttler.go:140] Error loading config: open /config/throttler-config.json: no such file or directory
[pod/example-vttablet-zone1-0942943782-67bcbcdb/vttablet] I0212 19:48:45.975747       1 rpc_server.go:83] TabletManager.VReplicationExec(query:"select distinct workflow from _vt.vreplication where state != 'Stopped' and db_name = 'benchmark'")(on zone1-0942943782 from ): (*tabletmanagerdata.VReplicationExecResponse)(nil)
[pod/example-vttablet-zone1-0942943782-67bcbcdb/vttablet] I0212 19:48:59.702003       1 rpc_server.go:83] TabletManager.VReplicationExec(query:"select distinct workflow from _vt.vreplication where state != 'Stopped' and db_name = 'benchmark'")(on zone1-0942943782 from ): (*tabletmanagerdata.VReplicationExecResponse)(nil)
[pod/example-vttablet-zone1-0942943782-67bcbcdb/vttablet] I0212 19:49:13.487030       1 rpc_server.go:83] TabletManager.VReplicationExec(query:"select distinct workflow from _vt.vreplication where state != 'Stopped' and db_name = 'benchmark'")(on zone1-0942943782 from ): (*tabletmanagerdata.VReplicationExecResponse)(nil)
[pod/example-vttablet-zone1-0942943782-67bcbcdb/vttablet] I0212 19:49:28.163030       1 rpc_server.go:83] TabletManager.VReplicationExec(query:"select distinct workflow from _vt.vreplication where state != 'Stopped' and db_name = 'benchmark'")(on zone1-0942943782 from ): (*tabletmanagerdata.VReplicationExecResponse)(nil)
[pod/example-vttablet-zone1-0942943782-67bcbcdb/vttablet] E0212 19:49:42.214411       1 query_throttler.go:140] Error loading config: open /config/throttler-config.json: no such file or directory
[pod/example-vttablet-zone1-0942943782-67bcbcdb/vttablet] I0212 19:49:42.523019       1 rpc_server.go:83] TabletManager.VReplicationExec(query:"select distinct workflow from _vt.vreplication where state != 'Stopped' and db_name = 'benchmark'")(on zone1-0942943782 from ): (*tabletmanagerdata.VReplicationExecResponse)(nil)
[pod/example-vttablet-zone1-0942943782-67bcbcdb/vttablet] I0212 19:49:55.777919       1 rpc_server.go:83] TabletManager.VReplicationExec(query:"select distinct workflow from _vt.vreplication where state != 'Stopped' and db_name = 'benchmark'")(on zone1-0942943782 from ): (*tabletmanagerdata.VReplicationExecResponse)(nil)
[pod/example-vttablet-zone1-0942943782-67bcbcdb/vttablet] I0212 19:50:12.214062       1 rpc_server.go:83] TabletManager.VReplicationExec(query:"select distinct workflow from _vt.vreplication where state != 'Stopped' and db_name = 'benchmark'")(on zone1-0942943782 from ): (*tabletmanagerdata.VReplicationExecResponse)(nil)
[pod/example-vttablet-zone1-0942943782-67bcbcdb/vttablet] I0212 19:50:30.564086       1 rpc_server.go:83] TabletManager.VReplicationExec(query:"select distinct workflow from _vt.vreplication where state != 'Stopped' and db_name = 'benchmark'")(on zone1-0942943782 from ): (*tabletmanagerdata.VReplicationExecResponse)(nil)
[pod/example-vttablet-zone1-0942943782-67bcbcdb/vttablet] E0212 19:50:42.213820       1 query_throttler.go:140] Error loading config: open /config/throttler-config.json: no such file or directory
[pod/example-vttablet-zone1-0942943782-67bcbcdb/vttablet] I0212 19:50:44.102807       1 rpc_server.go:83] TabletManager.VReplicationExec(query:"select distinct workflow from _vt.vreplication where state != 'Stopped' and db_name = 'benchmark'")(on zone1-0942943782 from ): (*tabletmanagerdata.VReplicationExecResponse)(nil)
[pod/example-vttablet-zone1-0942943782-67bcbcdb/vttablet] I0212 19:51:02.343262       1 rpc_server.go:83] TabletManager.VReplicationExec(query:"select distinct workflow from _vt.vreplication where state != 'Stopped' and db_name = 'benchmark'")(on zone1-0942943782 from ): (*tabletmanagerdata.VReplicationExecResponse)(nil)
[pod/example-vttablet-zone1-0942943782-67bcbcdb/vttablet] I0212 19:51:20.324155       1 rpc_server.go:83] TabletManager.VReplicationExec(query:"select distinct workflow from _vt.vreplication where state != 'Stopped' and db_name = 'benchmark'")(on zone1-0942943782 from ): (*tabletmanagerdata.VReplicationExecResponse)(nil)
[pod/example-vttablet-zone1-0942943782-67bcbcdb/vttablet] I0212 19:51:37.379374       1 rpc_server.go:83] TabletManager.VReplicationExec(query:"select distinct workflow from _vt.vreplication where state != 'Stopped' and db_name = 'benchmark'")(on zone1-0942943782 from ): (*tabletmanagerdata.VReplicationExecResponse)(nil)
[pod/example-vttablet-zone1-0942943782-67bcbcdb/vttablet] E0212 19:51:42.214043       1 query_throttler.go:140] Error loading config: open /config/throttler-config.json: no such file or directory
[pod/example-vttablet-zone1-0942943782-67bcbcdb/vttablet] I0212 19:51:52.580289       1 rpc_server.go:83] TabletManager.VReplicationExec(query:"select distinct workflow from _vt.vreplication where state != 'Stopped' and db_name = 'benchmark'")(on zone1-0942943782 from ): (*tabletmanagerdata.VReplicationExecResponse)(nil)
[pod/example-vttablet-zone1-0942943782-67bcbcdb/vttablet] I0212 19:52:06.235658       1 rpc_server.go:83] TabletManager.VReplicationExec(query:"select distinct workflow from _vt.vreplication where state != 'Stopped' and db_name = 'benchmark'")(on zone1-0942943782 from ): (*tabletmanagerdata.VReplicationExecResponse)(nil)
[pod/example-vttablet-zone1-0942943782-67bcbcdb/vttablet] I0212 19:52:20.963521       1 rpc_server.go:83] TabletManager.VReplicationExec(query:"select distinct workflow from _vt.vreplication where state != 'Stopped' and db_name = 'benchmark'")(on zone1-0942943782 from ): (*tabletmanagerdata.VReplicationExecResponse)(nil)
[pod/example-vttablet-zone1-0942943782-67bcbcdb/vttablet] I0212 19:52:36.762188       1 rpc_server.go:83] TabletManager.VReplicationExec(query:"select distinct workflow from _vt.vreplication where state != 'Stopped' and db_name = 'benchmark'")(on zone1-0942943782 from ): (*tabletmanagerdata.VReplicationExecResponse)(nil)
[pod/example-vttablet-zone1-0942943782-67bcbcdb/vttablet] E0212 19:52:42.213618       1 query_throttler.go:140] Error loading config: open /config/throttler-config.json: no such file or directory
[pod/example-vttablet-zone1-0942943782-67bcbcdb/vttablet] I0212 19:52:48.331907       1 rpc_server.go:83] TabletManager.VReplicationExec(query:"select distinct workflow from _vt.vreplication where state != 'Stopped' and db_name = 'benchmark'")(on zone1-0942943782 from ): (*tabletmanagerdata.VReplicationExecResponse)(nil)
[pod/example-vttablet-zone1-0942943782-67bcbcdb/vttablet] I0212 19:53:03.695267       1 rpc_server.go:83] TabletManager.VReplicationExec(query:"select distinct workflow from _vt.vreplication where state != 'Stopped' and db_name = 'benchmark'")(on zone1-0942943782 from ): (*tabletmanagerdata.VReplicationExecResponse)(nil)
[pod/example-vttablet-zone1-0942943782-67bcbcdb/vttablet] I0212 19:53:22.446198       1 rpc_server.go:83] TabletManager.VReplicationExec(query:"select distinct workflow from _vt.vreplication where state != 'Stopped' and db_name = 'benchmark'")(on zone1-0942943782 from ): (*tabletmanagerdata.VReplicationExecResponse)(nil)
[pod/example-vttablet-zone1-0942943782-67bcbcdb/vttablet] I0212 19:53:40.546373       1 rpc_server.go:83] TabletManager.VReplicationExec(query:"select distinct workflow from _vt.vreplication where state != 'Stopped' and db_name = 'benchmark'")(on zone1-0942943782 from ): (*tabletmanagerdata.VReplicationExecResponse)(nil)
[pod/example-vttablet-zone1-0942943782-67bcbcdb/vttablet] E0212 19:53:42.213793       1 query_throttler.go:140] Error loading config: open /config/throttler-config.json: no such file or directory
[pod/example-vttablet-zone1-0942943782-67bcbcdb/vttablet] I0212 19:53:58.138332       1 rpc_server.go:83] TabletManager.VReplicationExec(query:"select distinct workflow from _vt.vreplication where state != 'Stopped' and db_name = 'benchmark'")(on zone1-0942943782 from ): (*tabletmanagerdata.VReplicationExecResponse)(nil)
[pod/example-vttablet-zone1-0942943782-67bcbcdb/vttablet] I0212 19:54:10.980916       1 rpc_server.go:83] TabletManager.VReplicationExec(query:"select distinct workflow from _vt.vreplication where state != 'Stopped' and db_name = 'benchmark'")(on zone1-0942943782 from ): (*tabletmanagerdata.VReplicationExecResponse)(nil)
[pod/example-vttablet-zone1-0942943782-67bcbcdb/vttablet] I0212 19:54:27.654193       1 rpc_server.go:83] TabletManager.VReplicationExec(query:"select distinct workflow from _vt.vreplication where state != 'Stopped' and db_name = 'benchmark'")(on zone1-0942943782 from ): (*tabletmanagerdata.VReplicationExecResponse)(nil)
[pod/example-vttablet-zone1-0942943782-67bcbcdb/vttablet] I0212 19:54:39.086406       1 rpc_server.go:83] TabletManager.VReplicationExec(query:"select distinct workflow from _vt.vreplication where state != 'Stopped' and db_name = 'benchmark'")(on zone1-0942943782 from ): (*tabletmanagerdata.VReplicationExecResponse)(nil)
[pod/example-vttablet-zone1-0942943782-67bcbcdb/vttablet] E0212 19:54:42.214112       1 query_throttler.go:140] Error loading config: open /config/throttler-config.json: no such file or directory
[pod/example-vttablet-zone1-0942943782-67bcbcdb/vttablet] I0212 19:54:54.618012       1 rpc_server.go:83] TabletManager.VReplicationExec(query:"select distinct workflow from _vt.vreplication where state != 'Stopped' and db_name = 'benchmark'")(on zone1-0942943782 from ): (*tabletmanagerdata.VReplicationExecResponse)(nil)
[pod/example-vttablet-zone1-0942943782-67bcbcdb/vttablet] I0212 19:55:11.358102       1 rpc_server.go:83] TabletManager.VReplicationExec(query:"select distinct workflow from _vt.vreplication where state != 'Stopped' and db_name = 'benchmark'")(on zone1-0942943782 from ): (*tabletmanagerdata.VReplicationExecResponse)(nil)
[pod/example-vttablet-zone1-0942943782-67bcbcdb/vttablet] I0212 19:55:28.368569       1 rpc_server.go:83] TabletManager.VReplicationExec(query:"select distinct workflow from _vt.vreplication where state != 'Stopped' and db_name = 'benchmark'")(on zone1-0942943782 from ): (*tabletmanagerdata.VReplicationExecResponse)(nil)
[pod/example-vttablet-zone1-0942943782-67bcbcdb/vttablet] E0212 19:55:42.213769       1 query_throttler.go:140] Error loading config: open /config/throttler-config.json: no such file or directory
[pod/example-vttablet-zone1-0942943782-67bcbcdb/vttablet] I0212 19:55:44.714664       1 rpc_server.go:83] TabletManager.VReplicationExec(query:"select distinct workflow from _vt.vreplication where state != 'Stopped' and db_name = 'benchmark'")(on zone1-0942943782 from ): (*tabletmanagerdata.VReplicationExecResponse)(nil)
[pod/example-vttablet-zone1-0942943782-67bcbcdb/vttablet] I0212 19:55:59.900711       1 rpc_server.go:83] TabletManager.VReplicationExec(query:"select distinct workflow from _vt.vreplication where state != 'Stopped' and db_name = 'benchmark'")(on zone1-0942943782 from ): (*tabletmanagerdata.VReplicationExecResponse)(nil)
[pod/example-vttablet-zone1-0942943782-67bcbcdb/vttablet] I0212 19:56:15.957432       1 rpc_server.go:83] TabletManager.VReplicationExec(query:"select distinct workflow from _vt.vreplication where state != 'Stopped' and db_name = 'benchmark'")(on zone1-0942943782 from ): (*tabletmanagerdata.VReplicationExecResponse)(nil)
[pod/example-vttablet-zone1-0942943782-67bcbcdb/vttablet] I0212 19:56:33.403218       1 rpc_server.go:83] TabletManager.VReplicationExec(query:"select distinct workflow from _vt.vreplication where state != 'Stopped' and db_name = 'benchmark'")(on zone1-0942943782 from ): (*tabletmanagerdata.VReplicationExecResponse)(nil)
[pod/example-vttablet-zone1-0942943782-67bcbcdb/vttablet] E0212 19:56:42.213623       1 query_throttler.go:140] Error loading config: open /config/throttler-config.json: no such file or directory
[pod/example-vttablet-zone1-0942943782-67bcbcdb/vttablet] I0212 19:56:50.835092       1 rpc_server.go:83] TabletManager.VReplicationExec(query:"select distinct workflow from _vt.vreplication where state != 'Stopped' and db_name = 'benchmark'")(on zone1-0942943782 from ): (*tabletmanagerdata.VReplicationExecResponse)(nil)
[pod/example-vttablet-zone1-0942943782-67bcbcdb/vttablet] I0212 19:57:02.999399       1 rpc_server.go:83] TabletManager.VReplicationExec(query:"select distinct workflow from _vt.vreplication where state != 'Stopped' and db_name = 'benchmark'")(on zone1-0942943782 from ): (*tabletmanagerdata.VReplicationExecResponse)(nil)
[pod/example-vttablet-zone1-0942943782-67bcbcdb/vttablet] I0212 19:57:17.241648       1 rpc_server.go:83] TabletManager.VReplicationExec(query:"select distinct workflow from _vt.vreplication where state != 'Stopped' and db_name = 'benchmark'")(on zone1-0942943782 from ): (*tabletmanagerdata.VReplicationExecResponse)(nil)
[pod/example-vttablet-zone1-0942943782-67bcbcdb/vttablet] I0212 19:57:35.092919       1 rpc_server.go:83] TabletManager.VReplicationExec(query:"select distinct workflow from _vt.vreplication where state != 'Stopped' and db_name = 'benchmark'")(on zone1-0942943782 from ): (*tabletmanagerdata.VReplicationExecResponse)(nil)
[pod/example-vttablet-zone1-0942943782-67bcbcdb/vttablet] E0212 19:57:42.214006       1 query_throttler.go:140] Error loading config: open /config/throttler-config.json: no such file or directory
[pod/example-vttablet-zone1-0942943782-67bcbcdb/vttablet] I0212 19:57:46.724775       1 rpc_server.go:83] TabletManager.VReplicationExec(query:"select distinct workflow from _vt.vreplication where state != 'Stopped' and db_name = 'benchmark'")(on zone1-0942943782 from ): (*tabletmanagerdata.VReplicationExecResponse)(nil)
[pod/example-vttablet-zone1-0942943782-67bcbcdb/vttablet] I0212 19:58:01.477820       1 rpc_server.go:83] TabletManager.VReplicationExec(query:"select distinct workflow from _vt.vreplication where state != 'Stopped' and db_name = 'benchmark'")(on zone1-0942943782 from ): (*tabletmanagerdata.VReplicationExecResponse)(nil)
[pod/example-vttablet-zone1-0942943782-67bcbcdb/vttablet] I0212 19:58:16.469232       1 rpc_server.go:83] TabletManager.VReplicationExec(query:"select distinct workflow from _vt.vreplication where state != 'Stopped' and db_name = 'benchmark'")(on zone1-0942943782 from ): (*tabletmanagerdata.VReplicationExecResponse)(nil)
[pod/example-vttablet-zone1-0942943782-67bcbcdb/vttablet] I0212 19:58:31.294135       1 rpc_server.go:83] TabletManager.VReplicationExec(query:"select distinct workflow from _vt.vreplication where state != 'Stopped' and db_name = 'benchmark'")(on zone1-0942943782 from ): (*tabletmanagerdata.VReplicationExecResponse)(nil)
[pod/example-vttablet-zone1-0942943782-67bcbcdb/vttablet] E0212 19:58:42.213777       1 query_throttler.go:140] Error loading config: open /config/throttler-config.json: no such file or directory
[pod/example-vttablet-zone1-0942943782-67bcbcdb/vttablet] I0212 19:58:45.126358       1 rpc_server.go:83] TabletManager.VReplicationExec(query:"select distinct workflow from _vt.vreplication where state != 'Stopped' and db_name = 'benchmark'")(on zone1-0942943782 from ): (*tabletmanagerdata.VReplicationExecResponse)(nil)
[pod/example-vttablet-zone1-0942943782-67bcbcdb/vttablet] I0212 19:58:57.412070       1 rpc_server.go:83] TabletManager.VReplicationExec(query:"select distinct workflow from _vt.vreplication where state != 'Stopped' and db_name = 'benchmark'")(on zone1-0942943782 from ): (*tabletmanagerdata.VReplicationExecResponse)(nil)
[pod/example-vttablet-zone1-0942943782-67bcbcdb/vttablet] I0212 19:58:57.450267       1 rpc_server.go:83] TabletManager.VReplicationExec(query:"select distinct workflow from _vt.vreplication where state != 'Stopped' and db_name = 'benchmark'")(on zone1-0942943782 from ): (*tabletmanagerdata.VReplicationExecResponse)(nil)
[pod/example-vttablet-zone1-0942943782-67bcbcdb/vttablet] I0212 19:59:08.917079       1 rpc_server.go:83] TabletManager.VReplicationExec(query:"select distinct workflow from _vt.vreplication where state != 'Stopped' and db_name = 'benchmark'")(on zone1-0942943782 from ): (*tabletmanagerdata.VReplicationExecResponse)(nil)
[pod/example-vttablet-zone1-0942943782-67bcbcdb/vttablet] I0212 19:59:11.564352       1 rpc_server.go:83] TabletManager.VReplicationExec(query:"select distinct workflow from _vt.vreplication where state != 'Stopped' and db_name = 'benchmark'")(on zone1-0942943782 from ): (*tabletmanagerdata.VReplicationExecResponse)(nil)
[pod/example-vttablet-zone1-0942943782-67bcbcdb/vttablet] I0212 19:59:28.349118       1 rpc_server.go:83] TabletManager.VReplicationExec(query:"select distinct workflow from _vt.vreplication where state != 'Stopped' and db_name = 'benchmark'")(on zone1-0942943782 from ): (*tabletmanagerdata.VReplicationExecResponse)(nil)
[pod/example-vttablet-zone1-0942943782-67bcbcdb/vttablet] E0212 19:59:42.213830       1 query_throttler.go:140] Error loading config: open /config/throttler-config.json: no such file or directory
[pod/example-vttablet-zone1-0942943782-67bcbcdb/vttablet] I0212 19:59:43.331251       1 rpc_server.go:83] TabletManager.VReplicationExec(query:"select distinct workflow from _vt.vreplication where state != 'Stopped' and db_name = 'benchmark'")(on zone1-0942943782 from ): (*tabletmanagerdata.VReplicationExecResponse)(nil)
[pod/example-vttablet-zone1-0942943782-67bcbcdb/vttablet] I0212 19:59:58.122748       1 rpc_server.go:83] TabletManager.VReplicationExec(query:"select distinct workflow from _vt.vreplication where state != 'Stopped' and db_name = 'benchmark'")(on zone1-0942943782 from ): (*tabletmanagerdata.VReplicationExecResponse)(nil)
[pod/example-vttablet-zone1-0942943782-67bcbcdb/vttablet] I0212 20:00:16.870856       1 rpc_server.go:83] TabletManager.VReplicationExec(query:"select distinct workflow from _vt.vreplication where state != 'Stopped' and db_name = 'benchmark'")(on zone1-0942943782 from ): (*tabletmanagerdata.VReplicationExecResponse)(nil)
[pod/example-vttablet-zone1-0942943782-67bcbcdb/vttablet] I0212 20:00:32.272739       1 rpc_server.go:83] TabletManager.VReplicationExec(query:"select distinct workflow from _vt.vreplication where state != 'Stopped' and db_name = 'benchmark'")(on zone1-0942943782 from ): (*tabletmanagerdata.VReplicationExecResponse)(nil)
[pod/example-vttablet-zone1-0942943782-67bcbcdb/vttablet] E0212 20:00:42.213686       1 query_throttler.go:140] Error loading config: open /config/throttler-config.json: no such file or directory
[pod/example-vttablet-zone1-0942943782-67bcbcdb/vttablet] I0212 20:00:49.188958       1 rpc_server.go:83] TabletManager.VReplicationExec(query:"select distinct workflow from _vt.vreplication where state != 'Stopped' and db_name = 'benchmark'")(on zone1-0942943782 from ): (*tabletmanagerdata.VReplicationExecResponse)(nil)
[pod/example-vttablet-zone1-0942943782-67bcbcdb/vttablet] I0212 20:01:01.571389       1 rpc_server.go:83] TabletManager.VReplicationExec(query:"select distinct workflow from _vt.vreplication where state != 'Stopped' and db_name = 'benchmark'")(on zone1-0942943782 from ): (*tabletmanagerdata.VReplicationExecResponse)(nil)
[pod/example-vttablet-zone1-0942943782-67bcbcdb/vttablet] I0212 20:01:19.265058       1 rpc_server.go:83] TabletManager.VReplicationExec(query:"select distinct workflow from _vt.vreplication where state != 'Stopped' and db_name = 'benchmark'")(on zone1-0942943782 from ): (*tabletmanagerdata.VReplicationExecResponse)(nil)
[pod/example-vttablet-zone1-0942943782-67bcbcdb/vttablet] I0212 20:01:32.203860       1 rpc_server.go:83] TabletManager.VReplicationExec(query:"select distinct workflow from _vt.vreplication where state != 'Stopped' and db_name = 'benchmark'")(on zone1-0942943782 from ): (*tabletmanagerdata.VReplicationExecResponse)(nil)
[pod/example-vttablet-zone1-0942943782-67bcbcdb/vttablet] E0212 20:01:42.213930       1 query_throttler.go:140] Error loading config: open /config/throttler-config.json: no such file or directory
[pod/example-vttablet-zone1-0942943782-67bcbcdb/vttablet] I0212 20:01:43.983685       1 rpc_server.go:83] TabletManager.VReplicationExec(query:"select distinct workflow from _vt.vreplication where state != 'Stopped' and db_name = 'benchmark'")(on zone1-0942943782 from ): (*tabletmanagerdata.VReplicationExecResponse)(nil)
[pod/example-vttablet-zone1-0942943782-67bcbcdb/vttablet] I0212 20:02:00.150145       1 rpc_server.go:83] TabletManager.VReplicationExec(query:"select distinct workflow from _vt.vreplication where state != 'Stopped' and db_name = 'benchmark'")(on zone1-0942943782 from ): (*tabletmanagerdata.VReplicationExecResponse)(nil)
[pod/example-vttablet-zone1-0942943782-67bcbcdb/vttablet] I0212 20:02:14.785195       1 rpc_server.go:83] TabletManager.VReplicationExec(query:"select distinct workflow from _vt.vreplication where state != 'Stopped' and db_name = 'benchmark'")(on zone1-0942943782 from ): (*tabletmanagerdata.VReplicationExecResponse)(nil)
[pod/example-vttablet-zone1-0942943782-67bcbcdb/vttablet] I0212 20:02:31.083819       1 rpc_server.go:83] TabletManager.VReplicationExec(query:"select distinct workflow from _vt.vreplication where state != 'Stopped' and db_name = 'benchmark'")(on zone1-0942943782 from ): (*tabletmanagerdata.VReplicationExecResponse)(nil)
[pod/example-vttablet-zone1-0942943782-67bcbcdb/vttablet] E0212 20:02:42.214005       1 query_throttler.go:140] Error loading config: open /config/throttler-config.json: no such file or directory
[pod/example-vttablet-zone1-0942943782-67bcbcdb/vttablet] I0212 20:02:49.679415       1 rpc_server.go:83] TabletManager.VReplicationExec(query:"select distinct workflow from _vt.vreplication where state != 'Stopped' and db_name = 'benchmark'")(on zone1-0942943782 from ): (*tabletmanagerdata.VReplicationExecResponse)(nil)
[pod/example-vttablet-zone1-0942943782-67bcbcdb/vttablet] I0212 20:03:06.836351       1 rpc_server.go:83] TabletManager.VReplicationExec(query:"select distinct workflow from _vt.vreplication where state != 'Stopped' and db_name = 'benchmark'")(on zone1-0942943782 from ): (*tabletmanagerdata.VReplicationExecResponse)(nil)
[pod/example-vttablet-zone1-0942943782-67bcbcdb/vttablet] I0212 20:03:21.212826       1 rpc_server.go:83] TabletManager.VReplicationExec(query:"select distinct workflow from _vt.vreplication where state != 'Stopped' and db_name = 'benchmark'")(on zone1-0942943782 from ): (*tabletmanagerdata.VReplicationExecResponse)(nil)
[pod/example-vttablet-zone1-0942943782-67bcbcdb/vttablet] I0212 20:03:36.226313       1 rpc_server.go:83] TabletManager.VReplicationExec(query:"select distinct workflow from _vt.vreplication where state != 'Stopped' and db_name = 'benchmark'")(on zone1-0942943782 from ): (*tabletmanagerdata.VReplicationExecResponse)(nil)
[pod/example-vttablet-zone1-0942943782-67bcbcdb/vttablet] E0212 20:03:42.213597       1 query_throttler.go:140] Error loading config: open /config/throttler-config.json: no such file or directory
[pod/example-vttablet-zone1-0942943782-67bcbcdb/vttablet] I0212 20:03:54.633872       1 rpc_server.go:83] TabletManager.VReplicationExec(query:"select distinct workflow from _vt.vreplication where state != 'Stopped' and db_name = 'benchmark'")(on zone1-0942943782 from ): (*tabletmanagerdata.VReplicationExecResponse)(nil)
[pod/example-vttablet-zone1-0942943782-67bcbcdb/vttablet] I0212 20:04:11.649978       1 rpc_server.go:83] TabletManager.VReplicationExec(query:"select distinct workflow from _vt.vreplication where state != 'Stopped' and db_name = 'benchmark'")(on zone1-0942943782 from ): (*tabletmanagerdata.VReplicationExecResponse)(nil)
[pod/example-vttablet-zone1-0942943782-67bcbcdb/vttablet] I0212 20:04:24.181560       1 rpc_server.go:83] TabletManager.VReplicationExec(query:"select distinct workflow from _vt.vreplication where state != 'Stopped' and db_name = 'benchmark'")(on zone1-0942943782 from ): (*tabletmanagerdata.VReplicationExecResponse)(nil)
[pod/example-vttablet-zone1-0942943782-67bcbcdb/vttablet] I0212 20:04:39.214913       1 rpc_server.go:83] TabletManager.VReplicationExec(query:"select distinct workflow from _vt.vreplication where state != 'Stopped' and db_name = 'benchmark'")(on zone1-0942943782 from ): (*tabletmanagerdata.VReplicationExecResponse)(nil)
[pod/example-vttablet-zone1-0942943782-67bcbcdb/vttablet] E0212 20:04:42.213810       1 query_throttler.go:140] Error loading config: open /config/throttler-config.json: no such file or directory
[pod/example-vttablet-zone1-0942943782-67bcbcdb/vttablet] I0212 20:04:56.007505       1 rpc_server.go:83] TabletManager.VReplicationExec(query:"select distinct workflow from _vt.vreplication where state != 'Stopped' and db_name = 'benchmark'")(on zone1-0942943782 from ): (*tabletmanagerdata.VReplicationExecResponse)(nil)
[pod/example-vttablet-zone1-0942943782-67bcbcdb/vttablet] I0212 20:05:11.376117       1 rpc_server.go:83] TabletManager.VReplicationExec(query:"select distinct workflow from _vt.vreplication where state != 'Stopped' and db_name = 'benchmark'")(on zone1-0942943782 from ): (*tabletmanagerdata.VReplicationExecResponse)(nil)
[pod/example-vttablet-zone1-0942943782-67bcbcdb/vttablet] I0212 20:05:27.423112       1 rpc_server.go:83] TabletManager.VReplicationExec(query:"select distinct workflow from _vt.vreplication where state != 'Stopped' and db_name = 'benchmark'")(on zone1-0942943782 from ): (*tabletmanagerdata.VReplicationExecResponse)(nil)
[pod/example-vttablet-zone1-0942943782-67bcbcdb/vttablet] I0212 20:05:40.865029       1 rpc_server.go:83] TabletManager.VReplicationExec(query:"select distinct workflow from _vt.vreplication where state != 'Stopped' and db_name = 'benchmark'")(on zone1-0942943782 from ): (*tabletmanagerdata.VReplicationExecResponse)(nil)
[pod/example-vttablet-zone1-0942943782-67bcbcdb/vttablet] E0212 20:05:42.213968       1 query_throttler.go:140] Error loading config: open /config/throttler-config.json: no such file or directory
[pod/example-vttablet-zone1-0942943782-67bcbcdb/vttablet] I0212 20:05:57.592236       1 rpc_server.go:83] TabletManager.VReplicationExec(query:"select distinct workflow from _vt.vreplication where state != 'Stopped' and db_name = 'benchmark'")(on zone1-0942943782 from ): (*tabletmanagerdata.VReplicationExecResponse)(nil)
[pod/example-vttablet-zone1-0942943782-67bcbcdb/vttablet] I0212 20:06:09.092381       1 rpc_server.go:83] TabletManager.VReplicationExec(query:"select distinct workflow from _vt.vreplication where state != 'Stopped' and db_name = 'benchmark'")(on zone1-0942943782 from ): (*tabletmanagerdata.VReplicationExecResponse)(nil)
[pod/example-vttablet-zone1-0942943782-67bcbcdb/vttablet] I0212 20:06:27.308310       1 rpc_server.go:83] TabletManager.VReplicationExec(query:"select distinct workflow from _vt.vreplication where state != 'Stopped' and db_name = 'benchmark'")(on zone1-0942943782 from ): (*tabletmanagerdata.VReplicationExecResponse)(nil)
[pod/example-vttablet-zone1-0942943782-67bcbcdb/vttablet] E0212 20:06:42.213837       1 query_throttler.go:140] Error loading config: open /config/throttler-config.json: no such file or directory
[pod/example-vttablet-zone1-0942943782-67bcbcdb/vttablet] I0212 20:06:44.857973       1 rpc_server.go:83] TabletManager.VReplicationExec(query:"select distinct workflow from _vt.vreplication where state != 'Stopped' and db_name = 'benchmark'")(on zone1-0942943782 from ): (*tabletmanagerdata.VReplicationExecResponse)(nil)
[pod/example-vttablet-zone1-0942943782-67bcbcdb/vttablet] I0212 20:06:58.784160       1 rpc_server.go:83] TabletManager.VReplicationExec(query:"select distinct workflow from _vt.vreplication where state != 'Stopped' and db_name = 'benchmark'")(on zone1-0942943782 from ): (*tabletmanagerdata.VReplicationExecResponse)(nil)
[pod/example-vttablet-zone1-0942943782-67bcbcdb/vttablet] I0212 20:07:13.419150       1 rpc_server.go:83] TabletManager.VReplicationExec(query:"select distinct workflow from _vt.vreplication where state != 'Stopped' and db_name = 'benchmark'")(on zone1-0942943782 from ): (*tabletmanagerdata.VReplicationExecResponse)(nil)
[pod/example-vttablet-zone1-0942943782-67bcbcdb/vttablet] I0212 20:07:29.122346       1 rpc_server.go:83] TabletManager.VReplicationExec(query:"select distinct workflow from _vt.vreplication where state != 'Stopped' and db_name = 'benchmark'")(on zone1-0942943782 from ): (*tabletmanagerdata.VReplicationExecResponse)(nil)
[pod/example-vttablet-zone1-0942943782-67bcbcdb/vttablet] E0212 20:07:42.213868       1 query_throttler.go:140] Error loading config: open /config/throttler-config.json: no such file or directory
[pod/example-vttablet-zone1-0942943782-67bcbcdb/vttablet] I0212 20:07:43.130915       1 rpc_server.go:83] TabletManager.VReplicationExec(query:"select distinct workflow from _vt.vreplication where state != 'Stopped' and db_name = 'benchmark'")(on zone1-0942943782 from ): (*tabletmanagerdata.VReplicationExecResponse)(nil)
[pod/example-vttablet-zone1-0942943782-67bcbcdb/vttablet] I0212 20:07:54.675157       1 rpc_server.go:83] TabletManager.VReplicationExec(query:"select distinct workflow from _vt.vreplication where state != 'Stopped' and db_name = 'benchmark'")(on zone1-0942943782 from ): (*tabletmanagerdata.VReplicationExecResponse)(nil)
[pod/example-vttablet-zone1-0942943782-67bcbcdb/vttablet] I0212 20:08:07.732913       1 rpc_server.go:83] TabletManager.VReplicationExec(query:"select distinct workflow from _vt.vreplication where state != 'Stopped' and db_name = 'benchmark'")(on zone1-0942943782 from ): (*tabletmanagerdata.VReplicationExecResponse)(nil)
[pod/example-vttablet-zone1-0942943782-67bcbcdb/vttablet] I0212 20:08:26.183431       1 rpc_server.go:83] TabletManager.VReplicationExec(query:"select distinct workflow from _vt.vreplication where state != 'Stopped' and db_name = 'benchmark'")(on zone1-0942943782 from ): (*tabletmanagerdata.VReplicationExecResponse)(nil)
[pod/example-vttablet-zone1-0942943782-67bcbcdb/vttablet] I0212 20:08:40.365061       1 rpc_server.go:83] TabletManager.VReplicationExec(query:"select distinct workflow from _vt.vreplication where state != 'Stopped' and db_name = 'benchmark'")(on zone1-0942943782 from ): (*tabletmanagerdata.VReplicationExecResponse)(nil)
[pod/example-vttablet-zone1-0942943782-67bcbcdb/vttablet] E0212 20:08:42.214186       1 query_throttler.go:140] Error loading config: open /config/throttler-config.json: no such file or directory
[pod/example-vttablet-zone1-0942943782-67bcbcdb/vttablet] I0212 20:08:58.733589       1 rpc_server.go:83] TabletManager.VReplicationExec(query:"select distinct workflow from _vt.vreplication where state != 'Stopped' and db_name = 'benchmark'")(on zone1-0942943782 from ): (*tabletmanagerdata.VReplicationExecResponse)(nil)
[pod/example-vttablet-zone1-0942943782-67bcbcdb/vttablet] I0212 20:09:13.401006       1 rpc_server.go:83] TabletManager.VReplicationExec(query:"select distinct workflow from _vt.vreplication where state != 'Stopped' and db_name = 'benchmark'")(on zone1-0942943782 from ): (*tabletmanagerdata.VReplicationExecResponse)(nil)
[pod/example-vttablet-zone1-0942943782-67bcbcdb/vttablet] I0212 20:09:21.228661       1 rpc_server.go:83] TabletManager.VReplicationExec(query:"select distinct workflow from _vt.vreplication where state != 'Stopped' and db_name = 'benchmark'")(on zone1-0942943782 from ): (*tabletmanagerdata.VReplicationExecResponse)(nil)
[pod/example-vttablet-zone1-0942943782-67bcbcdb/vttablet] I0212 20:09:21.266596       1 rpc_server.go:83] TabletManager.VReplicationExec(query:"select distinct workflow from _vt.vreplication where state != 'Stopped' and db_name = 'benchmark'")(on zone1-0942943782 from ): (*tabletmanagerdata.VReplicationExecResponse)(nil)
[pod/example-vttablet-zone1-0942943782-67bcbcdb/vttablet] I0212 20:09:37.158436       1 rpc_server.go:83] TabletManager.VReplicationExec(query:"select distinct workflow from _vt.vreplication where state != 'Stopped' and db_name = 'benchmark'")(on zone1-0942943782 from ): (*tabletmanagerdata.VReplicationExecResponse)(nil)
[pod/example-vttablet-zone1-0942943782-67bcbcdb/vttablet] E0212 20:09:42.213848       1 query_throttler.go:140] Error loading config: open /config/throttler-config.json: no such file or directory
[pod/example-vttablet-zone1-0942943782-67bcbcdb/vttablet] I0212 20:09:49.168820       1 rpc_server.go:83] TabletManager.VReplicationExec(query:"select distinct workflow from _vt.vreplication where state != 'Stopped' and db_name = 'benchmark'")(on zone1-0942943782 from ): (*tabletmanagerdata.VReplicationExecResponse)(nil)
[pod/example-vttablet-zone1-0942943782-67bcbcdb/vttablet] I0212 20:10:07.723163       1 rpc_server.go:83] TabletManager.VReplicationExec(query:"select distinct workflow from _vt.vreplication where state != 'Stopped' and db_name = 'benchmark'")(on zone1-0942943782 from ): (*tabletmanagerdata.VReplicationExecResponse)(nil)
[pod/example-vttablet-zone1-0942943782-67bcbcdb/vttablet] I0212 20:10:24.853320       1 rpc_server.go:83] TabletManager.VReplicationExec(query:"select distinct workflow from _vt.vreplication where state != 'Stopped' and db_name = 'benchmark'")(on zone1-0942943782 from ): (*tabletmanagerdata.VReplicationExecResponse)(nil)
[pod/example-vttablet-zone1-0942943782-67bcbcdb/vttablet] I0212 20:10:37.893624       1 rpc_server.go:83] TabletManager.VReplicationExec(query:"select distinct workflow from _vt.vreplication where state != 'Stopped' and db_name = 'benchmark'")(on zone1-0942943782 from ): (*tabletmanagerdata.VReplicationExecResponse)(nil)
[pod/example-vttablet-zone1-0942943782-67bcbcdb/vttablet] E0212 20:10:42.214226       1 query_throttler.go:140] Error loading config: open /config/throttler-config.json: no such file or directory
[pod/example-vttablet-zone1-0942943782-67bcbcdb/vttablet] I0212 20:10:50.665653       1 rpc_server.go:83] TabletManager.VReplicationExec(query:"select distinct workflow from _vt.vreplication where state != 'Stopped' and db_name = 'benchmark'")(on zone1-0942943782 from ): (*tabletmanagerdata.VReplicationExecResponse)(nil)
[pod/example-vttablet-zone1-0942943782-67bcbcdb/vttablet] I0212 20:11:07.433162       1 rpc_server.go:83] TabletManager.VReplicationExec(query:"select distinct workflow from _vt.vreplication where state != 'Stopped' and db_name = 'benchmark'")(on zone1-0942943782 from ): (*tabletmanagerdata.VReplicationExecResponse)(nil)
[pod/example-vttablet-zone1-0942943782-67bcbcdb/vttablet] I0212 20:11:20.645332       1 rpc_server.go:83] TabletManager.VReplicationExec(query:"select distinct workflow from _vt.vreplication where state != 'Stopped' and db_name = 'benchmark'")(on zone1-0942943782 from ): (*tabletmanagerdata.VReplicationExecResponse)(nil)
[pod/example-vttablet-zone1-0942943782-67bcbcdb/vttablet] I0212 20:11:32.477057       1 rpc_server.go:83] TabletManager.VReplicationExec(query:"select distinct workflow from _vt.vreplication where state != 'Stopped' and db_name = 'benchmark'")(on zone1-0942943782 from ): (*tabletmanagerdata.VReplicationExecResponse)(nil)
[pod/example-vttablet-zone1-0942943782-67bcbcdb/vttablet] E0212 20:11:42.213974       1 query_throttler.go:140] Error loading config: open /config/throttler-config.json: no such file or directory
[pod/example-vttablet-zone1-0942943782-67bcbcdb/vttablet] I0212 20:11:45.406823       1 rpc_server.go:83] TabletManager.VReplicationExec(query:"select distinct workflow from _vt.vreplication where state != 'Stopped' and db_name = 'benchmark'")(on zone1-0942943782 from ): (*tabletmanagerdata.VReplicationExecResponse)(nil)
[pod/example-vttablet-zone1-0942943782-67bcbcdb/vttablet] I0212 20:12:02.740953       1 rpc_server.go:83] TabletManager.VReplicationExec(query:"select distinct workflow from _vt.vreplication where state != 'Stopped' and db_name = 'benchmark'")(on zone1-0942943782 from ): (*tabletmanagerdata.VReplicationExecResponse)(nil)
[pod/example-vttablet-zone1-0942943782-67bcbcdb/vttablet] I0212 20:12:18.254534       1 rpc_server.go:83] TabletManager.VReplicationExec(query:"select distinct workflow from _vt.vreplication where state != 'Stopped' and db_name = 'benchmark'")(on zone1-0942943782 from ): (*tabletmanagerdata.VReplicationExecResponse)(nil)
[pod/example-vttablet-zone1-0942943782-67bcbcdb/vttablet] I0212 20:12:35.299686       1 rpc_server.go:83] TabletManager.VReplicationExec(query:"select distinct workflow from _vt.vreplication where state != 'Stopped' and db_name = 'benchmark'")(on zone1-0942943782 from ): (*tabletmanagerdata.VReplicationExecResponse)(nil)
[pod/example-vttablet-zone1-0942943782-67bcbcdb/vttablet] E0212 20:12:42.213774       1 query_throttler.go:140] Error loading config: open /config/throttler-config.json: no such file or directory
[pod/example-vttablet-zone1-0942943782-67bcbcdb/vttablet] I0212 20:12:50.413804       1 rpc_server.go:83] TabletManager.VReplicationExec(query:"select distinct workflow from _vt.vreplication where state != 'Stopped' and db_name = 'benchmark'")(on zone1-0942943782 from ): (*tabletmanagerdata.VReplicationExecResponse)(nil)
[pod/example-vttablet-zone1-0942943782-67bcbcdb/vttablet] I0212 20:13:03.693245       1 rpc_server.go:83] TabletManager.VReplicationExec(query:"select distinct workflow from _vt.vreplication where state != 'Stopped' and db_name = 'benchmark'")(on zone1-0942943782 from ): (*tabletmanagerdata.VReplicationExecResponse)(nil)
[pod/example-vttablet-zone1-0942943782-67bcbcdb/vttablet] I0212 20:13:17.030053       1 rpc_server.go:83] TabletManager.VReplicationExec(query:"select distinct workflow from _vt.vreplication where state != 'Stopped' and db_name = 'benchmark'")(on zone1-0942943782 from ): (*tabletmanagerdata.VReplicationExecResponse)(nil)
[pod/example-vttablet-zone1-0942943782-67bcbcdb/vttablet] I0212 20:13:35.397086       1 rpc_server.go:83] TabletManager.VReplicationExec(query:"select distinct workflow from _vt.vreplication where state != 'Stopped' and db_name = 'benchmark'")(on zone1-0942943782 from ): (*tabletmanagerdata.VReplicationExecResponse)(nil)
[pod/example-vttablet-zone1-0942943782-67bcbcdb/vttablet] E0212 20:13:42.213624       1 query_throttler.go:140] Error loading config: open /config/throttler-config.json: no such file or directory
[pod/example-vttablet-zone1-0942943782-67bcbcdb/vttablet] I0212 20:13:46.716389       1 rpc_server.go:83] TabletManager.VReplicationExec(query:"select distinct workflow from _vt.vreplication where state != 'Stopped' and db_name = 'benchmark'")(on zone1-0942943782 from ): (*tabletmanagerdata.VReplicationExecResponse)(nil)
[pod/example-vttablet-zone1-0942943782-67bcbcdb/vttablet] I0212 20:13:59.361740       1 rpc_server.go:83] TabletManager.VReplicationExec(query:"select distinct workflow from _vt.vreplication where state != 'Stopped' and db_name = 'benchmark'")(on zone1-0942943782 from ): (*tabletmanagerdata.VReplicationExecResponse)(nil)
[pod/example-vttablet-zone1-0942943782-67bcbcdb/vttablet] I0212 20:14:11.666222       1 rpc_server.go:83] TabletManager.VReplicationExec(query:"select distinct workflow from _vt.vreplication where state != 'Stopped' and db_name = 'benchmark'")(on zone1-0942943782 from ): (*tabletmanagerdata.VReplicationExecResponse)(nil)
[pod/example-vttablet-zone1-0942943782-67bcbcdb/vttablet] I0212 20:14:24.088235       1 rpc_server.go:83] TabletManager.VReplicationExec(query:"select distinct workflow from _vt.vreplication where state != 'Stopped' and db_name = 'benchmark'")(on zone1-0942943782 from ): (*tabletmanagerdata.VReplicationExecResponse)(nil)
[pod/example-vttablet-zone1-0942943782-67bcbcdb/vttablet] E0212 20:14:42.213850       1 query_throttler.go:140] Error loading config: open /config/throttler-config.json: no such file or directory
[pod/example-vttablet-zone1-0942943782-67bcbcdb/vttablet] I0212 20:14:42.660664       1 rpc_server.go:83] TabletManager.VReplicationExec(query:"select distinct workflow from _vt.vreplication where state != 'Stopped' and db_name = 'benchmark'")(on zone1-0942943782 from ): (*tabletmanagerdata.VReplicationExecResponse)(nil)
[pod/example-vttablet-zone1-0942943782-67bcbcdb/vttablet] I0212 20:14:59.013199       1 rpc_server.go:83] TabletManager.VReplicationExec(query:"select distinct workflow from _vt.vreplication where state != 'Stopped' and db_name = 'benchmark'")(on zone1-0942943782 from ): (*tabletmanagerdata.VReplicationExecResponse)(nil)
[pod/example-vttablet-zone1-0942943782-67bcbcdb/vttablet] I0212 20:15:14.913318       1 rpc_server.go:83] TabletManager.VReplicationExec(query:"select distinct workflow from _vt.vreplication where state != 'Stopped' and db_name = 'benchmark'")(on zone1-0942943782 from ): (*tabletmanagerdata.VReplicationExecResponse)(nil)
[pod/example-vttablet-zone1-0942943782-67bcbcdb/vttablet] I0212 20:15:33.095317       1 rpc_server.go:83] TabletManager.VReplicationExec(query:"select distinct workflow from _vt.vreplication where state != 'Stopped' and db_name = 'benchmark'")(on zone1-0942943782 from ): (*tabletmanagerdata.VReplicationExecResponse)(nil)
[pod/example-vttablet-zone1-0942943782-67bcbcdb/vttablet] E0212 20:15:42.214242       1 query_throttler.go:140] Error loading config: open /config/throttler-config.json: no such file or directory
[pod/example-vttablet-zone1-0942943782-67bcbcdb/vttablet] I0212 20:15:51.672195       1 rpc_server.go:83] TabletManager.VReplicationExec(query:"select distinct workflow from _vt.vreplication where state != 'Stopped' and db_name = 'benchmark'")(on zone1-0942943782 from ): (*tabletmanagerdata.VReplicationExecResponse)(nil)
[pod/example-vttablet-zone1-0942943782-67bcbcdb/vttablet] I0212 20:16:03.316146       1 rpc_server.go:83] TabletManager.VReplicationExec(query:"select distinct workflow from _vt.vreplication where state != 'Stopped' and db_name = 'benchmark'")(on zone1-0942943782 from ): (*tabletmanagerdata.VReplicationExecResponse)(nil)
[pod/example-vttablet-zone1-0942943782-67bcbcdb/vttablet] I0212 20:16:21.141216       1 rpc_server.go:83] TabletManager.VReplicationExec(query:"select distinct workflow from _vt.vreplication where state != 'Stopped' and db_name = 'benchmark'")(on zone1-0942943782 from ): (*tabletmanagerdata.VReplicationExecResponse)(nil)
[pod/example-vttablet-zone1-0942943782-67bcbcdb/vttablet] I0212 20:16:34.871120       1 rpc_server.go:83] TabletManager.VReplicationExec(query:"select distinct workflow from _vt.vreplication where state != 'Stopped' and db_name = 'benchmark'")(on zone1-0942943782 from ): (*tabletmanagerdata.VReplicationExecResponse)(nil)
[pod/example-vttablet-zone1-0942943782-67bcbcdb/vttablet] E0212 20:16:42.213858       1 query_throttler.go:140] Error loading config: open /config/throttler-config.json: no such file or directory
[pod/example-vttablet-zone1-0942943782-67bcbcdb/vttablet] I0212 20:16:51.805444       1 rpc_server.go:83] TabletManager.VReplicationExec(query:"select distinct workflow from _vt.vreplication where state != 'Stopped' and db_name = 'benchmark'")(on zone1-0942943782 from ): (*tabletmanagerdata.VReplicationExecResponse)(nil)
[pod/example-vttablet-zone1-0942943782-67bcbcdb/vttablet] I0212 20:17:07.969831       1 rpc_server.go:83] TabletManager.VReplicationExec(query:"select distinct workflow from _vt.vreplication where state != 'Stopped' and db_name = 'benchmark'")(on zone1-0942943782 from ): (*tabletmanagerdata.VReplicationExecResponse)(nil)
[pod/example-vttablet-zone1-0942943782-67bcbcdb/vttablet] I0212 20:17:22.150849       1 rpc_server.go:83] TabletManager.VReplicationExec(query:"select distinct workflow from _vt.vreplication where state != 'Stopped' and db_name = 'benchmark'")(on zone1-0942943782 from ): (*tabletmanagerdata.VReplicationExecResponse)(nil)
[pod/example-vttablet-zone1-0942943782-67bcbcdb/vttablet] I0212 20:17:38.367436       1 rpc_server.go:83] TabletManager.VReplicationExec(query:"select distinct workflow from _vt.vreplication where state != 'Stopped' and db_name = 'benchmark'")(on zone1-0942943782 from ): (*tabletmanagerdata.VReplicationExecResponse)(nil)
[pod/example-vttablet-zone1-0942943782-67bcbcdb/vttablet] E0212 20:17:42.213956       1 query_throttler.go:140] Error loading config: open /config/throttler-config.json: no such file or directory
[pod/example-vttablet-zone1-0942943782-67bcbcdb/vttablet] I0212 20:17:52.275451       1 rpc_server.go:83] TabletManager.VReplicationExec(query:"select distinct workflow from _vt.vreplication where state != 'Stopped' and db_name = 'benchmark'")(on zone1-0942943782 from ): (*tabletmanagerdata.VReplicationExecResponse)(nil)
[pod/example-vttablet-zone1-0942943782-67bcbcdb/vttablet] I0212 20:18:06.464053       1 rpc_server.go:83] TabletManager.VReplicationExec(query:"select distinct workflow from _vt.vreplication where state != 'Stopped' and db_name = 'benchmark'")(on zone1-0942943782 from ): (*tabletmanagerdata.VReplicationExecResponse)(nil)
[pod/example-vttablet-zone1-0942943782-67bcbcdb/vttablet] I0212 20:18:19.009758       1 rpc_server.go:83] TabletManager.VReplicationExec(query:"select distinct workflow from _vt.vreplication where state != 'Stopped' and db_name = 'benchmark'")(on zone1-0942943782 from ): (*tabletmanagerdata.VReplicationExecResponse)(nil)
[pod/example-vttablet-zone1-0942943782-67bcbcdb/vttablet] I0212 20:18:36.862146       1 rpc_server.go:83] TabletManager.VReplicationExec(query:"select distinct workflow from _vt.vreplication where state != 'Stopped' and db_name = 'benchmark'")(on zone1-0942943782 from ): (*tabletmanagerdata.VReplicationExecResponse)(nil)
[pod/example-vttablet-zone1-0942943782-67bcbcdb/vttablet] E0212 20:18:42.214002       1 query_throttler.go:140] Error loading config: open /config/throttler-config.json: no such file or directory
[pod/example-vttablet-zone1-0942943782-67bcbcdb/vttablet] I0212 20:18:50.166321       1 rpc_server.go:83] TabletManager.VReplicationExec(query:"select distinct workflow from _vt.vreplication where state != 'Stopped' and db_name = 'benchmark'")(on zone1-0942943782 from ): (*tabletmanagerdata.VReplicationExecResponse)(nil)
[pod/example-vttablet-zone1-0942943782-67bcbcdb/vttablet] I0212 20:19:08.341923       1 rpc_server.go:83] TabletManager.VReplicationExec(query:"select distinct workflow from _vt.vreplication where state != 'Stopped' and db_name = 'benchmark'")(on zone1-0942943782 from ): (*tabletmanagerdata.VReplicationExecResponse)(nil)
[pod/example-vttablet-zone1-0942943782-67bcbcdb/vttablet] I0212 20:19:21.594260       1 rpc_server.go:83] TabletManager.VReplicationExec(query:"select distinct workflow from _vt.vreplication where state != 'Stopped' and db_name = 'benchmark'")(on zone1-0942943782 from ): (*tabletmanagerdata.VReplicationExecResponse)(nil)
[pod/example-vttablet-zone1-0942943782-67bcbcdb/vttablet] I0212 20:19:35.900291       1 rpc_server.go:83] TabletManager.VReplicationExec(query:"select distinct workflow from _vt.vreplication where state != 'Stopped' and db_name = 'benchmark'")(on zone1-0942943782 from ): (*tabletmanagerdata.VReplicationExecResponse)(nil)
[pod/example-vttablet-zone1-0942943782-67bcbcdb/vttablet] E0212 20:19:42.213852       1 query_throttler.go:140] Error loading config: open /config/throttler-config.json: no such file or directory
[pod/example-vttablet-zone1-0942943782-67bcbcdb/vttablet] I0212 20:19:45.081298       1 rpc_server.go:83] TabletManager.VReplicationExec(query:"select distinct workflow from _vt.vreplication where state != 'Stopped' and db_name = 'benchmark'")(on zone1-0942943782 from ): (*tabletmanagerdata.VReplicationExecResponse)(nil)
[pod/example-vttablet-zone1-0942943782-67bcbcdb/vttablet] I0212 20:19:45.122206       1 rpc_server.go:83] TabletManager.VReplicationExec(query:"select distinct workflow from _vt.vreplication where state != 'Stopped' and db_name = 'benchmark'")(on zone1-0942943782 from ): (*tabletmanagerdata.VReplicationExecResponse)(nil)
[pod/example-vttablet-zone1-0942943782-67bcbcdb/vttablet] I0212 20:19:59.576554       1 rpc_server.go:83] TabletManager.VReplicationExec(query:"select distinct workflow from _vt.vreplication where state != 'Stopped' and db_name = 'benchmark'")(on zone1-0942943782 from ): (*tabletmanagerdata.VReplicationExecResponse)(nil)
[pod/example-vttablet-zone1-0942943782-67bcbcdb/vttablet] I0212 20:20:02.746475       1 rpc_server.go:83] TabletManager.VReplicationExec(query:"select distinct workflow from _vt.vreplication where state != 'Stopped' and db_name = 'benchmark'")(on zone1-0942943782 from ): (*tabletmanagerdata.VReplicationExecResponse)(nil)
[pod/example-vttablet-zone1-0942943782-67bcbcdb/vttablet] I0212 20:20:18.752698       1 rpc_server.go:83] TabletManager.VReplicationExec(query:"select distinct workflow from _vt.vreplication where state != 'Stopped' and db_name = 'benchmark'")(on zone1-0942943782 from ): (*tabletmanagerdata.VReplicationExecResponse)(nil)
[pod/example-vttablet-zone1-0942943782-67bcbcdb/vttablet] I0212 20:20:35.078193       1 rpc_server.go:83] TabletManager.VReplicationExec(query:"select distinct workflow from _vt.vreplication where state != 'Stopped' and db_name = 'benchmark'")(on zone1-0942943782 from ): (*tabletmanagerdata.VReplicationExecResponse)(nil)
[pod/example-vttablet-zone1-0942943782-67bcbcdb/vttablet] E0212 20:20:42.213924       1 query_throttler.go:140] Error loading config: open /config/throttler-config.json: no such file or directory
[pod/example-vttablet-zone1-0942943782-67bcbcdb/vttablet] I0212 20:20:51.377484       1 rpc_server.go:83] TabletManager.VReplicationExec(query:"select distinct workflow from _vt.vreplication where state != 'Stopped' and db_name = 'benchmark'")(on zone1-0942943782 from ): (*tabletmanagerdata.VReplicationExecResponse)(nil)
[pod/example-vttablet-zone1-0942943782-67bcbcdb/vttablet] I0212 20:21:05.528150       1 rpc_server.go:83] TabletManager.VReplicationExec(query:"select distinct workflow from _vt.vreplication where state != 'Stopped' and db_name = 'benchmark'")(on zone1-0942943782 from ): (*tabletmanagerdata.VReplicationExecResponse)(nil)
[pod/example-vttablet-zone1-0942943782-67bcbcdb/vttablet] I0212 20:21:22.899133       1 rpc_server.go:83] TabletManager.VReplicationExec(query:"select distinct workflow from _vt.vreplication where state != 'Stopped' and db_name = 'benchmark'")(on zone1-0942943782 from ): (*tabletmanagerdata.VReplicationExecResponse)(nil)
[pod/example-vttablet-zone1-0942943782-67bcbcdb/vttablet] I0212 20:21:38.075490       1 rpc_server.go:83] TabletManager.VReplicationExec(query:"select distinct workflow from _vt.vreplication where state != 'Stopped' and db_name = 'benchmark'")(on zone1-0942943782 from ): (*tabletmanagerdata.VReplicationExecResponse)(nil)
[pod/example-vttablet-zone1-0942943782-67bcbcdb/vttablet] E0212 20:21:42.213677       1 query_throttler.go:140] Error loading config: open /config/throttler-config.json: no such file or directory
[pod/example-vttablet-zone1-0942943782-67bcbcdb/vttablet] I0212 20:21:56.741407       1 rpc_server.go:83] TabletManager.VReplicationExec(query:"select distinct workflow from _vt.vreplication where state != 'Stopped' and db_name = 'benchmark'")(on zone1-0942943782 from ): (*tabletmanagerdata.VReplicationExecResponse)(nil)
[pod/example-vttablet-zone1-0942943782-67bcbcdb/vttablet] I0212 20:22:09.208705       1 rpc_server.go:83] TabletManager.VReplicationExec(query:"select distinct workflow from _vt.vreplication where state != 'Stopped' and db_name = 'benchmark'")(on zone1-0942943782 from ): (*tabletmanagerdata.VReplicationExecResponse)(nil)
[pod/example-vttablet-zone1-0942943782-67bcbcdb/vttablet] I0212 20:22:21.341590       1 rpc_server.go:83] TabletManager.VReplicationExec(query:"select distinct workflow from _vt.vreplication where state != 'Stopped' and db_name = 'benchmark'")(on zone1-0942943782 from ): (*tabletmanagerdata.VReplicationExecResponse)(nil)
[pod/example-vttablet-zone1-0942943782-67bcbcdb/vttablet] I0212 20:22:36.610405       1 rpc_server.go:83] TabletManager.VReplicationExec(query:"select distinct workflow from _vt.vreplication where state != 'Stopped' and db_name = 'benchmark'")(on zone1-0942943782 from ): (*tabletmanagerdata.VReplicationExecResponse)(nil)
[pod/example-vttablet-zone1-0942943782-67bcbcdb/vttablet] E0212 20:22:42.214060       1 query_throttler.go:140] Error loading config: open /config/throttler-config.json: no such file or directory
[pod/example-vttablet-zone1-0942943782-67bcbcdb/vttablet] I0212 20:22:52.329365       1 rpc_server.go:83] TabletManager.VReplicationExec(query:"select distinct workflow from _vt.vreplication where state != 'Stopped' and db_name = 'benchmark'")(on zone1-0942943782 from ): (*tabletmanagerdata.VReplicationExecResponse)(nil)
[pod/example-vttablet-zone1-0942943782-67bcbcdb/vttablet] I0212 20:23:05.384448       1 rpc_server.go:83] TabletManager.VReplicationExec(query:"select distinct workflow from _vt.vreplication where state != 'Stopped' and db_name = 'benchmark'")(on zone1-0942943782 from ): (*tabletmanagerdata.VReplicationExecResponse)(nil)
[pod/example-vttablet-zone1-0942943782-67bcbcdb/vttablet] I0212 20:23:24.159219       1 rpc_server.go:83] TabletManager.VReplicationExec(query:"select distinct workflow from _vt.vreplication where state != 'Stopped' and db_name = 'benchmark'")(on zone1-0942943782 from ): (*tabletmanagerdata.VReplicationExecResponse)(nil)
[pod/example-vttablet-zone1-0942943782-67bcbcdb/vttablet] I0212 20:23:39.240899       1 rpc_server.go:83] TabletManager.VReplicationExec(query:"select distinct workflow from _vt.vreplication where state != 'Stopped' and db_name = 'benchmark'")(on zone1-0942943782 from ): (*tabletmanagerdata.VReplicationExecResponse)(nil)
[pod/example-vttablet-zone1-0942943782-67bcbcdb/vttablet] E0212 20:23:42.214004       1 query_throttler.go:140] Error loading config: open /config/throttler-config.json: no such file or directory
[pod/example-vttablet-zone1-0942943782-67bcbcdb/vttablet] I0212 20:23:50.970306       1 rpc_server.go:83] TabletManager.VReplicationExec(query:"select distinct workflow from _vt.vreplication where state != 'Stopped' and db_name = 'benchmark'")(on zone1-0942943782 from ): (*tabletmanagerdata.VReplicationExecResponse)(nil)
[pod/example-vttablet-zone1-0942943782-67bcbcdb/vttablet] I0212 20:24:05.117198       1 rpc_server.go:83] TabletManager.VReplicationExec(query:"select distinct workflow from _vt.vreplication where state != 'Stopped' and db_name = 'benchmark'")(on zone1-0942943782 from ): (*tabletmanagerdata.VReplicationExecResponse)(nil)
[pod/example-vttablet-zone1-0942943782-67bcbcdb/vttablet] I0212 20:24:17.623059       1 rpc_server.go:83] TabletManager.VReplicationExec(query:"select distinct workflow from _vt.vreplication where state != 'Stopped' and db_name = 'benchmark'")(on zone1-0942943782 from ): (*tabletmanagerdata.VReplicationExecResponse)(nil)
[pod/example-vttablet-zone1-0942943782-67bcbcdb/vttablet] I0212 20:24:35.512070       1 rpc_server.go:83] TabletManager.VReplicationExec(query:"select distinct workflow from _vt.vreplication where state != 'Stopped' and db_name = 'benchmark'")(on zone1-0942943782 from ): (*tabletmanagerdata.VReplicationExecResponse)(nil)
[pod/example-vttablet-zone1-0942943782-67bcbcdb/vttablet] E0212 20:24:42.214446       1 query_throttler.go:140] Error loading config: open /config/throttler-config.json: no such file or directory
[pod/example-vttablet-zone1-0942943782-67bcbcdb/vttablet] I0212 20:24:50.599860       1 rpc_server.go:83] TabletManager.VReplicationExec(query:"select distinct workflow from _vt.vreplication where state != 'Stopped' and db_name = 'benchmark'")(on zone1-0942943782 from ): (*tabletmanagerdata.VReplicationExecResponse)(nil)
[pod/example-vttablet-zone1-0942943782-67bcbcdb/vttablet] I0212 20:25:05.923256       1 rpc_server.go:83] TabletManager.VReplicationExec(query:"select distinct workflow from _vt.vreplication where state != 'Stopped' and db_name = 'benchmark'")(on zone1-0942943782 from ): (*tabletmanagerdata.VReplicationExecResponse)(nil)
[pod/example-vttablet-zone1-0942943782-67bcbcdb/vttablet] I0212 20:25:22.303706       1 rpc_server.go:83] TabletManager.VReplicationExec(query:"select distinct workflow from _vt.vreplication where state != 'Stopped' and db_name = 'benchmark'")(on zone1-0942943782 from ): (*tabletmanagerdata.VReplicationExecResponse)(nil)
[pod/example-vttablet-zone1-0942943782-67bcbcdb/vttablet] I0212 20:25:34.218121       1 rpc_server.go:83] TabletManager.VReplicationExec(query:"select distinct workflow from _vt.vreplication where state != 'Stopped' and db_name = 'benchmark'")(on zone1-0942943782 from ): (*tabletmanagerdata.VReplicationExecResponse)(nil)
[pod/example-vttablet-zone1-0942943782-67bcbcdb/vttablet] E0212 20:25:42.214034       1 query_throttler.go:140] Error loading config: open /config/throttler-config.json: no such file or directory
[pod/example-vttablet-zone1-0942943782-67bcbcdb/vttablet] I0212 20:25:49.736579       1 rpc_server.go:83] TabletManager.VReplicationExec(query:"select distinct workflow from _vt.vreplication where state != 'Stopped' and db_name = 'benchmark'")(on zone1-0942943782 from ): (*tabletmanagerdata.VReplicationExecResponse)(nil)
[pod/example-vttablet-zone1-0942943782-67bcbcdb/vttablet] I0212 20:26:08.358270       1 rpc_server.go:83] TabletManager.VReplicationExec(query:"select distinct workflow from _vt.vreplication where state != 'Stopped' and db_name = 'benchmark'")(on zone1-0942943782 from ): (*tabletmanagerdata.VReplicationExecResponse)(nil)
[pod/example-vttablet-zone1-0942943782-67bcbcdb/vttablet] I0212 20:26:21.942920       1 rpc_server.go:83] TabletManager.VReplicationExec(query:"select distinct workflow from _vt.vreplication where state != 'Stopped' and db_name = 'benchmark'")(on zone1-0942943782 from ): (*tabletmanagerdata.VReplicationExecResponse)(nil)
[pod/example-vttablet-zone1-0942943782-67bcbcdb/vttablet] I0212 20:26:34.782552       1 rpc_server.go:83] TabletManager.VReplicationExec(query:"select distinct workflow from _vt.vreplication where state != 'Stopped' and db_name = 'benchmark'")(on zone1-0942943782 from ): (*tabletmanagerdata.VReplicationExecResponse)(nil)
[pod/example-vttablet-zone1-0942943782-67bcbcdb/vttablet] E0212 20:26:42.213906       1 query_throttler.go:140] Error loading config: open /config/throttler-config.json: no such file or directory
[pod/example-vttablet-zone1-0942943782-67bcbcdb/vttablet] I0212 20:26:52.239711       1 rpc_server.go:83] TabletManager.VReplicationExec(query:"select distinct workflow from _vt.vreplication where state != 'Stopped' and db_name = 'benchmark'")(on zone1-0942943782 from ): (*tabletmanagerdata.VReplicationExecResponse)(nil)
[pod/example-vttablet-zone1-0942943782-67bcbcdb/vttablet] I0212 20:27:04.601993       1 rpc_server.go:83] TabletManager.VReplicationExec(query:"select distinct workflow from _vt.vreplication where state != 'Stopped' and db_name = 'benchmark'")(on zone1-0942943782 from ): (*tabletmanagerdata.VReplicationExecResponse)(nil)
[pod/example-vttablet-zone1-0942943782-67bcbcdb/vttablet] I0212 20:27:17.956160       1 rpc_server.go:83] TabletManager.VReplicationExec(query:"select distinct workflow from _vt.vreplication where state != 'Stopped' and db_name = 'benchmark'")(on zone1-0942943782 from ): (*tabletmanagerdata.VReplicationExecResponse)(nil)
[pod/example-vttablet-zone1-0942943782-67bcbcdb/vttablet] I0212 20:27:33.539741       1 rpc_server.go:83] TabletManager.VReplicationExec(query:"select distinct workflow from _vt.vreplication where state != 'Stopped' and db_name = 'benchmark'")(on zone1-0942943782 from ): (*tabletmanagerdata.VReplicationExecResponse)(nil)
[pod/example-vttablet-zone1-0942943782-67bcbcdb/vttablet] E0212 20:27:42.213913       1 query_throttler.go:140] Error loading config: open /config/throttler-config.json: no such file or directory
[pod/example-vttablet-zone1-0942943782-67bcbcdb/vttablet] I0212 20:27:48.062524       1 rpc_server.go:83] TabletManager.VReplicationExec(query:"select distinct workflow from _vt.vreplication where state != 'Stopped' and db_name = 'benchmark'")(on zone1-0942943782 from ): (*tabletmanagerdata.VReplicationExecResponse)(nil)
[pod/example-vttablet-zone1-0942943782-67bcbcdb/vttablet] I0212 20:28:01.943869       1 rpc_server.go:83] TabletManager.VReplicationExec(query:"select distinct workflow from _vt.vreplication where state != 'Stopped' and db_name = 'benchmark'")(on zone1-0942943782 from ): (*tabletmanagerdata.VReplicationExecResponse)(nil)
[pod/example-vttablet-zone1-0942943782-67bcbcdb/vttablet] I0212 20:28:16.292236       1 rpc_server.go:83] TabletManager.VReplicationExec(query:"select distinct workflow from _vt.vreplication where state != 'Stopped' and db_name = 'benchmark'")(on zone1-0942943782 from ): (*tabletmanagerdata.VReplicationExecResponse)(nil)
[pod/example-vttablet-zone1-0942943782-67bcbcdb/vttablet] I0212 20:28:33.203908       1 rpc_server.go:83] TabletManager.VReplicationExec(query:"select distinct workflow from _vt.vreplication where state != 'Stopped' and db_name = 'benchmark'")(on zone1-0942943782 from ): (*tabletmanagerdata.VReplicationExecResponse)(nil)
[pod/example-vttablet-zone1-0942943782-67bcbcdb/vttablet] E0212 20:28:42.213919       1 query_throttler.go:140] Error loading config: open /config/throttler-config.json: no such file or directory
[pod/example-vttablet-zone1-0942943782-67bcbcdb/vttablet] I0212 20:28:48.987371       1 rpc_server.go:83] TabletManager.VReplicationExec(query:"select distinct workflow from _vt.vreplication where state != 'Stopped' and db_name = 'benchmark'")(on zone1-0942943782 from ): (*tabletmanagerdata.VReplicationExecResponse)(nil)
[pod/example-vttablet-zone1-0942943782-67bcbcdb/vttablet] I0212 20:29:03.030498       1 rpc_server.go:83] TabletManager.VReplicationExec(query:"select distinct workflow from _vt.vreplication where state != 'Stopped' and db_name = 'benchmark'")(on zone1-0942943782 from ): (*tabletmanagerdata.VReplicationExecResponse)(nil)
[pod/example-vttablet-zone1-0942943782-67bcbcdb/vttablet] I0212 20:29:20.412046       1 rpc_server.go:83] TabletManager.VReplicationExec(query:"select distinct workflow from _vt.vreplication where state != 'Stopped' and db_name = 'benchmark'")(on zone1-0942943782 from ): (*tabletmanagerdata.VReplicationExecResponse)(nil)
[pod/example-vttablet-zone1-0942943782-67bcbcdb/vttablet] I0212 20:29:34.158480       1 rpc_server.go:83] TabletManager.VReplicationExec(query:"select distinct workflow from _vt.vreplication where state != 'Stopped' and db_name = 'benchmark'")(on zone1-0942943782 from ): (*tabletmanagerdata.VReplicationExecResponse)(nil)
[pod/example-vttablet-zone1-0942943782-67bcbcdb/vttablet] E0212 20:29:42.213623       1 query_throttler.go:140] Error loading config: open /config/throttler-config.json: no such file or directory
[pod/example-vttablet-zone1-0942943782-67bcbcdb/vttablet] I0212 20:29:49.000198       1 rpc_server.go:83] TabletManager.VReplicationExec(query:"select distinct workflow from _vt.vreplication where state != 'Stopped' and db_name = 'benchmark'")(on zone1-0942943782 from ): (*tabletmanagerdata.VReplicationExecResponse)(nil)
[pod/example-vttablet-zone1-0942943782-67bcbcdb/vttablet] I0212 20:30:06.636248       1 rpc_server.go:83] TabletManager.VReplicationExec(query:"select distinct workflow from _vt.vreplication where state != 'Stopped' and db_name = 'benchmark'")(on zone1-0942943782 from ): (*tabletmanagerdata.VReplicationExecResponse)(nil)
[pod/example-vttablet-zone1-0942943782-67bcbcdb/vttablet] I0212 20:30:08.887095       1 rpc_server.go:83] TabletManager.VReplicationExec(query:"select distinct workflow from _vt.vreplication where state != 'Stopped' and db_name = 'benchmark'")(on zone1-0942943782 from ): (*tabletmanagerdata.VReplicationExecResponse)(nil)
[pod/example-vttablet-zone1-0942943782-67bcbcdb/vttablet] I0212 20:30:08.926206       1 rpc_server.go:83] TabletManager.VReplicationExec(query:"select distinct workflow from _vt.vreplication where state != 'Stopped' and db_name = 'benchmark'")(on zone1-0942943782 from ): (*tabletmanagerdata.VReplicationExecResponse)(nil)
[pod/example-vttablet-zone1-0942943782-67bcbcdb/vttablet] I0212 20:30:27.341181       1 rpc_server.go:83] TabletManager.VReplicationExec(query:"select distinct workflow from _vt.vreplication where state != 'Stopped' and db_name = 'benchmark'")(on zone1-0942943782 from ): (*tabletmanagerdata.VReplicationExecResponse)(nil)
[pod/example-vttablet-zone1-0942943782-67bcbcdb/vttablet] I0212 20:30:28.337197       1 rpc_server.go:83] TabletManager.VReplicationExec(query:"select distinct workflow from _vt.vreplication where state != 'Stopped' and db_name = 'benchmark'")(on zone1-0942943782 from ): (*tabletmanagerdata.VReplicationExecResponse)(nil)
[pod/example-vttablet-zone1-0942943782-67bcbcdb/vttablet] E0212 20:30:42.213688       1 query_throttler.go:140] Error loading config: open /config/throttler-config.json: no such file or directory
[pod/example-vttablet-zone1-0942943782-67bcbcdb/vttablet] I0212 20:30:45.491634       1 rpc_server.go:83] TabletManager.VReplicationExec(query:"select distinct workflow from _vt.vreplication where state != 'Stopped' and db_name = 'benchmark'")(on zone1-0942943782 from ): (*tabletmanagerdata.VReplicationExecResponse)(nil)
[pod/example-vttablet-zone1-0942943782-67bcbcdb/vttablet] I0212 20:31:03.877473       1 rpc_server.go:83] TabletManager.VReplicationExec(query:"select distinct workflow from _vt.vreplication where state != 'Stopped' and db_name = 'benchmark'")(on zone1-0942943782 from ): (*tabletmanagerdata.VReplicationExecResponse)(nil)
[pod/example-vttablet-zone1-0942943782-67bcbcdb/vttablet] I0212 20:31:18.519117       1 rpc_server.go:83] TabletManager.VReplicationExec(query:"select distinct workflow from _vt.vreplication where state != 'Stopped' and db_name = 'benchmark'")(on zone1-0942943782 from ): (*tabletmanagerdata.VReplicationExecResponse)(nil)
[pod/example-vttablet-zone1-0942943782-67bcbcdb/vttablet] I0212 20:31:31.794432       1 rpc_server.go:83] TabletManager.VReplicationExec(query:"select distinct workflow from _vt.vreplication where state != 'Stopped' and db_name = 'benchmark'")(on zone1-0942943782 from ): (*tabletmanagerdata.VReplicationExecResponse)(nil)
[pod/example-vttablet-zone1-0942943782-67bcbcdb/vttablet] E0212 20:31:42.213649       1 query_throttler.go:140] Error loading config: open /config/throttler-config.json: no such file or directory
[pod/example-vttablet-zone1-0942943782-67bcbcdb/vttablet] I0212 20:31:47.702802       1 rpc_server.go:83] TabletManager.VReplicationExec(query:"select distinct workflow from _vt.vreplication where state != 'Stopped' and db_name = 'benchmark'")(on zone1-0942943782 from ): (*tabletmanagerdata.VReplicationExecResponse)(nil)
[pod/example-vttablet-zone1-0942943782-67bcbcdb/vttablet] I0212 20:32:04.561999       1 rpc_server.go:83] TabletManager.VReplicationExec(query:"select distinct workflow from _vt.vreplication where state != 'Stopped' and db_name = 'benchmark'")(on zone1-0942943782 from ): (*tabletmanagerdata.VReplicationExecResponse)(nil)
[pod/example-vttablet-zone1-0942943782-67bcbcdb/vttablet] I0212 20:32:16.167053       1 rpc_server.go:83] TabletManager.VReplicationExec(query:"select distinct workflow from _vt.vreplication where state != 'Stopped' and db_name = 'benchmark'")(on zone1-0942943782 from ): (*tabletmanagerdata.VReplicationExecResponse)(nil)
[pod/example-vttablet-zone1-0942943782-67bcbcdb/vttablet] I0212 20:32:28.408266       1 rpc_server.go:83] TabletManager.VReplicationExec(query:"select distinct workflow from _vt.vreplication where state != 'Stopped' and db_name = 'benchmark'")(on zone1-0942943782 from ): (*tabletmanagerdata.VReplicationExecResponse)(nil)
[pod/example-vttablet-zone1-0942943782-67bcbcdb/vttablet] E0212 20:32:42.214194       1 query_throttler.go:140] Error loading config: open /config/throttler-config.json: no such file or directory
[pod/example-vttablet-zone1-0942943782-67bcbcdb/vttablet] I0212 20:32:45.844775       1 rpc_server.go:83] TabletManager.VReplicationExec(query:"select distinct workflow from _vt.vreplication where state != 'Stopped' and db_name = 'benchmark'")(on zone1-0942943782 from ): (*tabletmanagerdata.VReplicationExecResponse)(nil)
[pod/example-vttablet-zone1-0942943782-67bcbcdb/vttablet] I0212 20:33:00.786949       1 rpc_server.go:83] TabletManager.VReplicationExec(query:"select distinct workflow from _vt.vreplication where state != 'Stopped' and db_name = 'benchmark'")(on zone1-0942943782 from ): (*tabletmanagerdata.VReplicationExecResponse)(nil)
[pod/example-vttablet-zone1-0942943782-67bcbcdb/vttablet] I0212 20:33:18.705527       1 rpc_server.go:83] TabletManager.VReplicationExec(query:"select distinct workflow from _vt.vreplication where state != 'Stopped' and db_name = 'benchmark'")(on zone1-0942943782 from ): (*tabletmanagerdata.VReplicationExecResponse)(nil)
[pod/example-vttablet-zone1-0942943782-67bcbcdb/vttablet] I0212 20:33:31.608858       1 rpc_server.go:83] TabletManager.VReplicationExec(query:"select distinct workflow from _vt.vreplication where state != 'Stopped' and db_name = 'benchmark'")(on zone1-0942943782 from ): (*tabletmanagerdata.VReplicationExecResponse)(nil)
[pod/example-vttablet-zone1-0942943782-67bcbcdb/vttablet] E0212 20:33:42.213576       1 query_throttler.go:140] Error loading config: open /config/throttler-config.json: no such file or directory
[pod/example-vttablet-zone1-0942943782-67bcbcdb/vttablet] I0212 20:33:47.154284       1 rpc_server.go:83] TabletManager.VReplicationExec(query:"select distinct workflow from _vt.vreplication where state != 'Stopped' and db_name = 'benchmark'")(on zone1-0942943782 from ): (*tabletmanagerdata.VReplicationExecResponse)(nil)
[pod/example-vttablet-zone1-0942943782-67bcbcdb/vttablet] I0212 20:34:04.449375       1 rpc_server.go:83] TabletManager.VReplicationExec(query:"select distinct workflow from _vt.vreplication where state != 'Stopped' and db_name = 'benchmark'")(on zone1-0942943782 from ): (*tabletmanagerdata.VReplicationExecResponse)(nil)
[pod/example-vttablet-zone1-0942943782-67bcbcdb/vttablet] I0212 20:34:16.065456       1 rpc_server.go:83] TabletManager.VReplicationExec(query:"select distinct workflow from _vt.vreplication where state != 'Stopped' and db_name = 'benchmark'")(on zone1-0942943782 from ): (*tabletmanagerdata.VReplicationExecResponse)(nil)
[pod/example-vttablet-zone1-0942943782-67bcbcdb/vttablet] I0212 20:34:34.713426       1 rpc_server.go:83] TabletManager.VReplicationExec(query:"select distinct workflow from _vt.vreplication where state != 'Stopped' and db_name = 'benchmark'")(on zone1-0942943782 from ): (*tabletmanagerdata.VReplicationExecResponse)(nil)
[pod/example-vttablet-zone1-0942943782-67bcbcdb/vttablet] E0212 20:34:42.213611       1 query_throttler.go:140] Error loading config: open /config/throttler-config.json: no such file or directory
[pod/example-vttablet-zone1-0942943782-67bcbcdb/vttablet] I0212 20:34:52.059459       1 rpc_server.go:83] TabletManager.VReplicationExec(query:"select distinct workflow from _vt.vreplication where state != 'Stopped' and db_name = 'benchmark'")(on zone1-0942943782 from ): (*tabletmanagerdata.VReplicationExecResponse)(nil)
[pod/example-vttablet-zone1-0942943782-67bcbcdb/vttablet] I0212 20:35:06.118309       1 rpc_server.go:83] TabletManager.VReplicationExec(query:"select distinct workflow from _vt.vreplication where state != 'Stopped' and db_name = 'benchmark'")(on zone1-0942943782 from ): (*tabletmanagerdata.VReplicationExecResponse)(nil)
[pod/example-vttablet-zone1-0942943782-67bcbcdb/vttablet] I0212 20:35:22.216587       1 rpc_server.go:83] TabletManager.VReplicationExec(query:"select distinct workflow from _vt.vreplication where state != 'Stopped' and db_name = 'benchmark'")(on zone1-0942943782 from ): (*tabletmanagerdata.VReplicationExecResponse)(nil)
[pod/example-vttablet-zone1-0942943782-67bcbcdb/vttablet] I0212 20:35:39.409768       1 rpc_server.go:83] TabletManager.VReplicationExec(query:"select distinct workflow from _vt.vreplication where state != 'Stopped' and db_name = 'benchmark'")(on zone1-0942943782 from ): (*tabletmanagerdata.VReplicationExecResponse)(nil)
[pod/example-vttablet-zone1-0942943782-67bcbcdb/vttablet] E0212 20:35:42.214079       1 query_throttler.go:140] Error loading config: open /config/throttler-config.json: no such file or directory
[pod/example-vttablet-zone1-0942943782-67bcbcdb/vttablet] I0212 20:35:57.497132       1 rpc_server.go:83] TabletManager.VReplicationExec(query:"select distinct workflow from _vt.vreplication where state != 'Stopped' and db_name = 'benchmark'")(on zone1-0942943782 from ): (*tabletmanagerdata.VReplicationExecResponse)(nil)
[pod/example-vttablet-zone1-0942943782-67bcbcdb/vttablet] I0212 20:36:11.824503       1 rpc_server.go:83] TabletManager.VReplicationExec(query:"select distinct workflow from _vt.vreplication where state != 'Stopped' and db_name = 'benchmark'")(on zone1-0942943782 from ): (*tabletmanagerdata.VReplicationExecResponse)(nil)
[pod/example-vttablet-zone1-0942943782-67bcbcdb/vttablet] I0212 20:36:23.531885       1 rpc_server.go:83] TabletManager.VReplicationExec(query:"select distinct workflow from _vt.vreplication where state != 'Stopped' and db_name = 'benchmark'")(on zone1-0942943782 from ): (*tabletmanagerdata.VReplicationExecResponse)(nil)
[pod/example-vttablet-zone1-0942943782-67bcbcdb/vttablet] I0212 20:36:39.620432       1 rpc_server.go:83] TabletManager.VReplicationExec(query:"select distinct workflow from _vt.vreplication where state != 'Stopped' and db_name = 'benchmark'")(on zone1-0942943782 from ): (*tabletmanagerdata.VReplicationExecResponse)(nil)
[pod/example-vttablet-zone1-0942943782-67bcbcdb/vttablet] E0212 20:36:42.227809       1 query_throttler.go:140] Error loading config: open /config/throttler-config.json: no such file or directory
[pod/example-vttablet-zone1-0942943782-67bcbcdb/vttablet] I0212 20:36:53.287633       1 rpc_server.go:83] TabletManager.VReplicationExec(query:"select distinct workflow from _vt.vreplication where state != 'Stopped' and db_name = 'benchmark'")(on zone1-0942943782 from ): (*tabletmanagerdata.VReplicationExecResponse)(nil)
[pod/example-vttablet-zone1-0942943782-67bcbcdb/vttablet] I0212 20:37:09.396391       1 rpc_server.go:83] TabletManager.VReplicationExec(query:"select distinct workflow from _vt.vreplication where state != 'Stopped' and db_name = 'benchmark'")(on zone1-0942943782 from ): (*tabletmanagerdata.VReplicationExecResponse)(nil)
[pod/example-vttablet-zone1-0942943782-67bcbcdb/vttablet] I0212 20:37:23.069329       1 rpc_server.go:83] TabletManager.VReplicationExec(query:"select distinct workflow from _vt.vreplication where state != 'Stopped' and db_name = 'benchmark'")(on zone1-0942943782 from ): (*tabletmanagerdata.VReplicationExecResponse)(nil)
[pod/example-vttablet-zone1-0942943782-67bcbcdb/vttablet] I0212 20:37:40.623594       1 rpc_server.go:83] TabletManager.VReplicationExec(query:"select distinct workflow from _vt.vreplication where state != 'Stopped' and db_name = 'benchmark'")(on zone1-0942943782 from ): (*tabletmanagerdata.VReplicationExecResponse)(nil)
[pod/example-vttablet-zone1-0942943782-67bcbcdb/vttablet] E0212 20:37:42.213637       1 query_throttler.go:140] Error loading config: open /config/throttler-config.json: no such file or directory
[pod/example-vttablet-zone1-0942943782-67bcbcdb/vttablet] I0212 20:37:56.707271       1 rpc_server.go:83] TabletManager.VReplicationExec(query:"select distinct workflow from _vt.vreplication where state != 'Stopped' and db_name = 'benchmark'")(on zone1-0942943782 from ): (*tabletmanagerdata.VReplicationExecResponse)(nil)
[pod/example-vttablet-zone1-0942943782-67bcbcdb/vttablet] I0212 20:38:14.312531       1 rpc_server.go:83] TabletManager.VReplicationExec(query:"select distinct workflow from _vt.vreplication where state != 'Stopped' and db_name = 'benchmark'")(on zone1-0942943782 from ): (*tabletmanagerdata.VReplicationExecResponse)(nil)
[pod/example-vttablet-zone1-0942943782-67bcbcdb/vttablet] I0212 20:38:25.915618       1 rpc_server.go:83] TabletManager.VReplicationExec(query:"select distinct workflow from _vt.vreplication where state != 'Stopped' and db_name = 'benchmark'")(on zone1-0942943782 from ): (*tabletmanagerdata.VReplicationExecResponse)(nil)
[pod/example-vttablet-zone1-0942943782-67bcbcdb/vttablet] E0212 20:38:42.213952       1 query_throttler.go:140] Error loading config: open /config/throttler-config.json: no such file or directory
[pod/example-vttablet-zone1-0942943782-67bcbcdb/vttablet] I0212 20:38:42.436196       1 rpc_server.go:83] TabletManager.VReplicationExec(query:"select distinct workflow from _vt.vreplication where state != 'Stopped' and db_name = 'benchmark'")(on zone1-0942943782 from ): (*tabletmanagerdata.VReplicationExecResponse)(nil)
[pod/example-vttablet-zone1-0942943782-67bcbcdb/vttablet] I0212 20:38:55.122937       1 rpc_server.go:83] TabletManager.VReplicationExec(query:"select distinct workflow from _vt.vreplication where state != 'Stopped' and db_name = 'benchmark'")(on zone1-0942943782 from ): (*tabletmanagerdata.VReplicationExecResponse)(nil)
[pod/example-vttablet-zone1-0942943782-67bcbcdb/vttablet] I0212 20:39:11.425902       1 rpc_server.go:83] TabletManager.VReplicationExec(query:"select distinct workflow from _vt.vreplication where state != 'Stopped' and db_name = 'benchmark'")(on zone1-0942943782 from ): (*tabletmanagerdata.VReplicationExecResponse)(nil)
[pod/example-vttablet-zone1-0942943782-67bcbcdb/vttablet] I0212 20:39:23.243117       1 rpc_server.go:83] TabletManager.VReplicationExec(query:"select distinct workflow from _vt.vreplication where state != 'Stopped' and db_name = 'benchmark'")(on zone1-0942943782 from ): (*tabletmanagerdata.VReplicationExecResponse)(nil)
[pod/example-vttablet-zone1-0942943782-67bcbcdb/vttablet] I0212 20:39:38.162783       1 rpc_server.go:83] TabletManager.VReplicationExec(query:"select distinct workflow from _vt.vreplication where state != 'Stopped' and db_name = 'benchmark'")(on zone1-0942943782 from ): (*tabletmanagerdata.VReplicationExecResponse)(nil)
[pod/example-vttablet-zone1-0942943782-67bcbcdb/vttablet] E0212 20:39:42.214722       1 query_throttler.go:140] Error loading config: open /config/throttler-config.json: no such file or directory
[pod/example-vttablet-zone1-0942943782-67bcbcdb/vttablet] I0212 20:39:54.720868       1 rpc_server.go:83] TabletManager.VReplicationExec(query:"select distinct workflow from _vt.vreplication where state != 'Stopped' and db_name = 'benchmark'")(on zone1-0942943782 from ): (*tabletmanagerdata.VReplicationExecResponse)(nil)
[pod/example-vttablet-zone1-0942943782-67bcbcdb/vttablet] I0212 20:40:12.282184       1 rpc_server.go:83] TabletManager.VReplicationExec(query:"select distinct workflow from _vt.vreplication where state != 'Stopped' and db_name = 'benchmark'")(on zone1-0942943782 from ): (*tabletmanagerdata.VReplicationExecResponse)(nil)
[pod/example-vttablet-zone1-0942943782-67bcbcdb/vttablet] I0212 20:40:24.714471       1 rpc_server.go:83] TabletManager.VReplicationExec(query:"select distinct workflow from _vt.vreplication where state != 'Stopped' and db_name = 'benchmark'")(on zone1-0942943782 from ): (*tabletmanagerdata.VReplicationExecResponse)(nil)
[pod/example-vttablet-zone1-0942943782-67bcbcdb/vttablet] I0212 20:40:32.715257       1 rpc_server.go:83] TabletManager.VReplicationExec(query:"select distinct workflow from _vt.vreplication where state != 'Stopped' and db_name = 'benchmark'")(on zone1-0942943782 from ): (*tabletmanagerdata.VReplicationExecResponse)(nil)
[pod/example-vttablet-zone1-0942943782-67bcbcdb/vttablet] I0212 20:40:32.758783       1 rpc_server.go:83] TabletManager.VReplicationExec(query:"select distinct workflow from _vt.vreplication where state != 'Stopped' and db_name = 'benchmark'")(on zone1-0942943782 from ): (*tabletmanagerdata.VReplicationExecResponse)(nil)
[pod/example-vttablet-zone1-0942943782-67bcbcdb/vttablet] E0212 20:40:42.213980       1 query_throttler.go:140] Error loading config: open /config/throttler-config.json: no such file or directory
[pod/example-vttablet-zone1-0942943782-67bcbcdb/vttablet] I0212 20:40:51.380866       1 rpc_server.go:83] TabletManager.VReplicationExec(query:"select distinct workflow from _vt.vreplication where state != 'Stopped' and db_name = 'benchmark'")(on zone1-0942943782 from ): (*tabletmanagerdata.VReplicationExecResponse)(nil)
[pod/example-vttablet-zone1-0942943782-67bcbcdb/vttablet] I0212 20:40:53.909895       1 rpc_server.go:83] TabletManager.VReplicationExec(query:"select distinct workflow from _vt.vreplication where state != 'Stopped' and db_name = 'benchmark'")(on zone1-0942943782 from ): (*tabletmanagerdata.VReplicationExecResponse)(nil)
[pod/example-vttablet-zone1-0942943782-67bcbcdb/vttablet] I0212 20:41:10.906996       1 rpc_server.go:83] TabletManager.VReplicationExec(query:"select distinct workflow from _vt.vreplication where state != 'Stopped' and db_name = 'benchmark'")(on zone1-0942943782 from ): (*tabletmanagerdata.VReplicationExecResponse)(nil)
[pod/example-vttablet-zone1-0942943782-67bcbcdb/vttablet] I0212 20:41:25.874339       1 rpc_server.go:83] TabletManager.VReplicationExec(query:"select distinct workflow from _vt.vreplication where state != 'Stopped' and db_name = 'benchmark'")(on zone1-0942943782 from ): (*tabletmanagerdata.VReplicationExecResponse)(nil)
[pod/example-vttablet-zone1-0942943782-67bcbcdb/vttablet] E0212 20:41:42.214119       1 query_throttler.go:140] Error loading config: open /config/throttler-config.json: no such file or directory
[pod/example-vttablet-zone1-0942943782-67bcbcdb/vttablet] I0212 20:41:43.252478       1 rpc_server.go:83] TabletManager.VReplicationExec(query:"select distinct workflow from _vt.vreplication where state != 'Stopped' and db_name = 'benchmark'")(on zone1-0942943782 from ): (*tabletmanagerdata.VReplicationExecResponse)(nil)
[pod/example-vttablet-zone1-0942943782-67bcbcdb/vttablet] I0212 20:41:59.974363       1 rpc_server.go:83] TabletManager.VReplicationExec(query:"select distinct workflow from _vt.vreplication where state != 'Stopped' and db_name = 'benchmark'")(on zone1-0942943782 from ): (*tabletmanagerdata.VReplicationExecResponse)(nil)
[pod/example-vttablet-zone1-0942943782-67bcbcdb/vttablet] I0212 20:42:16.885620       1 rpc_server.go:83] TabletManager.VReplicationExec(query:"select distinct workflow from _vt.vreplication where state != 'Stopped' and db_name = 'benchmark'")(on zone1-0942943782 from ): (*tabletmanagerdata.VReplicationExecResponse)(nil)
[pod/example-vttablet-zone1-0942943782-67bcbcdb/vttablet] I0212 20:42:29.441487       1 rpc_server.go:83] TabletManager.VReplicationExec(query:"select distinct workflow from _vt.vreplication where state != 'Stopped' and db_name = 'benchmark'")(on zone1-0942943782 from ): (*tabletmanagerdata.VReplicationExecResponse)(nil)
[pod/example-vttablet-zone1-0942943782-67bcbcdb/vttablet] E0212 20:42:42.213532       1 query_throttler.go:140] Error loading config: open /config/throttler-config.json: no such file or directory
[pod/example-vttablet-zone1-0942943782-67bcbcdb/vttablet] I0212 20:42:45.389609       1 rpc_server.go:83] TabletManager.VReplicationExec(query:"select distinct workflow from _vt.vreplication where state != 'Stopped' and db_name = 'benchmark'")(on zone1-0942943782 from ): (*tabletmanagerdata.VReplicationExecResponse)(nil)
[pod/example-vttablet-zone1-0942943782-67bcbcdb/vttablet] I0212 20:42:52.506895       1 tablegc.go:405] TableGC: readAndCheckTables
[pod/example-vttablet-zone1-0942943782-67bcbcdb/vttablet] I0212 20:42:59.947776       1 rpc_server.go:83] TabletManager.VReplicationExec(query:"select distinct workflow from _vt.vreplication where state != 'Stopped' and db_name = 'benchmark'")(on zone1-0942943782 from ): (*tabletmanagerdata.VReplicationExecResponse)(nil)
[pod/example-vttablet-zone1-0942943782-67bcbcdb/vttablet] I0212 20:43:17.692335       1 rpc_server.go:83] TabletManager.VReplicationExec(query:"select distinct workflow from _vt.vreplication where state != 'Stopped' and db_name = 'benchmark'")(on zone1-0942943782 from ): (*tabletmanagerdata.VReplicationExecResponse)(nil)
[pod/example-vttablet-zone1-0942943782-67bcbcdb/vttablet] I0212 20:43:29.794598       1 rpc_server.go:83] TabletManager.VReplicationExec(query:"select distinct workflow from _vt.vreplication where state != 'Stopped' and db_name = 'benchmark'")(on zone1-0942943782 from ): (*tabletmanagerdata.VReplicationExecResponse)(nil)
[pod/example-vttablet-zone1-0942943782-67bcbcdb/vttablet] E0212 20:43:42.213589       1 query_throttler.go:140] Error loading config: open /config/throttler-config.json: no such file or directory
[pod/example-vttablet-zone1-0942943782-67bcbcdb/vttablet] I0212 20:43:47.250607       1 rpc_server.go:83] TabletManager.VReplicationExec(query:"select distinct workflow from _vt.vreplication where state != 'Stopped' and db_name = 'benchmark'")(on zone1-0942943782 from ): (*tabletmanagerdata.VReplicationExecResponse)(nil)
[pod/example-vttablet-zone1-0942943782-67bcbcdb/vttablet] I0212 20:44:01.386107       1 rpc_server.go:83] TabletManager.VReplicationExec(query:"select distinct workflow from _vt.vreplication where state != 'Stopped' and db_name = 'benchmark'")(on zone1-0942943782 from ): (*tabletmanagerdata.VReplicationExecResponse)(nil)
[pod/example-vttablet-zone1-0942943782-67bcbcdb/vttablet] I0212 20:44:13.207553       1 rpc_server.go:83] TabletManager.VReplicationExec(query:"select distinct workflow from _vt.vreplication where state != 'Stopped' and db_name = 'benchmark'")(on zone1-0942943782 from ): (*tabletmanagerdata.VReplicationExecResponse)(nil)
[pod/example-vttablet-zone1-0942943782-67bcbcdb/vttablet] I0212 20:44:28.890344       1 rpc_server.go:83] TabletManager.VReplicationExec(query:"select distinct workflow from _vt.vreplication where state != 'Stopped' and db_name = 'benchmark'")(on zone1-0942943782 from ): (*tabletmanagerdata.VReplicationExecResponse)(nil)
[pod/example-vttablet-zone1-0942943782-67bcbcdb/vttablet] E0212 20:44:42.214369       1 query_throttler.go:140] Error loading config: open /config/throttler-config.json: no such file or directory
[pod/example-vttablet-zone1-0942943782-67bcbcdb/vttablet] I0212 20:44:42.955011       1 rpc_server.go:83] TabletManager.VReplicationExec(query:"select distinct workflow from _vt.vreplication where state != 'Stopped' and db_name = 'benchmark'")(on zone1-0942943782 from ): (*tabletmanagerdata.VReplicationExecResponse)(nil)
[pod/example-vttablet-zone1-0942943782-67bcbcdb/vttablet] I0212 20:44:55.672650       1 rpc_server.go:83] TabletManager.VReplicationExec(query:"select distinct workflow from _vt.vreplication where state != 'Stopped' and db_name = 'benchmark'")(on zone1-0942943782 from ): (*tabletmanagerdata.VReplicationExecResponse)(nil)
[pod/example-vttablet-zone1-0942943782-67bcbcdb/vttablet] I0212 20:45:10.127933       1 rpc_server.go:83] TabletManager.VReplicationExec(query:"select distinct workflow from _vt.vreplication where state != 'Stopped' and db_name = 'benchmark'")(on zone1-0942943782 from ): (*tabletmanagerdata.VReplicationExecResponse)(nil)
[pod/example-vttablet-zone1-0942943782-67bcbcdb/vttablet] I0212 20:45:28.501448       1 rpc_server.go:83] TabletManager.VReplicationExec(query:"select distinct workflow from _vt.vreplication where state != 'Stopped' and db_name = 'benchmark'")(on zone1-0942943782 from ): (*tabletmanagerdata.VReplicationExecResponse)(nil)
[pod/example-vttablet-zone1-0942943782-67bcbcdb/vttablet] I0212 20:45:40.133938       1 rpc_server.go:83] TabletManager.VReplicationExec(query:"select distinct workflow from _vt.vreplication where state != 'Stopped' and db_name = 'benchmark'")(on zone1-0942943782 from ): (*tabletmanagerdata.VReplicationExecResponse)(nil)
[pod/example-vttablet-zone1-0942943782-67bcbcdb/vttablet] E0212 20:45:42.223606       1 query_throttler.go:140] Error loading config: open /config/throttler-config.json: no such file or directory
[pod/example-vttablet-zone1-0942943782-67bcbcdb/vttablet] I0212 20:45:56.500592       1 rpc_server.go:83] TabletManager.VReplicationExec(query:"select distinct workflow from _vt.vreplication where state != 'Stopped' and db_name = 'benchmark'")(on zone1-0942943782 from ): (*tabletmanagerdata.VReplicationExecResponse)(nil)
[pod/example-vttablet-zone1-0942943782-67bcbcdb/vttablet] I0212 20:46:15.162521       1 rpc_server.go:83] TabletManager.VReplicationExec(query:"select distinct workflow from _vt.vreplication where state != 'Stopped' and db_name = 'benchmark'")(on zone1-0942943782 from ): (*tabletmanagerdata.VReplicationExecResponse)(nil)
[pod/example-vttablet-zone1-0942943782-67bcbcdb/vttablet] I0212 20:46:27.079597       1 rpc_server.go:83] TabletManager.VReplicationExec(query:"select distinct workflow from _vt.vreplication where state != 'Stopped' and db_name = 'benchmark'")(on zone1-0942943782 from ): (*tabletmanagerdata.VReplicationExecResponse)(nil)
[pod/example-vttablet-zone1-0942943782-67bcbcdb/vttablet] I0212 20:46:38.829016       1 rpc_server.go:83] TabletManager.VReplicationExec(query:"select distinct workflow from _vt.vreplication where state != 'Stopped' and db_name = 'benchmark'")(on zone1-0942943782 from ): (*tabletmanagerdata.VReplicationExecResponse)(nil)
[pod/example-vttablet-zone1-0942943782-67bcbcdb/vttablet] E0212 20:46:42.214371       1 query_throttler.go:140] Error loading config: open /config/throttler-config.json: no such file or directory
[pod/example-vttablet-zone1-0942943782-67bcbcdb/vttablet] I0212 20:46:54.522782       1 rpc_server.go:83] TabletManager.VReplicationExec(query:"select distinct workflow from _vt.vreplication where state != 'Stopped' and db_name = 'benchmark'")(on zone1-0942943782 from ): (*tabletmanagerdata.VReplicationExecResponse)(nil)
[pod/example-vttablet-zone1-0942943782-67bcbcdb/vttablet] I0212 20:47:06.464582       1 rpc_server.go:83] TabletManager.VReplicationExec(query:"select distinct workflow from _vt.vreplication where state != 'Stopped' and db_name = 'benchmark'")(on zone1-0942943782 from ): (*tabletmanagerdata.VReplicationExecResponse)(nil)
[pod/example-vttablet-zone1-0942943782-67bcbcdb/vttablet] I0212 20:47:18.423641       1 rpc_server.go:83] TabletManager.VReplicationExec(query:"select distinct workflow from _vt.vreplication where state != 'Stopped' and db_name = 'benchmark'")(on zone1-0942943782 from ): (*tabletmanagerdata.VReplicationExecResponse)(nil)
[pod/example-vttablet-zone1-0942943782-67bcbcdb/vttablet] I0212 20:47:30.422894       1 rpc_server.go:83] TabletManager.VReplicationExec(query:"select distinct workflow from _vt.vreplication where state != 'Stopped' and db_name = 'benchmark'")(on zone1-0942943782 from ): (*tabletmanagerdata.VReplicationExecResponse)(nil)
[pod/example-vttablet-zone1-0942943782-67bcbcdb/vttablet] E0212 20:47:42.213614       1 query_throttler.go:140] Error loading config: open /config/throttler-config.json: no such file or directory
[pod/example-vttablet-zone1-0942943782-67bcbcdb/vttablet] I0212 20:47:46.461416       1 rpc_server.go:83] TabletManager.VReplicationExec(query:"select distinct workflow from _vt.vreplication where state != 'Stopped' and db_name = 'benchmark'")(on zone1-0942943782 from ): (*tabletmanagerdata.VReplicationExecResponse)(nil)
[pod/example-vttablet-zone1-0942943782-67bcbcdb/vttablet] I0212 20:47:59.208215       1 rpc_server.go:83] TabletManager.VReplicationExec(query:"select distinct workflow from _vt.vreplication where state != 'Stopped' and db_name = 'benchmark'")(on zone1-0942943782 from ): (*tabletmanagerdata.VReplicationExecResponse)(nil)
[pod/example-vttablet-zone1-0942943782-67bcbcdb/vttablet] I0212 20:48:11.768630       1 rpc_server.go:83] TabletManager.VReplicationExec(query:"select distinct workflow from _vt.vreplication where state != 'Stopped' and db_name = 'benchmark'")(on zone1-0942943782 from ): (*tabletmanagerdata.VReplicationExecResponse)(nil)
[pod/example-vttablet-zone1-0942943782-67bcbcdb/vttablet] I0212 20:48:23.899332       1 rpc_server.go:83] TabletManager.VReplicationExec(query:"select distinct workflow from _vt.vreplication where state != 'Stopped' and db_name = 'benchmark'")(on zone1-0942943782 from ): (*tabletmanagerdata.VReplicationExecResponse)(nil)
[pod/example-vttablet-zone1-0942943782-67bcbcdb/vttablet] I0212 20:48:39.622882       1 rpc_server.go:83] TabletManager.VReplicationExec(query:"select distinct workflow from _vt.vreplication where state != 'Stopped' and db_name = 'benchmark'")(on zone1-0942943782 from ): (*tabletmanagerdata.VReplicationExecResponse)(nil)
[pod/example-vttablet-zone1-0942943782-67bcbcdb/vttablet] E0212 20:48:42.213845       1 query_throttler.go:140] Error loading config: open /config/throttler-config.json: no such file or directory
[pod/example-vttablet-zone1-0942943782-67bcbcdb/vttablet] I0212 20:48:54.989212       1 rpc_server.go:83] TabletManager.VReplicationExec(query:"select distinct workflow from _vt.vreplication where state != 'Stopped' and db_name = 'benchmark'")(on zone1-0942943782 from ): (*tabletmanagerdata.VReplicationExecResponse)(nil)
[pod/example-vttablet-zone1-0942943782-67bcbcdb/vttablet] I0212 20:49:11.227749       1 rpc_server.go:83] TabletManager.VReplicationExec(query:"select distinct workflow from _vt.vreplication where state != 'Stopped' and db_name = 'benchmark'")(on zone1-0942943782 from ): (*tabletmanagerdata.VReplicationExecResponse)(nil)
[pod/example-vttablet-zone1-0942943782-67bcbcdb/vttablet] I0212 20:49:27.479158       1 rpc_server.go:83] TabletManager.VReplicationExec(query:"select distinct workflow from _vt.vreplication where state != 'Stopped' and db_name = 'benchmark'")(on zone1-0942943782 from ): (*tabletmanagerdata.VReplicationExecResponse)(nil)
[pod/example-vttablet-zone1-0942943782-67bcbcdb/vttablet] E0212 20:49:42.213784       1 query_throttler.go:140] Error loading config: open /config/throttler-config.json: no such file or directory
[pod/example-vttablet-zone1-0942943782-67bcbcdb/vttablet] I0212 20:49:45.222587       1 rpc_server.go:83] TabletManager.VReplicationExec(query:"select distinct workflow from _vt.vreplication where state != 'Stopped' and db_name = 'benchmark'")(on zone1-0942943782 from ): (*tabletmanagerdata.VReplicationExecResponse)(nil)
[pod/example-vttablet-zone1-0942943782-67bcbcdb/vttablet] I0212 20:50:03.808969       1 rpc_server.go:83] TabletManager.VReplicationExec(query:"select distinct workflow from _vt.vreplication where state != 'Stopped' and db_name = 'benchmark'")(on zone1-0942943782 from ): (*tabletmanagerdata.VReplicationExecResponse)(nil)
[pod/example-vttablet-zone1-0942943782-67bcbcdb/vttablet] I0212 20:50:21.052049       1 rpc_server.go:83] TabletManager.VReplicationExec(query:"select distinct workflow from _vt.vreplication where state != 'Stopped' and db_name = 'benchmark'")(on zone1-0942943782 from ): (*tabletmanagerdata.VReplicationExecResponse)(nil)
[pod/example-vttablet-zone1-0942943782-67bcbcdb/vttablet] I0212 20:50:37.388700       1 rpc_server.go:83] TabletManager.VReplicationExec(query:"select distinct workflow from _vt.vreplication where state != 'Stopped' and db_name = 'benchmark'")(on zone1-0942943782 from ): (*tabletmanagerdata.VReplicationExecResponse)(nil)
[pod/example-vttablet-zone1-0942943782-67bcbcdb/vttablet] E0212 20:50:42.213577       1 query_throttler.go:140] Error loading config: open /config/throttler-config.json: no such file or directory
[pod/example-vttablet-zone1-0942943782-67bcbcdb/vttablet] I0212 20:50:52.276080       1 rpc_server.go:83] TabletManager.VReplicationExec(query:"select distinct workflow from _vt.vreplication where state != 'Stopped' and db_name = 'benchmark'")(on zone1-0942943782 from ): (*tabletmanagerdata.VReplicationExecResponse)(nil)
[pod/example-vttablet-zone1-0942943782-67bcbcdb/vttablet] I0212 20:50:56.537019       1 rpc_server.go:83] TabletManager.VReplicationExec(query:"select distinct workflow from _vt.vreplication where state != 'Stopped' and db_name = 'benchmark'")(on zone1-0942943782 from ): (*tabletmanagerdata.VReplicationExecResponse)(nil)
[pod/example-vttablet-zone1-0942943782-67bcbcdb/vttablet] I0212 20:50:56.587138       1 rpc_server.go:83] TabletManager.VReplicationExec(query:"select distinct workflow from _vt.vreplication where state != 'Stopped' and db_name = 'benchmark'")(on zone1-0942943782 from ): (*tabletmanagerdata.VReplicationExecResponse)(nil)
[pod/example-vttablet-zone1-0942943782-67bcbcdb/vttablet] I0212 20:51:08.408784       1 rpc_server.go:83] TabletManager.VReplicationExec(query:"select distinct workflow from _vt.vreplication where state != 'Stopped' and db_name = 'benchmark'")(on zone1-0942943782 from ): (*tabletmanagerdata.VReplicationExecResponse)(nil)
[pod/example-vttablet-zone1-0942943782-67bcbcdb/vttablet] I0212 20:51:19.508699       1 rpc_server.go:83] TabletManager.VReplicationExec(query:"select distinct workflow from _vt.vreplication where state != 'Stopped' and db_name = 'benchmark'")(on zone1-0942943782 from ): (*tabletmanagerdata.VReplicationExecResponse)(nil)
[pod/example-vttablet-zone1-0942943782-67bcbcdb/vttablet] I0212 20:51:34.398521       1 rpc_server.go:83] TabletManager.VReplicationExec(query:"select distinct workflow from _vt.vreplication where state != 'Stopped' and db_name = 'benchmark'")(on zone1-0942943782 from ): (*tabletmanagerdata.VReplicationExecResponse)(nil)
[pod/example-vttablet-zone1-0942943782-67bcbcdb/vttablet] E0212 20:51:42.213613       1 query_throttler.go:140] Error loading config: open /config/throttler-config.json: no such file or directory
[pod/example-vttablet-zone1-0942943782-67bcbcdb/vttablet] I0212 20:51:51.114894       1 rpc_server.go:83] TabletManager.VReplicationExec(query:"select distinct workflow from _vt.vreplication where state != 'Stopped' and db_name = 'benchmark'")(on zone1-0942943782 from ): (*tabletmanagerdata.VReplicationExecResponse)(nil)
[pod/example-vttablet-zone1-0942943782-67bcbcdb/vttablet] I0212 20:52:05.202900       1 rpc_server.go:83] TabletManager.VReplicationExec(query:"select distinct workflow from _vt.vreplication where state != 'Stopped' and db_name = 'benchmark'")(on zone1-0942943782 from ): (*tabletmanagerdata.VReplicationExecResponse)(nil)
[pod/example-vttablet-zone1-0942943782-67bcbcdb/vttablet] I0212 20:52:20.573564       1 rpc_server.go:83] TabletManager.VReplicationExec(query:"select distinct workflow from _vt.vreplication where state != 'Stopped' and db_name = 'benchmark'")(on zone1-0942943782 from ): (*tabletmanagerdata.VReplicationExecResponse)(nil)
[pod/example-vttablet-zone1-0942943782-67bcbcdb/vttablet] I0212 20:52:39.353910       1 rpc_server.go:83] TabletManager.VReplicationExec(query:"select distinct workflow from _vt.vreplication where state != 'Stopped' and db_name = 'benchmark'")(on zone1-0942943782 from ): (*tabletmanagerdata.VReplicationExecResponse)(nil)
[pod/example-vttablet-zone1-0942943782-67bcbcdb/vttablet] E0212 20:52:42.213828       1 query_throttler.go:140] Error loading config: open /config/throttler-config.json: no such file or directory
[pod/example-vttablet-zone1-0942943782-67bcbcdb/vttablet] I0212 20:52:55.666296       1 rpc_server.go:83] TabletManager.VReplicationExec(query:"select distinct workflow from _vt.vreplication where state != 'Stopped' and db_name = 'benchmark'")(on zone1-0942943782 from ): (*tabletmanagerdata.VReplicationExecResponse)(nil)
[pod/example-vttablet-zone1-0942943782-67bcbcdb/vttablet] I0212 20:53:14.015601       1 rpc_server.go:83] TabletManager.VReplicationExec(query:"select distinct workflow from _vt.vreplication where state != 'Stopped' and db_name = 'benchmark'")(on zone1-0942943782 from ): (*tabletmanagerdata.VReplicationExecResponse)(nil)
[pod/example-vttablet-zone1-0942943782-67bcbcdb/vttablet] I0212 20:53:25.561515       1 rpc_server.go:83] TabletManager.VReplicationExec(query:"select distinct workflow from _vt.vreplication where state != 'Stopped' and db_name = 'benchmark'")(on zone1-0942943782 from ): (*tabletmanagerdata.VReplicationExecResponse)(nil)
[pod/example-vttablet-zone1-0942943782-67bcbcdb/vttablet] I0212 20:53:37.721134       1 rpc_server.go:83] TabletManager.VReplicationExec(query:"select distinct workflow from _vt.vreplication where state != 'Stopped' and db_name = 'benchmark'")(on zone1-0942943782 from ): (*tabletmanagerdata.VReplicationExecResponse)(nil)
[pod/example-vttablet-zone1-0942943782-67bcbcdb/vttablet] E0212 20:53:42.214090       1 query_throttler.go:140] Error loading config: open /config/throttler-config.json: no such file or directory
[pod/example-vttablet-zone1-0942943782-67bcbcdb/vttablet] I0212 20:53:50.851848       1 rpc_server.go:83] TabletManager.VReplicationExec(query:"select distinct workflow from _vt.vreplication where state != 'Stopped' and db_name = 'benchmark'")(on zone1-0942943782 from ): (*tabletmanagerdata.VReplicationExecResponse)(nil)
[pod/example-vttablet-zone1-0942943782-67bcbcdb/vttablet] I0212 20:54:08.009239       1 rpc_server.go:83] TabletManager.VReplicationExec(query:"select distinct workflow from _vt.vreplication where state != 'Stopped' and db_name = 'benchmark'")(on zone1-0942943782 from ): (*tabletmanagerdata.VReplicationExecResponse)(nil)
[pod/example-vttablet-zone1-0942943782-67bcbcdb/vttablet] I0212 20:54:21.521483       1 rpc_server.go:83] TabletManager.VReplicationExec(query:"select distinct workflow from _vt.vreplication where state != 'Stopped' and db_name = 'benchmark'")(on zone1-0942943782 from ): (*tabletmanagerdata.VReplicationExecResponse)(nil)
[pod/example-vttablet-zone1-0942943782-67bcbcdb/vttablet] I0212 20:54:36.821275       1 rpc_server.go:83] TabletManager.VReplicationExec(query:"select distinct workflow from _vt.vreplication where state != 'Stopped' and db_name = 'benchmark'")(on zone1-0942943782 from ): (*tabletmanagerdata.VReplicationExecResponse)(nil)
[pod/example-vttablet-zone1-0942943782-67bcbcdb/vttablet] E0212 20:54:42.213921       1 query_throttler.go:140] Error loading config: open /config/throttler-config.json: no such file or directory
[pod/example-vttablet-zone1-0942943782-67bcbcdb/vttablet] I0212 20:54:53.894404       1 rpc_server.go:83] TabletManager.VReplicationExec(query:"select distinct workflow from _vt.vreplication where state != 'Stopped' and db_name = 'benchmark'")(on zone1-0942943782 from ): (*tabletmanagerdata.VReplicationExecResponse)(nil)
[pod/example-vttablet-zone1-0942943782-67bcbcdb/vttablet] I0212 20:55:09.210272       1 rpc_server.go:83] TabletManager.VReplicationExec(query:"select distinct workflow from _vt.vreplication where state != 'Stopped' and db_name = 'benchmark'")(on zone1-0942943782 from ): (*tabletmanagerdata.VReplicationExecResponse)(nil)
[pod/example-vttablet-zone1-0942943782-67bcbcdb/vttablet] I0212 20:55:23.297582       1 rpc_server.go:83] TabletManager.VReplicationExec(query:"select distinct workflow from _vt.vreplication where state != 'Stopped' and db_name = 'benchmark'")(on zone1-0942943782 from ): (*tabletmanagerdata.VReplicationExecResponse)(nil)
[pod/example-vttablet-zone1-0942943782-67bcbcdb/vttablet] I0212 20:55:40.141196       1 rpc_server.go:83] TabletManager.VReplicationExec(query:"select distinct workflow from _vt.vreplication where state != 'Stopped' and db_name = 'benchmark'")(on zone1-0942943782 from ): (*tabletmanagerdata.VReplicationExecResponse)(nil)
[pod/example-vttablet-zone1-0942943782-67bcbcdb/vttablet] E0212 20:55:42.213653       1 query_throttler.go:140] Error loading config: open /config/throttler-config.json: no such file or directory
[pod/example-vttablet-zone1-0942943782-67bcbcdb/vttablet] I0212 20:55:54.799851       1 rpc_server.go:83] TabletManager.VReplicationExec(query:"select distinct workflow from _vt.vreplication where state != 'Stopped' and db_name = 'benchmark'")(on zone1-0942943782 from ): (*tabletmanagerdata.VReplicationExecResponse)(nil)
[pod/example-vttablet-zone1-0942943782-67bcbcdb/vttablet] I0212 20:56:08.617594       1 rpc_server.go:83] TabletManager.VReplicationExec(query:"select distinct workflow from _vt.vreplication where state != 'Stopped' and db_name = 'benchmark'")(on zone1-0942943782 from ): (*tabletmanagerdata.VReplicationExecResponse)(nil)
[pod/example-vttablet-zone1-0942943782-67bcbcdb/vttablet] I0212 20:56:26.526734       1 rpc_server.go:83] TabletManager.VReplicationExec(query:"select distinct workflow from _vt.vreplication where state != 'Stopped' and db_name = 'benchmark'")(on zone1-0942943782 from ): (*tabletmanagerdata.VReplicationExecResponse)(nil)
[pod/example-vttablet-zone1-0942943782-67bcbcdb/vttablet] I0212 20:56:41.732839       1 rpc_server.go:83] TabletManager.VReplicationExec(query:"select distinct workflow from _vt.vreplication where state != 'Stopped' and db_name = 'benchmark'")(on zone1-0942943782 from ): (*tabletmanagerdata.VReplicationExecResponse)(nil)
[pod/example-vttablet-zone1-0942943782-67bcbcdb/vttablet] E0212 20:56:42.213687       1 query_throttler.go:140] Error loading config: open /config/throttler-config.json: no such file or directory
[pod/example-vttablet-zone1-0942943782-67bcbcdb/vttablet] I0212 20:56:53.693988       1 rpc_server.go:83] TabletManager.VReplicationExec(query:"select distinct workflow from _vt.vreplication where state != 'Stopped' and db_name = 'benchmark'")(on zone1-0942943782 from ): (*tabletmanagerdata.VReplicationExecResponse)(nil)
[pod/example-vttablet-zone1-0942943782-67bcbcdb/vttablet] I0212 20:57:06.546151       1 rpc_server.go:83] TabletManager.VReplicationExec(query:"select distinct workflow from _vt.vreplication where state != 'Stopped' and db_name = 'benchmark'")(on zone1-0942943782 from ): (*tabletmanagerdata.VReplicationExecResponse)(nil)
[pod/example-vttablet-zone1-0942943782-67bcbcdb/vttablet] I0212 20:57:18.650199       1 rpc_server.go:83] TabletManager.VReplicationExec(query:"select distinct workflow from _vt.vreplication where state != 'Stopped' and db_name = 'benchmark'")(on zone1-0942943782 from ): (*tabletmanagerdata.VReplicationExecResponse)(nil)
[pod/example-vttablet-zone1-0942943782-67bcbcdb/vttablet] I0212 20:57:32.832550       1 rpc_server.go:83] TabletManager.VReplicationExec(query:"select distinct workflow from _vt.vreplication where state != 'Stopped' and db_name = 'benchmark'")(on zone1-0942943782 from ): (*tabletmanagerdata.VReplicationExecResponse)(nil)
[pod/example-vttablet-zone1-0942943782-67bcbcdb/vttablet] E0212 20:57:42.214442       1 query_throttler.go:140] Error loading config: open /config/throttler-config.json: no such file or directory
[pod/example-vttablet-zone1-0942943782-67bcbcdb/vttablet] I0212 20:57:48.540468       1 rpc_server.go:83] TabletManager.VReplicationExec(query:"select distinct workflow from _vt.vreplication where state != 'Stopped' and db_name = 'benchmark'")(on zone1-0942943782 from ): (*tabletmanagerdata.VReplicationExecResponse)(nil)
[pod/example-vttablet-zone1-0942943782-67bcbcdb/vttablet] I0212 20:58:05.653708       1 rpc_server.go:83] TabletManager.VReplicationExec(query:"select distinct workflow from _vt.vreplication where state != 'Stopped' and db_name = 'benchmark'")(on zone1-0942943782 from ): (*tabletmanagerdata.VReplicationExecResponse)(nil)
[pod/example-vttablet-zone1-0942943782-67bcbcdb/vttablet] I0212 20:58:18.255585       1 rpc_server.go:83] TabletManager.VReplicationExec(query:"select distinct workflow from _vt.vreplication where state != 'Stopped' and db_name = 'benchmark'")(on zone1-0942943782 from ): (*tabletmanagerdata.VReplicationExecResponse)(nil)
[pod/example-vttablet-zone1-0942943782-67bcbcdb/vttablet] I0212 20:58:30.737534       1 rpc_server.go:83] TabletManager.VReplicationExec(query:"select distinct workflow from _vt.vreplication where state != 'Stopped' and db_name = 'benchmark'")(on zone1-0942943782 from ): (*tabletmanagerdata.VReplicationExecResponse)(nil)
[pod/example-vttablet-zone1-0942943782-67bcbcdb/vttablet] E0212 20:58:42.213857       1 query_throttler.go:140] Error loading config: open /config/throttler-config.json: no such file or directory
[pod/example-vttablet-zone1-0942943782-67bcbcdb/vttablet] I0212 20:58:46.987911       1 rpc_server.go:83] TabletManager.VReplicationExec(query:"select distinct workflow from _vt.vreplication where state != 'Stopped' and db_name = 'benchmark'")(on zone1-0942943782 from ): (*tabletmanagerdata.VReplicationExecResponse)(nil)
[pod/example-vttablet-zone1-0942943782-67bcbcdb/vttablet] I0212 20:59:04.274501       1 rpc_server.go:83] TabletManager.VReplicationExec(query:"select distinct workflow from _vt.vreplication where state != 'Stopped' and db_name = 'benchmark'")(on zone1-0942943782 from ): (*tabletmanagerdata.VReplicationExecResponse)(nil)
[pod/example-vttablet-zone1-0942943782-67bcbcdb/vttablet] I0212 20:59:17.799324       1 rpc_server.go:83] TabletManager.VReplicationExec(query:"select distinct workflow from _vt.vreplication where state != 'Stopped' and db_name = 'benchmark'")(on zone1-0942943782 from ): (*tabletmanagerdata.VReplicationExecResponse)(nil)
[pod/example-vttablet-zone1-0942943782-67bcbcdb/vttablet] I0212 20:59:32.153585       1 rpc_server.go:83] TabletManager.VReplicationExec(query:"select distinct workflow from _vt.vreplication where state != 'Stopped' and db_name = 'benchmark'")(on zone1-0942943782 from ): (*tabletmanagerdata.VReplicationExecResponse)(nil)
[pod/example-vttablet-zone1-0942943782-67bcbcdb/vttablet] E0212 20:59:42.213779       1 query_throttler.go:140] Error loading config: open /config/throttler-config.json: no such file or directory
[pod/example-vttablet-zone1-0942943782-67bcbcdb/vttablet] I0212 20:59:44.967561       1 rpc_server.go:83] TabletManager.VReplicationExec(query:"select distinct workflow from _vt.vreplication where state != 'Stopped' and db_name = 'benchmark'")(on zone1-0942943782 from ): (*tabletmanagerdata.VReplicationExecResponse)(nil)
[pod/example-vttablet-zone1-0942943782-67bcbcdb/vttablet] I0212 20:59:59.347838       1 rpc_server.go:83] TabletManager.VReplicationExec(query:"select distinct workflow from _vt.vreplication where state != 'Stopped' and db_name = 'benchmark'")(on zone1-0942943782 from ): (*tabletmanagerdata.VReplicationExecResponse)(nil)
[pod/example-vttablet-zone1-0942943782-67bcbcdb/vttablet] I0212 21:00:17.692508       1 rpc_server.go:83] TabletManager.VReplicationExec(query:"select distinct workflow from _vt.vreplication where state != 'Stopped' and db_name = 'benchmark'")(on zone1-0942943782 from ): (*tabletmanagerdata.VReplicationExecResponse)(nil)
[pod/example-vttablet-zone1-0942943782-67bcbcdb/vttablet] I0212 21:00:30.885530       1 rpc_server.go:83] TabletManager.VReplicationExec(query:"select distinct workflow from _vt.vreplication where state != 'Stopped' and db_name = 'benchmark'")(on zone1-0942943782 from ): (*tabletmanagerdata.VReplicationExecResponse)(nil)
[pod/example-vttablet-zone1-0942943782-67bcbcdb/vttablet] E0212 21:00:42.213778       1 query_throttler.go:140] Error loading config: open /config/throttler-config.json: no such file or directory
[pod/example-vttablet-zone1-0942943782-67bcbcdb/vttablet] I0212 21:00:44.899400       1 rpc_server.go:83] TabletManager.VReplicationExec(query:"select distinct workflow from _vt.vreplication where state != 'Stopped' and db_name = 'benchmark'")(on zone1-0942943782 from ): (*tabletmanagerdata.VReplicationExecResponse)(nil)
[pod/example-vttablet-zone1-0942943782-67bcbcdb/vttablet] I0212 21:01:02.106859       1 rpc_server.go:83] TabletManager.VReplicationExec(query:"select distinct workflow from _vt.vreplication where state != 'Stopped' and db_name = 'benchmark'")(on zone1-0942943782 from ): (*tabletmanagerdata.VReplicationExecResponse)(nil)
[pod/example-vttablet-zone1-0942943782-67bcbcdb/vttablet] I0212 21:01:14.318320       1 rpc_server.go:83] TabletManager.VReplicationExec(query:"select distinct workflow from _vt.vreplication where state != 'Stopped' and db_name = 'benchmark'")(on zone1-0942943782 from ): (*tabletmanagerdata.VReplicationExecResponse)(nil)
[pod/example-vttablet-zone1-0942943782-67bcbcdb/vttablet] I0212 21:01:20.346018       1 rpc_server.go:83] TabletManager.VReplicationExec(query:"select distinct workflow from _vt.vreplication where state != 'Stopped' and db_name = 'benchmark'")(on zone1-0942943782 from ): (*tabletmanagerdata.VReplicationExecResponse)(nil)
[pod/example-vttablet-zone1-0942943782-67bcbcdb/vttablet] I0212 21:01:20.382639       1 rpc_server.go:83] TabletManager.VReplicationExec(query:"select distinct workflow from _vt.vreplication where state != 'Stopped' and db_name = 'benchmark'")(on zone1-0942943782 from ): (*tabletmanagerdata.VReplicationExecResponse)(nil)
[pod/example-vttablet-zone1-0942943782-67bcbcdb/vttablet] I0212 21:01:38.775663       1 rpc_server.go:83] TabletManager.VReplicationExec(query:"select distinct workflow from _vt.vreplication where state != 'Stopped' and db_name = 'benchmark'")(on zone1-0942943782 from ): (*tabletmanagerdata.VReplicationExecResponse)(nil)
[pod/example-vttablet-zone1-0942943782-67bcbcdb/vttablet] E0212 21:01:42.213631       1 query_throttler.go:140] Error loading config: open /config/throttler-config.json: no such file or directory
[pod/example-vttablet-zone1-0942943782-67bcbcdb/vttablet] I0212 21:01:45.095079       1 rpc_server.go:83] TabletManager.VReplicationExec(query:"select distinct workflow from _vt.vreplication where state != 'Stopped' and db_name = 'benchmark'")(on zone1-0942943782 from ): (*tabletmanagerdata.VReplicationExecResponse)(nil)
[pod/example-vttablet-zone1-0942943782-67bcbcdb/vttablet] I0212 21:02:00.738909       1 rpc_server.go:83] TabletManager.VReplicationExec(query:"select distinct workflow from _vt.vreplication where state != 'Stopped' and db_name = 'benchmark'")(on zone1-0942943782 from ): (*tabletmanagerdata.VReplicationExecResponse)(nil)
[pod/example-vttablet-zone1-0942943782-67bcbcdb/vttablet] I0212 21:02:19.390737       1 rpc_server.go:83] TabletManager.VReplicationExec(query:"select distinct workflow from _vt.vreplication where state != 'Stopped' and db_name = 'benchmark'")(on zone1-0942943782 from ): (*tabletmanagerdata.VReplicationExecResponse)(nil)
[pod/example-vttablet-zone1-0942943782-67bcbcdb/vttablet] I0212 21:02:38.001220       1 rpc_server.go:83] TabletManager.VReplicationExec(query:"select distinct workflow from _vt.vreplication where state != 'Stopped' and db_name = 'benchmark'")(on zone1-0942943782 from ): (*tabletmanagerdata.VReplicationExecResponse)(nil)
[pod/example-vttablet-zone1-0942943782-67bcbcdb/vttablet] E0212 21:02:42.213650       1 query_throttler.go:140] Error loading config: open /config/throttler-config.json: no such file or directory
[pod/example-vttablet-zone1-0942943782-67bcbcdb/vttablet] I0212 21:02:53.331507       1 rpc_server.go:83] TabletManager.VReplicationExec(query:"select distinct workflow from _vt.vreplication where state != 'Stopped' and db_name = 'benchmark'")(on zone1-0942943782 from ): (*tabletmanagerdata.VReplicationExecResponse)(nil)
[pod/example-vttablet-zone1-0942943782-67bcbcdb/vttablet] I0212 21:03:08.247689       1 rpc_server.go:83] TabletManager.VReplicationExec(query:"select distinct workflow from _vt.vreplication where state != 'Stopped' and db_name = 'benchmark'")(on zone1-0942943782 from ): (*tabletmanagerdata.VReplicationExecResponse)(nil)
[pod/example-vttablet-zone1-0942943782-67bcbcdb/vttablet] I0212 21:03:24.293484       1 rpc_server.go:83] TabletManager.VReplicationExec(query:"select distinct workflow from _vt.vreplication where state != 'Stopped' and db_name = 'benchmark'")(on zone1-0942943782 from ): (*tabletmanagerdata.VReplicationExecResponse)(nil)
[pod/example-vttablet-zone1-0942943782-67bcbcdb/vttablet] I0212 21:03:41.287127       1 rpc_server.go:83] TabletManager.VReplicationExec(query:"select distinct workflow from _vt.vreplication where state != 'Stopped' and db_name = 'benchmark'")(on zone1-0942943782 from ): (*tabletmanagerdata.VReplicationExecResponse)(nil)
[pod/example-vttablet-zone1-0942943782-67bcbcdb/vttablet] E0212 21:03:42.213642       1 query_throttler.go:140] Error loading config: open /config/throttler-config.json: no such file or directory
[pod/example-vttablet-zone1-0942943782-67bcbcdb/vttablet] I0212 21:03:53.933979       1 rpc_server.go:83] TabletManager.VReplicationExec(query:"select distinct workflow from _vt.vreplication where state != 'Stopped' and db_name = 'benchmark'")(on zone1-0942943782 from ): (*tabletmanagerdata.VReplicationExecResponse)(nil)
[pod/example-vttablet-zone1-0942943782-67bcbcdb/vttablet] I0212 21:04:09.801466       1 rpc_server.go:83] TabletManager.VReplicationExec(query:"select distinct workflow from _vt.vreplication where state != 'Stopped' and db_name = 'benchmark'")(on zone1-0942943782 from ): (*tabletmanagerdata.VReplicationExecResponse)(nil)
[pod/example-vttablet-zone1-0942943782-67bcbcdb/vttablet] I0212 21:04:24.748623       1 rpc_server.go:83] TabletManager.VReplicationExec(query:"select distinct workflow from _vt.vreplication where state != 'Stopped' and db_name = 'benchmark'")(on zone1-0942943782 from ): (*tabletmanagerdata.VReplicationExecResponse)(nil)
[pod/example-vttablet-zone1-0942943782-67bcbcdb/vttablet] I0212 21:04:38.590360       1 rpc_server.go:83] TabletManager.VReplicationExec(query:"select distinct workflow from _vt.vreplication where state != 'Stopped' and db_name = 'benchmark'")(on zone1-0942943782 from ): (*tabletmanagerdata.VReplicationExecResponse)(nil)
[pod/example-vttablet-zone1-0942943782-67bcbcdb/vttablet] E0212 21:04:42.213620       1 query_throttler.go:140] Error loading config: open /config/throttler-config.json: no such file or directory
[pod/example-vttablet-zone1-0942943782-67bcbcdb/vttablet] I0212 21:04:51.321421       1 rpc_server.go:83] TabletManager.VReplicationExec(query:"select distinct workflow from _vt.vreplication where state != 'Stopped' and db_name = 'benchmark'")(on zone1-0942943782 from ): (*tabletmanagerdata.VReplicationExecResponse)(nil)
[pod/example-vttablet-zone1-0942943782-67bcbcdb/vttablet] I0212 21:05:04.782134       1 rpc_server.go:83] TabletManager.VReplicationExec(query:"select distinct workflow from _vt.vreplication where state != 'Stopped' and db_name = 'benchmark'")(on zone1-0942943782 from ): (*tabletmanagerdata.VReplicationExecResponse)(nil)
[pod/example-vttablet-zone1-0942943782-67bcbcdb/vttablet] I0212 21:05:22.841321       1 rpc_server.go:83] TabletManager.VReplicationExec(query:"select distinct workflow from _vt.vreplication where state != 'Stopped' and db_name = 'benchmark'")(on zone1-0942943782 from ): (*tabletmanagerdata.VReplicationExecResponse)(nil)
[pod/example-vttablet-zone1-0942943782-67bcbcdb/vttablet] I0212 21:05:37.094340       1 rpc_server.go:83] TabletManager.VReplicationExec(query:"select distinct workflow from _vt.vreplication where state != 'Stopped' and db_name = 'benchmark'")(on zone1-0942943782 from ): (*tabletmanagerdata.VReplicationExecResponse)(nil)
[pod/example-vttablet-zone1-0942943782-67bcbcdb/vttablet] E0212 21:05:42.213846       1 query_throttler.go:140] Error loading config: open /config/throttler-config.json: no such file or directory
[pod/example-vttablet-zone1-0942943782-67bcbcdb/vttablet] I0212 21:05:54.818519       1 rpc_server.go:83] TabletManager.VReplicationExec(query:"select distinct workflow from _vt.vreplication where state != 'Stopped' and db_name = 'benchmark'")(on zone1-0942943782 from ): (*tabletmanagerdata.VReplicationExecResponse)(nil)
[pod/example-vttablet-zone1-0942943782-67bcbcdb/vttablet] I0212 21:06:12.585137       1 rpc_server.go:83] TabletManager.VReplicationExec(query:"select distinct workflow from _vt.vreplication where state != 'Stopped' and db_name = 'benchmark'")(on zone1-0942943782 from ): (*tabletmanagerdata.VReplicationExecResponse)(nil)
[pod/example-vttablet-zone1-0942943782-67bcbcdb/vttablet] I0212 21:06:28.956742       1 rpc_server.go:83] TabletManager.VReplicationExec(query:"select distinct workflow from _vt.vreplication where state != 'Stopped' and db_name = 'benchmark'")(on zone1-0942943782 from ): (*tabletmanagerdata.VReplicationExecResponse)(nil)
[pod/example-vttablet-zone1-0942943782-67bcbcdb/vttablet] E0212 21:06:42.214018       1 query_throttler.go:140] Error loading config: open /config/throttler-config.json: no such file or directory
[pod/example-vttablet-zone1-0942943782-67bcbcdb/vttablet] I0212 21:06:43.428291       1 rpc_server.go:83] TabletManager.VReplicationExec(query:"select distinct workflow from _vt.vreplication where state != 'Stopped' and db_name = 'benchmark'")(on zone1-0942943782 from ): (*tabletmanagerdata.VReplicationExecResponse)(nil)
[pod/example-vttablet-zone1-0942943782-67bcbcdb/vttablet] I0212 21:06:55.761130       1 rpc_server.go:83] TabletManager.VReplicationExec(query:"select distinct workflow from _vt.vreplication where state != 'Stopped' and db_name = 'benchmark'")(on zone1-0942943782 from ): (*tabletmanagerdata.VReplicationExecResponse)(nil)
[pod/example-vttablet-zone1-0942943782-67bcbcdb/vttablet] I0212 21:07:12.039594       1 rpc_server.go:83] TabletManager.VReplicationExec(query:"select distinct workflow from _vt.vreplication where state != 'Stopped' and db_name = 'benchmark'")(on zone1-0942943782 from ): (*tabletmanagerdata.VReplicationExecResponse)(nil)
[pod/example-vttablet-zone1-0942943782-67bcbcdb/vttablet] I0212 21:07:25.314918       1 rpc_server.go:83] TabletManager.VReplicationExec(query:"select distinct workflow from _vt.vreplication where state != 'Stopped' and db_name = 'benchmark'")(on zone1-0942943782 from ): (*tabletmanagerdata.VReplicationExecResponse)(nil)
[pod/example-vttablet-zone1-0942943782-67bcbcdb/vttablet] I0212 21:07:37.113696       1 rpc_server.go:83] TabletManager.VReplicationExec(query:"select distinct workflow from _vt.vreplication where state != 'Stopped' and db_name = 'benchmark'")(on zone1-0942943782 from ): (*tabletmanagerdata.VReplicationExecResponse)(nil)
[pod/example-vttablet-zone1-0942943782-67bcbcdb/vttablet] E0212 21:07:42.213588       1 query_throttler.go:140] Error loading config: open /config/throttler-config.json: no such file or directory
[pod/example-vttablet-zone1-0942943782-67bcbcdb/vttablet] I0212 21:07:50.573756       1 rpc_server.go:83] TabletManager.VReplicationExec(query:"select distinct workflow from _vt.vreplication where state != 'Stopped' and db_name = 'benchmark'")(on zone1-0942943782 from ): (*tabletmanagerdata.VReplicationExecResponse)(nil)
[pod/example-vttablet-zone1-0942943782-67bcbcdb/vttablet] I0212 21:08:04.051324       1 rpc_server.go:83] TabletManager.VReplicationExec(query:"select distinct workflow from _vt.vreplication where state != 'Stopped' and db_name = 'benchmark'")(on zone1-0942943782 from ): (*tabletmanagerdata.VReplicationExecResponse)(nil)
[pod/example-vttablet-zone1-0942943782-67bcbcdb/vttablet] I0212 21:08:21.757205       1 rpc_server.go:83] TabletManager.VReplicationExec(query:"select distinct workflow from _vt.vreplication where state != 'Stopped' and db_name = 'benchmark'")(on zone1-0942943782 from ): (*tabletmanagerdata.VReplicationExecResponse)(nil)
[pod/example-vttablet-zone1-0942943782-67bcbcdb/vttablet] I0212 21:08:35.124600       1 rpc_server.go:83] TabletManager.VReplicationExec(query:"select distinct workflow from _vt.vreplication where state != 'Stopped' and db_name = 'benchmark'")(on zone1-0942943782 from ): (*tabletmanagerdata.VReplicationExecResponse)(nil)
[pod/example-vttablet-zone1-0942943782-67bcbcdb/vttablet] E0212 21:08:42.214152       1 query_throttler.go:140] Error loading config: open /config/throttler-config.json: no such file or directory
[pod/example-vttablet-zone1-0942943782-67bcbcdb/vttablet] I0212 21:08:52.423038       1 rpc_server.go:83] TabletManager.VReplicationExec(query:"select distinct workflow from _vt.vreplication where state != 'Stopped' and db_name = 'benchmark'")(on zone1-0942943782 from ): (*tabletmanagerdata.VReplicationExecResponse)(nil)
[pod/example-vttablet-zone1-0942943782-67bcbcdb/vttablet] I0212 21:09:06.072146       1 rpc_server.go:83] TabletManager.VReplicationExec(query:"select distinct workflow from _vt.vreplication where state != 'Stopped' and db_name = 'benchmark'")(on zone1-0942943782 from ): (*tabletmanagerdata.VReplicationExecResponse)(nil)
[pod/example-vttablet-zone1-0942943782-67bcbcdb/vttablet] I0212 21:09:21.287810       1 rpc_server.go:83] TabletManager.VReplicationExec(query:"select distinct workflow from _vt.vreplication where state != 'Stopped' and db_name = 'benchmark'")(on zone1-0942943782 from ): (*tabletmanagerdata.VReplicationExecResponse)(nil)
[pod/example-vttablet-zone1-0942943782-67bcbcdb/vttablet] I0212 21:09:34.606252       1 rpc_server.go:83] TabletManager.VReplicationExec(query:"select distinct workflow from _vt.vreplication where state != 'Stopped' and db_name = 'benchmark'")(on zone1-0942943782 from ): (*tabletmanagerdata.VReplicationExecResponse)(nil)
[pod/example-vttablet-zone1-0942943782-67bcbcdb/vttablet] E0212 21:09:42.214118       1 query_throttler.go:140] Error loading config: open /config/throttler-config.json: no such file or directory
[pod/example-vttablet-zone1-0942943782-67bcbcdb/vttablet] I0212 21:09:51.464901       1 rpc_server.go:83] TabletManager.VReplicationExec(query:"select distinct workflow from _vt.vreplication where state != 'Stopped' and db_name = 'benchmark'")(on zone1-0942943782 from ): (*tabletmanagerdata.VReplicationExecResponse)(nil)
[pod/example-vttablet-zone1-0942943782-67bcbcdb/vttablet] I0212 21:10:03.384628       1 rpc_server.go:83] TabletManager.VReplicationExec(query:"select distinct workflow from _vt.vreplication where state != 'Stopped' and db_name = 'benchmark'")(on zone1-0942943782 from ): (*tabletmanagerdata.VReplicationExecResponse)(nil)
[pod/example-vttablet-zone1-0942943782-67bcbcdb/vttablet] I0212 21:10:14.802334       1 rpc_server.go:83] TabletManager.VReplicationExec(query:"select distinct workflow from _vt.vreplication where state != 'Stopped' and db_name = 'benchmark'")(on zone1-0942943782 from ): (*tabletmanagerdata.VReplicationExecResponse)(nil)
[pod/example-vttablet-zone1-0942943782-67bcbcdb/vttablet] I0212 21:10:32.002229       1 rpc_server.go:83] TabletManager.VReplicationExec(query:"select distinct workflow from _vt.vreplication where state != 'Stopped' and db_name = 'benchmark'")(on zone1-0942943782 from ): (*tabletmanagerdata.VReplicationExecResponse)(nil)
[pod/example-vttablet-zone1-0942943782-67bcbcdb/vttablet] E0212 21:10:42.213616       1 query_throttler.go:140] Error loading config: open /config/throttler-config.json: no such file or directory
[pod/example-vttablet-zone1-0942943782-67bcbcdb/vttablet] I0212 21:10:45.553236       1 rpc_server.go:83] TabletManager.VReplicationExec(query:"select distinct workflow from _vt.vreplication where state != 'Stopped' and db_name = 'benchmark'")(on zone1-0942943782 from ): (*tabletmanagerdata.VReplicationExecResponse)(nil)
[pod/example-vttablet-zone1-0942943782-67bcbcdb/vttablet] I0212 21:11:04.115321       1 rpc_server.go:83] TabletManager.VReplicationExec(query:"select distinct workflow from _vt.vreplication where state != 'Stopped' and db_name = 'benchmark'")(on zone1-0942943782 from ): (*tabletmanagerdata.VReplicationExecResponse)(nil)
[pod/example-vttablet-zone1-0942943782-67bcbcdb/vttablet] I0212 21:11:22.137912       1 rpc_server.go:83] TabletManager.VReplicationExec(query:"select distinct workflow from _vt.vreplication where state != 'Stopped' and db_name = 'benchmark'")(on zone1-0942943782 from ): (*tabletmanagerdata.VReplicationExecResponse)(nil)
[pod/example-vttablet-zone1-0942943782-67bcbcdb/vttablet] I0212 21:11:35.162939       1 rpc_server.go:83] TabletManager.VReplicationExec(query:"select distinct workflow from _vt.vreplication where state != 'Stopped' and db_name = 'benchmark'")(on zone1-0942943782 from ): (*tabletmanagerdata.VReplicationExecResponse)(nil)
[pod/example-vttablet-zone1-0942943782-67bcbcdb/vttablet] E0212 21:11:42.213594       1 query_throttler.go:140] Error loading config: open /config/throttler-config.json: no such file or directory
[pod/example-vttablet-zone1-0942943782-67bcbcdb/vttablet] I0212 21:11:44.180444       1 rpc_server.go:83] TabletManager.VReplicationExec(query:"select distinct workflow from _vt.vreplication where state != 'Stopped' and db_name = 'benchmark'")(on zone1-0942943782 from ): (*tabletmanagerdata.VReplicationExecResponse)(nil)
[pod/example-vttablet-zone1-0942943782-67bcbcdb/vttablet] I0212 21:11:44.240297       1 rpc_server.go:83] TabletManager.VReplicationExec(query:"select distinct workflow from _vt.vreplication where state != 'Stopped' and db_name = 'benchmark'")(on zone1-0942943782 from ): (*tabletmanagerdata.VReplicationExecResponse)(nil)
[pod/example-vttablet-zone1-0942943782-67bcbcdb/vttablet] I0212 21:11:59.665342       1 rpc_server.go:83] TabletManager.VReplicationExec(query:"select distinct workflow from _vt.vreplication where state != 'Stopped' and db_name = 'benchmark'")(on zone1-0942943782 from ): (*tabletmanagerdata.VReplicationExecResponse)(nil)
[pod/example-vttablet-zone1-0942943782-67bcbcdb/vttablet] I0212 21:12:10.684185       1 rpc_server.go:83] TabletManager.VReplicationExec(query:"select distinct workflow from _vt.vreplication where state != 'Stopped' and db_name = 'benchmark'")(on zone1-0942943782 from ): (*tabletmanagerdata.VReplicationExecResponse)(nil)
[pod/example-vttablet-zone1-0942943782-67bcbcdb/vttablet] I0212 21:12:25.990506       1 rpc_server.go:83] TabletManager.VReplicationExec(query:"select distinct workflow from _vt.vreplication where state != 'Stopped' and db_name = 'benchmark'")(on zone1-0942943782 from ): (*tabletmanagerdata.VReplicationExecResponse)(nil)
[pod/example-vttablet-zone1-0942943782-67bcbcdb/vttablet] E0212 21:12:42.213667       1 query_throttler.go:140] Error loading config: open /config/throttler-config.json: no such file or directory
[pod/example-vttablet-zone1-0942943782-67bcbcdb/vttablet] I0212 21:12:42.897664       1 rpc_server.go:83] TabletManager.VReplicationExec(query:"select distinct workflow from _vt.vreplication where state != 'Stopped' and db_name = 'benchmark'")(on zone1-0942943782 from ): (*tabletmanagerdata.VReplicationExecResponse)(nil)
[pod/example-vttablet-zone1-0942943782-67bcbcdb/vttablet] I0212 21:12:57.460224       1 rpc_server.go:83] TabletManager.VReplicationExec(query:"select distinct workflow from _vt.vreplication where state != 'Stopped' and db_name = 'benchmark'")(on zone1-0942943782 from ): (*tabletmanagerdata.VReplicationExecResponse)(nil)
[pod/example-vttablet-zone1-0942943782-67bcbcdb/vttablet] I0212 21:13:12.530845       1 rpc_server.go:83] TabletManager.VReplicationExec(query:"select distinct workflow from _vt.vreplication where state != 'Stopped' and db_name = 'benchmark'")(on zone1-0942943782 from ): (*tabletmanagerdata.VReplicationExecResponse)(nil)
[pod/example-vttablet-zone1-0942943782-67bcbcdb/vttablet] I0212 21:13:27.601593       1 rpc_server.go:83] TabletManager.VReplicationExec(query:"select distinct workflow from _vt.vreplication where state != 'Stopped' and db_name = 'benchmark'")(on zone1-0942943782 from ): (*tabletmanagerdata.VReplicationExecResponse)(nil)
[pod/example-vttablet-zone1-0942943782-67bcbcdb/vttablet] I0212 21:13:41.617359       1 rpc_server.go:83] TabletManager.VReplicationExec(query:"select distinct workflow from _vt.vreplication where state != 'Stopped' and db_name = 'benchmark'")(on zone1-0942943782 from ): (*tabletmanagerdata.VReplicationExecResponse)(nil)
[pod/example-vttablet-zone1-0942943782-67bcbcdb/vttablet] E0212 21:13:42.213617       1 query_throttler.go:140] Error loading config: open /config/throttler-config.json: no such file or directory
[pod/example-vttablet-zone1-0942943782-67bcbcdb/vttablet] I0212 21:13:59.328333       1 rpc_server.go:83] TabletManager.VReplicationExec(query:"select distinct workflow from _vt.vreplication where state != 'Stopped' and db_name = 'benchmark'")(on zone1-0942943782 from ): (*tabletmanagerdata.VReplicationExecResponse)(nil)
[pod/example-vttablet-zone1-0942943782-67bcbcdb/vttablet] I0212 21:14:16.814337       1 rpc_server.go:83] TabletManager.VReplicationExec(query:"select distinct workflow from _vt.vreplication where state != 'Stopped' and db_name = 'benchmark'")(on zone1-0942943782 from ): (*tabletmanagerdata.VReplicationExecResponse)(nil)
[pod/example-vttablet-zone1-0942943782-67bcbcdb/vttablet] I0212 21:14:29.860245       1 rpc_server.go:83] TabletManager.VReplicationExec(query:"select distinct workflow from _vt.vreplication where state != 'Stopped' and db_name = 'benchmark'")(on zone1-0942943782 from ): (*tabletmanagerdata.VReplicationExecResponse)(nil)
[pod/example-vttablet-zone1-0942943782-67bcbcdb/vttablet] E0212 21:14:42.213609       1 query_throttler.go:140] Error loading config: open /config/throttler-config.json: no such file or directory
[pod/example-vttablet-zone1-0942943782-67bcbcdb/vttablet] I0212 21:14:43.709908       1 rpc_server.go:83] TabletManager.VReplicationExec(query:"select distinct workflow from _vt.vreplication where state != 'Stopped' and db_name = 'benchmark'")(on zone1-0942943782 from ): (*tabletmanagerdata.VReplicationExecResponse)(nil)
[pod/example-vttablet-zone1-0942943782-67bcbcdb/vttablet] I0212 21:14:56.590976       1 rpc_server.go:83] TabletManager.VReplicationExec(query:"select distinct workflow from _vt.vreplication where state != 'Stopped' and db_name = 'benchmark'")(on zone1-0942943782 from ): (*tabletmanagerdata.VReplicationExecResponse)(nil)
[pod/example-vttablet-zone1-0942943782-67bcbcdb/vttablet] I0212 21:15:13.513674       1 rpc_server.go:83] TabletManager.VReplicationExec(query:"select distinct workflow from _vt.vreplication where state != 'Stopped' and db_name = 'benchmark'")(on zone1-0942943782 from ): (*tabletmanagerdata.VReplicationExecResponse)(nil)
[pod/example-vttablet-zone1-0942943782-67bcbcdb/vttablet] I0212 21:15:28.970411       1 rpc_server.go:83] TabletManager.VReplicationExec(query:"select distinct workflow from _vt.vreplication where state != 'Stopped' and db_name = 'benchmark'")(on zone1-0942943782 from ): (*tabletmanagerdata.VReplicationExecResponse)(nil)
[pod/example-vttablet-zone1-0942943782-67bcbcdb/vttablet] E0212 21:15:42.213847       1 query_throttler.go:140] Error loading config: open /config/throttler-config.json: no such file or directory
[pod/example-vttablet-zone1-0942943782-67bcbcdb/vttablet] I0212 21:15:42.440535       1 rpc_server.go:83] TabletManager.VReplicationExec(query:"select distinct workflow from _vt.vreplication where state != 'Stopped' and db_name = 'benchmark'")(on zone1-0942943782 from ): (*tabletmanagerdata.VReplicationExecResponse)(nil)
[pod/example-vttablet-zone1-0942943782-67bcbcdb/vttablet] I0212 21:15:54.426689       1 rpc_server.go:83] TabletManager.VReplicationExec(query:"select distinct workflow from _vt.vreplication where state != 'Stopped' and db_name = 'benchmark'")(on zone1-0942943782 from ): (*tabletmanagerdata.VReplicationExecResponse)(nil)
[pod/example-vttablet-zone1-0942943782-67bcbcdb/vttablet] I0212 21:16:10.971504       1 rpc_server.go:83] TabletManager.VReplicationExec(query:"select distinct workflow from _vt.vreplication where state != 'Stopped' and db_name = 'benchmark'")(on zone1-0942943782 from ): (*tabletmanagerdata.VReplicationExecResponse)(nil)
[pod/example-vttablet-zone1-0942943782-67bcbcdb/vttablet] I0212 21:16:27.756168       1 rpc_server.go:83] TabletManager.VReplicationExec(query:"select distinct workflow from _vt.vreplication where state != 'Stopped' and db_name = 'benchmark'")(on zone1-0942943782 from ): (*tabletmanagerdata.VReplicationExecResponse)(nil)
[pod/example-vttablet-zone1-0942943782-67bcbcdb/vttablet] I0212 21:16:39.118480       1 rpc_server.go:83] TabletManager.VReplicationExec(query:"select distinct workflow from _vt.vreplication where state != 'Stopped' and db_name = 'benchmark'")(on zone1-0942943782 from ): (*tabletmanagerdata.VReplicationExecResponse)(nil)
[pod/example-vttablet-zone1-0942943782-67bcbcdb/vttablet] E0212 21:16:42.213996       1 query_throttler.go:140] Error loading config: open /config/throttler-config.json: no such file or directory
[pod/example-vttablet-zone1-0942943782-67bcbcdb/vttablet] I0212 21:16:57.900786       1 rpc_server.go:83] TabletManager.VReplicationExec(query:"select distinct workflow from _vt.vreplication where state != 'Stopped' and db_name = 'benchmark'")(on zone1-0942943782 from ): (*tabletmanagerdata.VReplicationExecResponse)(nil)
[pod/example-vttablet-zone1-0942943782-67bcbcdb/vttablet] I0212 21:17:14.717649       1 rpc_server.go:83] TabletManager.VReplicationExec(query:"select distinct workflow from _vt.vreplication where state != 'Stopped' and db_name = 'benchmark'")(on zone1-0942943782 from ): (*tabletmanagerdata.VReplicationExecResponse)(nil)
[pod/example-vttablet-zone1-0942943782-67bcbcdb/vttablet] I0212 21:17:31.543025       1 rpc_server.go:83] TabletManager.VReplicationExec(query:"select distinct workflow from _vt.vreplication where state != 'Stopped' and db_name = 'benchmark'")(on zone1-0942943782 from ): (*tabletmanagerdata.VReplicationExecResponse)(nil)
[pod/example-vttablet-zone1-0942943782-67bcbcdb/vttablet] E0212 21:17:42.213691       1 query_throttler.go:140] Error loading config: open /config/throttler-config.json: no such file or directory
[pod/example-vttablet-zone1-0942943782-67bcbcdb/vttablet] I0212 21:17:48.594179       1 rpc_server.go:83] TabletManager.VReplicationExec(query:"select distinct workflow from _vt.vreplication where state != 'Stopped' and db_name = 'benchmark'")(on zone1-0942943782 from ): (*tabletmanagerdata.VReplicationExecResponse)(nil)
[pod/example-vttablet-zone1-0942943782-67bcbcdb/vttablet] I0212 21:18:05.237177       1 rpc_server.go:83] TabletManager.VReplicationExec(query:"select distinct workflow from _vt.vreplication where state != 'Stopped' and db_name = 'benchmark'")(on zone1-0942943782 from ): (*tabletmanagerdata.VReplicationExecResponse)(nil)
[pod/example-vttablet-zone1-0942943782-67bcbcdb/vttablet] I0212 21:18:18.536430       1 rpc_server.go:83] TabletManager.VReplicationExec(query:"select distinct workflow from _vt.vreplication where state != 'Stopped' and db_name = 'benchmark'")(on zone1-0942943782 from ): (*tabletmanagerdata.VReplicationExecResponse)(nil)
[pod/example-vttablet-zone1-0942943782-67bcbcdb/vttablet] I0212 21:18:33.306808       1 rpc_server.go:83] TabletManager.VReplicationExec(query:"select distinct workflow from _vt.vreplication where state != 'Stopped' and db_name = 'benchmark'")(on zone1-0942943782 from ): (*tabletmanagerdata.VReplicationExecResponse)(nil)
[pod/example-vttablet-zone1-0942943782-67bcbcdb/vttablet] E0212 21:18:42.213995       1 query_throttler.go:140] Error loading config: open /config/throttler-config.json: no such file or directory
[pod/example-vttablet-zone1-0942943782-67bcbcdb/vttablet] I0212 21:18:49.826522       1 rpc_server.go:83] TabletManager.VReplicationExec(query:"select distinct workflow from _vt.vreplication where state != 'Stopped' and db_name = 'benchmark'")(on zone1-0942943782 from ): (*tabletmanagerdata.VReplicationExecResponse)(nil)
[pod/example-vttablet-zone1-0942943782-67bcbcdb/vttablet] I0212 21:19:04.292231       1 rpc_server.go:83] TabletManager.VReplicationExec(query:"select distinct workflow from _vt.vreplication where state != 'Stopped' and db_name = 'benchmark'")(on zone1-0942943782 from ): (*tabletmanagerdata.VReplicationExecResponse)(nil)
[pod/example-vttablet-zone1-0942943782-67bcbcdb/vttablet] I0212 21:19:19.396414       1 rpc_server.go:83] TabletManager.VReplicationExec(query:"select distinct workflow from _vt.vreplication where state != 'Stopped' and db_name = 'benchmark'")(on zone1-0942943782 from ): (*tabletmanagerdata.VReplicationExecResponse)(nil)
[pod/example-vttablet-zone1-0942943782-67bcbcdb/vttablet] I0212 21:19:37.631111       1 rpc_server.go:83] TabletManager.VReplicationExec(query:"select distinct workflow from _vt.vreplication where state != 'Stopped' and db_name = 'benchmark'")(on zone1-0942943782 from ): (*tabletmanagerdata.VReplicationExecResponse)(nil)
[pod/example-vttablet-zone1-0942943782-67bcbcdb/vttablet] E0212 21:19:42.213759       1 query_throttler.go:140] Error loading config: open /config/throttler-config.json: no such file or directory
[pod/example-vttablet-zone1-0942943782-67bcbcdb/vttablet] I0212 21:19:48.962408       1 rpc_server.go:83] TabletManager.VReplicationExec(query:"select distinct workflow from _vt.vreplication where state != 'Stopped' and db_name = 'benchmark'")(on zone1-0942943782 from ): (*tabletmanagerdata.VReplicationExecResponse)(nil)
[pod/example-vttablet-zone1-0942943782-67bcbcdb/vttablet] I0212 21:20:03.837784       1 rpc_server.go:83] TabletManager.VReplicationExec(query:"select distinct workflow from _vt.vreplication where state != 'Stopped' and db_name = 'benchmark'")(on zone1-0942943782 from ): (*tabletmanagerdata.VReplicationExecResponse)(nil)
[pod/example-vttablet-zone1-0942943782-67bcbcdb/vttablet] I0212 21:20:22.307767       1 rpc_server.go:83] TabletManager.VReplicationExec(query:"select distinct workflow from _vt.vreplication where state != 'Stopped' and db_name = 'benchmark'")(on zone1-0942943782 from ): (*tabletmanagerdata.VReplicationExecResponse)(nil)
[pod/example-vttablet-zone1-0942943782-67bcbcdb/vttablet] I0212 21:20:35.380065       1 rpc_server.go:83] TabletManager.VReplicationExec(query:"select distinct workflow from _vt.vreplication where state != 'Stopped' and db_name = 'benchmark'")(on zone1-0942943782 from ): (*tabletmanagerdata.VReplicationExecResponse)(nil)
[pod/example-vttablet-zone1-0942943782-67bcbcdb/vttablet] E0212 21:20:42.213911       1 query_throttler.go:140] Error loading config: open /config/throttler-config.json: no such file or directory
[pod/example-vttablet-zone1-0942943782-67bcbcdb/vttablet] I0212 21:20:51.081106       1 rpc_server.go:83] TabletManager.VReplicationExec(query:"select distinct workflow from _vt.vreplication where state != 'Stopped' and db_name = 'benchmark'")(on zone1-0942943782 from ): (*tabletmanagerdata.VReplicationExecResponse)(nil)
[pod/example-vttablet-zone1-0942943782-67bcbcdb/vttablet] I0212 21:21:04.667602       1 rpc_server.go:83] TabletManager.VReplicationExec(query:"select distinct workflow from _vt.vreplication where state != 'Stopped' and db_name = 'benchmark'")(on zone1-0942943782 from ): (*tabletmanagerdata.VReplicationExecResponse)(nil)
[pod/example-vttablet-zone1-0942943782-67bcbcdb/vttablet] I0212 21:21:20.417029       1 rpc_server.go:83] TabletManager.VReplicationExec(query:"select distinct workflow from _vt.vreplication where state != 'Stopped' and db_name = 'benchmark'")(on zone1-0942943782 from ): (*tabletmanagerdata.VReplicationExecResponse)(nil)
[pod/example-vttablet-zone1-0942943782-67bcbcdb/vttablet] I0212 21:21:33.687271       1 rpc_server.go:83] TabletManager.VReplicationExec(query:"select distinct workflow from _vt.vreplication where state != 'Stopped' and db_name = 'benchmark'")(on zone1-0942943782 from ): (*tabletmanagerdata.VReplicationExecResponse)(nil)
[pod/example-vttablet-zone1-0942943782-67bcbcdb/vttablet] E0212 21:21:42.215558       1 query_throttler.go:140] Error loading config: open /config/throttler-config.json: no such file or directory
[pod/example-vttablet-zone1-0942943782-67bcbcdb/vttablet] I0212 21:21:48.654128       1 rpc_server.go:83] TabletManager.VReplicationExec(query:"select distinct workflow from _vt.vreplication where state != 'Stopped' and db_name = 'benchmark'")(on zone1-0942943782 from ): (*tabletmanagerdata.VReplicationExecResponse)(nil)
[pod/example-vttablet-zone1-0942943782-67bcbcdb/vttablet] I0212 21:22:05.564720       1 rpc_server.go:83] TabletManager.VReplicationExec(query:"select distinct workflow from _vt.vreplication where state != 'Stopped' and db_name = 'benchmark'")(on zone1-0942943782 from ): (*tabletmanagerdata.VReplicationExecResponse)(nil)
[pod/example-vttablet-zone1-0942943782-67bcbcdb/vttablet] I0212 21:22:08.067414       1 rpc_server.go:83] TabletManager.VReplicationExec(query:"select distinct workflow from _vt.vreplication where state != 'Stopped' and db_name = 'benchmark'")(on zone1-0942943782 from ): (*tabletmanagerdata.VReplicationExecResponse)(nil)
[pod/example-vttablet-zone1-0942943782-67bcbcdb/vttablet] I0212 21:22:08.128565       1 rpc_server.go:83] TabletManager.VReplicationExec(query:"select distinct workflow from _vt.vreplication where state != 'Stopped' and db_name = 'benchmark'")(on zone1-0942943782 from ): (*tabletmanagerdata.VReplicationExecResponse)(nil)
[pod/example-vttablet-zone1-0942943782-67bcbcdb/vttablet] I0212 21:22:26.922728       1 rpc_server.go:83] TabletManager.VReplicationExec(query:"select distinct workflow from _vt.vreplication where state != 'Stopped' and db_name = 'benchmark'")(on zone1-0942943782 from ): (*tabletmanagerdata.VReplicationExecResponse)(nil)
[pod/example-vttablet-zone1-0942943782-67bcbcdb/vttablet] I0212 21:22:36.271291       1 rpc_server.go:83] TabletManager.VReplicationExec(query:"select distinct workflow from _vt.vreplication where state != 'Stopped' and db_name = 'benchmark'")(on zone1-0942943782 from ): (*tabletmanagerdata.VReplicationExecResponse)(nil)
[pod/example-vttablet-zone1-0942943782-67bcbcdb/vttablet] E0212 21:22:42.213762       1 query_throttler.go:140] Error loading config: open /config/throttler-config.json: no such file or directory
[pod/example-vttablet-zone1-0942943782-67bcbcdb/vttablet] I0212 21:22:50.575743       1 rpc_server.go:83] TabletManager.VReplicationExec(query:"select distinct workflow from _vt.vreplication where state != 'Stopped' and db_name = 'benchmark'")(on zone1-0942943782 from ): (*tabletmanagerdata.VReplicationExecResponse)(nil)
[pod/example-vttablet-zone1-0942943782-67bcbcdb/vttablet] I0212 21:23:08.175204       1 rpc_server.go:83] TabletManager.VReplicationExec(query:"select distinct workflow from _vt.vreplication where state != 'Stopped' and db_name = 'benchmark'")(on zone1-0942943782 from ): (*tabletmanagerdata.VReplicationExecResponse)(nil)
[pod/example-vttablet-zone1-0942943782-67bcbcdb/vttablet] I0212 21:23:25.690413       1 rpc_server.go:83] TabletManager.VReplicationExec(query:"select distinct workflow from _vt.vreplication where state != 'Stopped' and db_name = 'benchmark'")(on zone1-0942943782 from ): (*tabletmanagerdata.VReplicationExecResponse)(nil)
[pod/example-vttablet-zone1-0942943782-67bcbcdb/vttablet] E0212 21:23:42.213645       1 query_throttler.go:140] Error loading config: open /config/throttler-config.json: no such file or directory
[pod/example-vttablet-zone1-0942943782-67bcbcdb/vttablet] I0212 21:23:43.569427       1 rpc_server.go:83] TabletManager.VReplicationExec(query:"select distinct workflow from _vt.vreplication where state != 'Stopped' and db_name = 'benchmark'")(on zone1-0942943782 from ): (*tabletmanagerdata.VReplicationExecResponse)(nil)
[pod/example-vttablet-zone1-0942943782-67bcbcdb/vttablet] I0212 21:23:55.094759       1 rpc_server.go:83] TabletManager.VReplicationExec(query:"select distinct workflow from _vt.vreplication where state != 'Stopped' and db_name = 'benchmark'")(on zone1-0942943782 from ): (*tabletmanagerdata.VReplicationExecResponse)(nil)
[pod/example-vttablet-zone1-0942943782-67bcbcdb/vttablet] I0212 21:24:08.650133       1 rpc_server.go:83] TabletManager.VReplicationExec(query:"select distinct workflow from _vt.vreplication where state != 'Stopped' and db_name = 'benchmark'")(on zone1-0942943782 from ): (*tabletmanagerdata.VReplicationExecResponse)(nil)
[pod/example-vttablet-zone1-0942943782-67bcbcdb/vttablet] I0212 21:24:20.209933       1 rpc_server.go:83] TabletManager.VReplicationExec(query:"select distinct workflow from _vt.vreplication where state != 'Stopped' and db_name = 'benchmark'")(on zone1-0942943782 from ): (*tabletmanagerdata.VReplicationExecResponse)(nil)
[pod/example-vttablet-zone1-0942943782-67bcbcdb/vttablet] I0212 21:24:33.821622       1 rpc_server.go:83] TabletManager.VReplicationExec(query:"select distinct workflow from _vt.vreplication where state != 'Stopped' and db_name = 'benchmark'")(on zone1-0942943782 from ): (*tabletmanagerdata.VReplicationExecResponse)(nil)
[pod/example-vttablet-zone1-0942943782-67bcbcdb/vttablet] E0212 21:24:42.214480       1 query_throttler.go:140] Error loading config: open /config/throttler-config.json: no such file or directory
[pod/example-vttablet-zone1-0942943782-67bcbcdb/vttablet] I0212 21:24:48.597256       1 rpc_server.go:83] TabletManager.VReplicationExec(query:"select distinct workflow from _vt.vreplication where state != 'Stopped' and db_name = 'benchmark'")(on zone1-0942943782 from ): (*tabletmanagerdata.VReplicationExecResponse)(nil)
[pod/example-vttablet-zone1-0942943782-67bcbcdb/vttablet] I0212 21:25:02.303857       1 rpc_server.go:83] TabletManager.VReplicationExec(query:"select distinct workflow from _vt.vreplication where state != 'Stopped' and db_name = 'benchmark'")(on zone1-0942943782 from ): (*tabletmanagerdata.VReplicationExecResponse)(nil)
[pod/example-vttablet-zone1-0942943782-67bcbcdb/vttablet] I0212 21:25:17.401475       1 rpc_server.go:83] TabletManager.VReplicationExec(query:"select distinct workflow from _vt.vreplication where state != 'Stopped' and db_name = 'benchmark'")(on zone1-0942943782 from ): (*tabletmanagerdata.VReplicationExecResponse)(nil)
[pod/example-vttablet-zone1-0942943782-67bcbcdb/vttablet] I0212 21:25:30.094586       1 rpc_server.go:83] TabletManager.VReplicationExec(query:"select distinct workflow from _vt.vreplication where state != 'Stopped' and db_name = 'benchmark'")(on zone1-0942943782 from ): (*tabletmanagerdata.VReplicationExecResponse)(nil)
[pod/example-vttablet-zone1-0942943782-67bcbcdb/vttablet] E0212 21:25:42.213968       1 query_throttler.go:140] Error loading config: open /config/throttler-config.json: no such file or directory
[pod/example-vttablet-zone1-0942943782-67bcbcdb/vttablet] I0212 21:25:46.333113       1 rpc_server.go:83] TabletManager.VReplicationExec(query:"select distinct workflow from _vt.vreplication where state != 'Stopped' and db_name = 'benchmark'")(on zone1-0942943782 from ): (*tabletmanagerdata.VReplicationExecResponse)(nil)
[pod/example-vttablet-zone1-0942943782-67bcbcdb/vttablet] I0212 21:25:59.018229       1 rpc_server.go:83] TabletManager.VReplicationExec(query:"select distinct workflow from _vt.vreplication where state != 'Stopped' and db_name = 'benchmark'")(on zone1-0942943782 from ): (*tabletmanagerdata.VReplicationExecResponse)(nil)
[pod/example-vttablet-zone1-0942943782-67bcbcdb/vttablet] I0212 21:26:10.316784       1 rpc_server.go:83] TabletManager.VReplicationExec(query:"select distinct workflow from _vt.vreplication where state != 'Stopped' and db_name = 'benchmark'")(on zone1-0942943782 from ): (*tabletmanagerdata.VReplicationExecResponse)(nil)
[pod/example-vttablet-zone1-0942943782-67bcbcdb/vttablet] I0212 21:26:28.035607       1 rpc_server.go:83] TabletManager.VReplicationExec(query:"select distinct workflow from _vt.vreplication where state != 'Stopped' and db_name = 'benchmark'")(on zone1-0942943782 from ): (*tabletmanagerdata.VReplicationExecResponse)(nil)
[pod/example-vttablet-zone1-0942943782-67bcbcdb/vttablet] E0212 21:26:42.214005       1 query_throttler.go:140] Error loading config: open /config/throttler-config.json: no such file or directory
[pod/example-vttablet-zone1-0942943782-67bcbcdb/vttablet] I0212 21:26:44.726967       1 rpc_server.go:83] TabletManager.VReplicationExec(query:"select distinct workflow from _vt.vreplication where state != 'Stopped' and db_name = 'benchmark'")(on zone1-0942943782 from ): (*tabletmanagerdata.VReplicationExecResponse)(nil)
[pod/example-vttablet-zone1-0942943782-67bcbcdb/vttablet] I0212 21:27:02.776364       1 rpc_server.go:83] TabletManager.VReplicationExec(query:"select distinct workflow from _vt.vreplication where state != 'Stopped' and db_name = 'benchmark'")(on zone1-0942943782 from ): (*tabletmanagerdata.VReplicationExecResponse)(nil)
[pod/example-vttablet-zone1-0942943782-67bcbcdb/vttablet] I0212 21:27:14.898474       1 rpc_server.go:83] TabletManager.VReplicationExec(query:"select distinct workflow from _vt.vreplication where state != 'Stopped' and db_name = 'benchmark'")(on zone1-0942943782 from ): (*tabletmanagerdata.VReplicationExecResponse)(nil)
[pod/example-vttablet-zone1-0942943782-67bcbcdb/vttablet] I0212 21:27:26.813737       1 rpc_server.go:83] TabletManager.VReplicationExec(query:"select distinct workflow from _vt.vreplication where state != 'Stopped' and db_name = 'benchmark'")(on zone1-0942943782 from ): (*tabletmanagerdata.VReplicationExecResponse)(nil)
[pod/example-vttablet-zone1-0942943782-67bcbcdb/vttablet] E0212 21:27:42.217288       1 query_throttler.go:140] Error loading config: open /config/throttler-config.json: no such file or directory
[pod/example-vttablet-zone1-0942943782-67bcbcdb/vttablet] I0212 21:27:43.245243       1 rpc_server.go:83] TabletManager.VReplicationExec(query:"select distinct workflow from _vt.vreplication where state != 'Stopped' and db_name = 'benchmark'")(on zone1-0942943782 from ): (*tabletmanagerdata.VReplicationExecResponse)(nil)
[pod/example-vttablet-zone1-0942943782-67bcbcdb/vttablet] I0212 21:28:01.819374       1 rpc_server.go:83] TabletManager.VReplicationExec(query:"select distinct workflow from _vt.vreplication where state != 'Stopped' and db_name = 'benchmark'")(on zone1-0942943782 from ): (*tabletmanagerdata.VReplicationExecResponse)(nil)
[pod/example-vttablet-zone1-0942943782-67bcbcdb/vttablet] I0212 21:28:14.423363       1 rpc_server.go:83] TabletManager.VReplicationExec(query:"select distinct workflow from _vt.vreplication where state != 'Stopped' and db_name = 'benchmark'")(on zone1-0942943782 from ): (*tabletmanagerdata.VReplicationExecResponse)(nil)
[pod/example-vttablet-zone1-0942943782-67bcbcdb/vttablet] I0212 21:28:30.460080       1 rpc_server.go:83] TabletManager.VReplicationExec(query:"select distinct workflow from _vt.vreplication where state != 'Stopped' and db_name = 'benchmark'")(on zone1-0942943782 from ): (*tabletmanagerdata.VReplicationExecResponse)(nil)
[pod/example-vttablet-zone1-0942943782-67bcbcdb/vttablet] E0212 21:28:42.213951       1 query_throttler.go:140] Error loading config: open /config/throttler-config.json: no such file or directory
[pod/example-vttablet-zone1-0942943782-67bcbcdb/vttablet] I0212 21:28:48.289238       1 rpc_server.go:83] TabletManager.VReplicationExec(query:"select distinct workflow from _vt.vreplication where state != 'Stopped' and db_name = 'benchmark'")(on zone1-0942943782 from ): (*tabletmanagerdata.VReplicationExecResponse)(nil)
[pod/example-vttablet-zone1-0942943782-67bcbcdb/vttablet] I0212 21:29:01.096489       1 rpc_server.go:83] TabletManager.VReplicationExec(query:"select distinct workflow from _vt.vreplication where state != 'Stopped' and db_name = 'benchmark'")(on zone1-0942943782 from ): (*tabletmanagerdata.VReplicationExecResponse)(nil)
[pod/example-vttablet-zone1-0942943782-67bcbcdb/vttablet] I0212 21:29:19.171473       1 rpc_server.go:83] TabletManager.VReplicationExec(query:"select distinct workflow from _vt.vreplication where state != 'Stopped' and db_name = 'benchmark'")(on zone1-0942943782 from ): (*tabletmanagerdata.VReplicationExecResponse)(nil)
[pod/example-vttablet-zone1-0942943782-67bcbcdb/vttablet] I0212 21:29:32.086176       1 rpc_server.go:83] TabletManager.VReplicationExec(query:"select distinct workflow from _vt.vreplication where state != 'Stopped' and db_name = 'benchmark'")(on zone1-0942943782 from ): (*tabletmanagerdata.VReplicationExecResponse)(nil)
[pod/example-vttablet-zone1-0942943782-67bcbcdb/vttablet] E0212 21:29:42.213602       1 query_throttler.go:140] Error loading config: open /config/throttler-config.json: no such file or directory
[pod/example-vttablet-zone1-0942943782-67bcbcdb/vttablet] I0212 21:29:47.640634       1 rpc_server.go:83] TabletManager.VReplicationExec(query:"select distinct workflow from _vt.vreplication where state != 'Stopped' and db_name = 'benchmark'")(on zone1-0942943782 from ): (*tabletmanagerdata.VReplicationExecResponse)(nil)
[pod/example-vttablet-zone1-0942943782-67bcbcdb/vttablet] I0212 21:30:01.404667       1 rpc_server.go:83] TabletManager.VReplicationExec(query:"select distinct workflow from _vt.vreplication where state != 'Stopped' and db_name = 'benchmark'")(on zone1-0942943782 from ): (*tabletmanagerdata.VReplicationExecResponse)(nil)
[pod/example-vttablet-zone1-0942943782-67bcbcdb/vttablet] I0212 21:30:18.141286       1 rpc_server.go:83] TabletManager.VReplicationExec(query:"select distinct workflow from _vt.vreplication where state != 'Stopped' and db_name = 'benchmark'")(on zone1-0942943782 from ): (*tabletmanagerdata.VReplicationExecResponse)(nil)
[pod/example-vttablet-zone1-0942943782-67bcbcdb/vttablet] I0212 21:30:36.478750       1 rpc_server.go:83] TabletManager.VReplicationExec(query:"select distinct workflow from _vt.vreplication where state != 'Stopped' and db_name = 'benchmark'")(on zone1-0942943782 from ): (*tabletmanagerdata.VReplicationExecResponse)(nil)
[pod/example-vttablet-zone1-0942943782-67bcbcdb/vttablet] E0212 21:30:42.213689       1 query_throttler.go:140] Error loading config: open /config/throttler-config.json: no such file or directory
[pod/example-vttablet-zone1-0942943782-67bcbcdb/vttablet] I0212 21:30:52.332189       1 rpc_server.go:83] TabletManager.VReplicationExec(query:"select distinct workflow from _vt.vreplication where state != 'Stopped' and db_name = 'benchmark'")(on zone1-0942943782 from ): (*tabletmanagerdata.VReplicationExecResponse)(nil)
[pod/example-vttablet-zone1-0942943782-67bcbcdb/vttablet] I0212 21:31:09.760453       1 rpc_server.go:83] TabletManager.VReplicationExec(query:"select distinct workflow from _vt.vreplication where state != 'Stopped' and db_name = 'benchmark'")(on zone1-0942943782 from ): (*tabletmanagerdata.VReplicationExecResponse)(nil)
[pod/example-vttablet-zone1-0942943782-67bcbcdb/vttablet] I0212 21:31:24.606134       1 rpc_server.go:83] TabletManager.VReplicationExec(query:"select distinct workflow from _vt.vreplication where state != 'Stopped' and db_name = 'benchmark'")(on zone1-0942943782 from ): (*tabletmanagerdata.VReplicationExecResponse)(nil)
[pod/example-vttablet-zone1-0942943782-67bcbcdb/vttablet] I0212 21:31:40.312910       1 rpc_server.go:83] TabletManager.VReplicationExec(query:"select distinct workflow from _vt.vreplication where state != 'Stopped' and db_name = 'benchmark'")(on zone1-0942943782 from ): (*tabletmanagerdata.VReplicationExecResponse)(nil)
[pod/example-vttablet-zone1-0942943782-67bcbcdb/vttablet] E0212 21:31:42.213987       1 query_throttler.go:140] Error loading config: open /config/throttler-config.json: no such file or directory
[pod/example-vttablet-zone1-0942943782-67bcbcdb/vttablet] I0212 21:31:55.542891       1 rpc_server.go:83] TabletManager.VReplicationExec(query:"select distinct workflow from _vt.vreplication where state != 'Stopped' and db_name = 'benchmark'")(on zone1-0942943782 from ): (*tabletmanagerdata.VReplicationExecResponse)(nil)
[pod/example-vttablet-zone1-0942943782-67bcbcdb/vttablet] I0212 21:32:10.950637       1 rpc_server.go:83] TabletManager.VReplicationExec(query:"select distinct workflow from _vt.vreplication where state != 'Stopped' and db_name = 'benchmark'")(on zone1-0942943782 from ): (*tabletmanagerdata.VReplicationExecResponse)(nil)
[pod/example-vttablet-zone1-0942943782-67bcbcdb/vttablet] I0212 21:32:25.857081       1 rpc_server.go:83] TabletManager.VReplicationExec(query:"select distinct workflow from _vt.vreplication where state != 'Stopped' and db_name = 'benchmark'")(on zone1-0942943782 from ): (*tabletmanagerdata.VReplicationExecResponse)(nil)
[pod/example-vttablet-zone1-0942943782-67bcbcdb/vttablet] I0212 21:32:31.844680       1 rpc_server.go:83] TabletManager.VReplicationExec(query:"select distinct workflow from _vt.vreplication where state != 'Stopped' and db_name = 'benchmark'")(on zone1-0942943782 from ): (*tabletmanagerdata.VReplicationExecResponse)(nil)
[pod/example-vttablet-zone1-0942943782-67bcbcdb/vttablet] I0212 21:32:31.885685       1 rpc_server.go:83] TabletManager.VReplicationExec(query:"select distinct workflow from _vt.vreplication where state != 'Stopped' and db_name = 'benchmark'")(on zone1-0942943782 from ): (*tabletmanagerdata.VReplicationExecResponse)(nil)
[pod/example-vttablet-zone1-0942943782-67bcbcdb/vttablet] E0212 21:32:42.213963       1 query_throttler.go:140] Error loading config: open /config/throttler-config.json: no such file or directory
[pod/example-vttablet-zone1-0942943782-67bcbcdb/vttablet] I0212 21:32:49.814921       1 rpc_server.go:83] TabletManager.VReplicationExec(query:"select distinct workflow from _vt.vreplication where state != 'Stopped' and db_name = 'benchmark'")(on zone1-0942943782 from ): (*tabletmanagerdata.VReplicationExecResponse)(nil)
[pod/example-vttablet-zone1-0942943782-67bcbcdb/vttablet] I0212 21:33:01.862979       1 rpc_server.go:83] TabletManager.VReplicationExec(query:"select distinct workflow from _vt.vreplication where state != 'Stopped' and db_name = 'benchmark'")(on zone1-0942943782 from ): (*tabletmanagerdata.VReplicationExecResponse)(nil)
[pod/example-vttablet-zone1-0942943782-67bcbcdb/vttablet] I0212 21:33:20.565495       1 rpc_server.go:83] TabletManager.VReplicationExec(query:"select distinct workflow from _vt.vreplication where state != 'Stopped' and db_name = 'benchmark'")(on zone1-0942943782 from ): (*tabletmanagerdata.VReplicationExecResponse)(nil)
[pod/example-vttablet-zone1-0942943782-67bcbcdb/vttablet] I0212 21:33:32.202639       1 rpc_server.go:83] TabletManager.VReplicationExec(query:"select distinct workflow from _vt.vreplication where state != 'Stopped' and db_name = 'benchmark'")(on zone1-0942943782 from ): (*tabletmanagerdata.VReplicationExecResponse)(nil)
[pod/example-vttablet-zone1-0942943782-67bcbcdb/vttablet] E0212 21:33:42.213535       1 query_throttler.go:140] Error loading config: open /config/throttler-config.json: no such file or directory
[pod/example-vttablet-zone1-0942943782-67bcbcdb/vttablet] I0212 21:33:43.856268       1 rpc_server.go:83] TabletManager.VReplicationExec(query:"select distinct workflow from _vt.vreplication where state != 'Stopped' and db_name = 'benchmark'")(on zone1-0942943782 from ): (*tabletmanagerdata.VReplicationExecResponse)(nil)
[pod/example-vttablet-zone1-0942943782-67bcbcdb/vttablet] I0212 21:33:56.412799       1 rpc_server.go:83] TabletManager.VReplicationExec(query:"select distinct workflow from _vt.vreplication where state != 'Stopped' and db_name = 'benchmark'")(on zone1-0942943782 from ): (*tabletmanagerdata.VReplicationExecResponse)(nil)
[pod/example-vttablet-zone1-0942943782-67bcbcdb/vttablet] I0212 21:34:13.820686       1 rpc_server.go:83] TabletManager.VReplicationExec(query:"select distinct workflow from _vt.vreplication where state != 'Stopped' and db_name = 'benchmark'")(on zone1-0942943782 from ): (*tabletmanagerdata.VReplicationExecResponse)(nil)
[pod/example-vttablet-zone1-0942943782-67bcbcdb/vttablet] I0212 21:34:29.875508       1 rpc_server.go:83] TabletManager.VReplicationExec(query:"select distinct workflow from _vt.vreplication where state != 'Stopped' and db_name = 'benchmark'")(on zone1-0942943782 from ): (*tabletmanagerdata.VReplicationExecResponse)(nil)
[pod/example-vttablet-zone1-0942943782-67bcbcdb/vttablet] E0212 21:34:42.213713       1 query_throttler.go:140] Error loading config: open /config/throttler-config.json: no such file or directory
[pod/example-vttablet-zone1-0942943782-67bcbcdb/vttablet] I0212 21:34:46.459092       1 rpc_server.go:83] TabletManager.VReplicationExec(query:"select distinct workflow from _vt.vreplication where state != 'Stopped' and db_name = 'benchmark'")(on zone1-0942943782 from ): (*tabletmanagerdata.VReplicationExecResponse)(nil)
[pod/example-vttablet-zone1-0942943782-67bcbcdb/vttablet] I0212 21:34:58.495631       1 rpc_server.go:83] TabletManager.VReplicationExec(query:"select distinct workflow from _vt.vreplication where state != 'Stopped' and db_name = 'benchmark'")(on zone1-0942943782 from ): (*tabletmanagerdata.VReplicationExecResponse)(nil)
[pod/example-vttablet-zone1-0942943782-67bcbcdb/vttablet] I0212 21:35:10.416652       1 rpc_server.go:83] TabletManager.VReplicationExec(query:"select distinct workflow from _vt.vreplication where state != 'Stopped' and db_name = 'benchmark'")(on zone1-0942943782 from ): (*tabletmanagerdata.VReplicationExecResponse)(nil)
[pod/example-vttablet-zone1-0942943782-67bcbcdb/vttablet] I0212 21:35:28.325285       1 rpc_server.go:83] TabletManager.VReplicationExec(query:"select distinct workflow from _vt.vreplication where state != 'Stopped' and db_name = 'benchmark'")(on zone1-0942943782 from ): (*tabletmanagerdata.VReplicationExecResponse)(nil)
[pod/example-vttablet-zone1-0942943782-67bcbcdb/vttablet] E0212 21:35:42.213632       1 query_throttler.go:140] Error loading config: open /config/throttler-config.json: no such file or directory
[pod/example-vttablet-zone1-0942943782-67bcbcdb/vttablet] I0212 21:35:42.785286       1 rpc_server.go:83] TabletManager.VReplicationExec(query:"select distinct workflow from _vt.vreplication where state != 'Stopped' and db_name = 'benchmark'")(on zone1-0942943782 from ): (*tabletmanagerdata.VReplicationExecResponse)(nil)
[pod/example-vttablet-zone1-0942943782-67bcbcdb/vttablet] I0212 21:35:57.312114       1 rpc_server.go:83] TabletManager.VReplicationExec(query:"select distinct workflow from _vt.vreplication where state != 'Stopped' and db_name = 'benchmark'")(on zone1-0942943782 from ): (*tabletmanagerdata.VReplicationExecResponse)(nil)
[pod/example-vttablet-zone1-0942943782-67bcbcdb/vttablet] I0212 21:36:14.552053       1 rpc_server.go:83] TabletManager.VReplicationExec(query:"select distinct workflow from _vt.vreplication where state != 'Stopped' and db_name = 'benchmark'")(on zone1-0942943782 from ): (*tabletmanagerdata.VReplicationExecResponse)(nil)
[pod/example-vttablet-zone1-0942943782-67bcbcdb/vttablet] I0212 21:36:29.878268       1 rpc_server.go:83] TabletManager.VReplicationExec(query:"select distinct workflow from _vt.vreplication where state != 'Stopped' and db_name = 'benchmark'")(on zone1-0942943782 from ): (*tabletmanagerdata.VReplicationExecResponse)(nil)
[pod/example-vttablet-zone1-0942943782-67bcbcdb/vttablet] E0212 21:36:42.214213       1 query_throttler.go:140] Error loading config: open /config/throttler-config.json: no such file or directory
[pod/example-vttablet-zone1-0942943782-67bcbcdb/vttablet] I0212 21:36:44.820799       1 rpc_server.go:83] TabletManager.VReplicationExec(query:"select distinct workflow from _vt.vreplication where state != 'Stopped' and db_name = 'benchmark'")(on zone1-0942943782 from ): (*tabletmanagerdata.VReplicationExecResponse)(nil)
[pod/example-vttablet-zone1-0942943782-67bcbcdb/vttablet] I0212 21:36:59.776763       1 rpc_server.go:83] TabletManager.VReplicationExec(query:"select distinct workflow from _vt.vreplication where state != 'Stopped' and db_name = 'benchmark'")(on zone1-0942943782 from ): (*tabletmanagerdata.VReplicationExecResponse)(nil)
[pod/example-vttablet-zone1-0942943782-67bcbcdb/vttablet] I0212 21:37:15.633060       1 rpc_server.go:83] TabletManager.VReplicationExec(query:"select distinct workflow from _vt.vreplication where state != 'Stopped' and db_name = 'benchmark'")(on zone1-0942943782 from ): (*tabletmanagerdata.VReplicationExecResponse)(nil)
[pod/example-vttablet-zone1-0942943782-67bcbcdb/vttablet] I0212 21:37:27.747738       1 rpc_server.go:83] TabletManager.VReplicationExec(query:"select distinct workflow from _vt.vreplication where state != 'Stopped' and db_name = 'benchmark'")(on zone1-0942943782 from ): (*tabletmanagerdata.VReplicationExecResponse)(nil)
[pod/example-vttablet-zone1-0942943782-67bcbcdb/vttablet] E0212 21:37:42.213843       1 query_throttler.go:140] Error loading config: open /config/throttler-config.json: no such file or directory
[pod/example-vttablet-zone1-0942943782-67bcbcdb/vttablet] I0212 21:37:44.850535       1 rpc_server.go:83] TabletManager.VReplicationExec(query:"select distinct workflow from _vt.vreplication where state != 'Stopped' and db_name = 'benchmark'")(on zone1-0942943782 from ): (*tabletmanagerdata.VReplicationExecResponse)(nil)
[pod/example-vttablet-zone1-0942943782-67bcbcdb/vttablet] I0212 21:37:58.075716       1 rpc_server.go:83] TabletManager.VReplicationExec(query:"select distinct workflow from _vt.vreplication where state != 'Stopped' and db_name = 'benchmark'")(on zone1-0942943782 from ): (*tabletmanagerdata.VReplicationExecResponse)(nil)
[pod/example-vttablet-zone1-0942943782-67bcbcdb/vttablet] I0212 21:38:11.661324       1 rpc_server.go:83] TabletManager.VReplicationExec(query:"select distinct workflow from _vt.vreplication where state != 'Stopped' and db_name = 'benchmark'")(on zone1-0942943782 from ): (*tabletmanagerdata.VReplicationExecResponse)(nil)
[pod/example-vttablet-zone1-0942943782-67bcbcdb/vttablet] I0212 21:38:27.232903       1 rpc_server.go:83] TabletManager.VReplicationExec(query:"select distinct workflow from _vt.vreplication where state != 'Stopped' and db_name = 'benchmark'")(on zone1-0942943782 from ): (*tabletmanagerdata.VReplicationExecResponse)(nil)
[pod/example-vttablet-zone1-0942943782-67bcbcdb/vttablet] E0212 21:38:42.214002       1 query_throttler.go:140] Error loading config: open /config/throttler-config.json: no such file or directory
[pod/example-vttablet-zone1-0942943782-67bcbcdb/vttablet] I0212 21:38:44.967993       1 rpc_server.go:83] TabletManager.VReplicationExec(query:"select distinct workflow from _vt.vreplication where state != 'Stopped' and db_name = 'benchmark'")(on zone1-0942943782 from ): (*tabletmanagerdata.VReplicationExecResponse)(nil)
[pod/example-vttablet-zone1-0942943782-67bcbcdb/vttablet] I0212 21:38:57.731279       1 rpc_server.go:83] TabletManager.VReplicationExec(query:"select distinct workflow from _vt.vreplication where state != 'Stopped' and db_name = 'benchmark'")(on zone1-0942943782 from ): (*tabletmanagerdata.VReplicationExecResponse)(nil)
[pod/example-vttablet-zone1-0942943782-67bcbcdb/vttablet] I0212 21:39:14.947703       1 rpc_server.go:83] TabletManager.VReplicationExec(query:"select distinct workflow from _vt.vreplication where state != 'Stopped' and db_name = 'benchmark'")(on zone1-0942943782 from ): (*tabletmanagerdata.VReplicationExecResponse)(nil)
[pod/example-vttablet-zone1-0942943782-67bcbcdb/vttablet] I0212 21:39:31.653227       1 rpc_server.go:83] TabletManager.VReplicationExec(query:"select distinct workflow from _vt.vreplication where state != 'Stopped' and db_name = 'benchmark'")(on zone1-0942943782 from ): (*tabletmanagerdata.VReplicationExecResponse)(nil)
[pod/example-vttablet-zone1-0942943782-67bcbcdb/vttablet] E0212 21:39:42.213755       1 query_throttler.go:140] Error loading config: open /config/throttler-config.json: no such file or directory
[pod/example-vttablet-zone1-0942943782-67bcbcdb/vttablet] I0212 21:39:46.529487       1 rpc_server.go:83] TabletManager.VReplicationExec(query:"select distinct workflow from _vt.vreplication where state != 'Stopped' and db_name = 'benchmark'")(on zone1-0942943782 from ): (*tabletmanagerdata.VReplicationExecResponse)(nil)
[pod/example-vttablet-zone1-0942943782-67bcbcdb/vttablet] I0212 21:39:59.730938       1 rpc_server.go:83] TabletManager.VReplicationExec(query:"select distinct workflow from _vt.vreplication where state != 'Stopped' and db_name = 'benchmark'")(on zone1-0942943782 from ): (*tabletmanagerdata.VReplicationExecResponse)(nil)
[pod/example-vttablet-zone1-0942943782-67bcbcdb/vttablet] I0212 21:40:13.267648       1 rpc_server.go:83] TabletManager.VReplicationExec(query:"select distinct workflow from _vt.vreplication where state != 'Stopped' and db_name = 'benchmark'")(on zone1-0942943782 from ): (*tabletmanagerdata.VReplicationExecResponse)(nil)
[pod/example-vttablet-zone1-0942943782-67bcbcdb/vttablet] I0212 21:40:28.693967       1 rpc_server.go:83] TabletManager.VReplicationExec(query:"select distinct workflow from _vt.vreplication where state != 'Stopped' and db_name = 'benchmark'")(on zone1-0942943782 from ): (*tabletmanagerdata.VReplicationExecResponse)(nil)
[pod/example-vttablet-zone1-0942943782-67bcbcdb/vttablet] E0212 21:40:42.213923       1 query_throttler.go:140] Error loading config: open /config/throttler-config.json: no such file or directory
[pod/example-vttablet-zone1-0942943782-67bcbcdb/vttablet] I0212 21:40:44.571750       1 rpc_server.go:83] TabletManager.VReplicationExec(query:"select distinct workflow from _vt.vreplication where state != 'Stopped' and db_name = 'benchmark'")(on zone1-0942943782 from ): (*tabletmanagerdata.VReplicationExecResponse)(nil)
[pod/example-vttablet-zone1-0942943782-67bcbcdb/vttablet] I0212 21:40:56.730438       1 rpc_server.go:83] TabletManager.VReplicationExec(query:"select distinct workflow from _vt.vreplication where state != 'Stopped' and db_name = 'benchmark'")(on zone1-0942943782 from ): (*tabletmanagerdata.VReplicationExecResponse)(nil)
[pod/example-vttablet-zone1-0942943782-67bcbcdb/vttablet] I0212 21:41:10.805070       1 rpc_server.go:83] TabletManager.VReplicationExec(query:"select distinct workflow from _vt.vreplication where state != 'Stopped' and db_name = 'benchmark'")(on zone1-0942943782 from ): (*tabletmanagerdata.VReplicationExecResponse)(nil)
[pod/example-vttablet-zone1-0942943782-67bcbcdb/vttablet] I0212 21:41:29.024748       1 rpc_server.go:83] TabletManager.VReplicationExec(query:"select distinct workflow from _vt.vreplication where state != 'Stopped' and db_name = 'benchmark'")(on zone1-0942943782 from ): (*tabletmanagerdata.VReplicationExecResponse)(nil)
[pod/example-vttablet-zone1-0942943782-67bcbcdb/vttablet] E0212 21:41:42.213601       1 query_throttler.go:140] Error loading config: open /config/throttler-config.json: no such file or directory
[pod/example-vttablet-zone1-0942943782-67bcbcdb/vttablet] I0212 21:41:43.514877       1 rpc_server.go:83] TabletManager.VReplicationExec(query:"select distinct workflow from _vt.vreplication where state != 'Stopped' and db_name = 'benchmark'")(on zone1-0942943782 from ): (*tabletmanagerdata.VReplicationExecResponse)(nil)
[pod/example-vttablet-zone1-0942943782-67bcbcdb/vttablet] I0212 21:42:01.567309       1 rpc_server.go:83] TabletManager.VReplicationExec(query:"select distinct workflow from _vt.vreplication where state != 'Stopped' and db_name = 'benchmark'")(on zone1-0942943782 from ): (*tabletmanagerdata.VReplicationExecResponse)(nil)
[pod/example-vttablet-zone1-0942943782-67bcbcdb/vttablet] I0212 21:42:16.117899       1 rpc_server.go:83] TabletManager.VReplicationExec(query:"select distinct workflow from _vt.vreplication where state != 'Stopped' and db_name = 'benchmark'")(on zone1-0942943782 from ): (*tabletmanagerdata.VReplicationExecResponse)(nil)
[pod/example-vttablet-zone1-0942943782-67bcbcdb/vttablet] I0212 21:42:31.510025       1 rpc_server.go:83] TabletManager.VReplicationExec(query:"select distinct workflow from _vt.vreplication where state != 'Stopped' and db_name = 'benchmark'")(on zone1-0942943782 from ): (*tabletmanagerdata.VReplicationExecResponse)(nil)
[pod/example-vttablet-zone1-0942943782-67bcbcdb/vttablet] E0212 21:42:42.213705       1 query_throttler.go:140] Error loading config: open /config/throttler-config.json: no such file or directory
[pod/example-vttablet-zone1-0942943782-67bcbcdb/vttablet] I0212 21:42:47.090348       1 rpc_server.go:83] TabletManager.VReplicationExec(query:"select distinct workflow from _vt.vreplication where state != 'Stopped' and db_name = 'benchmark'")(on zone1-0942943782 from ): (*tabletmanagerdata.VReplicationExecResponse)(nil)
[pod/example-vttablet-zone1-0942943782-67bcbcdb/vttablet] I0212 21:42:52.496092       1 tablegc.go:405] TableGC: readAndCheckTables
[pod/example-vttablet-zone1-0942943782-67bcbcdb/vttablet] I0212 21:42:55.690305       1 rpc_server.go:83] TabletManager.VReplicationExec(query:"select distinct workflow from _vt.vreplication where state != 'Stopped' and db_name = 'benchmark'")(on zone1-0942943782 from ): (*tabletmanagerdata.VReplicationExecResponse)(nil)
[pod/example-vttablet-zone1-0942943782-67bcbcdb/vttablet] I0212 21:42:55.728841       1 rpc_server.go:83] TabletManager.VReplicationExec(query:"select distinct workflow from _vt.vreplication where state != 'Stopped' and db_name = 'benchmark'")(on zone1-0942943782 from ): (*tabletmanagerdata.VReplicationExecResponse)(nil)
[pod/example-vttablet-zone1-0942943782-67bcbcdb/vttablet] I0212 21:43:09.518997       1 rpc_server.go:83] TabletManager.VReplicationExec(query:"select distinct workflow from _vt.vreplication where state != 'Stopped' and db_name = 'benchmark'")(on zone1-0942943782 from ): (*tabletmanagerdata.VReplicationExecResponse)(nil)
[pod/example-vttablet-zone1-0942943782-67bcbcdb/vttablet] I0212 21:43:22.362518       1 rpc_server.go:83] TabletManager.VReplicationExec(query:"select distinct workflow from _vt.vreplication where state != 'Stopped' and db_name = 'benchmark'")(on zone1-0942943782 from ): (*tabletmanagerdata.VReplicationExecResponse)(nil)
[pod/example-vttablet-zone1-0942943782-67bcbcdb/vttablet] I0212 21:43:27.488825       1 rpc_server.go:83] TabletManager.VReplicationExec(query:"select distinct workflow from _vt.vreplication where state != 'Stopped' and db_name = 'benchmark'")(on zone1-0942943782 from ): (*tabletmanagerdata.VReplicationExecResponse)(nil)
[pod/example-vttablet-zone1-0942943782-67bcbcdb/vttablet] E0212 21:43:42.213857       1 query_throttler.go:140] Error loading config: open /config/throttler-config.json: no such file or directory
[pod/example-vttablet-zone1-0942943782-67bcbcdb/vttablet] I0212 21:43:43.432141       1 rpc_server.go:83] TabletManager.VReplicationExec(query:"select distinct workflow from _vt.vreplication where state != 'Stopped' and db_name = 'benchmark'")(on zone1-0942943782 from ): (*tabletmanagerdata.VReplicationExecResponse)(nil)
[pod/example-vttablet-zone1-0942943782-67bcbcdb/vttablet] I0212 21:44:00.430559       1 rpc_server.go:83] TabletManager.VReplicationExec(query:"select distinct workflow from _vt.vreplication where state != 'Stopped' and db_name = 'benchmark'")(on zone1-0942943782 from ): (*tabletmanagerdata.VReplicationExecResponse)(nil)
[pod/example-vttablet-zone1-0942943782-67bcbcdb/vttablet] I0212 21:44:13.540206       1 rpc_server.go:83] TabletManager.VReplicationExec(query:"select distinct workflow from _vt.vreplication where state != 'Stopped' and db_name = 'benchmark'")(on zone1-0942943782 from ): (*tabletmanagerdata.VReplicationExecResponse)(nil)
[pod/example-vttablet-zone1-0942943782-67bcbcdb/vttablet] I0212 21:44:28.189450       1 rpc_server.go:83] TabletManager.VReplicationExec(query:"select distinct workflow from _vt.vreplication where state != 'Stopped' and db_name = 'benchmark'")(on zone1-0942943782 from ): (*tabletmanagerdata.VReplicationExecResponse)(nil)
[pod/example-vttablet-zone1-0942943782-67bcbcdb/vttablet] E0212 21:44:42.213937       1 query_throttler.go:140] Error loading config: open /config/throttler-config.json: no such file or directory
[pod/example-vttablet-zone1-0942943782-67bcbcdb/vttablet] I0212 21:44:42.695774       1 rpc_server.go:83] TabletManager.VReplicationExec(query:"select distinct workflow from _vt.vreplication where state != 'Stopped' and db_name = 'benchmark'")(on zone1-0942943782 from ): (*tabletmanagerdata.VReplicationExecResponse)(nil)
[pod/example-vttablet-zone1-0942943782-67bcbcdb/vttablet] I0212 21:45:00.083751       1 rpc_server.go:83] TabletManager.VReplicationExec(query:"select distinct workflow from _vt.vreplication where state != 'Stopped' and db_name = 'benchmark'")(on zone1-0942943782 from ): (*tabletmanagerdata.VReplicationExecResponse)(nil)
[pod/example-vttablet-zone1-0942943782-67bcbcdb/vttablet] I0212 21:45:15.559860       1 rpc_server.go:83] TabletManager.VReplicationExec(query:"select distinct workflow from _vt.vreplication where state != 'Stopped' and db_name = 'benchmark'")(on zone1-0942943782 from ): (*tabletmanagerdata.VReplicationExecResponse)(nil)
[pod/example-vttablet-zone1-0942943782-67bcbcdb/vttablet] I0212 21:45:33.133153       1 rpc_server.go:83] TabletManager.VReplicationExec(query:"select distinct workflow from _vt.vreplication where state != 'Stopped' and db_name = 'benchmark'")(on zone1-0942943782 from ): (*tabletmanagerdata.VReplicationExecResponse)(nil)
[pod/example-vttablet-zone1-0942943782-67bcbcdb/vttablet] E0212 21:45:42.214360       1 query_throttler.go:140] Error loading config: open /config/throttler-config.json: no such file or directory
[pod/example-vttablet-zone1-0942943782-67bcbcdb/vttablet] I0212 21:45:44.648380       1 rpc_server.go:83] TabletManager.VReplicationExec(query:"select distinct workflow from _vt.vreplication where state != 'Stopped' and db_name = 'benchmark'")(on zone1-0942943782 from ): (*tabletmanagerdata.VReplicationExecResponse)(nil)
[pod/example-vttablet-zone1-0942943782-67bcbcdb/vttablet] I0212 21:46:01.009265       1 rpc_server.go:83] TabletManager.VReplicationExec(query:"select distinct workflow from _vt.vreplication where state != 'Stopped' and db_name = 'benchmark'")(on zone1-0942943782 from ): (*tabletmanagerdata.VReplicationExecResponse)(nil)
[pod/example-vttablet-zone1-0942943782-67bcbcdb/vttablet] I0212 21:46:18.069092       1 rpc_server.go:83] TabletManager.VReplicationExec(query:"select distinct workflow from _vt.vreplication where state != 'Stopped' and db_name = 'benchmark'")(on zone1-0942943782 from ): (*tabletmanagerdata.VReplicationExecResponse)(nil)
[pod/example-vttablet-zone1-0942943782-67bcbcdb/vttablet] I0212 21:46:30.923315       1 rpc_server.go:83] TabletManager.VReplicationExec(query:"select distinct workflow from _vt.vreplication where state != 'Stopped' and db_name = 'benchmark'")(on zone1-0942943782 from ): (*tabletmanagerdata.VReplicationExecResponse)(nil)
[pod/example-vttablet-zone1-0942943782-67bcbcdb/vttablet] E0212 21:46:42.213855       1 query_throttler.go:140] Error loading config: open /config/throttler-config.json: no such file or directory
[pod/example-vttablet-zone1-0942943782-67bcbcdb/vttablet] I0212 21:46:45.859519       1 rpc_server.go:83] TabletManager.VReplicationExec(query:"select distinct workflow from _vt.vreplication where state != 'Stopped' and db_name = 'benchmark'")(on zone1-0942943782 from ): (*tabletmanagerdata.VReplicationExecResponse)(nil)
[pod/example-vttablet-zone1-0942943782-67bcbcdb/vttablet] I0212 21:47:00.298560       1 rpc_server.go:83] TabletManager.VReplicationExec(query:"select distinct workflow from _vt.vreplication where state != 'Stopped' and db_name = 'benchmark'")(on zone1-0942943782 from ): (*tabletmanagerdata.VReplicationExecResponse)(nil)
[pod/example-vttablet-zone1-0942943782-67bcbcdb/vttablet] I0212 21:47:16.183016       1 rpc_server.go:83] TabletManager.VReplicationExec(query:"select distinct workflow from _vt.vreplication where state != 'Stopped' and db_name = 'benchmark'")(on zone1-0942943782 from ): (*tabletmanagerdata.VReplicationExecResponse)(nil)
[pod/example-vttablet-zone1-0942943782-67bcbcdb/vttablet] I0212 21:47:27.902531       1 rpc_server.go:83] TabletManager.VReplicationExec(query:"select distinct workflow from _vt.vreplication where state != 'Stopped' and db_name = 'benchmark'")(on zone1-0942943782 from ): (*tabletmanagerdata.VReplicationExecResponse)(nil)
[pod/example-vttablet-zone1-0942943782-67bcbcdb/vttablet] E0212 21:47:42.213512       1 query_throttler.go:140] Error loading config: open /config/throttler-config.json: no such file or directory
[pod/example-vttablet-zone1-0942943782-67bcbcdb/vttablet] I0212 21:47:45.305584       1 rpc_server.go:83] TabletManager.VReplicationExec(query:"select distinct workflow from _vt.vreplication where state != 'Stopped' and db_name = 'benchmark'")(on zone1-0942943782 from ): (*tabletmanagerdata.VReplicationExecResponse)(nil)
[pod/example-vttablet-zone1-0942943782-67bcbcdb/vttablet] I0212 21:47:57.902678       1 rpc_server.go:83] TabletManager.VReplicationExec(query:"select distinct workflow from _vt.vreplication where state != 'Stopped' and db_name = 'benchmark'")(on zone1-0942943782 from ): (*tabletmanagerdata.VReplicationExecResponse)(nil)
[pod/example-vttablet-zone1-0942943782-67bcbcdb/vttablet] I0212 21:48:10.608494       1 rpc_server.go:83] TabletManager.VReplicationExec(query:"select distinct workflow from _vt.vreplication where state != 'Stopped' and db_name = 'benchmark'")(on zone1-0942943782 from ): (*tabletmanagerdata.VReplicationExecResponse)(nil)
[pod/example-vttablet-zone1-0942943782-67bcbcdb/vttablet] I0212 21:48:23.844648       1 rpc_server.go:83] TabletManager.VReplicationExec(query:"select distinct workflow from _vt.vreplication where state != 'Stopped' and db_name = 'benchmark'")(on zone1-0942943782 from ): (*tabletmanagerdata.VReplicationExecResponse)(nil)
[pod/example-vttablet-zone1-0942943782-67bcbcdb/vttablet] I0212 21:48:41.207445       1 rpc_server.go:83] TabletManager.VReplicationExec(query:"select distinct workflow from _vt.vreplication where state != 'Stopped' and db_name = 'benchmark'")(on zone1-0942943782 from ): (*tabletmanagerdata.VReplicationExecResponse)(nil)
[pod/example-vttablet-zone1-0942943782-67bcbcdb/vttablet] E0212 21:48:42.213960       1 query_throttler.go:140] Error loading config: open /config/throttler-config.json: no such file or directory
[pod/example-vttablet-zone1-0942943782-67bcbcdb/vttablet] I0212 21:48:57.268437       1 rpc_server.go:83] TabletManager.VReplicationExec(query:"select distinct workflow from _vt.vreplication where state != 'Stopped' and db_name = 'benchmark'")(on zone1-0942943782 from ): (*tabletmanagerdata.VReplicationExecResponse)(nil)
[pod/example-vttablet-zone1-0942943782-67bcbcdb/vttablet] I0212 21:49:13.296728       1 rpc_server.go:83] TabletManager.VReplicationExec(query:"select distinct workflow from _vt.vreplication where state != 'Stopped' and db_name = 'benchmark'")(on zone1-0942943782 from ): (*tabletmanagerdata.VReplicationExecResponse)(nil)
[pod/example-vttablet-zone1-0942943782-67bcbcdb/vttablet] I0212 21:49:25.908075       1 rpc_server.go:83] TabletManager.VReplicationExec(query:"select distinct workflow from _vt.vreplication where state != 'Stopped' and db_name = 'benchmark'")(on zone1-0942943782 from ): (*tabletmanagerdata.VReplicationExecResponse)(nil)
[pod/example-vttablet-zone1-0942943782-67bcbcdb/vttablet] I0212 21:49:39.195859       1 rpc_server.go:83] TabletManager.VReplicationExec(query:"select distinct workflow from _vt.vreplication where state != 'Stopped' and db_name = 'benchmark'")(on zone1-0942943782 from ): (*tabletmanagerdata.VReplicationExecResponse)(nil)
[pod/example-vttablet-zone1-0942943782-67bcbcdb/vttablet] E0212 21:49:42.213655       1 query_throttler.go:140] Error loading config: open /config/throttler-config.json: no such file or directory
[pod/example-vttablet-zone1-0942943782-67bcbcdb/vttablet] I0212 21:49:56.730539       1 rpc_server.go:83] TabletManager.VReplicationExec(query:"select distinct workflow from _vt.vreplication where state != 'Stopped' and db_name = 'benchmark'")(on zone1-0942943782 from ): (*tabletmanagerdata.VReplicationExecResponse)(nil)
[pod/example-vttablet-zone1-0942943782-67bcbcdb/vttablet] I0212 21:50:08.389878       1 rpc_server.go:83] TabletManager.VReplicationExec(query:"select distinct workflow from _vt.vreplication where state != 'Stopped' and db_name = 'benchmark'")(on zone1-0942943782 from ): (*tabletmanagerdata.VReplicationExecResponse)(nil)
[pod/example-vttablet-zone1-0942943782-67bcbcdb/vttablet] I0212 21:50:24.385892       1 rpc_server.go:83] TabletManager.VReplicationExec(query:"select distinct workflow from _vt.vreplication where state != 'Stopped' and db_name = 'benchmark'")(on zone1-0942943782 from ): (*tabletmanagerdata.VReplicationExecResponse)(nil)
[pod/example-vttablet-zone1-0942943782-67bcbcdb/vttablet] I0212 21:50:37.466440       1 rpc_server.go:83] TabletManager.VReplicationExec(query:"select distinct workflow from _vt.vreplication where state != 'Stopped' and db_name = 'benchmark'")(on zone1-0942943782 from ): (*tabletmanagerdata.VReplicationExecResponse)(nil)
[pod/example-vttablet-zone1-0942943782-67bcbcdb/vttablet] E0212 21:50:42.213505       1 query_throttler.go:140] Error loading config: open /config/throttler-config.json: no such file or directory
[pod/example-vttablet-zone1-0942943782-67bcbcdb/vttablet] I0212 21:50:50.024151       1 rpc_server.go:83] TabletManager.VReplicationExec(query:"select distinct workflow from _vt.vreplication where state != 'Stopped' and db_name = 'benchmark'")(on zone1-0942943782 from ): (*tabletmanagerdata.VReplicationExecResponse)(nil)
[pod/example-vttablet-zone1-0942943782-67bcbcdb/vttablet] I0212 21:51:04.936135       1 rpc_server.go:83] TabletManager.VReplicationExec(query:"select distinct workflow from _vt.vreplication where state != 'Stopped' and db_name = 'benchmark'")(on zone1-0942943782 from ): (*tabletmanagerdata.VReplicationExecResponse)(nil)
[pod/example-vttablet-zone1-0942943782-67bcbcdb/vttablet] I0212 21:51:20.261388       1 rpc_server.go:83] TabletManager.VReplicationExec(query:"select distinct workflow from _vt.vreplication where state != 'Stopped' and db_name = 'benchmark'")(on zone1-0942943782 from ): (*tabletmanagerdata.VReplicationExecResponse)(nil)
[pod/example-vttablet-zone1-0942943782-67bcbcdb/vttablet] I0212 21:51:36.769958       1 rpc_server.go:83] TabletManager.VReplicationExec(query:"select distinct workflow from _vt.vreplication where state != 'Stopped' and db_name = 'benchmark'")(on zone1-0942943782 from ): (*tabletmanagerdata.VReplicationExecResponse)(nil)
[pod/example-vttablet-zone1-0942943782-67bcbcdb/vttablet] E0212 21:51:42.213882       1 query_throttler.go:140] Error loading config: open /config/throttler-config.json: no such file or directory
[pod/example-vttablet-zone1-0942943782-67bcbcdb/vttablet] I0212 21:51:55.002360       1 rpc_server.go:83] TabletManager.VReplicationExec(query:"select distinct workflow from _vt.vreplication where state != 'Stopped' and db_name = 'benchmark'")(on zone1-0942943782 from ): (*tabletmanagerdata.VReplicationExecResponse)(nil)
[pod/example-vttablet-zone1-0942943782-67bcbcdb/vttablet] I0212 21:52:08.178106       1 rpc_server.go:83] TabletManager.VReplicationExec(query:"select distinct workflow from _vt.vreplication where state != 'Stopped' and db_name = 'benchmark'")(on zone1-0942943782 from ): (*tabletmanagerdata.VReplicationExecResponse)(nil)
[pod/example-vttablet-zone1-0942943782-67bcbcdb/vttablet] I0212 21:52:23.478017       1 rpc_server.go:83] TabletManager.VReplicationExec(query:"select distinct workflow from _vt.vreplication where state != 'Stopped' and db_name = 'benchmark'")(on zone1-0942943782 from ): (*tabletmanagerdata.VReplicationExecResponse)(nil)
[pod/example-vttablet-zone1-0942943782-67bcbcdb/vttablet] I0212 21:52:36.421986       1 rpc_server.go:83] TabletManager.VReplicationExec(query:"select distinct workflow from _vt.vreplication where state != 'Stopped' and db_name = 'benchmark'")(on zone1-0942943782 from ): (*tabletmanagerdata.VReplicationExecResponse)(nil)
[pod/example-vttablet-zone1-0942943782-67bcbcdb/vttablet] E0212 21:52:42.213814       1 query_throttler.go:140] Error loading config: open /config/throttler-config.json: no such file or directory
[pod/example-vttablet-zone1-0942943782-67bcbcdb/vttablet] I0212 21:52:55.112938       1 rpc_server.go:83] TabletManager.VReplicationExec(query:"select distinct workflow from _vt.vreplication where state != 'Stopped' and db_name = 'benchmark'")(on zone1-0942943782 from ): (*tabletmanagerdata.VReplicationExecResponse)(nil)
[pod/example-vttablet-zone1-0942943782-67bcbcdb/vttablet] I0212 21:53:06.890368       1 rpc_server.go:83] TabletManager.VReplicationExec(query:"select distinct workflow from _vt.vreplication where state != 'Stopped' and db_name = 'benchmark'")(on zone1-0942943782 from ): (*tabletmanagerdata.VReplicationExecResponse)(nil)
[pod/example-vttablet-zone1-0942943782-67bcbcdb/vttablet] I0212 21:53:19.475585       1 rpc_server.go:83] TabletManager.VReplicationExec(query:"select distinct workflow from _vt.vreplication where state != 'Stopped' and db_name = 'benchmark'")(on zone1-0942943782 from ): (*tabletmanagerdata.VReplicationExecResponse)(nil)
[pod/example-vttablet-zone1-0942943782-67bcbcdb/vttablet] I0212 21:53:19.524865       1 rpc_server.go:83] TabletManager.VReplicationExec(query:"select distinct workflow from _vt.vreplication where state != 'Stopped' and db_name = 'benchmark'")(on zone1-0942943782 from ): (*tabletmanagerdata.VReplicationExecResponse)(nil)
[pod/example-vttablet-zone1-0942943782-67bcbcdb/vttablet] I0212 21:53:38.048966       1 rpc_server.go:83] TabletManager.VReplicationExec(query:"select distinct workflow from _vt.vreplication where state != 'Stopped' and db_name = 'benchmark'")(on zone1-0942943782 from ): (*tabletmanagerdata.VReplicationExecResponse)(nil)
[pod/example-vttablet-zone1-0942943782-67bcbcdb/vttablet] E0212 21:53:42.214610       1 query_throttler.go:140] Error loading config: open /config/throttler-config.json: no such file or directory
[pod/example-vttablet-zone1-0942943782-67bcbcdb/vttablet] I0212 21:53:50.754025       1 rpc_server.go:83] TabletManager.VReplicationExec(query:"select distinct workflow from _vt.vreplication where state != 'Stopped' and db_name = 'benchmark'")(on zone1-0942943782 from ): (*tabletmanagerdata.VReplicationExecResponse)(nil)
[pod/example-vttablet-zone1-0942943782-67bcbcdb/vttablet] I0212 21:53:53.305730       1 rpc_server.go:83] TabletManager.VReplicationExec(query:"select distinct workflow from _vt.vreplication where state != 'Stopped' and db_name = 'benchmark'")(on zone1-0942943782 from ): (*tabletmanagerdata.VReplicationExecResponse)(nil)
[pod/example-vttablet-zone1-0942943782-67bcbcdb/vttablet] I0212 21:54:09.109029       1 rpc_server.go:83] TabletManager.VReplicationExec(query:"select distinct workflow from _vt.vreplication where state != 'Stopped' and db_name = 'benchmark'")(on zone1-0942943782 from ): (*tabletmanagerdata.VReplicationExecResponse)(nil)
[pod/example-vttablet-zone1-0942943782-67bcbcdb/vttablet] I0212 21:54:20.758185       1 rpc_server.go:83] TabletManager.VReplicationExec(query:"select distinct workflow from _vt.vreplication where state != 'Stopped' and db_name = 'benchmark'")(on zone1-0942943782 from ): (*tabletmanagerdata.VReplicationExecResponse)(nil)
[pod/example-vttablet-zone1-0942943782-67bcbcdb/vttablet] I0212 21:54:35.320704       1 rpc_server.go:83] TabletManager.VReplicationExec(query:"select distinct workflow from _vt.vreplication where state != 'Stopped' and db_name = 'benchmark'")(on zone1-0942943782 from ): (*tabletmanagerdata.VReplicationExecResponse)(nil)
[pod/example-vttablet-zone1-0942943782-67bcbcdb/vttablet] E0212 21:54:42.213604       1 query_throttler.go:140] Error loading config: open /config/throttler-config.json: no such file or directory
[pod/example-vttablet-zone1-0942943782-67bcbcdb/vttablet] I0212 21:54:50.763193       1 rpc_server.go:83] TabletManager.VReplicationExec(query:"select distinct workflow from _vt.vreplication where state != 'Stopped' and db_name = 'benchmark'")(on zone1-0942943782 from ): (*tabletmanagerdata.VReplicationExecResponse)(nil)
[pod/example-vttablet-zone1-0942943782-67bcbcdb/vttablet] I0212 21:55:09.374211       1 rpc_server.go:83] TabletManager.VReplicationExec(query:"select distinct workflow from _vt.vreplication where state != 'Stopped' and db_name = 'benchmark'")(on zone1-0942943782 from ): (*tabletmanagerdata.VReplicationExecResponse)(nil)
[pod/example-vttablet-zone1-0942943782-67bcbcdb/vttablet] I0212 21:55:26.190253       1 rpc_server.go:83] TabletManager.VReplicationExec(query:"select distinct workflow from _vt.vreplication where state != 'Stopped' and db_name = 'benchmark'")(on zone1-0942943782 from ): (*tabletmanagerdata.VReplicationExecResponse)(nil)
[pod/example-vttablet-zone1-0942943782-67bcbcdb/vttablet] E0212 21:55:42.213805       1 query_throttler.go:140] Error loading config: open /config/throttler-config.json: no such file or directory
[pod/example-vttablet-zone1-0942943782-67bcbcdb/vttablet] I0212 21:55:43.476234       1 rpc_server.go:83] TabletManager.VReplicationExec(query:"select distinct workflow from _vt.vreplication where state != 'Stopped' and db_name = 'benchmark'")(on zone1-0942943782 from ): (*tabletmanagerdata.VReplicationExecResponse)(nil)
[pod/example-vttablet-zone1-0942943782-67bcbcdb/vttablet] I0212 21:56:02.078654       1 rpc_server.go:83] TabletManager.VReplicationExec(query:"select distinct workflow from _vt.vreplication where state != 'Stopped' and db_name = 'benchmark'")(on zone1-0942943782 from ): (*tabletmanagerdata.VReplicationExecResponse)(nil)
[pod/example-vttablet-zone1-0942943782-67bcbcdb/vttablet] I0212 21:56:14.861367       1 rpc_server.go:83] TabletManager.VReplicationExec(query:"select distinct workflow from _vt.vreplication where state != 'Stopped' and db_name = 'benchmark'")(on zone1-0942943782 from ): (*tabletmanagerdata.VReplicationExecResponse)(nil)
[pod/example-vttablet-zone1-0942943782-67bcbcdb/vttablet] I0212 21:56:31.702944       1 rpc_server.go:83] TabletManager.VReplicationExec(query:"select distinct workflow from _vt.vreplication where state != 'Stopped' and db_name = 'benchmark'")(on zone1-0942943782 from ): (*tabletmanagerdata.VReplicationExecResponse)(nil)
[pod/example-vttablet-zone1-0942943782-67bcbcdb/vttablet] E0212 21:56:42.216828       1 query_throttler.go:140] Error loading config: open /config/throttler-config.json: no such file or directory
[pod/example-vttablet-zone1-0942943782-67bcbcdb/vttablet] I0212 21:56:47.631994       1 rpc_server.go:83] TabletManager.VReplicationExec(query:"select distinct workflow from _vt.vreplication where state != 'Stopped' and db_name = 'benchmark'")(on zone1-0942943782 from ): (*tabletmanagerdata.VReplicationExecResponse)(nil)
[pod/example-vttablet-zone1-0942943782-67bcbcdb/vttablet] I0212 21:57:03.349659       1 rpc_server.go:83] TabletManager.VReplicationExec(query:"select distinct workflow from _vt.vreplication where state != 'Stopped' and db_name = 'benchmark'")(on zone1-0942943782 from ): (*tabletmanagerdata.VReplicationExecResponse)(nil)
[pod/example-vttablet-zone1-0942943782-67bcbcdb/vttablet] I0212 21:57:20.392133       1 rpc_server.go:83] TabletManager.VReplicationExec(query:"select distinct workflow from _vt.vreplication where state != 'Stopped' and db_name = 'benchmark'")(on zone1-0942943782 from ): (*tabletmanagerdata.VReplicationExecResponse)(nil)
[pod/example-vttablet-zone1-0942943782-67bcbcdb/vttablet] I0212 21:57:37.175638       1 rpc_server.go:83] TabletManager.VReplicationExec(query:"select distinct workflow from _vt.vreplication where state != 'Stopped' and db_name = 'benchmark'")(on zone1-0942943782 from ): (*tabletmanagerdata.VReplicationExecResponse)(nil)
[pod/example-vttablet-zone1-0942943782-67bcbcdb/vttablet] E0212 21:57:42.213790       1 query_throttler.go:140] Error loading config: open /config/throttler-config.json: no such file or directory
[pod/example-vttablet-zone1-0942943782-67bcbcdb/vttablet] I0212 21:57:48.822091       1 rpc_server.go:83] TabletManager.VReplicationExec(query:"select distinct workflow from _vt.vreplication where state != 'Stopped' and db_name = 'benchmark'")(on zone1-0942943782 from ): (*tabletmanagerdata.VReplicationExecResponse)(nil)
[pod/example-vttablet-zone1-0942943782-67bcbcdb/vttablet] I0212 21:58:06.044911       1 rpc_server.go:83] TabletManager.VReplicationExec(query:"select distinct workflow from _vt.vreplication where state != 'Stopped' and db_name = 'benchmark'")(on zone1-0942943782 from ): (*tabletmanagerdata.VReplicationExecResponse)(nil)
[pod/example-vttablet-zone1-0942943782-67bcbcdb/vttablet] I0212 21:58:21.152586       1 rpc_server.go:83] TabletManager.VReplicationExec(query:"select distinct workflow from _vt.vreplication where state != 'Stopped' and db_name = 'benchmark'")(on zone1-0942943782 from ): (*tabletmanagerdata.VReplicationExecResponse)(nil)
[pod/example-vttablet-zone1-0942943782-67bcbcdb/vttablet] I0212 21:58:33.801739       1 rpc_server.go:83] TabletManager.VReplicationExec(query:"select distinct workflow from _vt.vreplication where state != 'Stopped' and db_name = 'benchmark'")(on zone1-0942943782 from ): (*tabletmanagerdata.VReplicationExecResponse)(nil)
[pod/example-vttablet-zone1-0942943782-67bcbcdb/vttablet] E0212 21:58:42.213848       1 query_throttler.go:140] Error loading config: open /config/throttler-config.json: no such file or directory
[pod/example-vttablet-zone1-0942943782-67bcbcdb/vttablet] I0212 21:58:49.967431       1 rpc_server.go:83] TabletManager.VReplicationExec(query:"select distinct workflow from _vt.vreplication where state != 'Stopped' and db_name = 'benchmark'")(on zone1-0942943782 from ): (*tabletmanagerdata.VReplicationExecResponse)(nil)
[pod/example-vttablet-zone1-0942943782-67bcbcdb/vttablet] I0212 21:59:06.857302       1 rpc_server.go:83] TabletManager.VReplicationExec(query:"select distinct workflow from _vt.vreplication where state != 'Stopped' and db_name = 'benchmark'")(on zone1-0942943782 from ): (*tabletmanagerdata.VReplicationExecResponse)(nil)
[pod/example-vttablet-zone1-0942943782-67bcbcdb/vttablet] I0212 21:59:21.024780       1 rpc_server.go:83] TabletManager.VReplicationExec(query:"select distinct workflow from _vt.vreplication where state != 'Stopped' and db_name = 'benchmark'")(on zone1-0942943782 from ): (*tabletmanagerdata.VReplicationExecResponse)(nil)
[pod/example-vttablet-zone1-0942943782-67bcbcdb/vttablet] I0212 21:59:33.710256       1 rpc_server.go:83] TabletManager.VReplicationExec(query:"select distinct workflow from _vt.vreplication where state != 'Stopped' and db_name = 'benchmark'")(on zone1-0942943782 from ): (*tabletmanagerdata.VReplicationExecResponse)(nil)
[pod/example-vttablet-zone1-0942943782-67bcbcdb/vttablet] E0212 21:59:42.213854       1 query_throttler.go:140] Error loading config: open /config/throttler-config.json: no such file or directory
[pod/example-vttablet-zone1-0942943782-67bcbcdb/vttablet] I0212 21:59:50.559625       1 rpc_server.go:83] TabletManager.VReplicationExec(query:"select distinct workflow from _vt.vreplication where state != 'Stopped' and db_name = 'benchmark'")(on zone1-0942943782 from ): (*tabletmanagerdata.VReplicationExecResponse)(nil)
[pod/example-vttablet-zone1-0942943782-67bcbcdb/vttablet] I0212 22:00:04.933613       1 rpc_server.go:83] TabletManager.VReplicationExec(query:"select distinct workflow from _vt.vreplication where state != 'Stopped' and db_name = 'benchmark'")(on zone1-0942943782 from ): (*tabletmanagerdata.VReplicationExecResponse)(nil)
[pod/example-vttablet-zone1-0942943782-67bcbcdb/vttablet] I0212 22:00:23.680630       1 rpc_server.go:83] TabletManager.VReplicationExec(query:"select distinct workflow from _vt.vreplication where state != 'Stopped' and db_name = 'benchmark'")(on zone1-0942943782 from ): (*tabletmanagerdata.VReplicationExecResponse)(nil)
[pod/example-vttablet-zone1-0942943782-67bcbcdb/vttablet] E0212 22:00:42.213615       1 query_throttler.go:140] Error loading config: open /config/throttler-config.json: no such file or directory
[pod/example-vttablet-zone1-0942943782-67bcbcdb/vttablet] I0212 22:00:42.638817       1 rpc_server.go:83] TabletManager.VReplicationExec(query:"select distinct workflow from _vt.vreplication where state != 'Stopped' and db_name = 'benchmark'")(on zone1-0942943782 from ): (*tabletmanagerdata.VReplicationExecResponse)(nil)
[pod/example-vttablet-zone1-0942943782-67bcbcdb/vttablet] I0212 22:01:01.164689       1 rpc_server.go:83] TabletManager.VReplicationExec(query:"select distinct workflow from _vt.vreplication where state != 'Stopped' and db_name = 'benchmark'")(on zone1-0942943782 from ): (*tabletmanagerdata.VReplicationExecResponse)(nil)
[pod/example-vttablet-zone1-0942943782-67bcbcdb/vttablet] I0212 22:01:15.035350       1 rpc_server.go:83] TabletManager.VReplicationExec(query:"select distinct workflow from _vt.vreplication where state != 'Stopped' and db_name = 'benchmark'")(on zone1-0942943782 from ): (*tabletmanagerdata.VReplicationExecResponse)(nil)
[pod/example-vttablet-zone1-0942943782-67bcbcdb/vttablet] I0212 22:01:29.192989       1 rpc_server.go:83] TabletManager.VReplicationExec(query:"select distinct workflow from _vt.vreplication where state != 'Stopped' and db_name = 'benchmark'")(on zone1-0942943782 from ): (*tabletmanagerdata.VReplicationExecResponse)(nil)
[pod/example-vttablet-zone1-0942943782-67bcbcdb/vttablet] E0212 22:01:42.214015       1 query_throttler.go:140] Error loading config: open /config/throttler-config.json: no such file or directory
[pod/example-vttablet-zone1-0942943782-67bcbcdb/vttablet] I0212 22:01:45.110902       1 rpc_server.go:83] TabletManager.VReplicationExec(query:"select distinct workflow from _vt.vreplication where state != 'Stopped' and db_name = 'benchmark'")(on zone1-0942943782 from ): (*tabletmanagerdata.VReplicationExecResponse)(nil)
[pod/example-vttablet-zone1-0942943782-67bcbcdb/vttablet] I0212 22:02:03.544551       1 rpc_server.go:83] TabletManager.VReplicationExec(query:"select distinct workflow from _vt.vreplication where state != 'Stopped' and db_name = 'benchmark'")(on zone1-0942943782 from ): (*tabletmanagerdata.VReplicationExecResponse)(nil)
[pod/example-vttablet-zone1-0942943782-67bcbcdb/vttablet] I0212 22:02:17.221732       1 rpc_server.go:83] TabletManager.VReplicationExec(query:"select distinct workflow from _vt.vreplication where state != 'Stopped' and db_name = 'benchmark'")(on zone1-0942943782 from ): (*tabletmanagerdata.VReplicationExecResponse)(nil)
[pod/example-vttablet-zone1-0942943782-67bcbcdb/vttablet] I0212 22:02:31.043054       1 rpc_server.go:83] TabletManager.VReplicationExec(query:"select distinct workflow from _vt.vreplication where state != 'Stopped' and db_name = 'benchmark'")(on zone1-0942943782 from ): (*tabletmanagerdata.VReplicationExecResponse)(nil)
[pod/example-vttablet-zone1-0942943782-67bcbcdb/vttablet] E0212 22:02:42.218804       1 query_throttler.go:140] Error loading config: open /config/throttler-config.json: no such file or directory
[pod/example-vttablet-zone1-0942943782-67bcbcdb/vttablet] I0212 22:02:43.708398       1 rpc_server.go:83] TabletManager.VReplicationExec(query:"select distinct workflow from _vt.vreplication where state != 'Stopped' and db_name = 'benchmark'")(on zone1-0942943782 from ): (*tabletmanagerdata.VReplicationExecResponse)(nil)
[pod/example-vttablet-zone1-0942943782-67bcbcdb/vttablet] I0212 22:02:57.673923       1 rpc_server.go:83] TabletManager.VReplicationExec(query:"select distinct workflow from _vt.vreplication where state != 'Stopped' and db_name = 'benchmark'")(on zone1-0942943782 from ): (*tabletmanagerdata.VReplicationExecResponse)(nil)
[pod/example-vttablet-zone1-0942943782-67bcbcdb/vttablet] I0212 22:03:13.580566       1 rpc_server.go:83] TabletManager.VReplicationExec(query:"select distinct workflow from _vt.vreplication where state != 'Stopped' and db_name = 'benchmark'")(on zone1-0942943782 from ): (*tabletmanagerdata.VReplicationExecResponse)(nil)
[pod/example-vttablet-zone1-0942943782-67bcbcdb/vttablet] I0212 22:03:30.954589       1 rpc_server.go:83] TabletManager.VReplicationExec(query:"select distinct workflow from _vt.vreplication where state != 'Stopped' and db_name = 'benchmark'")(on zone1-0942943782 from ): (*tabletmanagerdata.VReplicationExecResponse)(nil)
[pod/example-vttablet-zone1-0942943782-67bcbcdb/vttablet] E0212 22:03:42.213851       1 query_throttler.go:140] Error loading config: open /config/throttler-config.json: no such file or directory
[pod/example-vttablet-zone1-0942943782-67bcbcdb/vttablet] I0212 22:03:43.342316       1 rpc_server.go:83] TabletManager.VReplicationExec(query:"select distinct workflow from _vt.vreplication where state != 'Stopped' and db_name = 'benchmark'")(on zone1-0942943782 from ): (*tabletmanagerdata.VReplicationExecResponse)(nil)
[pod/example-vttablet-zone1-0942943782-67bcbcdb/vttablet] I0212 22:03:43.406526       1 rpc_server.go:83] TabletManager.VReplicationExec(query:"select distinct workflow from _vt.vreplication where state != 'Stopped' and db_name = 'benchmark'")(on zone1-0942943782 from ): (*tabletmanagerdata.VReplicationExecResponse)(nil)
[pod/example-vttablet-zone1-0942943782-67bcbcdb/vttablet] I0212 22:03:56.796941       1 rpc_server.go:83] TabletManager.VReplicationExec(query:"select distinct workflow from _vt.vreplication where state != 'Stopped' and db_name = 'benchmark'")(on zone1-0942943782 from ): (*tabletmanagerdata.VReplicationExecResponse)(nil)
[pod/example-vttablet-zone1-0942943782-67bcbcdb/vttablet] I0212 22:04:14.548194       1 rpc_server.go:83] TabletManager.VReplicationExec(query:"select distinct workflow from _vt.vreplication where state != 'Stopped' and db_name = 'benchmark'")(on zone1-0942943782 from ): (*tabletmanagerdata.VReplicationExecResponse)(nil)
[pod/example-vttablet-zone1-0942943782-67bcbcdb/vttablet] I0212 22:04:18.620490       1 rpc_server.go:83] TabletManager.VReplicationExec(query:"select distinct workflow from _vt.vreplication where state != 'Stopped' and db_name = 'benchmark'")(on zone1-0942943782 from ): (*tabletmanagerdata.VReplicationExecResponse)(nil)
[pod/example-vttablet-zone1-0942943782-67bcbcdb/vttablet] I0212 22:04:33.173386       1 rpc_server.go:83] TabletManager.VReplicationExec(query:"select distinct workflow from _vt.vreplication where state != 'Stopped' and db_name = 'benchmark'")(on zone1-0942943782 from ): (*tabletmanagerdata.VReplicationExecResponse)(nil)
[pod/example-vttablet-zone1-0942943782-67bcbcdb/vttablet] E0212 22:04:42.213887       1 query_throttler.go:140] Error loading config: open /config/throttler-config.json: no such file or directory
[pod/example-vttablet-zone1-0942943782-67bcbcdb/vttablet] I0212 22:04:48.102916       1 rpc_server.go:83] TabletManager.VReplicationExec(query:"select distinct workflow from _vt.vreplication where state != 'Stopped' and db_name = 'benchmark'")(on zone1-0942943782 from ): (*tabletmanagerdata.VReplicationExecResponse)(nil)
[pod/example-vttablet-zone1-0942943782-67bcbcdb/vttablet] I0212 22:04:59.869792       1 rpc_server.go:83] TabletManager.VReplicationExec(query:"select distinct workflow from _vt.vreplication where state != 'Stopped' and db_name = 'benchmark'")(on zone1-0942943782 from ): (*tabletmanagerdata.VReplicationExecResponse)(nil)
[pod/example-vttablet-zone1-0942943782-67bcbcdb/vttablet] I0212 22:05:12.562679       1 rpc_server.go:83] TabletManager.VReplicationExec(query:"select distinct workflow from _vt.vreplication where state != 'Stopped' and db_name = 'benchmark'")(on zone1-0942943782 from ): (*tabletmanagerdata.VReplicationExecResponse)(nil)
[pod/example-vttablet-zone1-0942943782-67bcbcdb/vttablet] I0212 22:05:27.303199       1 rpc_server.go:83] TabletManager.VReplicationExec(query:"select distinct workflow from _vt.vreplication where state != 'Stopped' and db_name = 'benchmark'")(on zone1-0942943782 from ): (*tabletmanagerdata.VReplicationExecResponse)(nil)
[pod/example-vttablet-zone1-0942943782-67bcbcdb/vttablet] E0212 22:05:42.213533       1 query_throttler.go:140] Error loading config: open /config/throttler-config.json: no such file or directory
[pod/example-vttablet-zone1-0942943782-67bcbcdb/vttablet] I0212 22:05:45.516659       1 rpc_server.go:83] TabletManager.VReplicationExec(query:"select distinct workflow from _vt.vreplication where state != 'Stopped' and db_name = 'benchmark'")(on zone1-0942943782 from ): (*tabletmanagerdata.VReplicationExecResponse)(nil)
[pod/example-vttablet-zone1-0942943782-67bcbcdb/vttablet] I0212 22:06:02.641332       1 rpc_server.go:83] TabletManager.VReplicationExec(query:"select distinct workflow from _vt.vreplication where state != 'Stopped' and db_name = 'benchmark'")(on zone1-0942943782 from ): (*tabletmanagerdata.VReplicationExecResponse)(nil)
[pod/example-vttablet-zone1-0942943782-67bcbcdb/vttablet] I0212 22:06:14.298711       1 rpc_server.go:83] TabletManager.VReplicationExec(query:"select distinct workflow from _vt.vreplication where state != 'Stopped' and db_name = 'benchmark'")(on zone1-0942943782 from ): (*tabletmanagerdata.VReplicationExecResponse)(nil)
[pod/example-vttablet-zone1-0942943782-67bcbcdb/vttablet] I0212 22:06:28.089130       1 rpc_server.go:83] TabletManager.VReplicationExec(query:"select distinct workflow from _vt.vreplication where state != 'Stopped' and db_name = 'benchmark'")(on zone1-0942943782 from ): (*tabletmanagerdata.VReplicationExecResponse)(nil)
[pod/example-vttablet-zone1-0942943782-67bcbcdb/vttablet] E0212 22:06:42.214095       1 query_throttler.go:140] Error loading config: open /config/throttler-config.json: no such file or directory
[pod/example-vttablet-zone1-0942943782-67bcbcdb/vttablet] I0212 22:06:45.840768       1 rpc_server.go:83] TabletManager.VReplicationExec(query:"select distinct workflow from _vt.vreplication where state != 'Stopped' and db_name = 'benchmark'")(on zone1-0942943782 from ): (*tabletmanagerdata.VReplicationExecResponse)(nil)
[pod/example-vttablet-zone1-0942943782-67bcbcdb/vttablet] I0212 22:07:03.994493       1 rpc_server.go:83] TabletManager.VReplicationExec(query:"select distinct workflow from _vt.vreplication where state != 'Stopped' and db_name = 'benchmark'")(on zone1-0942943782 from ): (*tabletmanagerdata.VReplicationExecResponse)(nil)
[pod/example-vttablet-zone1-0942943782-67bcbcdb/vttablet] I0212 22:07:19.771347       1 rpc_server.go:83] TabletManager.VReplicationExec(query:"select distinct workflow from _vt.vreplication where state != 'Stopped' and db_name = 'benchmark'")(on zone1-0942943782 from ): (*tabletmanagerdata.VReplicationExecResponse)(nil)
[pod/example-vttablet-zone1-0942943782-67bcbcdb/vttablet] I0212 22:07:32.885616       1 rpc_server.go:83] TabletManager.VReplicationExec(query:"select distinct workflow from _vt.vreplication where state != 'Stopped' and db_name = 'benchmark'")(on zone1-0942943782 from ): (*tabletmanagerdata.VReplicationExecResponse)(nil)
[pod/example-vttablet-zone1-0942943782-67bcbcdb/vttablet] E0212 22:07:42.213998       1 query_throttler.go:140] Error loading config: open /config/throttler-config.json: no such file or directory
[pod/example-vttablet-zone1-0942943782-67bcbcdb/vttablet] I0212 22:07:45.783125       1 rpc_server.go:83] TabletManager.VReplicationExec(query:"select distinct workflow from _vt.vreplication where state != 'Stopped' and db_name = 'benchmark'")(on zone1-0942943782 from ): (*tabletmanagerdata.VReplicationExecResponse)(nil)
[pod/example-vttablet-zone1-0942943782-67bcbcdb/vttablet] I0212 22:07:59.901198       1 rpc_server.go:83] TabletManager.VReplicationExec(query:"select distinct workflow from _vt.vreplication where state != 'Stopped' and db_name = 'benchmark'")(on zone1-0942943782 from ): (*tabletmanagerdata.VReplicationExecResponse)(nil)
[pod/example-vttablet-zone1-0942943782-67bcbcdb/vttablet] I0212 22:08:15.906705       1 rpc_server.go:83] TabletManager.VReplicationExec(query:"select distinct workflow from _vt.vreplication where state != 'Stopped' and db_name = 'benchmark'")(on zone1-0942943782 from ): (*tabletmanagerdata.VReplicationExecResponse)(nil)
[pod/example-vttablet-zone1-0942943782-67bcbcdb/vttablet] I0212 22:08:32.113117       1 rpc_server.go:83] TabletManager.VReplicationExec(query:"select distinct workflow from _vt.vreplication where state != 'Stopped' and db_name = 'benchmark'")(on zone1-0942943782 from ): (*tabletmanagerdata.VReplicationExecResponse)(nil)
[pod/example-vttablet-zone1-0942943782-67bcbcdb/vttablet] E0212 22:08:42.213852       1 query_throttler.go:140] Error loading config: open /config/throttler-config.json: no such file or directory
[pod/example-vttablet-zone1-0942943782-67bcbcdb/vttablet] I0212 22:08:49.815230       1 rpc_server.go:83] TabletManager.VReplicationExec(query:"select distinct workflow from _vt.vreplication where state != 'Stopped' and db_name = 'benchmark'")(on zone1-0942943782 from ): (*tabletmanagerdata.VReplicationExecResponse)(nil)
[pod/example-vttablet-zone1-0942943782-67bcbcdb/vttablet] I0212 22:09:05.185128       1 rpc_server.go:83] TabletManager.VReplicationExec(query:"select distinct workflow from _vt.vreplication where state != 'Stopped' and db_name = 'benchmark'")(on zone1-0942943782 from ): (*tabletmanagerdata.VReplicationExecResponse)(nil)
[pod/example-vttablet-zone1-0942943782-67bcbcdb/vttablet] I0212 22:09:18.967150       1 rpc_server.go:83] TabletManager.VReplicationExec(query:"select distinct workflow from _vt.vreplication where state != 'Stopped' and db_name = 'benchmark'")(on zone1-0942943782 from ): (*tabletmanagerdata.VReplicationExecResponse)(nil)
[pod/example-vttablet-zone1-0942943782-67bcbcdb/vttablet] I0212 22:09:33.466241       1 rpc_server.go:83] TabletManager.VReplicationExec(query:"select distinct workflow from _vt.vreplication where state != 'Stopped' and db_name = 'benchmark'")(on zone1-0942943782 from ): (*tabletmanagerdata.VReplicationExecResponse)(nil)
[pod/example-vttablet-zone1-0942943782-67bcbcdb/vttablet] E0212 22:09:42.213612       1 query_throttler.go:140] Error loading config: open /config/throttler-config.json: no such file or directory
[pod/example-vttablet-zone1-0942943782-67bcbcdb/vttablet] I0212 22:09:50.293597       1 rpc_server.go:83] TabletManager.VReplicationExec(query:"select distinct workflow from _vt.vreplication where state != 'Stopped' and db_name = 'benchmark'")(on zone1-0942943782 from ): (*tabletmanagerdata.VReplicationExecResponse)(nil)
[pod/example-vttablet-zone1-0942943782-67bcbcdb/vttablet] I0212 22:10:08.976933       1 rpc_server.go:83] TabletManager.VReplicationExec(query:"select distinct workflow from _vt.vreplication where state != 'Stopped' and db_name = 'benchmark'")(on zone1-0942943782 from ): (*tabletmanagerdata.VReplicationExecResponse)(nil)
[pod/example-vttablet-zone1-0942943782-67bcbcdb/vttablet] I0212 22:10:26.028822       1 rpc_server.go:83] TabletManager.VReplicationExec(query:"select distinct workflow from _vt.vreplication where state != 'Stopped' and db_name = 'benchmark'")(on zone1-0942943782 from ): (*tabletmanagerdata.VReplicationExecResponse)(nil)
[pod/example-vttablet-zone1-0942943782-67bcbcdb/vttablet] I0212 22:10:40.382219       1 rpc_server.go:83] TabletManager.VReplicationExec(query:"select distinct workflow from _vt.vreplication where state != 'Stopped' and db_name = 'benchmark'")(on zone1-0942943782 from ): (*tabletmanagerdata.VReplicationExecResponse)(nil)
[pod/example-vttablet-zone1-0942943782-67bcbcdb/vttablet] E0212 22:10:42.213989       1 query_throttler.go:140] Error loading config: open /config/throttler-config.json: no such file or directory
[pod/example-vttablet-zone1-0942943782-67bcbcdb/vttablet] I0212 22:10:58.218480       1 rpc_server.go:83] TabletManager.VReplicationExec(query:"select distinct workflow from _vt.vreplication where state != 'Stopped' and db_name = 'benchmark'")(on zone1-0942943782 from ): (*tabletmanagerdata.VReplicationExecResponse)(nil)
[pod/example-vttablet-zone1-0942943782-67bcbcdb/vttablet] I0212 22:11:15.074476       1 rpc_server.go:83] TabletManager.VReplicationExec(query:"select distinct workflow from _vt.vreplication where state != 'Stopped' and db_name = 'benchmark'")(on zone1-0942943782 from ): (*tabletmanagerdata.VReplicationExecResponse)(nil)
[pod/example-vttablet-zone1-0942943782-67bcbcdb/vttablet] I0212 22:11:33.246273       1 rpc_server.go:83] TabletManager.VReplicationExec(query:"select distinct workflow from _vt.vreplication where state != 'Stopped' and db_name = 'benchmark'")(on zone1-0942943782 from ): (*tabletmanagerdata.VReplicationExecResponse)(nil)
[pod/example-vttablet-zone1-0942943782-67bcbcdb/vttablet] E0212 22:11:42.213618       1 query_throttler.go:140] Error loading config: open /config/throttler-config.json: no such file or directory
[pod/example-vttablet-zone1-0942943782-67bcbcdb/vttablet] I0212 22:11:48.461422       1 rpc_server.go:83] TabletManager.VReplicationExec(query:"select distinct workflow from _vt.vreplication where state != 'Stopped' and db_name = 'benchmark'")(on zone1-0942943782 from ): (*tabletmanagerdata.VReplicationExecResponse)(nil)
[pod/example-vttablet-zone1-0942943782-67bcbcdb/vttablet] I0212 22:12:05.801027       1 rpc_server.go:83] TabletManager.VReplicationExec(query:"select distinct workflow from _vt.vreplication where state != 'Stopped' and db_name = 'benchmark'")(on zone1-0942943782 from ): (*tabletmanagerdata.VReplicationExecResponse)(nil)
[pod/example-vttablet-zone1-0942943782-67bcbcdb/vttablet] I0212 22:12:23.827074       1 rpc_server.go:83] TabletManager.VReplicationExec(query:"select distinct workflow from _vt.vreplication where state != 'Stopped' and db_name = 'benchmark'")(on zone1-0942943782 from ): (*tabletmanagerdata.VReplicationExecResponse)(nil)
[pod/example-vttablet-zone1-0942943782-67bcbcdb/vttablet] I0212 22:12:36.681135       1 rpc_server.go:83] TabletManager.VReplicationExec(query:"select distinct workflow from _vt.vreplication where state != 'Stopped' and db_name = 'benchmark'")(on zone1-0942943782 from ): (*tabletmanagerdata.VReplicationExecResponse)(nil)
[pod/example-vttablet-zone1-0942943782-67bcbcdb/vttablet] E0212 22:12:42.214443       1 query_throttler.go:140] Error loading config: open /config/throttler-config.json: no such file or directory
[pod/example-vttablet-zone1-0942943782-67bcbcdb/vttablet] I0212 22:12:54.940673       1 rpc_server.go:83] TabletManager.VReplicationExec(query:"select distinct workflow from _vt.vreplication where state != 'Stopped' and db_name = 'benchmark'")(on zone1-0942943782 from ): (*tabletmanagerdata.VReplicationExecResponse)(nil)
[pod/example-vttablet-zone1-0942943782-67bcbcdb/vttablet] I0212 22:13:07.764653       1 rpc_server.go:83] TabletManager.VReplicationExec(query:"select distinct workflow from _vt.vreplication where state != 'Stopped' and db_name = 'benchmark'")(on zone1-0942943782 from ): (*tabletmanagerdata.VReplicationExecResponse)(nil)
[pod/example-vttablet-zone1-0942943782-67bcbcdb/vttablet] I0212 22:13:26.082126       1 rpc_server.go:83] TabletManager.VReplicationExec(query:"select distinct workflow from _vt.vreplication where state != 'Stopped' and db_name = 'benchmark'")(on zone1-0942943782 from ): (*tabletmanagerdata.VReplicationExecResponse)(nil)
[pod/example-vttablet-zone1-0942943782-67bcbcdb/vttablet] E0212 22:13:42.214640       1 query_throttler.go:140] Error loading config: open /config/throttler-config.json: no such file or directory
[pod/example-vttablet-zone1-0942943782-67bcbcdb/vttablet] I0212 22:13:43.731141       1 rpc_server.go:83] TabletManager.VReplicationExec(query:"select distinct workflow from _vt.vreplication where state != 'Stopped' and db_name = 'benchmark'")(on zone1-0942943782 from ): (*tabletmanagerdata.VReplicationExecResponse)(nil)
[pod/example-vttablet-zone1-0942943782-67bcbcdb/vttablet] I0212 22:14:01.034236       1 rpc_server.go:83] TabletManager.VReplicationExec(query:"select distinct workflow from _vt.vreplication where state != 'Stopped' and db_name = 'benchmark'")(on zone1-0942943782 from ): (*tabletmanagerdata.VReplicationExecResponse)(nil)
[pod/example-vttablet-zone1-0942943782-67bcbcdb/vttablet] I0212 22:14:07.289598       1 rpc_server.go:83] TabletManager.VReplicationExec(query:"select distinct workflow from _vt.vreplication where state != 'Stopped' and db_name = 'benchmark'")(on zone1-0942943782 from ): (*tabletmanagerdata.VReplicationExecResponse)(nil)
[pod/example-vttablet-zone1-0942943782-67bcbcdb/vttablet] I0212 22:14:07.417784       1 rpc_server.go:83] TabletManager.VReplicationExec(query:"select distinct workflow from _vt.vreplication where state != 'Stopped' and db_name = 'benchmark'")(on zone1-0942943782 from ): (*tabletmanagerdata.VReplicationExecResponse)(nil)
[pod/example-vttablet-zone1-0942943782-67bcbcdb/vttablet] I0212 22:14:21.323645       1 rpc_server.go:83] TabletManager.VReplicationExec(query:"select distinct workflow from _vt.vreplication where state != 'Stopped' and db_name = 'benchmark'")(on zone1-0942943782 from ): (*tabletmanagerdata.VReplicationExecResponse)(nil)
[pod/example-vttablet-zone1-0942943782-67bcbcdb/vttablet] I0212 22:14:38.594414       1 rpc_server.go:83] TabletManager.VReplicationExec(query:"select distinct workflow from _vt.vreplication where state != 'Stopped' and db_name = 'benchmark'")(on zone1-0942943782 from ): (*tabletmanagerdata.VReplicationExecResponse)(nil)
[pod/example-vttablet-zone1-0942943782-67bcbcdb/vttablet] E0212 22:14:42.221140       1 query_throttler.go:140] Error loading config: open /config/throttler-config.json: no such file or directory
[pod/example-vttablet-zone1-0942943782-67bcbcdb/vttablet] I0212 22:14:44.412389       1 rpc_server.go:83] TabletManager.VReplicationExec(query:"select distinct workflow from _vt.vreplication where state != 'Stopped' and db_name = 'benchmark'")(on zone1-0942943782 from ): (*tabletmanagerdata.VReplicationExecResponse)(nil)
[pod/example-vttablet-zone1-0942943782-67bcbcdb/vttablet] I0212 22:15:01.921837       1 rpc_server.go:83] TabletManager.VReplicationExec(query:"select distinct workflow from _vt.vreplication where state != 'Stopped' and db_name = 'benchmark'")(on zone1-0942943782 from ): (*tabletmanagerdata.VReplicationExecResponse)(nil)
[pod/example-vttablet-zone1-0942943782-67bcbcdb/vttablet] I0212 22:15:14.929380       1 rpc_server.go:83] TabletManager.VReplicationExec(query:"select distinct workflow from _vt.vreplication where state != 'Stopped' and db_name = 'benchmark'")(on zone1-0942943782 from ): (*tabletmanagerdata.VReplicationExecResponse)(nil)
[pod/example-vttablet-zone1-0942943782-67bcbcdb/vttablet] I0212 22:15:26.871303       1 rpc_server.go:83] TabletManager.VReplicationExec(query:"select distinct workflow from _vt.vreplication where state != 'Stopped' and db_name = 'benchmark'")(on zone1-0942943782 from ): (*tabletmanagerdata.VReplicationExecResponse)(nil)
[pod/example-vttablet-zone1-0942943782-67bcbcdb/vttablet] I0212 22:15:38.971995       1 rpc_server.go:83] TabletManager.VReplicationExec(query:"select distinct workflow from _vt.vreplication where state != 'Stopped' and db_name = 'benchmark'")(on zone1-0942943782 from ): (*tabletmanagerdata.VReplicationExecResponse)(nil)
[pod/example-vttablet-zone1-0942943782-67bcbcdb/vttablet] E0212 22:15:42.217728       1 query_throttler.go:140] Error loading config: open /config/throttler-config.json: no such file or directory
[pod/example-vttablet-zone1-0942943782-67bcbcdb/vttablet] I0212 22:15:56.463346       1 rpc_server.go:83] TabletManager.VReplicationExec(query:"select distinct workflow from _vt.vreplication where state != 'Stopped' and db_name = 'benchmark'")(on zone1-0942943782 from ): (*tabletmanagerdata.VReplicationExecResponse)(nil)
[pod/example-vttablet-zone1-0942943782-67bcbcdb/vttablet] I0212 22:16:13.980628       1 rpc_server.go:83] TabletManager.VReplicationExec(query:"select distinct workflow from _vt.vreplication where state != 'Stopped' and db_name = 'benchmark'")(on zone1-0942943782 from ): (*tabletmanagerdata.VReplicationExecResponse)(nil)
[pod/example-vttablet-zone1-0942943782-67bcbcdb/vttablet] I0212 22:16:28.957982       1 rpc_server.go:83] TabletManager.VReplicationExec(query:"select distinct workflow from _vt.vreplication where state != 'Stopped' and db_name = 'benchmark'")(on zone1-0942943782 from ): (*tabletmanagerdata.VReplicationExecResponse)(nil)
[pod/example-vttablet-zone1-0942943782-67bcbcdb/vttablet] E0212 22:16:42.213685       1 query_throttler.go:140] Error loading config: open /config/throttler-config.json: no such file or directory
[pod/example-vttablet-zone1-0942943782-67bcbcdb/vttablet] I0212 22:16:43.715475       1 rpc_server.go:83] TabletManager.VReplicationExec(query:"select distinct workflow from _vt.vreplication where state != 'Stopped' and db_name = 'benchmark'")(on zone1-0942943782 from ): (*tabletmanagerdata.VReplicationExecResponse)(nil)
[pod/example-vttablet-zone1-0942943782-67bcbcdb/vttablet] I0212 22:17:01.715922       1 rpc_server.go:83] TabletManager.VReplicationExec(query:"select distinct workflow from _vt.vreplication where state != 'Stopped' and db_name = 'benchmark'")(on zone1-0942943782 from ): (*tabletmanagerdata.VReplicationExecResponse)(nil)
[pod/example-vttablet-zone1-0942943782-67bcbcdb/vttablet] I0212 22:17:14.419636       1 rpc_server.go:83] TabletManager.VReplicationExec(query:"select distinct workflow from _vt.vreplication where state != 'Stopped' and db_name = 'benchmark'")(on zone1-0942943782 from ): (*tabletmanagerdata.VReplicationExecResponse)(nil)
[pod/example-vttablet-zone1-0942943782-67bcbcdb/vttablet] I0212 22:17:31.399063       1 rpc_server.go:83] TabletManager.VReplicationExec(query:"select distinct workflow from _vt.vreplication where state != 'Stopped' and db_name = 'benchmark'")(on zone1-0942943782 from ): (*tabletmanagerdata.VReplicationExecResponse)(nil)
[pod/example-vttablet-zone1-0942943782-67bcbcdb/vttablet] E0212 22:17:42.221130       1 query_throttler.go:140] Error loading config: open /config/throttler-config.json: no such file or directory
[pod/example-vttablet-zone1-0942943782-67bcbcdb/vttablet] I0212 22:17:49.989272       1 rpc_server.go:83] TabletManager.VReplicationExec(query:"select distinct workflow from _vt.vreplication where state != 'Stopped' and db_name = 'benchmark'")(on zone1-0942943782 from ): (*tabletmanagerdata.VReplicationExecResponse)(nil)
[pod/example-vttablet-zone1-0942943782-67bcbcdb/vttablet] I0212 22:18:03.134738       1 rpc_server.go:83] TabletManager.VReplicationExec(query:"select distinct workflow from _vt.vreplication where state != 'Stopped' and db_name = 'benchmark'")(on zone1-0942943782 from ): (*tabletmanagerdata.VReplicationExecResponse)(nil)
[pod/example-vttablet-zone1-0942943782-67bcbcdb/vttablet] I0212 22:18:16.354974       1 rpc_server.go:83] TabletManager.VReplicationExec(query:"select distinct workflow from _vt.vreplication where state != 'Stopped' and db_name = 'benchmark'")(on zone1-0942943782 from ): (*tabletmanagerdata.VReplicationExecResponse)(nil)
[pod/example-vttablet-zone1-0942943782-67bcbcdb/vttablet] I0212 22:18:28.181780       1 rpc_server.go:83] TabletManager.VReplicationExec(query:"select distinct workflow from _vt.vreplication where state != 'Stopped' and db_name = 'benchmark'")(on zone1-0942943782 from ): (*tabletmanagerdata.VReplicationExecResponse)(nil)
[pod/example-vttablet-zone1-0942943782-67bcbcdb/vttablet] E0212 22:18:42.215746       1 query_throttler.go:140] Error loading config: open /config/throttler-config.json: no such file or directory
[pod/example-vttablet-zone1-0942943782-67bcbcdb/vttablet] I0212 22:18:45.640341       1 rpc_server.go:83] TabletManager.VReplicationExec(query:"select distinct workflow from _vt.vreplication where state != 'Stopped' and db_name = 'benchmark'")(on zone1-0942943782 from ): (*tabletmanagerdata.VReplicationExecResponse)(nil)
[pod/example-vttablet-zone1-0942943782-67bcbcdb/vttablet] I0212 22:18:57.820373       1 rpc_server.go:83] TabletManager.VReplicationExec(query:"select distinct workflow from _vt.vreplication where state != 'Stopped' and db_name = 'benchmark'")(on zone1-0942943782 from ): (*tabletmanagerdata.VReplicationExecResponse)(nil)
[pod/example-vttablet-zone1-0942943782-67bcbcdb/vttablet] I0212 22:19:15.991194       1 rpc_server.go:83] TabletManager.VReplicationExec(query:"select distinct workflow from _vt.vreplication where state != 'Stopped' and db_name = 'benchmark'")(on zone1-0942943782 from ): (*tabletmanagerdata.VReplicationExecResponse)(nil)
[pod/example-vttablet-zone1-0942943782-67bcbcdb/vttablet] I0212 22:19:32.396003       1 rpc_server.go:83] TabletManager.VReplicationExec(query:"select distinct workflow from _vt.vreplication where state != 'Stopped' and db_name = 'benchmark'")(on zone1-0942943782 from ): (*tabletmanagerdata.VReplicationExecResponse)(nil)
[pod/example-vttablet-zone1-0942943782-67bcbcdb/vttablet] E0212 22:19:42.215189       1 query_throttler.go:140] Error loading config: open /config/throttler-config.json: no such file or directory
[pod/example-vttablet-zone1-0942943782-67bcbcdb/vttablet] I0212 22:19:49.773471       1 rpc_server.go:83] TabletManager.VReplicationExec(query:"select distinct workflow from _vt.vreplication where state != 'Stopped' and db_name = 'benchmark'")(on zone1-0942943782 from ): (*tabletmanagerdata.VReplicationExecResponse)(nil)
[pod/example-vttablet-zone1-0942943782-67bcbcdb/vttablet] I0212 22:20:02.251512       1 rpc_server.go:83] TabletManager.VReplicationExec(query:"select distinct workflow from _vt.vreplication where state != 'Stopped' and db_name = 'benchmark'")(on zone1-0942943782 from ): (*tabletmanagerdata.VReplicationExecResponse)(nil)
[pod/example-vttablet-zone1-0942943782-67bcbcdb/vttablet] I0212 22:20:16.031851       1 rpc_server.go:83] TabletManager.VReplicationExec(query:"select distinct workflow from _vt.vreplication where state != 'Stopped' and db_name = 'benchmark'")(on zone1-0942943782 from ): (*tabletmanagerdata.VReplicationExecResponse)(nil)
[pod/example-vttablet-zone1-0942943782-67bcbcdb/vttablet] I0212 22:20:32.265548       1 rpc_server.go:83] TabletManager.VReplicationExec(query:"select distinct workflow from _vt.vreplication where state != 'Stopped' and db_name = 'benchmark'")(on zone1-0942943782 from ): (*tabletmanagerdata.VReplicationExecResponse)(nil)
[pod/example-vttablet-zone1-0942943782-67bcbcdb/vttablet] E0212 22:20:42.213927       1 query_throttler.go:140] Error loading config: open /config/throttler-config.json: no such file or directory
[pod/example-vttablet-zone1-0942943782-67bcbcdb/vttablet] I0212 22:20:43.739024       1 rpc_server.go:83] TabletManager.VReplicationExec(query:"select distinct workflow from _vt.vreplication where state != 'Stopped' and db_name = 'benchmark'")(on zone1-0942943782 from ): (*tabletmanagerdata.VReplicationExecResponse)(nil)
[pod/example-vttablet-zone1-0942943782-67bcbcdb/vttablet] I0212 22:20:55.275022       1 rpc_server.go:83] TabletManager.VReplicationExec(query:"select distinct workflow from _vt.vreplication where state != 'Stopped' and db_name = 'benchmark'")(on zone1-0942943782 from ): (*tabletmanagerdata.VReplicationExecResponse)(nil)
[pod/example-vttablet-zone1-0942943782-67bcbcdb/vttablet] I0212 22:21:09.649151       1 rpc_server.go:83] TabletManager.VReplicationExec(query:"select distinct workflow from _vt.vreplication where state != 'Stopped' and db_name = 'benchmark'")(on zone1-0942943782 from ): (*tabletmanagerdata.VReplicationExecResponse)(nil)
[pod/example-vttablet-zone1-0942943782-67bcbcdb/vttablet] I0212 22:21:22.605250       1 rpc_server.go:83] TabletManager.VReplicationExec(query:"select distinct workflow from _vt.vreplication where state != 'Stopped' and db_name = 'benchmark'")(on zone1-0942943782 from ): (*tabletmanagerdata.VReplicationExecResponse)(nil)
[pod/example-vttablet-zone1-0942943782-67bcbcdb/vttablet] I0212 22:21:37.451584       1 rpc_server.go:83] TabletManager.VReplicationExec(query:"select distinct workflow from _vt.vreplication where state != 'Stopped' and db_name = 'benchmark'")(on zone1-0942943782 from ): (*tabletmanagerdata.VReplicationExecResponse)(nil)
[pod/example-vttablet-zone1-0942943782-67bcbcdb/vttablet] E0212 22:21:42.219207       1 query_throttler.go:140] Error loading config: open /config/throttler-config.json: no such file or directory
[pod/example-vttablet-zone1-0942943782-67bcbcdb/vttablet] I0212 22:21:49.767455       1 rpc_server.go:83] TabletManager.VReplicationExec(query:"select distinct workflow from _vt.vreplication where state != 'Stopped' and db_name = 'benchmark'")(on zone1-0942943782 from ): (*tabletmanagerdata.VReplicationExecResponse)(nil)
[pod/example-vttablet-zone1-0942943782-67bcbcdb/vttablet] I0212 22:22:08.697950       1 rpc_server.go:83] TabletManager.VReplicationExec(query:"select distinct workflow from _vt.vreplication where state != 'Stopped' and db_name = 'benchmark'")(on zone1-0942943782 from ): (*tabletmanagerdata.VReplicationExecResponse)(nil)
[pod/example-vttablet-zone1-0942943782-67bcbcdb/vttablet] I0212 22:22:21.551436       1 rpc_server.go:83] TabletManager.VReplicationExec(query:"select distinct workflow from _vt.vreplication where state != 'Stopped' and db_name = 'benchmark'")(on zone1-0942943782 from ): (*tabletmanagerdata.VReplicationExecResponse)(nil)
[pod/example-vttablet-zone1-0942943782-67bcbcdb/vttablet] I0212 22:22:38.264116       1 rpc_server.go:83] TabletManager.VReplicationExec(query:"select distinct workflow from _vt.vreplication where state != 'Stopped' and db_name = 'benchmark'")(on zone1-0942943782 from ): (*tabletmanagerdata.VReplicationExecResponse)(nil)
[pod/example-vttablet-zone1-0942943782-67bcbcdb/vttablet] E0212 22:22:42.217345       1 query_throttler.go:140] Error loading config: open /config/throttler-config.json: no such file or directory
[pod/example-vttablet-zone1-0942943782-67bcbcdb/vttablet] I0212 22:22:55.593232       1 rpc_server.go:83] TabletManager.VReplicationExec(query:"select distinct workflow from _vt.vreplication where state != 'Stopped' and db_name = 'benchmark'")(on zone1-0942943782 from ): (*tabletmanagerdata.VReplicationExecResponse)(nil)
[pod/example-vttablet-zone1-0942943782-67bcbcdb/vttablet] I0212 22:23:14.340132       1 rpc_server.go:83] TabletManager.VReplicationExec(query:"select distinct workflow from _vt.vreplication where state != 'Stopped' and db_name = 'benchmark'")(on zone1-0942943782 from ): (*tabletmanagerdata.VReplicationExecResponse)(nil)
[pod/example-vttablet-zone1-0942943782-67bcbcdb/vttablet] I0212 22:23:28.505744       1 rpc_server.go:83] TabletManager.VReplicationExec(query:"select distinct workflow from _vt.vreplication where state != 'Stopped' and db_name = 'benchmark'")(on zone1-0942943782 from ): (*tabletmanagerdata.VReplicationExecResponse)(nil)
[pod/example-vttablet-zone1-0942943782-67bcbcdb/vttablet] I0212 22:23:42.141513       1 rpc_server.go:83] TabletManager.VReplicationExec(query:"select distinct workflow from _vt.vreplication where state != 'Stopped' and db_name = 'benchmark'")(on zone1-0942943782 from ): (*tabletmanagerdata.VReplicationExecResponse)(nil)
[pod/example-vttablet-zone1-0942943782-67bcbcdb/vttablet] E0212 22:23:42.214426       1 query_throttler.go:140] Error loading config: open /config/throttler-config.json: no such file or directory
[pod/example-vttablet-zone1-0942943782-67bcbcdb/vttablet] I0212 22:23:54.933327       1 rpc_server.go:83] TabletManager.VReplicationExec(query:"select distinct workflow from _vt.vreplication where state != 'Stopped' and db_name = 'benchmark'")(on zone1-0942943782 from ): (*tabletmanagerdata.VReplicationExecResponse)(nil)
[pod/example-vttablet-zone1-0942943782-67bcbcdb/vttablet] I0212 22:24:07.510845       1 rpc_server.go:83] TabletManager.VReplicationExec(query:"select distinct workflow from _vt.vreplication where state != 'Stopped' and db_name = 'benchmark'")(on zone1-0942943782 from ): (*tabletmanagerdata.VReplicationExecResponse)(nil)
[pod/example-vttablet-zone1-0942943782-67bcbcdb/vttablet] I0212 22:24:21.314883       1 rpc_server.go:83] TabletManager.VReplicationExec(query:"select distinct workflow from _vt.vreplication where state != 'Stopped' and db_name = 'benchmark'")(on zone1-0942943782 from ): (*tabletmanagerdata.VReplicationExecResponse)(nil)
[pod/example-vttablet-zone1-0942943782-67bcbcdb/vttablet] I0212 22:24:30.956931       1 rpc_server.go:83] TabletManager.VReplicationExec(query:"select distinct workflow from _vt.vreplication where state != 'Stopped' and db_name = 'benchmark'")(on zone1-0942943782 from ): (*tabletmanagerdata.VReplicationExecResponse)(nil)
[pod/example-vttablet-zone1-0942943782-67bcbcdb/vttablet] I0212 22:24:30.994552       1 rpc_server.go:83] TabletManager.VReplicationExec(query:"select distinct workflow from _vt.vreplication where state != 'Stopped' and db_name = 'benchmark'")(on zone1-0942943782 from ): (*tabletmanagerdata.VReplicationExecResponse)(nil)
[pod/example-vttablet-zone1-0942943782-67bcbcdb/vttablet] E0212 22:24:42.213849       1 query_throttler.go:140] Error loading config: open /config/throttler-config.json: no such file or directory
[pod/example-vttablet-zone1-0942943782-67bcbcdb/vttablet] I0212 22:24:44.782108       1 rpc_server.go:83] TabletManager.VReplicationExec(query:"select distinct workflow from _vt.vreplication where state != 'Stopped' and db_name = 'benchmark'")(on zone1-0942943782 from ): (*tabletmanagerdata.VReplicationExecResponse)(nil)
[pod/example-vttablet-zone1-0942943782-67bcbcdb/vttablet] I0212 22:25:03.408445       1 rpc_server.go:83] TabletManager.VReplicationExec(query:"select distinct workflow from _vt.vreplication where state != 'Stopped' and db_name = 'benchmark'")(on zone1-0942943782 from ): (*tabletmanagerdata.VReplicationExecResponse)(nil)
[pod/example-vttablet-zone1-0942943782-67bcbcdb/vttablet] I0212 22:25:09.931930       1 rpc_server.go:83] TabletManager.VReplicationExec(query:"select distinct workflow from _vt.vreplication where state != 'Stopped' and db_name = 'benchmark'")(on zone1-0942943782 from ): (*tabletmanagerdata.VReplicationExecResponse)(nil)
[pod/example-vttablet-zone1-0942943782-67bcbcdb/vttablet] I0212 22:25:21.576804       1 rpc_server.go:83] TabletManager.VReplicationExec(query:"select distinct workflow from _vt.vreplication where state != 'Stopped' and db_name = 'benchmark'")(on zone1-0942943782 from ): (*tabletmanagerdata.VReplicationExecResponse)(nil)
[pod/example-vttablet-zone1-0942943782-67bcbcdb/vttablet] I0212 22:25:38.159732       1 rpc_server.go:83] TabletManager.VReplicationExec(query:"select distinct workflow from _vt.vreplication where state != 'Stopped' and db_name = 'benchmark'")(on zone1-0942943782 from ): (*tabletmanagerdata.VReplicationExecResponse)(nil)
[pod/example-vttablet-zone1-0942943782-67bcbcdb/vttablet] E0212 22:25:42.213813       1 query_throttler.go:140] Error loading config: open /config/throttler-config.json: no such file or directory
[pod/example-vttablet-zone1-0942943782-67bcbcdb/vttablet] I0212 22:25:54.370981       1 rpc_server.go:83] TabletManager.VReplicationExec(query:"select distinct workflow from _vt.vreplication where state != 'Stopped' and db_name = 'benchmark'")(on zone1-0942943782 from ): (*tabletmanagerdata.VReplicationExecResponse)(nil)
[pod/example-vttablet-zone1-0942943782-67bcbcdb/vttablet] I0212 22:26:08.838370       1 rpc_server.go:83] TabletManager.VReplicationExec(query:"select distinct workflow from _vt.vreplication where state != 'Stopped' and db_name = 'benchmark'")(on zone1-0942943782 from ): (*tabletmanagerdata.VReplicationExecResponse)(nil)
[pod/example-vttablet-zone1-0942943782-67bcbcdb/vttablet] I0212 22:26:20.677692       1 rpc_server.go:83] TabletManager.VReplicationExec(query:"select distinct workflow from _vt.vreplication where state != 'Stopped' and db_name = 'benchmark'")(on zone1-0942943782 from ): (*tabletmanagerdata.VReplicationExecResponse)(nil)
[pod/example-vttablet-zone1-0942943782-67bcbcdb/vttablet] I0212 22:26:39.291671       1 rpc_server.go:83] TabletManager.VReplicationExec(query:"select distinct workflow from _vt.vreplication where state != 'Stopped' and db_name = 'benchmark'")(on zone1-0942943782 from ): (*tabletmanagerdata.VReplicationExecResponse)(nil)
[pod/example-vttablet-zone1-0942943782-67bcbcdb/vttablet] E0212 22:26:42.215095       1 query_throttler.go:140] Error loading config: open /config/throttler-config.json: no such file or directory
[pod/example-vttablet-zone1-0942943782-67bcbcdb/vttablet] I0212 22:26:58.175024       1 rpc_server.go:83] TabletManager.VReplicationExec(query:"select distinct workflow from _vt.vreplication where state != 'Stopped' and db_name = 'benchmark'")(on zone1-0942943782 from ): (*tabletmanagerdata.VReplicationExecResponse)(nil)
[pod/example-vttablet-zone1-0942943782-67bcbcdb/vttablet] I0212 22:27:13.891428       1 rpc_server.go:83] TabletManager.VReplicationExec(query:"select distinct workflow from _vt.vreplication where state != 'Stopped' and db_name = 'benchmark'")(on zone1-0942943782 from ): (*tabletmanagerdata.VReplicationExecResponse)(nil)
[pod/example-vttablet-zone1-0942943782-67bcbcdb/vttablet] I0212 22:27:30.724358       1 rpc_server.go:83] TabletManager.VReplicationExec(query:"select distinct workflow from _vt.vreplication where state != 'Stopped' and db_name = 'benchmark'")(on zone1-0942943782 from ): (*tabletmanagerdata.VReplicationExecResponse)(nil)
[pod/example-vttablet-zone1-0942943782-67bcbcdb/vttablet] E0212 22:27:42.213970       1 query_throttler.go:140] Error loading config: open /config/throttler-config.json: no such file or directory
[pod/example-vttablet-zone1-0942943782-67bcbcdb/vttablet] I0212 22:27:42.407458       1 rpc_server.go:83] TabletManager.VReplicationExec(query:"select distinct workflow from _vt.vreplication where state != 'Stopped' and db_name = 'benchmark'")(on zone1-0942943782 from ): (*tabletmanagerdata.VReplicationExecResponse)(nil)
[pod/example-vttablet-zone1-0942943782-67bcbcdb/vttablet] I0212 22:27:56.664760       1 rpc_server.go:83] TabletManager.VReplicationExec(query:"select distinct workflow from _vt.vreplication where state != 'Stopped' and db_name = 'benchmark'")(on zone1-0942943782 from ): (*tabletmanagerdata.VReplicationExecResponse)(nil)
[pod/example-vttablet-zone1-0942943782-67bcbcdb/vttablet] I0212 22:28:10.541417       1 rpc_server.go:83] TabletManager.VReplicationExec(query:"select distinct workflow from _vt.vreplication where state != 'Stopped' and db_name = 'benchmark'")(on zone1-0942943782 from ): (*tabletmanagerdata.VReplicationExecResponse)(nil)
[pod/example-vttablet-zone1-0942943782-67bcbcdb/vttablet] I0212 22:28:29.088576       1 rpc_server.go:83] TabletManager.VReplicationExec(query:"select distinct workflow from _vt.vreplication where state != 'Stopped' and db_name = 'benchmark'")(on zone1-0942943782 from ): (*tabletmanagerdata.VReplicationExecResponse)(nil)
[pod/example-vttablet-zone1-0942943782-67bcbcdb/vttablet] E0212 22:28:42.213543       1 query_throttler.go:140] Error loading config: open /config/throttler-config.json: no such file or directory
[pod/example-vttablet-zone1-0942943782-67bcbcdb/vttablet] I0212 22:28:44.229501       1 rpc_server.go:83] TabletManager.VReplicationExec(query:"select distinct workflow from _vt.vreplication where state != 'Stopped' and db_name = 'benchmark'")(on zone1-0942943782 from ): (*tabletmanagerdata.VReplicationExecResponse)(nil)
[pod/example-vttablet-zone1-0942943782-67bcbcdb/vttablet] I0212 22:29:00.452089       1 rpc_server.go:83] TabletManager.VReplicationExec(query:"select distinct workflow from _vt.vreplication where state != 'Stopped' and db_name = 'benchmark'")(on zone1-0942943782 from ): (*tabletmanagerdata.VReplicationExecResponse)(nil)
[pod/example-vttablet-zone1-0942943782-67bcbcdb/vttablet] I0212 22:29:16.777808       1 rpc_server.go:83] TabletManager.VReplicationExec(query:"select distinct workflow from _vt.vreplication where state != 'Stopped' and db_name = 'benchmark'")(on zone1-0942943782 from ): (*tabletmanagerdata.VReplicationExecResponse)(nil)
[pod/example-vttablet-zone1-0942943782-67bcbcdb/vttablet] I0212 22:29:30.881552       1 rpc_server.go:83] TabletManager.VReplicationExec(query:"select distinct workflow from _vt.vreplication where state != 'Stopped' and db_name = 'benchmark'")(on zone1-0942943782 from ): (*tabletmanagerdata.VReplicationExecResponse)(nil)
[pod/example-vttablet-zone1-0942943782-67bcbcdb/vttablet] E0212 22:29:42.217444       1 query_throttler.go:140] Error loading config: open /config/throttler-config.json: no such file or directory
[pod/example-vttablet-zone1-0942943782-67bcbcdb/vttablet] I0212 22:29:48.661023       1 rpc_server.go:83] TabletManager.VReplicationExec(query:"select distinct workflow from _vt.vreplication where state != 'Stopped' and db_name = 'benchmark'")(on zone1-0942943782 from ): (*tabletmanagerdata.VReplicationExecResponse)(nil)
[pod/example-vttablet-zone1-0942943782-67bcbcdb/vttablet] I0212 22:30:01.644572       1 rpc_server.go:83] TabletManager.VReplicationExec(query:"select distinct workflow from _vt.vreplication where state != 'Stopped' and db_name = 'benchmark'")(on zone1-0942943782 from ): (*tabletmanagerdata.VReplicationExecResponse)(nil)
[pod/example-vttablet-zone1-0942943782-67bcbcdb/vttablet] I0212 22:30:17.606612       1 rpc_server.go:83] TabletManager.VReplicationExec(query:"select distinct workflow from _vt.vreplication where state != 'Stopped' and db_name = 'benchmark'")(on zone1-0942943782 from ): (*tabletmanagerdata.VReplicationExecResponse)(nil)
[pod/example-vttablet-zone1-0942943782-67bcbcdb/vttablet] I0212 22:30:32.333442       1 rpc_server.go:83] TabletManager.VReplicationExec(query:"select distinct workflow from _vt.vreplication where state != 'Stopped' and db_name = 'benchmark'")(on zone1-0942943782 from ): (*tabletmanagerdata.VReplicationExecResponse)(nil)
[pod/example-vttablet-zone1-0942943782-67bcbcdb/vttablet] E0212 22:30:42.213883       1 query_throttler.go:140] Error loading config: open /config/throttler-config.json: no such file or directory
[pod/example-vttablet-zone1-0942943782-67bcbcdb/vttablet] I0212 22:30:45.224831       1 rpc_server.go:83] TabletManager.VReplicationExec(query:"select distinct workflow from _vt.vreplication where state != 'Stopped' and db_name = 'benchmark'")(on zone1-0942943782 from ): (*tabletmanagerdata.VReplicationExecResponse)(nil)
[pod/example-vttablet-zone1-0942943782-67bcbcdb/vttablet] I0212 22:30:57.494614       1 rpc_server.go:83] TabletManager.VReplicationExec(query:"select distinct workflow from _vt.vreplication where state != 'Stopped' and db_name = 'benchmark'")(on zone1-0942943782 from ): (*tabletmanagerdata.VReplicationExecResponse)(nil)
[pod/example-vttablet-zone1-0942943782-67bcbcdb/vttablet] I0212 22:31:09.678530       1 rpc_server.go:83] TabletManager.VReplicationExec(query:"select distinct workflow from _vt.vreplication where state != 'Stopped' and db_name = 'benchmark'")(on zone1-0942943782 from ): (*tabletmanagerdata.VReplicationExecResponse)(nil)
[pod/example-vttablet-zone1-0942943782-67bcbcdb/vttablet] I0212 22:31:26.653302       1 rpc_server.go:83] TabletManager.VReplicationExec(query:"select distinct workflow from _vt.vreplication where state != 'Stopped' and db_name = 'benchmark'")(on zone1-0942943782 from ): (*tabletmanagerdata.VReplicationExecResponse)(nil)
[pod/example-vttablet-zone1-0942943782-67bcbcdb/vttablet] E0212 22:31:42.214050       1 query_throttler.go:140] Error loading config: open /config/throttler-config.json: no such file or directory
[pod/example-vttablet-zone1-0942943782-67bcbcdb/vttablet] I0212 22:31:43.655860       1 rpc_server.go:83] TabletManager.VReplicationExec(query:"select distinct workflow from _vt.vreplication where state != 'Stopped' and db_name = 'benchmark'")(on zone1-0942943782 from ): (*tabletmanagerdata.VReplicationExecResponse)(nil)
[pod/example-vttablet-zone1-0942943782-67bcbcdb/vttablet] I0212 22:32:00.814289       1 rpc_server.go:83] TabletManager.VReplicationExec(query:"select distinct workflow from _vt.vreplication where state != 'Stopped' and db_name = 'benchmark'")(on zone1-0942943782 from ): (*tabletmanagerdata.VReplicationExecResponse)(nil)
[pod/example-vttablet-zone1-0942943782-67bcbcdb/vttablet] I0212 22:32:12.681369       1 rpc_server.go:83] TabletManager.VReplicationExec(query:"select distinct workflow from _vt.vreplication where state != 'Stopped' and db_name = 'benchmark'")(on zone1-0942943782 from ): (*tabletmanagerdata.VReplicationExecResponse)(nil)
[pod/example-vttablet-zone1-0942943782-67bcbcdb/vttablet] I0212 22:32:25.302964       1 rpc_server.go:83] TabletManager.VReplicationExec(query:"select distinct workflow from _vt.vreplication where state != 'Stopped' and db_name = 'benchmark'")(on zone1-0942943782 from ): (*tabletmanagerdata.VReplicationExecResponse)(nil)
[pod/example-vttablet-zone1-0942943782-67bcbcdb/vttablet] I0212 22:32:37.383215       1 rpc_server.go:83] TabletManager.VReplicationExec(query:"select distinct workflow from _vt.vreplication where state != 'Stopped' and db_name = 'benchmark'")(on zone1-0942943782 from ): (*tabletmanagerdata.VReplicationExecResponse)(nil)
[pod/example-vttablet-zone1-0942943782-67bcbcdb/vttablet] E0212 22:32:42.214307       1 query_throttler.go:140] Error loading config: open /config/throttler-config.json: no such file or directory
[pod/example-vttablet-zone1-0942943782-67bcbcdb/vttablet] I0212 22:32:50.919480       1 rpc_server.go:83] TabletManager.VReplicationExec(query:"select distinct workflow from _vt.vreplication where state != 'Stopped' and db_name = 'benchmark'")(on zone1-0942943782 from ): (*tabletmanagerdata.VReplicationExecResponse)(nil)
[pod/example-vttablet-zone1-0942943782-67bcbcdb/vttablet] I0212 22:33:02.902209       1 rpc_server.go:83] TabletManager.VReplicationExec(query:"select distinct workflow from _vt.vreplication where state != 'Stopped' and db_name = 'benchmark'")(on zone1-0942943782 from ): (*tabletmanagerdata.VReplicationExecResponse)(nil)
[pod/example-vttablet-zone1-0942943782-67bcbcdb/vttablet] I0212 22:33:15.572378       1 rpc_server.go:83] TabletManager.VReplicationExec(query:"select distinct workflow from _vt.vreplication where state != 'Stopped' and db_name = 'benchmark'")(on zone1-0942943782 from ): (*tabletmanagerdata.VReplicationExecResponse)(nil)
[pod/example-vttablet-zone1-0942943782-67bcbcdb/vttablet] I0212 22:33:32.159463       1 rpc_server.go:83] TabletManager.VReplicationExec(query:"select distinct workflow from _vt.vreplication where state != 'Stopped' and db_name = 'benchmark'")(on zone1-0942943782 from ): (*tabletmanagerdata.VReplicationExecResponse)(nil)
[pod/example-vttablet-zone1-0942943782-67bcbcdb/vttablet] E0212 22:33:42.216883       1 query_throttler.go:140] Error loading config: open /config/throttler-config.json: no such file or directory
[pod/example-vttablet-zone1-0942943782-67bcbcdb/vttablet] I0212 22:33:48.695427       1 rpc_server.go:83] TabletManager.VReplicationExec(query:"select distinct workflow from _vt.vreplication where state != 'Stopped' and db_name = 'benchmark'")(on zone1-0942943782 from ): (*tabletmanagerdata.VReplicationExecResponse)(nil)
[pod/example-vttablet-zone1-0942943782-67bcbcdb/vttablet] I0212 22:34:00.742455       1 rpc_server.go:83] TabletManager.VReplicationExec(query:"select distinct workflow from _vt.vreplication where state != 'Stopped' and db_name = 'benchmark'")(on zone1-0942943782 from ): (*tabletmanagerdata.VReplicationExecResponse)(nil)
[pod/example-vttablet-zone1-0942943782-67bcbcdb/vttablet] I0212 22:34:14.417530       1 rpc_server.go:83] TabletManager.VReplicationExec(query:"select distinct workflow from _vt.vreplication where state != 'Stopped' and db_name = 'benchmark'")(on zone1-0942943782 from ): (*tabletmanagerdata.VReplicationExecResponse)(nil)
[pod/example-vttablet-zone1-0942943782-67bcbcdb/vttablet] I0212 22:34:29.452693       1 rpc_server.go:83] TabletManager.VReplicationExec(query:"select distinct workflow from _vt.vreplication where state != 'Stopped' and db_name = 'benchmark'")(on zone1-0942943782 from ): (*tabletmanagerdata.VReplicationExecResponse)(nil)
[pod/example-vttablet-zone1-0942943782-67bcbcdb/vttablet] I0212 22:34:41.434120       1 rpc_server.go:83] TabletManager.VReplicationExec(query:"select distinct workflow from _vt.vreplication where state != 'Stopped' and db_name = 'benchmark'")(on zone1-0942943782 from ): (*tabletmanagerdata.VReplicationExecResponse)(nil)
[pod/example-vttablet-zone1-0942943782-67bcbcdb/vttablet] E0212 22:34:42.215924       1 query_throttler.go:140] Error loading config: open /config/throttler-config.json: no such file or directory
[pod/example-vttablet-zone1-0942943782-67bcbcdb/vttablet] I0212 22:34:55.163749       1 rpc_server.go:83] TabletManager.VReplicationExec(query:"select distinct workflow from _vt.vreplication where state != 'Stopped' and db_name = 'benchmark'")(on zone1-0942943782 from ): (*tabletmanagerdata.VReplicationExecResponse)(nil)
[pod/example-vttablet-zone1-0942943782-67bcbcdb/vttablet] I0212 22:34:55.498967       1 rpc_server.go:83] TabletManager.VReplicationExec(query:"select distinct workflow from _vt.vreplication where state != 'Stopped' and db_name = 'benchmark'")(on zone1-0942943782 from ): (*tabletmanagerdata.VReplicationExecResponse)(nil)
[pod/example-vttablet-zone1-0942943782-67bcbcdb/vttablet] I0212 22:35:07.467999       1 rpc_server.go:83] TabletManager.VReplicationExec(query:"select distinct workflow from _vt.vreplication where state != 'Stopped' and db_name = 'benchmark'")(on zone1-0942943782 from ): (*tabletmanagerdata.VReplicationExecResponse)(nil)
[pod/example-vttablet-zone1-0942943782-67bcbcdb/vttablet] I0212 22:35:21.003482       1 rpc_server.go:83] TabletManager.VReplicationExec(query:"select distinct workflow from _vt.vreplication where state != 'Stopped' and db_name = 'benchmark'")(on zone1-0942943782 from ): (*tabletmanagerdata.VReplicationExecResponse)(nil)
[pod/example-vttablet-zone1-0942943782-67bcbcdb/vttablet] I0212 22:35:35.399404       1 rpc_server.go:83] TabletManager.VReplicationExec(query:"select distinct workflow from _vt.vreplication where state != 'Stopped' and db_name = 'benchmark'")(on zone1-0942943782 from ): (*tabletmanagerdata.VReplicationExecResponse)(nil)
[pod/example-vttablet-zone1-0942943782-67bcbcdb/vttablet] E0212 22:35:42.213857       1 query_throttler.go:140] Error loading config: open /config/throttler-config.json: no such file or directory
[pod/example-vttablet-zone1-0942943782-67bcbcdb/vttablet] I0212 22:35:52.205019       1 rpc_server.go:83] TabletManager.VReplicationExec(query:"select distinct workflow from _vt.vreplication where state != 'Stopped' and db_name = 'benchmark'")(on zone1-0942943782 from ): (*tabletmanagerdata.VReplicationExecResponse)(nil)
[pod/example-vttablet-zone1-0942943782-67bcbcdb/vttablet] I0212 22:36:10.929740       1 rpc_server.go:83] TabletManager.VReplicationExec(query:"select distinct workflow from _vt.vreplication where state != 'Stopped' and db_name = 'benchmark'")(on zone1-0942943782 from ): (*tabletmanagerdata.VReplicationExecResponse)(nil)
[pod/example-vttablet-zone1-0942943782-67bcbcdb/vttablet] I0212 22:36:25.466455       1 rpc_server.go:83] TabletManager.VReplicationExec(query:"select distinct workflow from _vt.vreplication where state != 'Stopped' and db_name = 'benchmark'")(on zone1-0942943782 from ): (*tabletmanagerdata.VReplicationExecResponse)(nil)
[pod/example-vttablet-zone1-0942943782-67bcbcdb/vttablet] E0212 22:36:42.213827       1 query_throttler.go:140] Error loading config: open /config/throttler-config.json: no such file or directory
[pod/example-vttablet-zone1-0942943782-67bcbcdb/vttablet] I0212 22:36:42.562932       1 rpc_server.go:83] TabletManager.VReplicationExec(query:"select distinct workflow from _vt.vreplication where state != 'Stopped' and db_name = 'benchmark'")(on zone1-0942943782 from ): (*tabletmanagerdata.VReplicationExecResponse)(nil)
[pod/example-vttablet-zone1-0942943782-67bcbcdb/vttablet] I0212 22:36:58.445095       1 rpc_server.go:83] TabletManager.VReplicationExec(query:"select distinct workflow from _vt.vreplication where state != 'Stopped' and db_name = 'benchmark'")(on zone1-0942943782 from ): (*tabletmanagerdata.VReplicationExecResponse)(nil)
[pod/example-vttablet-zone1-0942943782-67bcbcdb/vttablet] I0212 22:37:14.852070       1 rpc_server.go:83] TabletManager.VReplicationExec(query:"select distinct workflow from _vt.vreplication where state != 'Stopped' and db_name = 'benchmark'")(on zone1-0942943782 from ): (*tabletmanagerdata.VReplicationExecResponse)(nil)
[pod/example-vttablet-zone1-0942943782-67bcbcdb/vttablet] I0212 22:37:27.130169       1 rpc_server.go:83] TabletManager.VReplicationExec(query:"select distinct workflow from _vt.vreplication where state != 'Stopped' and db_name = 'benchmark'")(on zone1-0942943782 from ): (*tabletmanagerdata.VReplicationExecResponse)(nil)
[pod/example-vttablet-zone1-0942943782-67bcbcdb/vttablet] I0212 22:37:40.115833       1 rpc_server.go:83] TabletManager.VReplicationExec(query:"select distinct workflow from _vt.vreplication where state != 'Stopped' and db_name = 'benchmark'")(on zone1-0942943782 from ): (*tabletmanagerdata.VReplicationExecResponse)(nil)
[pod/example-vttablet-zone1-0942943782-67bcbcdb/vttablet] E0212 22:37:42.217023       1 query_throttler.go:140] Error loading config: open /config/throttler-config.json: no such file or directory
[pod/example-vttablet-zone1-0942943782-67bcbcdb/vttablet] I0212 22:37:52.664281       1 rpc_server.go:83] TabletManager.VReplicationExec(query:"select distinct workflow from _vt.vreplication where state != 'Stopped' and db_name = 'benchmark'")(on zone1-0942943782 from ): (*tabletmanagerdata.VReplicationExecResponse)(nil)
[pod/example-vttablet-zone1-0942943782-67bcbcdb/vttablet] I0212 22:38:10.313008       1 rpc_server.go:83] TabletManager.VReplicationExec(query:"select distinct workflow from _vt.vreplication where state != 'Stopped' and db_name = 'benchmark'")(on zone1-0942943782 from ): (*tabletmanagerdata.VReplicationExecResponse)(nil)
[pod/example-vttablet-zone1-0942943782-67bcbcdb/vttablet] I0212 22:38:22.041585       1 rpc_server.go:83] TabletManager.VReplicationExec(query:"select distinct workflow from _vt.vreplication where state != 'Stopped' and db_name = 'benchmark'")(on zone1-0942943782 from ): (*tabletmanagerdata.VReplicationExecResponse)(nil)
[pod/example-vttablet-zone1-0942943782-67bcbcdb/vttablet] I0212 22:38:34.604040       1 rpc_server.go:83] TabletManager.VReplicationExec(query:"select distinct workflow from _vt.vreplication where state != 'Stopped' and db_name = 'benchmark'")(on zone1-0942943782 from ): (*tabletmanagerdata.VReplicationExecResponse)(nil)
[pod/example-vttablet-zone1-0942943782-67bcbcdb/vttablet] E0212 22:38:42.215792       1 query_throttler.go:140] Error loading config: open /config/throttler-config.json: no such file or directory
[pod/example-vttablet-zone1-0942943782-67bcbcdb/vttablet] I0212 22:38:50.765214       1 rpc_server.go:83] TabletManager.VReplicationExec(query:"select distinct workflow from _vt.vreplication where state != 'Stopped' and db_name = 'benchmark'")(on zone1-0942943782 from ): (*tabletmanagerdata.VReplicationExecResponse)(nil)
[pod/example-vttablet-zone1-0942943782-67bcbcdb/vttablet] I0212 22:39:08.810160       1 rpc_server.go:83] TabletManager.VReplicationExec(query:"select distinct workflow from _vt.vreplication where state != 'Stopped' and db_name = 'benchmark'")(on zone1-0942943782 from ): (*tabletmanagerdata.VReplicationExecResponse)(nil)
[pod/example-vttablet-zone1-0942943782-67bcbcdb/vttablet] I0212 22:39:21.558708       1 rpc_server.go:83] TabletManager.VReplicationExec(query:"select distinct workflow from _vt.vreplication where state != 'Stopped' and db_name = 'benchmark'")(on zone1-0942943782 from ): (*tabletmanagerdata.VReplicationExecResponse)(nil)
[pod/example-vttablet-zone1-0942943782-67bcbcdb/vttablet] I0212 22:39:38.642254       1 rpc_server.go:83] TabletManager.VReplicationExec(query:"select distinct workflow from _vt.vreplication where state != 'Stopped' and db_name = 'benchmark'")(on zone1-0942943782 from ): (*tabletmanagerdata.VReplicationExecResponse)(nil)
[pod/example-vttablet-zone1-0942943782-67bcbcdb/vttablet] E0212 22:39:42.215048       1 query_throttler.go:140] Error loading config: open /config/throttler-config.json: no such file or directory
[pod/example-vttablet-zone1-0942943782-67bcbcdb/vttablet] I0212 22:39:52.920377       1 rpc_server.go:83] TabletManager.VReplicationExec(query:"select distinct workflow from _vt.vreplication where state != 'Stopped' and db_name = 'benchmark'")(on zone1-0942943782 from ): (*tabletmanagerdata.VReplicationExecResponse)(nil)
[pod/example-vttablet-zone1-0942943782-67bcbcdb/vttablet] I0212 22:40:10.289341       1 rpc_server.go:83] TabletManager.VReplicationExec(query:"select distinct workflow from _vt.vreplication where state != 'Stopped' and db_name = 'benchmark'")(on zone1-0942943782 from ): (*tabletmanagerdata.VReplicationExecResponse)(nil)
[pod/example-vttablet-zone1-0942943782-67bcbcdb/vttablet] I0212 22:40:28.576691       1 rpc_server.go:83] TabletManager.VReplicationExec(query:"select distinct workflow from _vt.vreplication where state != 'Stopped' and db_name = 'benchmark'")(on zone1-0942943782 from ): (*tabletmanagerdata.VReplicationExecResponse)(nil)
[pod/example-vttablet-zone1-0942943782-67bcbcdb/vttablet] E0212 22:40:42.213545       1 query_throttler.go:140] Error loading config: open /config/throttler-config.json: no such file or directory
[pod/example-vttablet-zone1-0942943782-67bcbcdb/vttablet] I0212 22:40:45.712767       1 rpc_server.go:83] TabletManager.VReplicationExec(query:"select distinct workflow from _vt.vreplication where state != 'Stopped' and db_name = 'benchmark'")(on zone1-0942943782 from ): (*tabletmanagerdata.VReplicationExecResponse)(nil)
[pod/example-vttablet-zone1-0942943782-67bcbcdb/vttablet] I0212 22:40:58.660348       1 rpc_server.go:83] TabletManager.VReplicationExec(query:"select distinct workflow from _vt.vreplication where state != 'Stopped' and db_name = 'benchmark'")(on zone1-0942943782 from ): (*tabletmanagerdata.VReplicationExecResponse)(nil)
[pod/example-vttablet-zone1-0942943782-67bcbcdb/vttablet] I0212 22:41:12.339848       1 rpc_server.go:83] TabletManager.VReplicationExec(query:"select distinct workflow from _vt.vreplication where state != 'Stopped' and db_name = 'benchmark'")(on zone1-0942943782 from ): (*tabletmanagerdata.VReplicationExecResponse)(nil)
[pod/example-vttablet-zone1-0942943782-67bcbcdb/vttablet] I0212 22:41:27.964340       1 rpc_server.go:83] TabletManager.VReplicationExec(query:"select distinct workflow from _vt.vreplication where state != 'Stopped' and db_name = 'benchmark'")(on zone1-0942943782 from ): (*tabletmanagerdata.VReplicationExecResponse)(nil)
[pod/example-vttablet-zone1-0942943782-67bcbcdb/vttablet] I0212 22:41:41.652944       1 rpc_server.go:83] TabletManager.VReplicationExec(query:"select distinct workflow from _vt.vreplication where state != 'Stopped' and db_name = 'benchmark'")(on zone1-0942943782 from ): (*tabletmanagerdata.VReplicationExecResponse)(nil)
[pod/example-vttablet-zone1-0942943782-67bcbcdb/vttablet] E0212 22:41:42.213857       1 query_throttler.go:140] Error loading config: open /config/throttler-config.json: no such file or directory
[pod/example-vttablet-zone1-0942943782-67bcbcdb/vttablet] I0212 22:41:53.196235       1 rpc_server.go:83] TabletManager.VReplicationExec(query:"select distinct workflow from _vt.vreplication where state != 'Stopped' and db_name = 'benchmark'")(on zone1-0942943782 from ): (*tabletmanagerdata.VReplicationExecResponse)(nil)
[pod/example-vttablet-zone1-0942943782-67bcbcdb/vttablet] I0212 22:42:12.011570       1 rpc_server.go:83] TabletManager.VReplicationExec(query:"select distinct workflow from _vt.vreplication where state != 'Stopped' and db_name = 'benchmark'")(on zone1-0942943782 from ): (*tabletmanagerdata.VReplicationExecResponse)(nil)
[pod/example-vttablet-zone1-0942943782-67bcbcdb/vttablet] I0212 22:42:24.860880       1 rpc_server.go:83] TabletManager.VReplicationExec(query:"select distinct workflow from _vt.vreplication where state != 'Stopped' and db_name = 'benchmark'")(on zone1-0942943782 from ): (*tabletmanagerdata.VReplicationExecResponse)(nil)
[pod/example-vttablet-zone1-0942943782-67bcbcdb/vttablet] I0212 22:42:41.891625       1 rpc_server.go:83] TabletManager.VReplicationExec(query:"select distinct workflow from _vt.vreplication where state != 'Stopped' and db_name = 'benchmark'")(on zone1-0942943782 from ): (*tabletmanagerdata.VReplicationExecResponse)(nil)
[pod/example-vttablet-zone1-0942943782-67bcbcdb/vttablet] E0212 22:42:42.213713       1 query_throttler.go:140] Error loading config: open /config/throttler-config.json: no such file or directory
[pod/example-vttablet-zone1-0942943782-67bcbcdb/vttablet] I0212 22:42:52.495493       1 tablegc.go:405] TableGC: readAndCheckTables
[pod/example-vttablet-zone1-0942943782-67bcbcdb/vttablet] I0212 22:42:57.065818       1 rpc_server.go:83] TabletManager.VReplicationExec(query:"select distinct workflow from _vt.vreplication where state != 'Stopped' and db_name = 'benchmark'")(on zone1-0942943782 from ): (*tabletmanagerdata.VReplicationExecResponse)(nil)
[pod/example-vttablet-zone1-0942943782-67bcbcdb/vttablet] I0212 22:43:12.230295       1 rpc_server.go:83] TabletManager.VReplicationExec(query:"select distinct workflow from _vt.vreplication where state != 'Stopped' and db_name = 'benchmark'")(on zone1-0942943782 from ): (*tabletmanagerdata.VReplicationExecResponse)(nil)
[pod/example-vttablet-zone1-0942943782-67bcbcdb/vttablet] I0212 22:43:26.915408       1 rpc_server.go:83] TabletManager.VReplicationExec(query:"select distinct workflow from _vt.vreplication where state != 'Stopped' and db_name = 'benchmark'")(on zone1-0942943782 from ): (*tabletmanagerdata.VReplicationExecResponse)(nil)
[pod/example-vttablet-zone1-0942943782-67bcbcdb/vttablet] E0212 22:43:42.213451       1 query_throttler.go:140] Error loading config: open /config/throttler-config.json: no such file or directory
[pod/example-vttablet-zone1-0942943782-67bcbcdb/vttablet] I0212 22:43:44.691728       1 rpc_server.go:83] TabletManager.VReplicationExec(query:"select distinct workflow from _vt.vreplication where state != 'Stopped' and db_name = 'benchmark'")(on zone1-0942943782 from ): (*tabletmanagerdata.VReplicationExecResponse)(nil)
[pod/example-vttablet-zone1-0942943782-67bcbcdb/vttablet] I0212 22:43:58.835429       1 rpc_server.go:83] TabletManager.VReplicationExec(query:"select distinct workflow from _vt.vreplication where state != 'Stopped' and db_name = 'benchmark'")(on zone1-0942943782 from ): (*tabletmanagerdata.VReplicationExecResponse)(nil)
[pod/example-vttablet-zone1-0942943782-67bcbcdb/vttablet] I0212 22:44:13.072163       1 rpc_server.go:83] TabletManager.VReplicationExec(query:"select distinct workflow from _vt.vreplication where state != 'Stopped' and db_name = 'benchmark'")(on zone1-0942943782 from ): (*tabletmanagerdata.VReplicationExecResponse)(nil)
[pod/example-vttablet-zone1-0942943782-67bcbcdb/vttablet] I0212 22:44:26.936347       1 rpc_server.go:83] TabletManager.VReplicationExec(query:"select distinct workflow from _vt.vreplication where state != 'Stopped' and db_name = 'benchmark'")(on zone1-0942943782 from ): (*tabletmanagerdata.VReplicationExecResponse)(nil)
[pod/example-vttablet-zone1-0942943782-67bcbcdb/vttablet] I0212 22:44:38.463901       1 rpc_server.go:83] TabletManager.VReplicationExec(query:"select distinct workflow from _vt.vreplication where state != 'Stopped' and db_name = 'benchmark'")(on zone1-0942943782 from ): (*tabletmanagerdata.VReplicationExecResponse)(nil)
[pod/example-vttablet-zone1-0942943782-67bcbcdb/vttablet] E0212 22:44:42.216415       1 query_throttler.go:140] Error loading config: open /config/throttler-config.json: no such file or directory
[pod/example-vttablet-zone1-0942943782-67bcbcdb/vttablet] I0212 22:44:54.809808       1 rpc_server.go:83] TabletManager.VReplicationExec(query:"select distinct workflow from _vt.vreplication where state != 'Stopped' and db_name = 'benchmark'")(on zone1-0942943782 from ): (*tabletmanagerdata.VReplicationExecResponse)(nil)
[pod/example-vttablet-zone1-0942943782-67bcbcdb/vttablet] I0212 22:45:06.572718       1 rpc_server.go:83] TabletManager.VReplicationExec(query:"select distinct workflow from _vt.vreplication where state != 'Stopped' and db_name = 'benchmark'")(on zone1-0942943782 from ): (*tabletmanagerdata.VReplicationExecResponse)(nil)
[pod/example-vttablet-zone1-0942943782-67bcbcdb/vttablet] I0212 22:45:19.088164       1 rpc_server.go:83] TabletManager.VReplicationExec(query:"select distinct workflow from _vt.vreplication where state != 'Stopped' and db_name = 'benchmark'")(on zone1-0942943782 from ): (*tabletmanagerdata.VReplicationExecResponse)(nil)
[pod/example-vttablet-zone1-0942943782-67bcbcdb/vttablet] I0212 22:45:19.335661       1 rpc_server.go:83] TabletManager.VReplicationExec(query:"select distinct workflow from _vt.vreplication where state != 'Stopped' and db_name = 'benchmark'")(on zone1-0942943782 from ): (*tabletmanagerdata.VReplicationExecResponse)(nil)
[pod/example-vttablet-zone1-0942943782-67bcbcdb/vttablet] I0212 22:45:37.578537       1 rpc_server.go:83] TabletManager.VReplicationExec(query:"select distinct workflow from _vt.vreplication where state != 'Stopped' and db_name = 'benchmark'")(on zone1-0942943782 from ): (*tabletmanagerdata.VReplicationExecResponse)(nil)
[pod/example-vttablet-zone1-0942943782-67bcbcdb/vttablet] E0212 22:45:42.213958       1 query_throttler.go:140] Error loading config: open /config/throttler-config.json: no such file or directory
[pod/example-vttablet-zone1-0942943782-67bcbcdb/vttablet] I0212 22:45:53.988222       1 rpc_server.go:83] TabletManager.VReplicationExec(query:"select distinct workflow from _vt.vreplication where state != 'Stopped' and db_name = 'benchmark'")(on zone1-0942943782 from ): (*tabletmanagerdata.VReplicationExecResponse)(nil)
[pod/example-vttablet-zone1-0942943782-67bcbcdb/vttablet] I0212 22:46:01.128250       1 rpc_server.go:83] TabletManager.VReplicationExec(query:"select distinct workflow from _vt.vreplication where state != 'Stopped' and db_name = 'benchmark'")(on zone1-0942943782 from ): (*tabletmanagerdata.VReplicationExecResponse)(nil)
[pod/example-vttablet-zone1-0942943782-67bcbcdb/vttablet] I0212 22:46:18.242560       1 rpc_server.go:83] TabletManager.VReplicationExec(query:"select distinct workflow from _vt.vreplication where state != 'Stopped' and db_name = 'benchmark'")(on zone1-0942943782 from ): (*tabletmanagerdata.VReplicationExecResponse)(nil)
[pod/example-vttablet-zone1-0942943782-67bcbcdb/vttablet] I0212 22:46:33.562403       1 rpc_server.go:83] TabletManager.VReplicationExec(query:"select distinct workflow from _vt.vreplication where state != 'Stopped' and db_name = 'benchmark'")(on zone1-0942943782 from ): (*tabletmanagerdata.VReplicationExecResponse)(nil)
[pod/example-vttablet-zone1-0942943782-67bcbcdb/vttablet] E0212 22:46:42.220695       1 query_throttler.go:140] Error loading config: open /config/throttler-config.json: no such file or directory
[pod/example-vttablet-zone1-0942943782-67bcbcdb/vttablet] I0212 22:46:51.044288       1 rpc_server.go:83] TabletManager.VReplicationExec(query:"select distinct workflow from _vt.vreplication where state != 'Stopped' and db_name = 'benchmark'")(on zone1-0942943782 from ): (*tabletmanagerdata.VReplicationExecResponse)(nil)
[pod/example-vttablet-zone1-0942943782-67bcbcdb/vttablet] I0212 22:47:07.385853       1 rpc_server.go:83] TabletManager.VReplicationExec(query:"select distinct workflow from _vt.vreplication where state != 'Stopped' and db_name = 'benchmark'")(on zone1-0942943782 from ): (*tabletmanagerdata.VReplicationExecResponse)(nil)
[pod/example-vttablet-zone1-0942943782-67bcbcdb/vttablet] I0212 22:47:20.909913       1 rpc_server.go:83] TabletManager.VReplicationExec(query:"select distinct workflow from _vt.vreplication where state != 'Stopped' and db_name = 'benchmark'")(on zone1-0942943782 from ): (*tabletmanagerdata.VReplicationExecResponse)(nil)
[pod/example-vttablet-zone1-0942943782-67bcbcdb/vttablet] I0212 22:47:35.248071       1 rpc_server.go:83] TabletManager.VReplicationExec(query:"select distinct workflow from _vt.vreplication where state != 'Stopped' and db_name = 'benchmark'")(on zone1-0942943782 from ): (*tabletmanagerdata.VReplicationExecResponse)(nil)
[pod/example-vttablet-zone1-0942943782-67bcbcdb/vttablet] E0212 22:47:42.214173       1 query_throttler.go:140] Error loading config: open /config/throttler-config.json: no such file or directory
[pod/example-vttablet-zone1-0942943782-67bcbcdb/vttablet] I0212 22:47:51.505261       1 rpc_server.go:83] TabletManager.VReplicationExec(query:"select distinct workflow from _vt.vreplication where state != 'Stopped' and db_name = 'benchmark'")(on zone1-0942943782 from ): (*tabletmanagerdata.VReplicationExecResponse)(nil)
[pod/example-vttablet-zone1-0942943782-67bcbcdb/vttablet] I0212 22:48:08.169663       1 rpc_server.go:83] TabletManager.VReplicationExec(query:"select distinct workflow from _vt.vreplication where state != 'Stopped' and db_name = 'benchmark'")(on zone1-0942943782 from ): (*tabletmanagerdata.VReplicationExecResponse)(nil)
[pod/example-vttablet-zone1-0942943782-67bcbcdb/vttablet] I0212 22:48:21.977308       1 rpc_server.go:83] TabletManager.VReplicationExec(query:"select distinct workflow from _vt.vreplication where state != 'Stopped' and db_name = 'benchmark'")(on zone1-0942943782 from ): (*tabletmanagerdata.VReplicationExecResponse)(nil)
[pod/example-vttablet-zone1-0942943782-67bcbcdb/vttablet] I0212 22:48:34.734765       1 rpc_server.go:83] TabletManager.VReplicationExec(query:"select distinct workflow from _vt.vreplication where state != 'Stopped' and db_name = 'benchmark'")(on zone1-0942943782 from ): (*tabletmanagerdata.VReplicationExecResponse)(nil)
[pod/example-vttablet-zone1-0942943782-67bcbcdb/vttablet] E0212 22:48:42.213651       1 query_throttler.go:140] Error loading config: open /config/throttler-config.json: no such file or directory
[pod/example-vttablet-zone1-0942943782-67bcbcdb/vttablet] I0212 22:48:48.963776       1 rpc_server.go:83] TabletManager.VReplicationExec(query:"select distinct workflow from _vt.vreplication where state != 'Stopped' and db_name = 'benchmark'")(on zone1-0942943782 from ): (*tabletmanagerdata.VReplicationExecResponse)(nil)
[pod/example-vttablet-zone1-0942943782-67bcbcdb/vttablet] I0212 22:49:04.474555       1 rpc_server.go:83] TabletManager.VReplicationExec(query:"select distinct workflow from _vt.vreplication where state != 'Stopped' and db_name = 'benchmark'")(on zone1-0942943782 from ): (*tabletmanagerdata.VReplicationExecResponse)(nil)
[pod/example-vttablet-zone1-0942943782-67bcbcdb/vttablet] I0212 22:49:18.560110       1 rpc_server.go:83] TabletManager.VReplicationExec(query:"select distinct workflow from _vt.vreplication where state != 'Stopped' and db_name = 'benchmark'")(on zone1-0942943782 from ): (*tabletmanagerdata.VReplicationExecResponse)(nil)
[pod/example-vttablet-zone1-0942943782-67bcbcdb/vttablet] I0212 22:49:37.461756       1 rpc_server.go:83] TabletManager.VReplicationExec(query:"select distinct workflow from _vt.vreplication where state != 'Stopped' and db_name = 'benchmark'")(on zone1-0942943782 from ): (*tabletmanagerdata.VReplicationExecResponse)(nil)
[pod/example-vttablet-zone1-0942943782-67bcbcdb/vttablet] E0212 22:49:42.213556       1 query_throttler.go:140] Error loading config: open /config/throttler-config.json: no such file or directory
[pod/example-vttablet-zone1-0942943782-67bcbcdb/vttablet] I0212 22:49:51.791227       1 rpc_server.go:83] TabletManager.VReplicationExec(query:"select distinct workflow from _vt.vreplication where state != 'Stopped' and db_name = 'benchmark'")(on zone1-0942943782 from ): (*tabletmanagerdata.VReplicationExecResponse)(nil)
[pod/example-vttablet-zone1-0942943782-67bcbcdb/vttablet] I0212 22:50:06.887853       1 rpc_server.go:83] TabletManager.VReplicationExec(query:"select distinct workflow from _vt.vreplication where state != 'Stopped' and db_name = 'benchmark'")(on zone1-0942943782 from ): (*tabletmanagerdata.VReplicationExecResponse)(nil)
[pod/example-vttablet-zone1-0942943782-67bcbcdb/vttablet] I0212 22:50:19.274991       1 rpc_server.go:83] TabletManager.VReplicationExec(query:"select distinct workflow from _vt.vreplication where state != 'Stopped' and db_name = 'benchmark'")(on zone1-0942943782 from ): (*tabletmanagerdata.VReplicationExecResponse)(nil)
[pod/example-vttablet-zone1-0942943782-67bcbcdb/vttablet] I0212 22:50:37.297380       1 rpc_server.go:83] TabletManager.VReplicationExec(query:"select distinct workflow from _vt.vreplication where state != 'Stopped' and db_name = 'benchmark'")(on zone1-0942943782 from ): (*tabletmanagerdata.VReplicationExecResponse)(nil)
[pod/example-vttablet-zone1-0942943782-67bcbcdb/vttablet] E0212 22:50:42.215777       1 query_throttler.go:140] Error loading config: open /config/throttler-config.json: no such file or directory
[pod/example-vttablet-zone1-0942943782-67bcbcdb/vttablet] I0212 22:50:54.600811       1 rpc_server.go:83] TabletManager.VReplicationExec(query:"select distinct workflow from _vt.vreplication where state != 'Stopped' and db_name = 'benchmark'")(on zone1-0942943782 from ): (*tabletmanagerdata.VReplicationExecResponse)(nil)
[pod/example-vttablet-zone1-0942943782-67bcbcdb/vttablet] I0212 22:51:13.500071       1 rpc_server.go:83] TabletManager.VReplicationExec(query:"select distinct workflow from _vt.vreplication where state != 'Stopped' and db_name = 'benchmark'")(on zone1-0942943782 from ): (*tabletmanagerdata.VReplicationExecResponse)(nil)
[pod/example-vttablet-zone1-0942943782-67bcbcdb/vttablet] I0212 22:51:28.775115       1 rpc_server.go:83] TabletManager.VReplicationExec(query:"select distinct workflow from _vt.vreplication where state != 'Stopped' and db_name = 'benchmark'")(on zone1-0942943782 from ): (*tabletmanagerdata.VReplicationExecResponse)(nil)
[pod/example-vttablet-zone1-0942943782-67bcbcdb/vttablet] E0212 22:51:42.223699       1 query_throttler.go:140] Error loading config: open /config/throttler-config.json: no such file or directory
[pod/example-vttablet-zone1-0942943782-67bcbcdb/vttablet] I0212 22:51:42.545671       1 rpc_server.go:83] TabletManager.VReplicationExec(query:"select distinct workflow from _vt.vreplication where state != 'Stopped' and db_name = 'benchmark'")(on zone1-0942943782 from ): (*tabletmanagerdata.VReplicationExecResponse)(nil)
[pod/example-vttablet-zone1-0942943782-67bcbcdb/vttablet] I0212 22:51:53.986824       1 rpc_server.go:83] TabletManager.VReplicationExec(query:"select distinct workflow from _vt.vreplication where state != 'Stopped' and db_name = 'benchmark'")(on zone1-0942943782 from ): (*tabletmanagerdata.VReplicationExecResponse)(nil)
[pod/example-vttablet-zone1-0942943782-67bcbcdb/vttablet] I0212 22:52:12.466549       1 rpc_server.go:83] TabletManager.VReplicationExec(query:"select distinct workflow from _vt.vreplication where state != 'Stopped' and db_name = 'benchmark'")(on zone1-0942943782 from ): (*tabletmanagerdata.VReplicationExecResponse)(nil)
[pod/example-vttablet-zone1-0942943782-67bcbcdb/vttablet] I0212 22:52:28.954398       1 rpc_server.go:83] TabletManager.VReplicationExec(query:"select distinct workflow from _vt.vreplication where state != 'Stopped' and db_name = 'benchmark'")(on zone1-0942943782 from ): (*tabletmanagerdata.VReplicationExecResponse)(nil)
[pod/example-vttablet-zone1-0942943782-67bcbcdb/vttablet] I0212 22:52:41.403230       1 rpc_server.go:83] TabletManager.VReplicationExec(query:"select distinct workflow from _vt.vreplication where state != 'Stopped' and db_name = 'benchmark'")(on zone1-0942943782 from ): (*tabletmanagerdata.VReplicationExecResponse)(nil)
[pod/example-vttablet-zone1-0942943782-67bcbcdb/vttablet] E0212 22:52:42.215614       1 query_throttler.go:140] Error loading config: open /config/throttler-config.json: no such file or directory
[pod/example-vttablet-zone1-0942943782-67bcbcdb/vttablet] I0212 22:52:59.932364       1 rpc_server.go:83] TabletManager.VReplicationExec(query:"select distinct workflow from _vt.vreplication where state != 'Stopped' and db_name = 'benchmark'")(on zone1-0942943782 from ): (*tabletmanagerdata.VReplicationExecResponse)(nil)
[pod/example-vttablet-zone1-0942943782-67bcbcdb/vttablet] I0212 22:53:16.535145       1 rpc_server.go:83] TabletManager.VReplicationExec(query:"select distinct workflow from _vt.vreplication where state != 'Stopped' and db_name = 'benchmark'")(on zone1-0942943782 from ): (*tabletmanagerdata.VReplicationExecResponse)(nil)
[pod/example-vttablet-zone1-0942943782-67bcbcdb/vttablet] I0212 22:53:35.375603       1 rpc_server.go:83] TabletManager.VReplicationExec(query:"select distinct workflow from _vt.vreplication where state != 'Stopped' and db_name = 'benchmark'")(on zone1-0942943782 from ): (*tabletmanagerdata.VReplicationExecResponse)(nil)
[pod/example-vttablet-zone1-0942943782-67bcbcdb/vttablet] E0212 22:53:42.214405       1 query_throttler.go:140] Error loading config: open /config/throttler-config.json: no such file or directory
[pod/example-vttablet-zone1-0942943782-67bcbcdb/vttablet] I0212 22:53:52.557650       1 rpc_server.go:83] TabletManager.VReplicationExec(query:"select distinct workflow from _vt.vreplication where state != 'Stopped' and db_name = 'benchmark'")(on zone1-0942943782 from ): (*tabletmanagerdata.VReplicationExecResponse)(nil)
[pod/example-vttablet-zone1-0942943782-67bcbcdb/vttablet] I0212 22:54:07.302566       1 rpc_server.go:83] TabletManager.VReplicationExec(query:"select distinct workflow from _vt.vreplication where state != 'Stopped' and db_name = 'benchmark'")(on zone1-0942943782 from ): (*tabletmanagerdata.VReplicationExecResponse)(nil)
[pod/example-vttablet-zone1-0942943782-67bcbcdb/vttablet] I0212 22:54:24.820149       1 rpc_server.go:83] TabletManager.VReplicationExec(query:"select distinct workflow from _vt.vreplication where state != 'Stopped' and db_name = 'benchmark'")(on zone1-0942943782 from ): (*tabletmanagerdata.VReplicationExecResponse)(nil)
[pod/example-vttablet-zone1-0942943782-67bcbcdb/vttablet] I0212 22:54:38.834361       1 rpc_server.go:83] TabletManager.VReplicationExec(query:"select distinct workflow from _vt.vreplication where state != 'Stopped' and db_name = 'benchmark'")(on zone1-0942943782 from ): (*tabletmanagerdata.VReplicationExecResponse)(nil)
[pod/example-vttablet-zone1-0942943782-67bcbcdb/vttablet] E0212 22:54:42.213998       1 query_throttler.go:140] Error loading config: open /config/throttler-config.json: no such file or directory
[pod/example-vttablet-zone1-0942943782-67bcbcdb/vttablet] I0212 22:54:52.335662       1 rpc_server.go:83] TabletManager.VReplicationExec(query:"select distinct workflow from _vt.vreplication where state != 'Stopped' and db_name = 'benchmark'")(on zone1-0942943782 from ): (*tabletmanagerdata.VReplicationExecResponse)(nil)
[pod/example-vttablet-zone1-0942943782-67bcbcdb/vttablet] I0212 22:55:06.153444       1 rpc_server.go:83] TabletManager.VReplicationExec(query:"select distinct workflow from _vt.vreplication where state != 'Stopped' and db_name = 'benchmark'")(on zone1-0942943782 from ): (*tabletmanagerdata.VReplicationExecResponse)(nil)
[pod/example-vttablet-zone1-0942943782-67bcbcdb/vttablet] I0212 22:55:18.522169       1 rpc_server.go:83] TabletManager.VReplicationExec(query:"select distinct workflow from _vt.vreplication where state != 'Stopped' and db_name = 'benchmark'")(on zone1-0942943782 from ): (*tabletmanagerdata.VReplicationExecResponse)(nil)
[pod/example-vttablet-zone1-0942943782-67bcbcdb/vttablet] I0212 22:55:31.462050       1 rpc_server.go:83] TabletManager.VReplicationExec(query:"select distinct workflow from _vt.vreplication where state != 'Stopped' and db_name = 'benchmark'")(on zone1-0942943782 from ): (*tabletmanagerdata.VReplicationExecResponse)(nil)
[pod/example-vttablet-zone1-0942943782-67bcbcdb/vttablet] E0212 22:55:42.213492       1 query_throttler.go:140] Error loading config: open /config/throttler-config.json: no such file or directory
[pod/example-vttablet-zone1-0942943782-67bcbcdb/vttablet] I0212 22:55:42.552617       1 rpc_server.go:83] TabletManager.VReplicationExec(query:"select distinct workflow from _vt.vreplication where state != 'Stopped' and db_name = 'benchmark'")(on zone1-0942943782 from ): (*tabletmanagerdata.VReplicationExecResponse)(nil)
[pod/example-vttablet-zone1-0942943782-67bcbcdb/vttablet] I0212 22:55:42.722941       1 rpc_server.go:83] TabletManager.VReplicationExec(query:"select distinct workflow from _vt.vreplication where state != 'Stopped' and db_name = 'benchmark'")(on zone1-0942943782 from ): (*tabletmanagerdata.VReplicationExecResponse)(nil)
[pod/example-vttablet-zone1-0942943782-67bcbcdb/vttablet] I0212 22:55:59.164812       1 rpc_server.go:83] TabletManager.VReplicationExec(query:"select distinct workflow from _vt.vreplication where state != 'Stopped' and db_name = 'benchmark'")(on zone1-0942943782 from ): (*tabletmanagerdata.VReplicationExecResponse)(nil)
[pod/example-vttablet-zone1-0942943782-67bcbcdb/vttablet] I0212 22:56:15.666098       1 rpc_server.go:83] TabletManager.VReplicationExec(query:"select distinct workflow from _vt.vreplication where state != 'Stopped' and db_name = 'benchmark'")(on zone1-0942943782 from ): (*tabletmanagerdata.VReplicationExecResponse)(nil)
[pod/example-vttablet-zone1-0942943782-67bcbcdb/vttablet] I0212 22:56:26.725189       1 rpc_server.go:83] TabletManager.VReplicationExec(query:"select distinct workflow from _vt.vreplication where state != 'Stopped' and db_name = 'benchmark'")(on zone1-0942943782 from ): (*tabletmanagerdata.VReplicationExecResponse)(nil)
[pod/example-vttablet-zone1-0942943782-67bcbcdb/vttablet] I0212 22:56:41.470543       1 rpc_server.go:83] TabletManager.VReplicationExec(query:"select distinct workflow from _vt.vreplication where state != 'Stopped' and db_name = 'benchmark'")(on zone1-0942943782 from ): (*tabletmanagerdata.VReplicationExecResponse)(nil)
[pod/example-vttablet-zone1-0942943782-67bcbcdb/vttablet] E0212 22:56:42.216747       1 query_throttler.go:140] Error loading config: open /config/throttler-config.json: no such file or directory
[pod/example-vttablet-zone1-0942943782-67bcbcdb/vttablet] I0212 22:56:57.154945       1 rpc_server.go:83] TabletManager.VReplicationExec(query:"select distinct workflow from _vt.vreplication where state != 'Stopped' and db_name = 'benchmark'")(on zone1-0942943782 from ): (*tabletmanagerdata.VReplicationExecResponse)(nil)
[pod/example-vttablet-zone1-0942943782-67bcbcdb/vttablet] I0212 22:57:09.154371       1 rpc_server.go:83] TabletManager.VReplicationExec(query:"select distinct workflow from _vt.vreplication where state != 'Stopped' and db_name = 'benchmark'")(on zone1-0942943782 from ): (*tabletmanagerdata.VReplicationExecResponse)(nil)
[pod/example-vttablet-zone1-0942943782-67bcbcdb/vttablet] I0212 22:57:23.087127       1 rpc_server.go:83] TabletManager.VReplicationExec(query:"select distinct workflow from _vt.vreplication where state != 'Stopped' and db_name = 'benchmark'")(on zone1-0942943782 from ): (*tabletmanagerdata.VReplicationExecResponse)(nil)
[pod/example-vttablet-zone1-0942943782-67bcbcdb/vttablet] I0212 22:57:37.430845       1 rpc_server.go:83] TabletManager.VReplicationExec(query:"select distinct workflow from _vt.vreplication where state != 'Stopped' and db_name = 'benchmark'")(on zone1-0942943782 from ): (*tabletmanagerdata.VReplicationExecResponse)(nil)
[pod/example-vttablet-zone1-0942943782-67bcbcdb/vttablet] E0212 22:57:42.214288       1 query_throttler.go:140] Error loading config: open /config/throttler-config.json: no such file or directory
[pod/example-vttablet-zone1-0942943782-67bcbcdb/vttablet] I0212 22:57:52.838212       1 rpc_server.go:83] TabletManager.VReplicationExec(query:"select distinct workflow from _vt.vreplication where state != 'Stopped' and db_name = 'benchmark'")(on zone1-0942943782 from ): (*tabletmanagerdata.VReplicationExecResponse)(nil)
[pod/example-vttablet-zone1-0942943782-67bcbcdb/vttablet] I0212 22:58:04.870039       1 rpc_server.go:83] TabletManager.VReplicationExec(query:"select distinct workflow from _vt.vreplication where state != 'Stopped' and db_name = 'benchmark'")(on zone1-0942943782 from ): (*tabletmanagerdata.VReplicationExecResponse)(nil)
[pod/example-vttablet-zone1-0942943782-67bcbcdb/vttablet] I0212 22:58:22.045714       1 rpc_server.go:83] TabletManager.VReplicationExec(query:"select distinct workflow from _vt.vreplication where state != 'Stopped' and db_name = 'benchmark'")(on zone1-0942943782 from ): (*tabletmanagerdata.VReplicationExecResponse)(nil)
[pod/example-vttablet-zone1-0942943782-67bcbcdb/vttablet] I0212 22:58:40.591767       1 rpc_server.go:83] TabletManager.VReplicationExec(query:"select distinct workflow from _vt.vreplication where state != 'Stopped' and db_name = 'benchmark'")(on zone1-0942943782 from ): (*tabletmanagerdata.VReplicationExecResponse)(nil)
[pod/example-vttablet-zone1-0942943782-67bcbcdb/vttablet] E0212 22:58:42.216279       1 query_throttler.go:140] Error loading config: open /config/throttler-config.json: no such file or directory
[pod/example-vttablet-zone1-0942943782-67bcbcdb/vttablet] I0212 22:58:57.061148       1 rpc_server.go:83] TabletManager.VReplicationExec(query:"select distinct workflow from _vt.vreplication where state != 'Stopped' and db_name = 'benchmark'")(on zone1-0942943782 from ): (*tabletmanagerdata.VReplicationExecResponse)(nil)
[pod/example-vttablet-zone1-0942943782-67bcbcdb/vttablet] I0212 22:59:10.975649       1 rpc_server.go:83] TabletManager.VReplicationExec(query:"select distinct workflow from _vt.vreplication where state != 'Stopped' and db_name = 'benchmark'")(on zone1-0942943782 from ): (*tabletmanagerdata.VReplicationExecResponse)(nil)
[pod/example-vttablet-zone1-0942943782-67bcbcdb/vttablet] I0212 22:59:26.341391       1 rpc_server.go:83] TabletManager.VReplicationExec(query:"select distinct workflow from _vt.vreplication where state != 'Stopped' and db_name = 'benchmark'")(on zone1-0942943782 from ): (*tabletmanagerdata.VReplicationExecResponse)(nil)
[pod/example-vttablet-zone1-0942943782-67bcbcdb/vttablet] I0212 22:59:39.580465       1 rpc_server.go:83] TabletManager.VReplicationExec(query:"select distinct workflow from _vt.vreplication where state != 'Stopped' and db_name = 'benchmark'")(on zone1-0942943782 from ): (*tabletmanagerdata.VReplicationExecResponse)(nil)
[pod/example-vttablet-zone1-0942943782-67bcbcdb/vttablet] E0212 22:59:42.213814       1 query_throttler.go:140] Error loading config: open /config/throttler-config.json: no such file or directory
[pod/example-vttablet-zone1-0942943782-67bcbcdb/vttablet] I0212 22:59:54.741670       1 rpc_server.go:83] TabletManager.VReplicationExec(query:"select distinct workflow from _vt.vreplication where state != 'Stopped' and db_name = 'benchmark'")(on zone1-0942943782 from ): (*tabletmanagerdata.VReplicationExecResponse)(nil)
[pod/example-vttablet-zone1-0942943782-67bcbcdb/vttablet] I0212 23:00:10.815475       1 rpc_server.go:83] TabletManager.VReplicationExec(query:"select distinct workflow from _vt.vreplication where state != 'Stopped' and db_name = 'benchmark'")(on zone1-0942943782 from ): (*tabletmanagerdata.VReplicationExecResponse)(nil)
[pod/example-vttablet-zone1-0942943782-67bcbcdb/vttablet] I0212 23:00:26.460978       1 rpc_server.go:83] TabletManager.VReplicationExec(query:"select distinct workflow from _vt.vreplication where state != 'Stopped' and db_name = 'benchmark'")(on zone1-0942943782 from ): (*tabletmanagerdata.VReplicationExecResponse)(nil)
[pod/example-vttablet-zone1-0942943782-67bcbcdb/vttablet] I0212 23:00:37.873769       1 rpc_server.go:83] TabletManager.VReplicationExec(query:"select distinct workflow from _vt.vreplication where state != 'Stopped' and db_name = 'benchmark'")(on zone1-0942943782 from ): (*tabletmanagerdata.VReplicationExecResponse)(nil)
[pod/example-vttablet-zone1-0942943782-67bcbcdb/vttablet] E0212 23:00:42.213674       1 query_throttler.go:140] Error loading config: open /config/throttler-config.json: no such file or directory
[pod/example-vttablet-zone1-0942943782-67bcbcdb/vttablet] I0212 23:00:53.241413       1 rpc_server.go:83] TabletManager.VReplicationExec(query:"select distinct workflow from _vt.vreplication where state != 'Stopped' and db_name = 'benchmark'")(on zone1-0942943782 from ): (*tabletmanagerdata.VReplicationExecResponse)(nil)
[pod/example-vttablet-zone1-0942943782-67bcbcdb/vttablet] I0212 23:01:11.148557       1 rpc_server.go:83] TabletManager.VReplicationExec(query:"select distinct workflow from _vt.vreplication where state != 'Stopped' and db_name = 'benchmark'")(on zone1-0942943782 from ): (*tabletmanagerdata.VReplicationExecResponse)(nil)
[pod/example-vttablet-zone1-0942943782-67bcbcdb/vttablet] I0212 23:01:27.642581       1 rpc_server.go:83] TabletManager.VReplicationExec(query:"select distinct workflow from _vt.vreplication where state != 'Stopped' and db_name = 'benchmark'")(on zone1-0942943782 from ): (*tabletmanagerdata.VReplicationExecResponse)(nil)
[pod/example-vttablet-zone1-0942943782-67bcbcdb/vttablet] E0212 23:01:42.213700       1 query_throttler.go:140] Error loading config: open /config/throttler-config.json: no such file or directory
[pod/example-vttablet-zone1-0942943782-67bcbcdb/vttablet] I0212 23:01:45.144373       1 rpc_server.go:83] TabletManager.VReplicationExec(query:"select distinct workflow from _vt.vreplication where state != 'Stopped' and db_name = 'benchmark'")(on zone1-0942943782 from ): (*tabletmanagerdata.VReplicationExecResponse)(nil)
[pod/example-vttablet-zone1-0942943782-67bcbcdb/vttablet] I0212 23:01:57.545046       1 rpc_server.go:83] TabletManager.VReplicationExec(query:"select distinct workflow from _vt.vreplication where state != 'Stopped' and db_name = 'benchmark'")(on zone1-0942943782 from ): (*tabletmanagerdata.VReplicationExecResponse)(nil)
[pod/example-vttablet-zone1-0942943782-67bcbcdb/vttablet] I0212 23:02:15.878368       1 rpc_server.go:83] TabletManager.VReplicationExec(query:"select distinct workflow from _vt.vreplication where state != 'Stopped' and db_name = 'benchmark'")(on zone1-0942943782 from ): (*tabletmanagerdata.VReplicationExecResponse)(nil)
[pod/example-vttablet-zone1-0942943782-67bcbcdb/vttablet] I0212 23:02:28.371114       1 rpc_server.go:83] TabletManager.VReplicationExec(query:"select distinct workflow from _vt.vreplication where state != 'Stopped' and db_name = 'benchmark'")(on zone1-0942943782 from ): (*tabletmanagerdata.VReplicationExecResponse)(nil)
[pod/example-vttablet-zone1-0942943782-67bcbcdb/vttablet] E0212 23:02:42.214344       1 query_throttler.go:140] Error loading config: open /config/throttler-config.json: no such file or directory
[pod/example-vttablet-zone1-0942943782-67bcbcdb/vttablet] I0212 23:02:46.739748       1 rpc_server.go:83] TabletManager.VReplicationExec(query:"select distinct workflow from _vt.vreplication where state != 'Stopped' and db_name = 'benchmark'")(on zone1-0942943782 from ): (*tabletmanagerdata.VReplicationExecResponse)(nil)
[pod/example-vttablet-zone1-0942943782-67bcbcdb/vttablet] I0212 23:03:02.565198       1 rpc_server.go:83] TabletManager.VReplicationExec(query:"select distinct workflow from _vt.vreplication where state != 'Stopped' and db_name = 'benchmark'")(on zone1-0942943782 from ): (*tabletmanagerdata.VReplicationExecResponse)(nil)
[pod/example-vttablet-zone1-0942943782-67bcbcdb/vttablet] I0212 23:03:14.658468       1 rpc_server.go:83] TabletManager.VReplicationExec(query:"select distinct workflow from _vt.vreplication where state != 'Stopped' and db_name = 'benchmark'")(on zone1-0942943782 from ): (*tabletmanagerdata.VReplicationExecResponse)(nil)
[pod/example-vttablet-zone1-0942943782-67bcbcdb/vttablet] I0212 23:03:31.934843       1 rpc_server.go:83] TabletManager.VReplicationExec(query:"select distinct workflow from _vt.vreplication where state != 'Stopped' and db_name = 'benchmark'")(on zone1-0942943782 from ): (*tabletmanagerdata.VReplicationExecResponse)(nil)
[pod/example-vttablet-zone1-0942943782-67bcbcdb/vttablet] E0212 23:03:42.216766       1 query_throttler.go:140] Error loading config: open /config/throttler-config.json: no such file or directory
[pod/example-vttablet-zone1-0942943782-67bcbcdb/vttablet] I0212 23:03:44.548151       1 rpc_server.go:83] TabletManager.VReplicationExec(query:"select distinct workflow from _vt.vreplication where state != 'Stopped' and db_name = 'benchmark'")(on zone1-0942943782 from ): (*tabletmanagerdata.VReplicationExecResponse)(nil)
[pod/example-vttablet-zone1-0942943782-67bcbcdb/vttablet] I0212 23:03:56.243726       1 rpc_server.go:83] TabletManager.VReplicationExec(query:"select distinct workflow from _vt.vreplication where state != 'Stopped' and db_name = 'benchmark'")(on zone1-0942943782 from ): (*tabletmanagerdata.VReplicationExecResponse)(nil)
[pod/example-vttablet-zone1-0942943782-67bcbcdb/vttablet] I0212 23:04:11.726422       1 rpc_server.go:83] TabletManager.VReplicationExec(query:"select distinct workflow from _vt.vreplication where state != 'Stopped' and db_name = 'benchmark'")(on zone1-0942943782 from ): (*tabletmanagerdata.VReplicationExecResponse)(nil)
[pod/example-vttablet-zone1-0942943782-67bcbcdb/vttablet] I0212 23:04:28.453552       1 rpc_server.go:83] TabletManager.VReplicationExec(query:"select distinct workflow from _vt.vreplication where state != 'Stopped' and db_name = 'benchmark'")(on zone1-0942943782 from ): (*tabletmanagerdata.VReplicationExecResponse)(nil)
[pod/example-vttablet-zone1-0942943782-67bcbcdb/vttablet] I0212 23:04:40.335651       1 rpc_server.go:83] TabletManager.VReplicationExec(query:"select distinct workflow from _vt.vreplication where state != 'Stopped' and db_name = 'benchmark'")(on zone1-0942943782 from ): (*tabletmanagerdata.VReplicationExecResponse)(nil)
[pod/example-vttablet-zone1-0942943782-67bcbcdb/vttablet] E0212 23:04:42.213425       1 query_throttler.go:140] Error loading config: open /config/throttler-config.json: no such file or directory
[pod/example-vttablet-zone1-0942943782-67bcbcdb/vttablet] I0212 23:04:54.539371       1 rpc_server.go:83] TabletManager.VReplicationExec(query:"select distinct workflow from _vt.vreplication where state != 'Stopped' and db_name = 'benchmark'")(on zone1-0942943782 from ): (*tabletmanagerdata.VReplicationExecResponse)(nil)
[pod/example-vttablet-zone1-0942943782-67bcbcdb/vttablet] I0212 23:05:10.764747       1 rpc_server.go:83] TabletManager.VReplicationExec(query:"select distinct workflow from _vt.vreplication where state != 'Stopped' and db_name = 'benchmark'")(on zone1-0942943782 from ): (*tabletmanagerdata.VReplicationExecResponse)(nil)
[pod/example-vttablet-zone1-0942943782-67bcbcdb/vttablet] I0212 23:05:29.610496       1 rpc_server.go:83] TabletManager.VReplicationExec(query:"select distinct workflow from _vt.vreplication where state != 'Stopped' and db_name = 'benchmark'")(on zone1-0942943782 from ): (*tabletmanagerdata.VReplicationExecResponse)(nil)
[pod/example-vttablet-zone1-0942943782-67bcbcdb/vttablet] I0212 23:05:42.180190       1 rpc_server.go:83] TabletManager.VReplicationExec(query:"select distinct workflow from _vt.vreplication where state != 'Stopped' and db_name = 'benchmark'")(on zone1-0942943782 from ): (*tabletmanagerdata.VReplicationExecResponse)(nil)
[pod/example-vttablet-zone1-0942943782-67bcbcdb/vttablet] E0212 23:05:42.213636       1 query_throttler.go:140] Error loading config: open /config/throttler-config.json: no such file or directory
[pod/example-vttablet-zone1-0942943782-67bcbcdb/vttablet] I0212 23:06:00.253745       1 rpc_server.go:83] TabletManager.VReplicationExec(query:"select distinct workflow from _vt.vreplication where state != 'Stopped' and db_name = 'benchmark'")(on zone1-0942943782 from ): (*tabletmanagerdata.VReplicationExecResponse)(nil)
[pod/example-vttablet-zone1-0942943782-67bcbcdb/vttablet] I0212 23:06:06.569005       1 rpc_server.go:83] TabletManager.VReplicationExec(query:"select distinct workflow from _vt.vreplication where state != 'Stopped' and db_name = 'benchmark'")(on zone1-0942943782 from ): (*tabletmanagerdata.VReplicationExecResponse)(nil)
[pod/example-vttablet-zone1-0942943782-67bcbcdb/vttablet] I0212 23:06:06.755959       1 rpc_server.go:83] TabletManager.VReplicationExec(query:"select distinct workflow from _vt.vreplication where state != 'Stopped' and db_name = 'benchmark'")(on zone1-0942943782 from ): (*tabletmanagerdata.VReplicationExecResponse)(nil)
[pod/example-vttablet-zone1-0942943782-67bcbcdb/vttablet] I0212 23:06:21.895334       1 rpc_server.go:83] TabletManager.VReplicationExec(query:"select distinct workflow from _vt.vreplication where state != 'Stopped' and db_name = 'benchmark'")(on zone1-0942943782 from ): (*tabletmanagerdata.VReplicationExecResponse)(nil)
[pod/example-vttablet-zone1-0942943782-67bcbcdb/vttablet] I0212 23:06:34.571477       1 rpc_server.go:83] TabletManager.VReplicationExec(query:"select distinct workflow from _vt.vreplication where state != 'Stopped' and db_name = 'benchmark'")(on zone1-0942943782 from ): (*tabletmanagerdata.VReplicationExecResponse)(nil)
[pod/example-vttablet-zone1-0942943782-67bcbcdb/vttablet] E0212 23:06:42.213475       1 query_throttler.go:140] Error loading config: open /config/throttler-config.json: no such file or directory
[pod/example-vttablet-zone1-0942943782-67bcbcdb/vttablet] I0212 23:06:46.529183       1 rpc_server.go:83] TabletManager.VReplicationExec(query:"select distinct workflow from _vt.vreplication where state != 'Stopped' and db_name = 'benchmark'")(on zone1-0942943782 from ): (*tabletmanagerdata.VReplicationExecResponse)(nil)
[pod/example-vttablet-zone1-0942943782-67bcbcdb/vttablet] I0212 23:06:52.359063       1 rpc_server.go:83] TabletManager.VReplicationExec(query:"select distinct workflow from _vt.vreplication where state != 'Stopped' and db_name = 'benchmark'")(on zone1-0942943782 from ): (*tabletmanagerdata.VReplicationExecResponse)(nil)
[pod/example-vttablet-zone1-0942943782-67bcbcdb/vttablet] I0212 23:07:08.789147       1 rpc_server.go:83] TabletManager.VReplicationExec(query:"select distinct workflow from _vt.vreplication where state != 'Stopped' and db_name = 'benchmark'")(on zone1-0942943782 from ): (*tabletmanagerdata.VReplicationExecResponse)(nil)
[pod/example-vttablet-zone1-0942943782-67bcbcdb/vttablet] I0212 23:07:25.823691       1 rpc_server.go:83] TabletManager.VReplicationExec(query:"select distinct workflow from _vt.vreplication where state != 'Stopped' and db_name = 'benchmark'")(on zone1-0942943782 from ): (*tabletmanagerdata.VReplicationExecResponse)(nil)
[pod/example-vttablet-zone1-0942943782-67bcbcdb/vttablet] E0212 23:07:42.214647       1 query_throttler.go:140] Error loading config: open /config/throttler-config.json: no such file or directory
[pod/example-vttablet-zone1-0942943782-67bcbcdb/vttablet] I0212 23:07:43.827805       1 rpc_server.go:83] TabletManager.VReplicationExec(query:"select distinct workflow from _vt.vreplication where state != 'Stopped' and db_name = 'benchmark'")(on zone1-0942943782 from ): (*tabletmanagerdata.VReplicationExecResponse)(nil)
[pod/example-vttablet-zone1-0942943782-67bcbcdb/vttablet] I0212 23:07:56.885868       1 rpc_server.go:83] TabletManager.VReplicationExec(query:"select distinct workflow from _vt.vreplication where state != 'Stopped' and db_name = 'benchmark'")(on zone1-0942943782 from ): (*tabletmanagerdata.VReplicationExecResponse)(nil)
[pod/example-vttablet-zone1-0942943782-67bcbcdb/vttablet] I0212 23:08:13.581483       1 rpc_server.go:83] TabletManager.VReplicationExec(query:"select distinct workflow from _vt.vreplication where state != 'Stopped' and db_name = 'benchmark'")(on zone1-0942943782 from ): (*tabletmanagerdata.VReplicationExecResponse)(nil)
[pod/example-vttablet-zone1-0942943782-67bcbcdb/vttablet] I0212 23:08:27.378337       1 rpc_server.go:83] TabletManager.VReplicationExec(query:"select distinct workflow from _vt.vreplication where state != 'Stopped' and db_name = 'benchmark'")(on zone1-0942943782 from ): (*tabletmanagerdata.VReplicationExecResponse)(nil)
[pod/example-vttablet-zone1-0942943782-67bcbcdb/vttablet] E0212 23:08:42.214974       1 query_throttler.go:140] Error loading config: open /config/throttler-config.json: no such file or directory
[pod/example-vttablet-zone1-0942943782-67bcbcdb/vttablet] I0212 23:08:46.060586       1 rpc_server.go:83] TabletManager.VReplicationExec(query:"select distinct workflow from _vt.vreplication where state != 'Stopped' and db_name = 'benchmark'")(on zone1-0942943782 from ): (*tabletmanagerdata.VReplicationExecResponse)(nil)
[pod/example-vttablet-zone1-0942943782-67bcbcdb/vttablet] I0212 23:08:58.827718       1 rpc_server.go:83] TabletManager.VReplicationExec(query:"select distinct workflow from _vt.vreplication where state != 'Stopped' and db_name = 'benchmark'")(on zone1-0942943782 from ): (*tabletmanagerdata.VReplicationExecResponse)(nil)
[pod/example-vttablet-zone1-0942943782-67bcbcdb/vttablet] I0212 23:09:13.623081       1 rpc_server.go:83] TabletManager.VReplicationExec(query:"select distinct workflow from _vt.vreplication where state != 'Stopped' and db_name = 'benchmark'")(on zone1-0942943782 from ): (*tabletmanagerdata.VReplicationExecResponse)(nil)
[pod/example-vttablet-zone1-0942943782-67bcbcdb/vttablet] I0212 23:09:30.927002       1 rpc_server.go:83] TabletManager.VReplicationExec(query:"select distinct workflow from _vt.vreplication where state != 'Stopped' and db_name = 'benchmark'")(on zone1-0942943782 from ): (*tabletmanagerdata.VReplicationExecResponse)(nil)
[pod/example-vttablet-zone1-0942943782-67bcbcdb/vttablet] E0212 23:09:42.213750       1 query_throttler.go:140] Error loading config: open /config/throttler-config.json: no such file or directory
[pod/example-vttablet-zone1-0942943782-67bcbcdb/vttablet] I0212 23:09:43.585458       1 rpc_server.go:83] TabletManager.VReplicationExec(query:"select distinct workflow from _vt.vreplication where state != 'Stopped' and db_name = 'benchmark'")(on zone1-0942943782 from ): (*tabletmanagerdata.VReplicationExecResponse)(nil)
[pod/example-vttablet-zone1-0942943782-67bcbcdb/vttablet] I0212 23:09:57.115805       1 rpc_server.go:83] TabletManager.VReplicationExec(query:"select distinct workflow from _vt.vreplication where state != 'Stopped' and db_name = 'benchmark'")(on zone1-0942943782 from ): (*tabletmanagerdata.VReplicationExecResponse)(nil)
[pod/example-vttablet-zone1-0942943782-67bcbcdb/vttablet] I0212 23:10:10.377896       1 rpc_server.go:83] TabletManager.VReplicationExec(query:"select distinct workflow from _vt.vreplication where state != 'Stopped' and db_name = 'benchmark'")(on zone1-0942943782 from ): (*tabletmanagerdata.VReplicationExecResponse)(nil)
[pod/example-vttablet-zone1-0942943782-67bcbcdb/vttablet] I0212 23:10:27.864471       1 rpc_server.go:83] TabletManager.VReplicationExec(query:"select distinct workflow from _vt.vreplication where state != 'Stopped' and db_name = 'benchmark'")(on zone1-0942943782 from ): (*tabletmanagerdata.VReplicationExecResponse)(nil)
[pod/example-vttablet-zone1-0942943782-67bcbcdb/vttablet] I0212 23:10:41.951386       1 rpc_server.go:83] TabletManager.VReplicationExec(query:"select distinct workflow from _vt.vreplication where state != 'Stopped' and db_name = 'benchmark'")(on zone1-0942943782 from ): (*tabletmanagerdata.VReplicationExecResponse)(nil)
[pod/example-vttablet-zone1-0942943782-67bcbcdb/vttablet] E0212 23:10:42.214989       1 query_throttler.go:140] Error loading config: open /config/throttler-config.json: no such file or directory
[pod/example-vttablet-zone1-0942943782-67bcbcdb/vttablet] I0212 23:10:58.332552       1 rpc_server.go:83] TabletManager.VReplicationExec(query:"select distinct workflow from _vt.vreplication where state != 'Stopped' and db_name = 'benchmark'")(on zone1-0942943782 from ): (*tabletmanagerdata.VReplicationExecResponse)(nil)
[pod/example-vttablet-zone1-0942943782-67bcbcdb/vttablet] I0212 23:11:14.586861       1 rpc_server.go:83] TabletManager.VReplicationExec(query:"select distinct workflow from _vt.vreplication where state != 'Stopped' and db_name = 'benchmark'")(on zone1-0942943782 from ): (*tabletmanagerdata.VReplicationExecResponse)(nil)
[pod/example-vttablet-zone1-0942943782-67bcbcdb/vttablet] I0212 23:11:30.252685       1 rpc_server.go:83] TabletManager.VReplicationExec(query:"select distinct workflow from _vt.vreplication where state != 'Stopped' and db_name = 'benchmark'")(on zone1-0942943782 from ): (*tabletmanagerdata.VReplicationExecResponse)(nil)
[pod/example-vttablet-zone1-0942943782-67bcbcdb/vttablet] E0212 23:11:42.219054       1 query_throttler.go:140] Error loading config: open /config/throttler-config.json: no such file or directory
[pod/example-vttablet-zone1-0942943782-67bcbcdb/vttablet] I0212 23:11:42.354888       1 rpc_server.go:83] TabletManager.VReplicationExec(query:"select distinct workflow from _vt.vreplication where state != 'Stopped' and db_name = 'benchmark'")(on zone1-0942943782 from ): (*tabletmanagerdata.VReplicationExecResponse)(nil)
[pod/example-vttablet-zone1-0942943782-67bcbcdb/vttablet] I0212 23:11:58.930546       1 rpc_server.go:83] TabletManager.VReplicationExec(query:"select distinct workflow from _vt.vreplication where state != 'Stopped' and db_name = 'benchmark'")(on zone1-0942943782 from ): (*tabletmanagerdata.VReplicationExecResponse)(nil)
[pod/example-vttablet-zone1-0942943782-67bcbcdb/vttablet] I0212 23:12:16.258442       1 rpc_server.go:83] TabletManager.VReplicationExec(query:"select distinct workflow from _vt.vreplication where state != 'Stopped' and db_name = 'benchmark'")(on zone1-0942943782 from ): (*tabletmanagerdata.VReplicationExecResponse)(nil)
[pod/example-vttablet-zone1-0942943782-67bcbcdb/vttablet] I0212 23:12:29.230848       1 rpc_server.go:83] TabletManager.VReplicationExec(query:"select distinct workflow from _vt.vreplication where state != 'Stopped' and db_name = 'benchmark'")(on zone1-0942943782 from ): (*tabletmanagerdata.VReplicationExecResponse)(nil)
[pod/example-vttablet-zone1-0942943782-67bcbcdb/vttablet] E0212 23:12:42.214577       1 query_throttler.go:140] Error loading config: open /config/throttler-config.json: no such file or directory
[pod/example-vttablet-zone1-0942943782-67bcbcdb/vttablet] I0212 23:12:48.013841       1 rpc_server.go:83] TabletManager.VReplicationExec(query:"select distinct workflow from _vt.vreplication where state != 'Stopped' and db_name = 'benchmark'")(on zone1-0942943782 from ): (*tabletmanagerdata.VReplicationExecResponse)(nil)
[pod/example-vttablet-zone1-0942943782-67bcbcdb/vttablet] I0212 23:13:00.252248       1 rpc_server.go:83] TabletManager.VReplicationExec(query:"select distinct workflow from _vt.vreplication where state != 'Stopped' and db_name = 'benchmark'")(on zone1-0942943782 from ): (*tabletmanagerdata.VReplicationExecResponse)(nil)
[pod/example-vttablet-zone1-0942943782-67bcbcdb/vttablet] I0212 23:13:18.406185       1 rpc_server.go:83] TabletManager.VReplicationExec(query:"select distinct workflow from _vt.vreplication where state != 'Stopped' and db_name = 'benchmark'")(on zone1-0942943782 from ): (*tabletmanagerdata.VReplicationExecResponse)(nil)
[pod/example-vttablet-zone1-0942943782-67bcbcdb/vttablet] I0212 23:13:36.847097       1 rpc_server.go:83] TabletManager.VReplicationExec(query:"select distinct workflow from _vt.vreplication where state != 'Stopped' and db_name = 'benchmark'")(on zone1-0942943782 from ): (*tabletmanagerdata.VReplicationExecResponse)(nil)
[pod/example-vttablet-zone1-0942943782-67bcbcdb/vttablet] E0212 23:13:42.217771       1 query_throttler.go:140] Error loading config: open /config/throttler-config.json: no such file or directory
[pod/example-vttablet-zone1-0942943782-67bcbcdb/vttablet] I0212 23:13:55.301006       1 rpc_server.go:83] TabletManager.VReplicationExec(query:"select distinct workflow from _vt.vreplication where state != 'Stopped' and db_name = 'benchmark'")(on zone1-0942943782 from ): (*tabletmanagerdata.VReplicationExecResponse)(nil)
[pod/example-vttablet-zone1-0942943782-67bcbcdb/vttablet] I0212 23:14:07.912228       1 rpc_server.go:83] TabletManager.VReplicationExec(query:"select distinct workflow from _vt.vreplication where state != 'Stopped' and db_name = 'benchmark'")(on zone1-0942943782 from ): (*tabletmanagerdata.VReplicationExecResponse)(nil)
[pod/example-vttablet-zone1-0942943782-67bcbcdb/vttablet] I0212 23:14:25.772105       1 rpc_server.go:83] TabletManager.VReplicationExec(query:"select distinct workflow from _vt.vreplication where state != 'Stopped' and db_name = 'benchmark'")(on zone1-0942943782 from ): (*tabletmanagerdata.VReplicationExecResponse)(nil)
[pod/example-vttablet-zone1-0942943782-67bcbcdb/vttablet] I0212 23:14:41.655686       1 rpc_server.go:83] TabletManager.VReplicationExec(query:"select distinct workflow from _vt.vreplication where state != 'Stopped' and db_name = 'benchmark'")(on zone1-0942943782 from ): (*tabletmanagerdata.VReplicationExecResponse)(nil)
[pod/example-vttablet-zone1-0942943782-67bcbcdb/vttablet] E0212 23:14:42.214217       1 query_throttler.go:140] Error loading config: open /config/throttler-config.json: no such file or directory
[pod/example-vttablet-zone1-0942943782-67bcbcdb/vttablet] I0212 23:14:57.521556       1 rpc_server.go:83] TabletManager.VReplicationExec(query:"select distinct workflow from _vt.vreplication where state != 'Stopped' and db_name = 'benchmark'")(on zone1-0942943782 from ): (*tabletmanagerdata.VReplicationExecResponse)(nil)
[pod/example-vttablet-zone1-0942943782-67bcbcdb/vttablet] I0212 23:15:11.110965       1 rpc_server.go:83] TabletManager.VReplicationExec(query:"select distinct workflow from _vt.vreplication where state != 'Stopped' and db_name = 'benchmark'")(on zone1-0942943782 from ): (*tabletmanagerdata.VReplicationExecResponse)(nil)
[pod/example-vttablet-zone1-0942943782-67bcbcdb/vttablet] I0212 23:15:22.700168       1 rpc_server.go:83] TabletManager.VReplicationExec(query:"select distinct workflow from _vt.vreplication where state != 'Stopped' and db_name = 'benchmark'")(on zone1-0942943782 from ): (*tabletmanagerdata.VReplicationExecResponse)(nil)
[pod/example-vttablet-zone1-0942943782-67bcbcdb/vttablet] I0212 23:15:37.413302       1 rpc_server.go:83] TabletManager.VReplicationExec(query:"select distinct workflow from _vt.vreplication where state != 'Stopped' and db_name = 'benchmark'")(on zone1-0942943782 from ): (*tabletmanagerdata.VReplicationExecResponse)(nil)
[pod/example-vttablet-zone1-0942943782-67bcbcdb/vttablet] E0212 23:15:42.214928       1 query_throttler.go:140] Error loading config: open /config/throttler-config.json: no such file or directory
[pod/example-vttablet-zone1-0942943782-67bcbcdb/vttablet] I0212 23:15:54.160218       1 rpc_server.go:83] TabletManager.VReplicationExec(query:"select distinct workflow from _vt.vreplication where state != 'Stopped' and db_name = 'benchmark'")(on zone1-0942943782 from ): (*tabletmanagerdata.VReplicationExecResponse)(nil)
[pod/example-vttablet-zone1-0942943782-67bcbcdb/vttablet] I0212 23:16:08.014873       1 rpc_server.go:83] TabletManager.VReplicationExec(query:"select distinct workflow from _vt.vreplication where state != 'Stopped' and db_name = 'benchmark'")(on zone1-0942943782 from ): (*tabletmanagerdata.VReplicationExecResponse)(nil)
[pod/example-vttablet-zone1-0942943782-67bcbcdb/vttablet] I0212 23:16:24.919395       1 rpc_server.go:83] TabletManager.VReplicationExec(query:"select distinct workflow from _vt.vreplication where state != 'Stopped' and db_name = 'benchmark'")(on zone1-0942943782 from ): (*tabletmanagerdata.VReplicationExecResponse)(nil)
[pod/example-vttablet-zone1-0942943782-67bcbcdb/vttablet] I0212 23:16:30.322612       1 rpc_server.go:83] TabletManager.VReplicationExec(query:"select distinct workflow from _vt.vreplication where state != 'Stopped' and db_name = 'benchmark'")(on zone1-0942943782 from ): (*tabletmanagerdata.VReplicationExecResponse)(nil)
[pod/example-vttablet-zone1-0942943782-67bcbcdb/vttablet] I0212 23:16:30.623823       1 rpc_server.go:83] TabletManager.VReplicationExec(query:"select distinct workflow from _vt.vreplication where state != 'Stopped' and db_name = 'benchmark'")(on zone1-0942943782 from ): (*tabletmanagerdata.VReplicationExecResponse)(nil)
[pod/example-vttablet-zone1-0942943782-67bcbcdb/vttablet] E0212 23:16:42.216571       1 query_throttler.go:140] Error loading config: open /config/throttler-config.json: no such file or directory
[pod/example-vttablet-zone1-0942943782-67bcbcdb/vttablet] I0212 23:16:44.119361       1 rpc_server.go:83] TabletManager.VReplicationExec(query:"select distinct workflow from _vt.vreplication where state != 'Stopped' and db_name = 'benchmark'")(on zone1-0942943782 from ): (*tabletmanagerdata.VReplicationExecResponse)(nil)
[pod/example-vttablet-zone1-0942943782-67bcbcdb/vttablet] I0212 23:17:01.384925       1 rpc_server.go:83] TabletManager.VReplicationExec(query:"select distinct workflow from _vt.vreplication where state != 'Stopped' and db_name = 'benchmark'")(on zone1-0942943782 from ): (*tabletmanagerdata.VReplicationExecResponse)(nil)
[pod/example-vttablet-zone1-0942943782-67bcbcdb/vttablet] I0212 23:17:16.200232       1 rpc_server.go:83] TabletManager.VReplicationExec(query:"select distinct workflow from _vt.vreplication where state != 'Stopped' and db_name = 'benchmark'")(on zone1-0942943782 from ): (*tabletmanagerdata.VReplicationExecResponse)(nil)
[pod/example-vttablet-zone1-0942943782-67bcbcdb/vttablet] I0212 23:17:17.947775       1 rpc_server.go:83] TabletManager.VReplicationExec(query:"select distinct workflow from _vt.vreplication where state != 'Stopped' and db_name = 'benchmark'")(on zone1-0942943782 from ): (*tabletmanagerdata.VReplicationExecResponse)(nil)
[pod/example-vttablet-zone1-0942943782-67bcbcdb/vttablet] I0212 23:17:36.865238       1 rpc_server.go:83] TabletManager.VReplicationExec(query:"select distinct workflow from _vt.vreplication where state != 'Stopped' and db_name = 'benchmark'")(on zone1-0942943782 from ): (*tabletmanagerdata.VReplicationExecResponse)(nil)
[pod/example-vttablet-zone1-0942943782-67bcbcdb/vttablet] E0212 23:17:42.213927       1 query_throttler.go:140] Error loading config: open /config/throttler-config.json: no such file or directory
[pod/example-vttablet-zone1-0942943782-67bcbcdb/vttablet] I0212 23:17:50.374467       1 rpc_server.go:83] TabletManager.VReplicationExec(query:"select distinct workflow from _vt.vreplication where state != 'Stopped' and db_name = 'benchmark'")(on zone1-0942943782 from ): (*tabletmanagerdata.VReplicationExecResponse)(nil)
[pod/example-vttablet-zone1-0942943782-67bcbcdb/vttablet] I0212 23:18:05.328214       1 rpc_server.go:83] TabletManager.VReplicationExec(query:"select distinct workflow from _vt.vreplication where state != 'Stopped' and db_name = 'benchmark'")(on zone1-0942943782 from ): (*tabletmanagerdata.VReplicationExecResponse)(nil)
[pod/example-vttablet-zone1-0942943782-67bcbcdb/vttablet] I0212 23:18:24.006969       1 rpc_server.go:83] TabletManager.VReplicationExec(query:"select distinct workflow from _vt.vreplication where state != 'Stopped' and db_name = 'benchmark'")(on zone1-0942943782 from ): (*tabletmanagerdata.VReplicationExecResponse)(nil)
[pod/example-vttablet-zone1-0942943782-67bcbcdb/vttablet] I0212 23:18:38.606191       1 rpc_server.go:83] TabletManager.VReplicationExec(query:"select distinct workflow from _vt.vreplication where state != 'Stopped' and db_name = 'benchmark'")(on zone1-0942943782 from ): (*tabletmanagerdata.VReplicationExecResponse)(nil)
[pod/example-vttablet-zone1-0942943782-67bcbcdb/vttablet] E0212 23:18:42.213888       1 query_throttler.go:140] Error loading config: open /config/throttler-config.json: no such file or directory
[pod/example-vttablet-zone1-0942943782-67bcbcdb/vttablet] I0212 23:18:53.678997       1 rpc_server.go:83] TabletManager.VReplicationExec(query:"select distinct workflow from _vt.vreplication where state != 'Stopped' and db_name = 'benchmark'")(on zone1-0942943782 from ): (*tabletmanagerdata.VReplicationExecResponse)(nil)
[pod/example-vttablet-zone1-0942943782-67bcbcdb/vttablet] I0212 23:19:07.144634       1 rpc_server.go:83] TabletManager.VReplicationExec(query:"select distinct workflow from _vt.vreplication where state != 'Stopped' and db_name = 'benchmark'")(on zone1-0942943782 from ): (*tabletmanagerdata.VReplicationExecResponse)(nil)
[pod/example-vttablet-zone1-0942943782-67bcbcdb/vttablet] I0212 23:19:21.905737       1 rpc_server.go:83] TabletManager.VReplicationExec(query:"select distinct workflow from _vt.vreplication where state != 'Stopped' and db_name = 'benchmark'")(on zone1-0942943782 from ): (*tabletmanagerdata.VReplicationExecResponse)(nil)
[pod/example-vttablet-zone1-0942943782-67bcbcdb/vttablet] I0212 23:19:34.789949       1 rpc_server.go:83] TabletManager.VReplicationExec(query:"select distinct workflow from _vt.vreplication where state != 'Stopped' and db_name = 'benchmark'")(on zone1-0942943782 from ): (*tabletmanagerdata.VReplicationExecResponse)(nil)
[pod/example-vttablet-zone1-0942943782-67bcbcdb/vttablet] E0212 23:19:42.214640       1 query_throttler.go:140] Error loading config: open /config/throttler-config.json: no such file or directory
[pod/example-vttablet-zone1-0942943782-67bcbcdb/vttablet] I0212 23:19:49.423281       1 rpc_server.go:83] TabletManager.VReplicationExec(query:"select distinct workflow from _vt.vreplication where state != 'Stopped' and db_name = 'benchmark'")(on zone1-0942943782 from ): (*tabletmanagerdata.VReplicationExecResponse)(nil)
[pod/example-vttablet-zone1-0942943782-67bcbcdb/vttablet] I0212 23:20:06.812199       1 rpc_server.go:83] TabletManager.VReplicationExec(query:"select distinct workflow from _vt.vreplication where state != 'Stopped' and db_name = 'benchmark'")(on zone1-0942943782 from ): (*tabletmanagerdata.VReplicationExecResponse)(nil)
[pod/example-vttablet-zone1-0942943782-67bcbcdb/vttablet] I0212 23:20:21.364205       1 rpc_server.go:83] TabletManager.VReplicationExec(query:"select distinct workflow from _vt.vreplication where state != 'Stopped' and db_name = 'benchmark'")(on zone1-0942943782 from ): (*tabletmanagerdata.VReplicationExecResponse)(nil)
[pod/example-vttablet-zone1-0942943782-67bcbcdb/vttablet] I0212 23:20:33.798587       1 rpc_server.go:83] TabletManager.VReplicationExec(query:"select distinct workflow from _vt.vreplication where state != 'Stopped' and db_name = 'benchmark'")(on zone1-0942943782 from ): (*tabletmanagerdata.VReplicationExecResponse)(nil)
[pod/example-vttablet-zone1-0942943782-67bcbcdb/vttablet] E0212 23:20:42.224972       1 query_throttler.go:140] Error loading config: open /config/throttler-config.json: no such file or directory
[pod/example-vttablet-zone1-0942943782-67bcbcdb/vttablet] I0212 23:20:46.924835       1 rpc_server.go:83] TabletManager.VReplicationExec(query:"select distinct workflow from _vt.vreplication where state != 'Stopped' and db_name = 'benchmark'")(on zone1-0942943782 from ): (*tabletmanagerdata.VReplicationExecResponse)(nil)
[pod/example-vttablet-zone1-0942943782-67bcbcdb/vttablet] I0212 23:21:01.530371       1 rpc_server.go:83] TabletManager.VReplicationExec(query:"select distinct workflow from _vt.vreplication where state != 'Stopped' and db_name = 'benchmark'")(on zone1-0942943782 from ): (*tabletmanagerdata.VReplicationExecResponse)(nil)
[pod/example-vttablet-zone1-0942943782-67bcbcdb/vttablet] I0212 23:21:17.125816       1 rpc_server.go:83] TabletManager.VReplicationExec(query:"select distinct workflow from _vt.vreplication where state != 'Stopped' and db_name = 'benchmark'")(on zone1-0942943782 from ): (*tabletmanagerdata.VReplicationExecResponse)(nil)
[pod/example-vttablet-zone1-0942943782-67bcbcdb/vttablet] I0212 23:21:31.136380       1 rpc_server.go:83] TabletManager.VReplicationExec(query:"select distinct workflow from _vt.vreplication where state != 'Stopped' and db_name = 'benchmark'")(on zone1-0942943782 from ): (*tabletmanagerdata.VReplicationExecResponse)(nil)
[pod/example-vttablet-zone1-0942943782-67bcbcdb/vttablet] E0212 23:21:42.214845       1 query_throttler.go:140] Error loading config: open /config/throttler-config.json: no such file or directory
[pod/example-vttablet-zone1-0942943782-67bcbcdb/vttablet] I0212 23:21:46.634362       1 rpc_server.go:83] TabletManager.VReplicationExec(query:"select distinct workflow from _vt.vreplication where state != 'Stopped' and db_name = 'benchmark'")(on zone1-0942943782 from ): (*tabletmanagerdata.VReplicationExecResponse)(nil)
[pod/example-vttablet-zone1-0942943782-67bcbcdb/vttablet] I0212 23:22:01.762603       1 rpc_server.go:83] TabletManager.VReplicationExec(query:"select distinct workflow from _vt.vreplication where state != 'Stopped' and db_name = 'benchmark'")(on zone1-0942943782 from ): (*tabletmanagerdata.VReplicationExecResponse)(nil)
[pod/example-vttablet-zone1-0942943782-67bcbcdb/vttablet] I0212 23:22:17.238769       1 rpc_server.go:83] TabletManager.VReplicationExec(query:"select distinct workflow from _vt.vreplication where state != 'Stopped' and db_name = 'benchmark'")(on zone1-0942943782 from ): (*tabletmanagerdata.VReplicationExecResponse)(nil)
[pod/example-vttablet-zone1-0942943782-67bcbcdb/vttablet] I0212 23:22:32.279627       1 rpc_server.go:83] TabletManager.VReplicationExec(query:"select distinct workflow from _vt.vreplication where state != 'Stopped' and db_name = 'benchmark'")(on zone1-0942943782 from ): (*tabletmanagerdata.VReplicationExecResponse)(nil)
[pod/example-vttablet-zone1-0942943782-67bcbcdb/vttablet] E0212 23:22:42.214021       1 query_throttler.go:140] Error loading config: open /config/throttler-config.json: no such file or directory
[pod/example-vttablet-zone1-0942943782-67bcbcdb/vttablet] I0212 23:22:47.432721       1 rpc_server.go:83] TabletManager.VReplicationExec(query:"select distinct workflow from _vt.vreplication where state != 'Stopped' and db_name = 'benchmark'")(on zone1-0942943782 from ): (*tabletmanagerdata.VReplicationExecResponse)(nil)
[pod/example-vttablet-zone1-0942943782-67bcbcdb/vttablet] I0212 23:23:02.182267       1 rpc_server.go:83] TabletManager.VReplicationExec(query:"select distinct workflow from _vt.vreplication where state != 'Stopped' and db_name = 'benchmark'")(on zone1-0942943782 from ): (*tabletmanagerdata.VReplicationExecResponse)(nil)
[pod/example-vttablet-zone1-0942943782-67bcbcdb/vttablet] I0212 23:23:20.224193       1 rpc_server.go:83] TabletManager.VReplicationExec(query:"select distinct workflow from _vt.vreplication where state != 'Stopped' and db_name = 'benchmark'")(on zone1-0942943782 from ): (*tabletmanagerdata.VReplicationExecResponse)(nil)
[pod/example-vttablet-zone1-0942943782-67bcbcdb/vttablet] I0212 23:23:36.815162       1 rpc_server.go:83] TabletManager.VReplicationExec(query:"select distinct workflow from _vt.vreplication where state != 'Stopped' and db_name = 'benchmark'")(on zone1-0942943782 from ): (*tabletmanagerdata.VReplicationExecResponse)(nil)
[pod/example-vttablet-zone1-0942943782-67bcbcdb/vttablet] E0212 23:23:42.229746       1 query_throttler.go:140] Error loading config: open /config/throttler-config.json: no such file or directory
[pod/example-vttablet-zone1-0942943782-67bcbcdb/vttablet] I0212 23:23:49.363586       1 rpc_server.go:83] TabletManager.VReplicationExec(query:"select distinct workflow from _vt.vreplication where state != 'Stopped' and db_name = 'benchmark'")(on zone1-0942943782 from ): (*tabletmanagerdata.VReplicationExecResponse)(nil)
[pod/example-vttablet-zone1-0942943782-67bcbcdb/vttablet] I0212 23:24:07.835906       1 rpc_server.go:83] TabletManager.VReplicationExec(query:"select distinct workflow from _vt.vreplication where state != 'Stopped' and db_name = 'benchmark'")(on zone1-0942943782 from ): (*tabletmanagerdata.VReplicationExecResponse)(nil)
[pod/example-vttablet-zone1-0942943782-67bcbcdb/vttablet] I0212 23:24:23.543788       1 rpc_server.go:83] TabletManager.VReplicationExec(query:"select distinct workflow from _vt.vreplication where state != 'Stopped' and db_name = 'benchmark'")(on zone1-0942943782 from ): (*tabletmanagerdata.VReplicationExecResponse)(nil)
[pod/example-vttablet-zone1-0942943782-67bcbcdb/vttablet] I0212 23:24:37.636360       1 rpc_server.go:83] TabletManager.VReplicationExec(query:"select distinct workflow from _vt.vreplication where state != 'Stopped' and db_name = 'benchmark'")(on zone1-0942943782 from ): (*tabletmanagerdata.VReplicationExecResponse)(nil)
[pod/example-vttablet-zone1-0942943782-67bcbcdb/vttablet] E0212 23:24:42.213756       1 query_throttler.go:140] Error loading config: open /config/throttler-config.json: no such file or directory
[pod/example-vttablet-zone1-0942943782-67bcbcdb/vttablet] I0212 23:24:53.043501       1 rpc_server.go:83] TabletManager.VReplicationExec(query:"select distinct workflow from _vt.vreplication where state != 'Stopped' and db_name = 'benchmark'")(on zone1-0942943782 from ): (*tabletmanagerdata.VReplicationExecResponse)(nil)
[pod/example-vttablet-zone1-0942943782-67bcbcdb/vttablet] I0212 23:25:10.495381       1 rpc_server.go:83] TabletManager.VReplicationExec(query:"select distinct workflow from _vt.vreplication where state != 'Stopped' and db_name = 'benchmark'")(on zone1-0942943782 from ): (*tabletmanagerdata.VReplicationExecResponse)(nil)
[pod/example-vttablet-zone1-0942943782-67bcbcdb/vttablet] I0212 23:25:23.179126       1 rpc_server.go:83] TabletManager.VReplicationExec(query:"select distinct workflow from _vt.vreplication where state != 'Stopped' and db_name = 'benchmark'")(on zone1-0942943782 from ): (*tabletmanagerdata.VReplicationExecResponse)(nil)
[pod/example-vttablet-zone1-0942943782-67bcbcdb/vttablet] I0212 23:25:39.189688       1 rpc_server.go:83] TabletManager.VReplicationExec(query:"select distinct workflow from _vt.vreplication where state != 'Stopped' and db_name = 'benchmark'")(on zone1-0942943782 from ): (*tabletmanagerdata.VReplicationExecResponse)(nil)
[pod/example-vttablet-zone1-0942943782-67bcbcdb/vttablet] E0212 23:25:42.216473       1 query_throttler.go:140] Error loading config: open /config/throttler-config.json: no such file or directory
[pod/example-vttablet-zone1-0942943782-67bcbcdb/vttablet] I0212 23:25:54.441719       1 rpc_server.go:83] TabletManager.VReplicationExec(query:"select distinct workflow from _vt.vreplication where state != 'Stopped' and db_name = 'benchmark'")(on zone1-0942943782 from ): (*tabletmanagerdata.VReplicationExecResponse)(nil)
[pod/example-vttablet-zone1-0942943782-67bcbcdb/vttablet] I0212 23:26:07.096428       1 rpc_server.go:83] TabletManager.VReplicationExec(query:"select distinct workflow from _vt.vreplication where state != 'Stopped' and db_name = 'benchmark'")(on zone1-0942943782 from ): (*tabletmanagerdata.VReplicationExecResponse)(nil)
[pod/example-vttablet-zone1-0942943782-67bcbcdb/vttablet] I0212 23:26:22.472225       1 rpc_server.go:83] TabletManager.VReplicationExec(query:"select distinct workflow from _vt.vreplication where state != 'Stopped' and db_name = 'benchmark'")(on zone1-0942943782 from ): (*tabletmanagerdata.VReplicationExecResponse)(nil)
[pod/example-vttablet-zone1-0942943782-67bcbcdb/vttablet] I0212 23:26:40.682579       1 rpc_server.go:83] TabletManager.VReplicationExec(query:"select distinct workflow from _vt.vreplication where state != 'Stopped' and db_name = 'benchmark'")(on zone1-0942943782 from ): (*tabletmanagerdata.VReplicationExecResponse)(nil)
[pod/example-vttablet-zone1-0942943782-67bcbcdb/vttablet] E0212 23:26:42.215810       1 query_throttler.go:140] Error loading config: open /config/throttler-config.json: no such file or directory
[pod/example-vttablet-zone1-0942943782-67bcbcdb/vttablet] I0212 23:26:54.245911       1 rpc_server.go:83] TabletManager.VReplicationExec(query:"select distinct workflow from _vt.vreplication where state != 'Stopped' and db_name = 'benchmark'")(on zone1-0942943782 from ): (*tabletmanagerdata.VReplicationExecResponse)(nil)
[pod/example-vttablet-zone1-0942943782-67bcbcdb/vttablet] I0212 23:26:54.588095       1 rpc_server.go:83] TabletManager.VReplicationExec(query:"select distinct workflow from _vt.vreplication where state != 'Stopped' and db_name = 'benchmark'")(on zone1-0942943782 from ): (*tabletmanagerdata.VReplicationExecResponse)(nil)
[pod/example-vttablet-zone1-0942943782-67bcbcdb/vttablet] I0212 23:27:11.423463       1 rpc_server.go:83] TabletManager.VReplicationExec(query:"select distinct workflow from _vt.vreplication where state != 'Stopped' and db_name = 'benchmark'")(on zone1-0942943782 from ): (*tabletmanagerdata.VReplicationExecResponse)(nil)
[pod/example-vttablet-zone1-0942943782-67bcbcdb/vttablet] I0212 23:27:25.999500       1 rpc_server.go:83] TabletManager.VReplicationExec(query:"select distinct workflow from _vt.vreplication where state != 'Stopped' and db_name = 'benchmark'")(on zone1-0942943782 from ): (*tabletmanagerdata.VReplicationExecResponse)(nil)
[pod/example-vttablet-zone1-0942943782-67bcbcdb/vttablet] E0212 23:27:42.217425       1 query_throttler.go:140] Error loading config: open /config/throttler-config.json: no such file or directory
[pod/example-vttablet-zone1-0942943782-67bcbcdb/vttablet] I0212 23:27:42.960952       1 rpc_server.go:83] TabletManager.VReplicationExec(query:"select distinct workflow from _vt.vreplication where state != 'Stopped' and db_name = 'benchmark'")(on zone1-0942943782 from ): (*tabletmanagerdata.VReplicationExecResponse)(nil)
[pod/example-vttablet-zone1-0942943782-67bcbcdb/vttablet] I0212 23:27:43.687367       1 rpc_server.go:83] TabletManager.VReplicationExec(query:"select distinct workflow from _vt.vreplication where state != 'Stopped' and db_name = 'benchmark'")(on zone1-0942943782 from ): (*tabletmanagerdata.VReplicationExecResponse)(nil)
[pod/example-vttablet-zone1-0942943782-67bcbcdb/vttablet] I0212 23:28:01.421590       1 rpc_server.go:83] TabletManager.VReplicationExec(query:"select distinct workflow from _vt.vreplication where state != 'Stopped' and db_name = 'benchmark'")(on zone1-0942943782 from ): (*tabletmanagerdata.VReplicationExecResponse)(nil)
[pod/example-vttablet-zone1-0942943782-67bcbcdb/vttablet] I0212 23:28:14.620882       1 rpc_server.go:83] TabletManager.VReplicationExec(query:"select distinct workflow from _vt.vreplication where state != 'Stopped' and db_name = 'benchmark'")(on zone1-0942943782 from ): (*tabletmanagerdata.VReplicationExecResponse)(nil)
[pod/example-vttablet-zone1-0942943782-67bcbcdb/vttablet] I0212 23:28:29.762802       1 rpc_server.go:83] TabletManager.VReplicationExec(query:"select distinct workflow from _vt.vreplication where state != 'Stopped' and db_name = 'benchmark'")(on zone1-0942943782 from ): (*tabletmanagerdata.VReplicationExecResponse)(nil)
[pod/example-vttablet-zone1-0942943782-67bcbcdb/vttablet] E0212 23:28:42.214954       1 query_throttler.go:140] Error loading config: open /config/throttler-config.json: no such file or directory
[pod/example-vttablet-zone1-0942943782-67bcbcdb/vttablet] I0212 23:28:43.230527       1 rpc_server.go:83] TabletManager.VReplicationExec(query:"select distinct workflow from _vt.vreplication where state != 'Stopped' and db_name = 'benchmark'")(on zone1-0942943782 from ): (*tabletmanagerdata.VReplicationExecResponse)(nil)
[pod/example-vttablet-zone1-0942943782-67bcbcdb/vttablet] I0212 23:28:54.947188       1 rpc_server.go:83] TabletManager.VReplicationExec(query:"select distinct workflow from _vt.vreplication where state != 'Stopped' and db_name = 'benchmark'")(on zone1-0942943782 from ): (*tabletmanagerdata.VReplicationExecResponse)(nil)
[pod/example-vttablet-zone1-0942943782-67bcbcdb/vttablet] I0212 23:29:07.867328       1 rpc_server.go:83] TabletManager.VReplicationExec(query:"select distinct workflow from _vt.vreplication where state != 'Stopped' and db_name = 'benchmark'")(on zone1-0942943782 from ): (*tabletmanagerdata.VReplicationExecResponse)(nil)
[pod/example-vttablet-zone1-0942943782-67bcbcdb/vttablet] I0212 23:29:25.453304       1 rpc_server.go:83] TabletManager.VReplicationExec(query:"select distinct workflow from _vt.vreplication where state != 'Stopped' and db_name = 'benchmark'")(on zone1-0942943782 from ): (*tabletmanagerdata.VReplicationExecResponse)(nil)
[pod/example-vttablet-zone1-0942943782-67bcbcdb/vttablet] I0212 23:29:40.138032       1 rpc_server.go:83] TabletManager.VReplicationExec(query:"select distinct workflow from _vt.vreplication where state != 'Stopped' and db_name = 'benchmark'")(on zone1-0942943782 from ): (*tabletmanagerdata.VReplicationExecResponse)(nil)
[pod/example-vttablet-zone1-0942943782-67bcbcdb/vttablet] E0212 23:29:42.213469       1 query_throttler.go:140] Error loading config: open /config/throttler-config.json: no such file or directory
[pod/example-vttablet-zone1-0942943782-67bcbcdb/vttablet] I0212 23:29:57.186295       1 rpc_server.go:83] TabletManager.VReplicationExec(query:"select distinct workflow from _vt.vreplication where state != 'Stopped' and db_name = 'benchmark'")(on zone1-0942943782 from ): (*tabletmanagerdata.VReplicationExecResponse)(nil)
[pod/example-vttablet-zone1-0942943782-67bcbcdb/vttablet] I0212 23:30:13.992670       1 rpc_server.go:83] TabletManager.VReplicationExec(query:"select distinct workflow from _vt.vreplication where state != 'Stopped' and db_name = 'benchmark'")(on zone1-0942943782 from ): (*tabletmanagerdata.VReplicationExecResponse)(nil)
[pod/example-vttablet-zone1-0942943782-67bcbcdb/vttablet] I0212 23:30:28.938978       1 rpc_server.go:83] TabletManager.VReplicationExec(query:"select distinct workflow from _vt.vreplication where state != 'Stopped' and db_name = 'benchmark'")(on zone1-0942943782 from ): (*tabletmanagerdata.VReplicationExecResponse)(nil)
[pod/example-vttablet-zone1-0942943782-67bcbcdb/vttablet] E0212 23:30:42.213482       1 query_throttler.go:140] Error loading config: open /config/throttler-config.json: no such file or directory
[pod/example-vttablet-zone1-0942943782-67bcbcdb/vttablet] I0212 23:30:44.570391       1 rpc_server.go:83] TabletManager.VReplicationExec(query:"select distinct workflow from _vt.vreplication where state != 'Stopped' and db_name = 'benchmark'")(on zone1-0942943782 from ): (*tabletmanagerdata.VReplicationExecResponse)(nil)
[pod/example-vttablet-zone1-0942943782-67bcbcdb/vttablet] I0212 23:30:57.796733       1 rpc_server.go:83] TabletManager.VReplicationExec(query:"select distinct workflow from _vt.vreplication where state != 'Stopped' and db_name = 'benchmark'")(on zone1-0942943782 from ): (*tabletmanagerdata.VReplicationExecResponse)(nil)
[pod/example-vttablet-zone1-0942943782-67bcbcdb/vttablet] I0212 23:31:13.172505       1 rpc_server.go:83] TabletManager.VReplicationExec(query:"select distinct workflow from _vt.vreplication where state != 'Stopped' and db_name = 'benchmark'")(on zone1-0942943782 from ): (*tabletmanagerdata.VReplicationExecResponse)(nil)
[pod/example-vttablet-zone1-0942943782-67bcbcdb/vttablet] I0212 23:31:28.613947       1 rpc_server.go:83] TabletManager.VReplicationExec(query:"select distinct workflow from _vt.vreplication where state != 'Stopped' and db_name = 'benchmark'")(on zone1-0942943782 from ): (*tabletmanagerdata.VReplicationExecResponse)(nil)
[pod/example-vttablet-zone1-0942943782-67bcbcdb/vttablet] I0212 23:31:41.989068       1 rpc_server.go:83] TabletManager.VReplicationExec(query:"select distinct workflow from _vt.vreplication where state != 'Stopped' and db_name = 'benchmark'")(on zone1-0942943782 from ): (*tabletmanagerdata.VReplicationExecResponse)(nil)
[pod/example-vttablet-zone1-0942943782-67bcbcdb/vttablet] E0212 23:31:42.217518       1 query_throttler.go:140] Error loading config: open /config/throttler-config.json: no such file or directory
[pod/example-vttablet-zone1-0942943782-67bcbcdb/vttablet] I0212 23:31:54.430830       1 rpc_server.go:83] TabletManager.VReplicationExec(query:"select distinct workflow from _vt.vreplication where state != 'Stopped' and db_name = 'benchmark'")(on zone1-0942943782 from ): (*tabletmanagerdata.VReplicationExecResponse)(nil)
[pod/example-vttablet-zone1-0942943782-67bcbcdb/vttablet] I0212 23:32:08.140980       1 rpc_server.go:83] TabletManager.VReplicationExec(query:"select distinct workflow from _vt.vreplication where state != 'Stopped' and db_name = 'benchmark'")(on zone1-0942943782 from ): (*tabletmanagerdata.VReplicationExecResponse)(nil)
[pod/example-vttablet-zone1-0942943782-67bcbcdb/vttablet] I0212 23:32:25.492087       1 rpc_server.go:83] TabletManager.VReplicationExec(query:"select distinct workflow from _vt.vreplication where state != 'Stopped' and db_name = 'benchmark'")(on zone1-0942943782 from ): (*tabletmanagerdata.VReplicationExecResponse)(nil)
[pod/example-vttablet-zone1-0942943782-67bcbcdb/vttablet] E0212 23:32:42.213889       1 query_throttler.go:140] Error loading config: open /config/throttler-config.json: no such file or directory
[pod/example-vttablet-zone1-0942943782-67bcbcdb/vttablet] I0212 23:32:44.406066       1 rpc_server.go:83] TabletManager.VReplicationExec(query:"select distinct workflow from _vt.vreplication where state != 'Stopped' and db_name = 'benchmark'")(on zone1-0942943782 from ): (*tabletmanagerdata.VReplicationExecResponse)(nil)
[pod/example-vttablet-zone1-0942943782-67bcbcdb/vttablet] I0212 23:32:59.100742       1 rpc_server.go:83] TabletManager.VReplicationExec(query:"select distinct workflow from _vt.vreplication where state != 'Stopped' and db_name = 'benchmark'")(on zone1-0942943782 from ): (*tabletmanagerdata.VReplicationExecResponse)(nil)
[pod/example-vttablet-zone1-0942943782-67bcbcdb/vttablet] I0212 23:33:14.262131       1 rpc_server.go:83] TabletManager.VReplicationExec(query:"select distinct workflow from _vt.vreplication where state != 'Stopped' and db_name = 'benchmark'")(on zone1-0942943782 from ): (*tabletmanagerdata.VReplicationExecResponse)(nil)
[pod/example-vttablet-zone1-0942943782-67bcbcdb/vttablet] I0212 23:33:26.264307       1 rpc_server.go:83] TabletManager.VReplicationExec(query:"select distinct workflow from _vt.vreplication where state != 'Stopped' and db_name = 'benchmark'")(on zone1-0942943782 from ): (*tabletmanagerdata.VReplicationExecResponse)(nil)
[pod/example-vttablet-zone1-0942943782-67bcbcdb/vttablet] E0212 23:33:42.214578       1 query_throttler.go:140] Error loading config: open /config/throttler-config.json: no such file or directory
[pod/example-vttablet-zone1-0942943782-67bcbcdb/vttablet] I0212 23:33:42.795686       1 rpc_server.go:83] TabletManager.VReplicationExec(query:"select distinct workflow from _vt.vreplication where state != 'Stopped' and db_name = 'benchmark'")(on zone1-0942943782 from ): (*tabletmanagerdata.VReplicationExecResponse)(nil)
[pod/example-vttablet-zone1-0942943782-67bcbcdb/vttablet] I0212 23:33:56.076776       1 rpc_server.go:83] TabletManager.VReplicationExec(query:"select distinct workflow from _vt.vreplication where state != 'Stopped' and db_name = 'benchmark'")(on zone1-0942943782 from ): (*tabletmanagerdata.VReplicationExecResponse)(nil)
[pod/example-vttablet-zone1-0942943782-67bcbcdb/vttablet] I0212 23:34:14.952814       1 rpc_server.go:83] TabletManager.VReplicationExec(query:"select distinct workflow from _vt.vreplication where state != 'Stopped' and db_name = 'benchmark'")(on zone1-0942943782 from ): (*tabletmanagerdata.VReplicationExecResponse)(nil)
[pod/example-vttablet-zone1-0942943782-67bcbcdb/vttablet] I0212 23:34:28.915328       1 rpc_server.go:83] TabletManager.VReplicationExec(query:"select distinct workflow from _vt.vreplication where state != 'Stopped' and db_name = 'benchmark'")(on zone1-0942943782 from ): (*tabletmanagerdata.VReplicationExecResponse)(nil)
[pod/example-vttablet-zone1-0942943782-67bcbcdb/vttablet] E0212 23:34:42.213884       1 query_throttler.go:140] Error loading config: open /config/throttler-config.json: no such file or directory
[pod/example-vttablet-zone1-0942943782-67bcbcdb/vttablet] I0212 23:34:43.650988       1 rpc_server.go:83] TabletManager.VReplicationExec(query:"select distinct workflow from _vt.vreplication where state != 'Stopped' and db_name = 'benchmark'")(on zone1-0942943782 from ): (*tabletmanagerdata.VReplicationExecResponse)(nil)
[pod/example-vttablet-zone1-0942943782-67bcbcdb/vttablet] I0212 23:35:00.755110       1 rpc_server.go:83] TabletManager.VReplicationExec(query:"select distinct workflow from _vt.vreplication where state != 'Stopped' and db_name = 'benchmark'")(on zone1-0942943782 from ): (*tabletmanagerdata.VReplicationExecResponse)(nil)
[pod/example-vttablet-zone1-0942943782-67bcbcdb/vttablet] I0212 23:35:16.597227       1 rpc_server.go:83] TabletManager.VReplicationExec(query:"select distinct workflow from _vt.vreplication where state != 'Stopped' and db_name = 'benchmark'")(on zone1-0942943782 from ): (*tabletmanagerdata.VReplicationExecResponse)(nil)
[pod/example-vttablet-zone1-0942943782-67bcbcdb/vttablet] I0212 23:35:32.141118       1 rpc_server.go:83] TabletManager.VReplicationExec(query:"select distinct workflow from _vt.vreplication where state != 'Stopped' and db_name = 'benchmark'")(on zone1-0942943782 from ): (*tabletmanagerdata.VReplicationExecResponse)(nil)
[pod/example-vttablet-zone1-0942943782-67bcbcdb/vttablet] E0212 23:35:42.221456       1 query_throttler.go:140] Error loading config: open /config/throttler-config.json: no such file or directory
[pod/example-vttablet-zone1-0942943782-67bcbcdb/vttablet] I0212 23:35:43.864408       1 rpc_server.go:83] TabletManager.VReplicationExec(query:"select distinct workflow from _vt.vreplication where state != 'Stopped' and db_name = 'benchmark'")(on zone1-0942943782 from ): (*tabletmanagerdata.VReplicationExecResponse)(nil)
[pod/example-vttablet-zone1-0942943782-67bcbcdb/vttablet] I0212 23:35:55.917364       1 rpc_server.go:83] TabletManager.VReplicationExec(query:"select distinct workflow from _vt.vreplication where state != 'Stopped' and db_name = 'benchmark'")(on zone1-0942943782 from ): (*tabletmanagerdata.VReplicationExecResponse)(nil)
[pod/example-vttablet-zone1-0942943782-67bcbcdb/vttablet] I0212 23:36:12.273826       1 rpc_server.go:83] TabletManager.VReplicationExec(query:"select distinct workflow from _vt.vreplication where state != 'Stopped' and db_name = 'benchmark'")(on zone1-0942943782 from ): (*tabletmanagerdata.VReplicationExecResponse)(nil)
[pod/example-vttablet-zone1-0942943782-67bcbcdb/vttablet] I0212 23:36:26.788558       1 rpc_server.go:83] TabletManager.VReplicationExec(query:"select distinct workflow from _vt.vreplication where state != 'Stopped' and db_name = 'benchmark'")(on zone1-0942943782 from ): (*tabletmanagerdata.VReplicationExecResponse)(nil)
[pod/example-vttablet-zone1-0942943782-67bcbcdb/vttablet] I0212 23:36:40.302088       1 rpc_server.go:83] TabletManager.VReplicationExec(query:"select distinct workflow from _vt.vreplication where state != 'Stopped' and db_name = 'benchmark'")(on zone1-0942943782 from ): (*tabletmanagerdata.VReplicationExecResponse)(nil)
[pod/example-vttablet-zone1-0942943782-67bcbcdb/vttablet] E0212 23:36:42.214413       1 query_throttler.go:140] Error loading config: open /config/throttler-config.json: no such file or directory
[pod/example-vttablet-zone1-0942943782-67bcbcdb/vttablet] I0212 23:36:59.330285       1 rpc_server.go:83] TabletManager.VReplicationExec(query:"select distinct workflow from _vt.vreplication where state != 'Stopped' and db_name = 'benchmark'")(on zone1-0942943782 from ): (*tabletmanagerdata.VReplicationExecResponse)(nil)
[pod/example-vttablet-zone1-0942943782-67bcbcdb/vttablet] I0212 23:37:17.747032       1 rpc_server.go:83] TabletManager.VReplicationExec(query:"select distinct workflow from _vt.vreplication where state != 'Stopped' and db_name = 'benchmark'")(on zone1-0942943782 from ): (*tabletmanagerdata.VReplicationExecResponse)(nil)
[pod/example-vttablet-zone1-0942943782-67bcbcdb/vttablet] I0212 23:37:18.223947       1 rpc_server.go:83] TabletManager.VReplicationExec(query:"select distinct workflow from _vt.vreplication where state != 'Stopped' and db_name = 'benchmark'")(on zone1-0942943782 from ): (*tabletmanagerdata.VReplicationExecResponse)(nil)
[pod/example-vttablet-zone1-0942943782-67bcbcdb/vttablet] I0212 23:37:31.827719       1 rpc_server.go:83] TabletManager.VReplicationExec(query:"select distinct workflow from _vt.vreplication where state != 'Stopped' and db_name = 'benchmark'")(on zone1-0942943782 from ): (*tabletmanagerdata.VReplicationExecResponse)(nil)
[pod/example-vttablet-zone1-0942943782-67bcbcdb/vttablet] E0212 23:37:42.213933       1 query_throttler.go:140] Error loading config: open /config/throttler-config.json: no such file or directory
[pod/example-vttablet-zone1-0942943782-67bcbcdb/vttablet] I0212 23:37:45.881216       1 rpc_server.go:83] TabletManager.VReplicationExec(query:"select distinct workflow from _vt.vreplication where state != 'Stopped' and db_name = 'benchmark'")(on zone1-0942943782 from ): (*tabletmanagerdata.VReplicationExecResponse)(nil)
[pod/example-vttablet-zone1-0942943782-67bcbcdb/vttablet] I0212 23:38:00.699233       1 rpc_server.go:83] TabletManager.VReplicationExec(query:"select distinct workflow from _vt.vreplication where state != 'Stopped' and db_name = 'benchmark'")(on zone1-0942943782 from ): (*tabletmanagerdata.VReplicationExecResponse)(nil)
[pod/example-vttablet-zone1-0942943782-67bcbcdb/vttablet] I0212 23:38:09.059522       1 rpc_server.go:83] TabletManager.VReplicationExec(query:"select distinct workflow from _vt.vreplication where state != 'Stopped' and db_name = 'benchmark'")(on zone1-0942943782 from ): (*tabletmanagerdata.VReplicationExecResponse)(nil)
[pod/example-vttablet-zone1-0942943782-67bcbcdb/vttablet] I0212 23:38:27.166366       1 rpc_server.go:83] TabletManager.VReplicationExec(query:"select distinct workflow from _vt.vreplication where state != 'Stopped' and db_name = 'benchmark'")(on zone1-0942943782 from ): (*tabletmanagerdata.VReplicationExecResponse)(nil)
[pod/example-vttablet-zone1-0942943782-67bcbcdb/vttablet] I0212 23:38:40.177044       1 rpc_server.go:83] TabletManager.VReplicationExec(query:"select distinct workflow from _vt.vreplication where state != 'Stopped' and db_name = 'benchmark'")(on zone1-0942943782 from ): (*tabletmanagerdata.VReplicationExecResponse)(nil)
[pod/example-vttablet-zone1-0942943782-67bcbcdb/vttablet] E0212 23:38:42.214696       1 query_throttler.go:140] Error loading config: open /config/throttler-config.json: no such file or directory
[pod/example-vttablet-zone1-0942943782-67bcbcdb/vttablet] I0212 23:38:58.538084       1 rpc_server.go:83] TabletManager.VReplicationExec(query:"select distinct workflow from _vt.vreplication where state != 'Stopped' and db_name = 'benchmark'")(on zone1-0942943782 from ): (*tabletmanagerdata.VReplicationExecResponse)(nil)
[pod/example-vttablet-zone1-0942943782-67bcbcdb/vttablet] I0212 23:39:10.173770       1 rpc_server.go:83] TabletManager.VReplicationExec(query:"select distinct workflow from _vt.vreplication where state != 'Stopped' and db_name = 'benchmark'")(on zone1-0942943782 from ): (*tabletmanagerdata.VReplicationExecResponse)(nil)
[pod/example-vttablet-zone1-0942943782-67bcbcdb/vttablet] I0212 23:39:25.089960       1 rpc_server.go:83] TabletManager.VReplicationExec(query:"select distinct workflow from _vt.vreplication where state != 'Stopped' and db_name = 'benchmark'")(on zone1-0942943782 from ): (*tabletmanagerdata.VReplicationExecResponse)(nil)
[pod/example-vttablet-zone1-0942943782-67bcbcdb/vttablet] I0212 23:39:38.529885       1 rpc_server.go:83] TabletManager.VReplicationExec(query:"select distinct workflow from _vt.vreplication where state != 'Stopped' and db_name = 'benchmark'")(on zone1-0942943782 from ): (*tabletmanagerdata.VReplicationExecResponse)(nil)
[pod/example-vttablet-zone1-0942943782-67bcbcdb/vttablet] E0212 23:39:42.213580       1 query_throttler.go:140] Error loading config: open /config/throttler-config.json: no such file or directory
[pod/example-vttablet-zone1-0942943782-67bcbcdb/vttablet] I0212 23:39:50.293418       1 rpc_server.go:83] TabletManager.VReplicationExec(query:"select distinct workflow from _vt.vreplication where state != 'Stopped' and db_name = 'benchmark'")(on zone1-0942943782 from ): (*tabletmanagerdata.VReplicationExecResponse)(nil)
[pod/example-vttablet-zone1-0942943782-67bcbcdb/vttablet] I0212 23:40:04.891236       1 rpc_server.go:83] TabletManager.VReplicationExec(query:"select distinct workflow from _vt.vreplication where state != 'Stopped' and db_name = 'benchmark'")(on zone1-0942943782 from ): (*tabletmanagerdata.VReplicationExecResponse)(nil)
[pod/example-vttablet-zone1-0942943782-67bcbcdb/vttablet] I0212 23:40:20.614955       1 rpc_server.go:83] TabletManager.VReplicationExec(query:"select distinct workflow from _vt.vreplication where state != 'Stopped' and db_name = 'benchmark'")(on zone1-0942943782 from ): (*tabletmanagerdata.VReplicationExecResponse)(nil)
[pod/example-vttablet-zone1-0942943782-67bcbcdb/vttablet] I0212 23:40:39.234657       1 rpc_server.go:83] TabletManager.VReplicationExec(query:"select distinct workflow from _vt.vreplication where state != 'Stopped' and db_name = 'benchmark'")(on zone1-0942943782 from ): (*tabletmanagerdata.VReplicationExecResponse)(nil)
[pod/example-vttablet-zone1-0942943782-67bcbcdb/vttablet] E0212 23:40:42.217273       1 query_throttler.go:140] Error loading config: open /config/throttler-config.json: no such file or directory
[pod/example-vttablet-zone1-0942943782-67bcbcdb/vttablet] I0212 23:40:55.220880       1 rpc_server.go:83] TabletManager.VReplicationExec(query:"select distinct workflow from _vt.vreplication where state != 'Stopped' and db_name = 'benchmark'")(on zone1-0942943782 from ): (*tabletmanagerdata.VReplicationExecResponse)(nil)
[pod/example-vttablet-zone1-0942943782-67bcbcdb/vttablet] I0212 23:41:07.602032       1 rpc_server.go:83] TabletManager.VReplicationExec(query:"select distinct workflow from _vt.vreplication where state != 'Stopped' and db_name = 'benchmark'")(on zone1-0942943782 from ): (*tabletmanagerdata.VReplicationExecResponse)(nil)
[pod/example-vttablet-zone1-0942943782-67bcbcdb/vttablet] I0212 23:41:25.775427       1 rpc_server.go:83] TabletManager.VReplicationExec(query:"select distinct workflow from _vt.vreplication where state != 'Stopped' and db_name = 'benchmark'")(on zone1-0942943782 from ): (*tabletmanagerdata.VReplicationExecResponse)(nil)
[pod/example-vttablet-zone1-0942943782-67bcbcdb/vttablet] I0212 23:41:39.502845       1 rpc_server.go:83] TabletManager.VReplicationExec(query:"select distinct workflow from _vt.vreplication where state != 'Stopped' and db_name = 'benchmark'")(on zone1-0942943782 from ): (*tabletmanagerdata.VReplicationExecResponse)(nil)
[pod/example-vttablet-zone1-0942943782-67bcbcdb/vttablet] E0212 23:41:42.214146       1 query_throttler.go:140] Error loading config: open /config/throttler-config.json: no such file or directory
[pod/example-vttablet-zone1-0942943782-67bcbcdb/vttablet] I0212 23:41:53.627807       1 rpc_server.go:83] TabletManager.VReplicationExec(query:"select distinct workflow from _vt.vreplication where state != 'Stopped' and db_name = 'benchmark'")(on zone1-0942943782 from ): (*tabletmanagerdata.VReplicationExecResponse)(nil)
[pod/example-vttablet-zone1-0942943782-67bcbcdb/vttablet] I0212 23:42:10.232501       1 rpc_server.go:83] TabletManager.VReplicationExec(query:"select distinct workflow from _vt.vreplication where state != 'Stopped' and db_name = 'benchmark'")(on zone1-0942943782 from ): (*tabletmanagerdata.VReplicationExecResponse)(nil)
[pod/example-vttablet-zone1-0942943782-67bcbcdb/vttablet] I0212 23:42:29.133270       1 rpc_server.go:83] TabletManager.VReplicationExec(query:"select distinct workflow from _vt.vreplication where state != 'Stopped' and db_name = 'benchmark'")(on zone1-0942943782 from ): (*tabletmanagerdata.VReplicationExecResponse)(nil)
[pod/example-vttablet-zone1-0942943782-67bcbcdb/vttablet] I0212 23:42:41.560185       1 rpc_server.go:83] TabletManager.VReplicationExec(query:"select distinct workflow from _vt.vreplication where state != 'Stopped' and db_name = 'benchmark'")(on zone1-0942943782 from ): (*tabletmanagerdata.VReplicationExecResponse)(nil)
[pod/example-vttablet-zone1-0942943782-67bcbcdb/vttablet] E0212 23:42:42.214397       1 query_throttler.go:140] Error loading config: open /config/throttler-config.json: no such file or directory
[pod/example-vttablet-zone1-0942943782-67bcbcdb/vttablet] I0212 23:42:52.496617       1 tablegc.go:405] TableGC: readAndCheckTables
[pod/example-vttablet-zone1-0942943782-67bcbcdb/vttablet] I0212 23:43:00.063262       1 rpc_server.go:83] TabletManager.VReplicationExec(query:"select distinct workflow from _vt.vreplication where state != 'Stopped' and db_name = 'benchmark'")(on zone1-0942943782 from ): (*tabletmanagerdata.VReplicationExecResponse)(nil)
[pod/example-vttablet-zone1-0942943782-67bcbcdb/vttablet] I0212 23:43:17.527322       1 rpc_server.go:83] TabletManager.VReplicationExec(query:"select distinct workflow from _vt.vreplication where state != 'Stopped' and db_name = 'benchmark'")(on zone1-0942943782 from ): (*tabletmanagerdata.VReplicationExecResponse)(nil)
[pod/example-vttablet-zone1-0942943782-67bcbcdb/vttablet] I0212 23:43:29.633296       1 rpc_server.go:83] TabletManager.VReplicationExec(query:"select distinct workflow from _vt.vreplication where state != 'Stopped' and db_name = 'benchmark'")(on zone1-0942943782 from ): (*tabletmanagerdata.VReplicationExecResponse)(nil)
[pod/example-vttablet-zone1-0942943782-67bcbcdb/vttablet] E0212 23:43:42.214224       1 query_throttler.go:140] Error loading config: open /config/throttler-config.json: no such file or directory
[pod/example-vttablet-zone1-0942943782-67bcbcdb/vttablet] I0212 23:43:44.425660       1 rpc_server.go:83] TabletManager.VReplicationExec(query:"select distinct workflow from _vt.vreplication where state != 'Stopped' and db_name = 'benchmark'")(on zone1-0942943782 from ): (*tabletmanagerdata.VReplicationExecResponse)(nil)
[pod/example-vttablet-zone1-0942943782-67bcbcdb/vttablet] I0212 23:43:59.783223       1 rpc_server.go:83] TabletManager.VReplicationExec(query:"select distinct workflow from _vt.vreplication where state != 'Stopped' and db_name = 'benchmark'")(on zone1-0942943782 from ): (*tabletmanagerdata.VReplicationExecResponse)(nil)
[pod/example-vttablet-zone1-0942943782-67bcbcdb/vttablet] I0212 23:44:18.739326       1 rpc_server.go:83] TabletManager.VReplicationExec(query:"select distinct workflow from _vt.vreplication where state != 'Stopped' and db_name = 'benchmark'")(on zone1-0942943782 from ): (*tabletmanagerdata.VReplicationExecResponse)(nil)
[pod/example-vttablet-zone1-0942943782-67bcbcdb/vttablet] I0212 23:44:35.629325       1 rpc_server.go:83] TabletManager.VReplicationExec(query:"select distinct workflow from _vt.vreplication where state != 'Stopped' and db_name = 'benchmark'")(on zone1-0942943782 from ): (*tabletmanagerdata.VReplicationExecResponse)(nil)
[pod/example-vttablet-zone1-0942943782-67bcbcdb/vttablet] E0212 23:44:42.214579       1 query_throttler.go:140] Error loading config: open /config/throttler-config.json: no such file or directory
[pod/example-vttablet-zone1-0942943782-67bcbcdb/vttablet] I0212 23:44:48.485155       1 rpc_server.go:83] TabletManager.VReplicationExec(query:"select distinct workflow from _vt.vreplication where state != 'Stopped' and db_name = 'benchmark'")(on zone1-0942943782 from ): (*tabletmanagerdata.VReplicationExecResponse)(nil)
[pod/example-vttablet-zone1-0942943782-67bcbcdb/vttablet] I0212 23:45:01.300439       1 rpc_server.go:83] TabletManager.VReplicationExec(query:"select distinct workflow from _vt.vreplication where state != 'Stopped' and db_name = 'benchmark'")(on zone1-0942943782 from ): (*tabletmanagerdata.VReplicationExecResponse)(nil)
[pod/example-vttablet-zone1-0942943782-67bcbcdb/vttablet] I0212 23:45:16.223931       1 rpc_server.go:83] TabletManager.VReplicationExec(query:"select distinct workflow from _vt.vreplication where state != 'Stopped' and db_name = 'benchmark'")(on zone1-0942943782 from ): (*tabletmanagerdata.VReplicationExecResponse)(nil)
[pod/example-vttablet-zone1-0942943782-67bcbcdb/vttablet] I0212 23:45:31.611109       1 rpc_server.go:83] TabletManager.VReplicationExec(query:"select distinct workflow from _vt.vreplication where state != 'Stopped' and db_name = 'benchmark'")(on zone1-0942943782 from ): (*tabletmanagerdata.VReplicationExecResponse)(nil)
[pod/example-vttablet-zone1-0942943782-67bcbcdb/vttablet] E0212 23:45:42.214009       1 query_throttler.go:140] Error loading config: open /config/throttler-config.json: no such file or directory
[pod/example-vttablet-zone1-0942943782-67bcbcdb/vttablet] I0212 23:45:47.666351       1 rpc_server.go:83] TabletManager.VReplicationExec(query:"select distinct workflow from _vt.vreplication where state != 'Stopped' and db_name = 'benchmark'")(on zone1-0942943782 from ): (*tabletmanagerdata.VReplicationExecResponse)(nil)
[pod/example-vttablet-zone1-0942943782-67bcbcdb/vttablet] I0212 23:46:06.378277       1 rpc_server.go:83] TabletManager.VReplicationExec(query:"select distinct workflow from _vt.vreplication where state != 'Stopped' and db_name = 'benchmark'")(on zone1-0942943782 from ): (*tabletmanagerdata.VReplicationExecResponse)(nil)
[pod/example-vttablet-zone1-0942943782-67bcbcdb/vttablet] I0212 23:46:20.145626       1 rpc_server.go:83] TabletManager.VReplicationExec(query:"select distinct workflow from _vt.vreplication where state != 'Stopped' and db_name = 'benchmark'")(on zone1-0942943782 from ): (*tabletmanagerdata.VReplicationExecResponse)(nil)
[pod/example-vttablet-zone1-0942943782-67bcbcdb/vttablet] I0212 23:46:37.124961       1 rpc_server.go:83] TabletManager.VReplicationExec(query:"select distinct workflow from _vt.vreplication where state != 'Stopped' and db_name = 'benchmark'")(on zone1-0942943782 from ): (*tabletmanagerdata.VReplicationExecResponse)(nil)
[pod/example-vttablet-zone1-0942943782-67bcbcdb/vttablet] E0212 23:46:42.216386       1 query_throttler.go:140] Error loading config: open /config/throttler-config.json: no such file or directory
[pod/example-vttablet-zone1-0942943782-67bcbcdb/vttablet] I0212 23:46:53.352799       1 rpc_server.go:83] TabletManager.VReplicationExec(query:"select distinct workflow from _vt.vreplication where state != 'Stopped' and db_name = 'benchmark'")(on zone1-0942943782 from ): (*tabletmanagerdata.VReplicationExecResponse)(nil)
[pod/example-vttablet-zone1-0942943782-67bcbcdb/vttablet] I0212 23:47:11.513457       1 rpc_server.go:83] TabletManager.VReplicationExec(query:"select distinct workflow from _vt.vreplication where state != 'Stopped' and db_name = 'benchmark'")(on zone1-0942943782 from ): (*tabletmanagerdata.VReplicationExecResponse)(nil)
[pod/example-vttablet-zone1-0942943782-67bcbcdb/vttablet] I0212 23:47:25.295628       1 rpc_server.go:83] TabletManager.VReplicationExec(query:"select distinct workflow from _vt.vreplication where state != 'Stopped' and db_name = 'benchmark'")(on zone1-0942943782 from ): (*tabletmanagerdata.VReplicationExecResponse)(nil)
[pod/example-vttablet-zone1-0942943782-67bcbcdb/vttablet] I0212 23:47:41.101814       1 rpc_server.go:83] TabletManager.VReplicationExec(query:"select distinct workflow from _vt.vreplication where state != 'Stopped' and db_name = 'benchmark'")(on zone1-0942943782 from ): (*tabletmanagerdata.VReplicationExecResponse)(nil)
[pod/example-vttablet-zone1-0942943782-67bcbcdb/vttablet] I0212 23:47:41.862793       1 rpc_server.go:83] TabletManager.VReplicationExec(query:"select distinct workflow from _vt.vreplication where state != 'Stopped' and db_name = 'benchmark'")(on zone1-0942943782 from ): (*tabletmanagerdata.VReplicationExecResponse)(nil)
[pod/example-vttablet-zone1-0942943782-67bcbcdb/vttablet] I0212 23:47:42.160484       1 rpc_server.go:83] TabletManager.VReplicationExec(query:"select distinct workflow from _vt.vreplication where state != 'Stopped' and db_name = 'benchmark'")(on zone1-0942943782 from ): (*tabletmanagerdata.VReplicationExecResponse)(nil)
[pod/example-vttablet-zone1-0942943782-67bcbcdb/vttablet] E0212 23:47:42.223523       1 query_throttler.go:140] Error loading config: open /config/throttler-config.json: no such file or directory
[pod/example-vttablet-zone1-0942943782-67bcbcdb/vttablet] I0212 23:47:57.658886       1 rpc_server.go:83] TabletManager.VReplicationExec(query:"select distinct workflow from _vt.vreplication where state != 'Stopped' and db_name = 'benchmark'")(on zone1-0942943782 from ): (*tabletmanagerdata.VReplicationExecResponse)(nil)
[pod/example-vttablet-zone1-0942943782-67bcbcdb/vttablet] I0212 23:48:15.362173       1 rpc_server.go:83] TabletManager.VReplicationExec(query:"select distinct workflow from _vt.vreplication where state != 'Stopped' and db_name = 'benchmark'")(on zone1-0942943782 from ): (*tabletmanagerdata.VReplicationExecResponse)(nil)
[pod/example-vttablet-zone1-0942943782-67bcbcdb/vttablet] I0212 23:48:27.772502       1 rpc_server.go:83] TabletManager.VReplicationExec(query:"select distinct workflow from _vt.vreplication where state != 'Stopped' and db_name = 'benchmark'")(on zone1-0942943782 from ): (*tabletmanagerdata.VReplicationExecResponse)(nil)
[pod/example-vttablet-zone1-0942943782-67bcbcdb/vttablet] I0212 23:48:34.651926       1 rpc_server.go:83] TabletManager.VReplicationExec(query:"select distinct workflow from _vt.vreplication where state != 'Stopped' and db_name = 'benchmark'")(on zone1-0942943782 from ): (*tabletmanagerdata.VReplicationExecResponse)(nil)
[pod/example-vttablet-zone1-0942943782-67bcbcdb/vttablet] E0212 23:48:42.214455       1 query_throttler.go:140] Error loading config: open /config/throttler-config.json: no such file or directory
[pod/example-vttablet-zone1-0942943782-67bcbcdb/vttablet] I0212 23:48:47.371692       1 rpc_server.go:83] TabletManager.VReplicationExec(query:"select distinct workflow from _vt.vreplication where state != 'Stopped' and db_name = 'benchmark'")(on zone1-0942943782 from ): (*tabletmanagerdata.VReplicationExecResponse)(nil)
[pod/example-vttablet-zone1-0942943782-67bcbcdb/vttablet] I0212 23:49:00.136336       1 rpc_server.go:83] TabletManager.VReplicationExec(query:"select distinct workflow from _vt.vreplication where state != 'Stopped' and db_name = 'benchmark'")(on zone1-0942943782 from ): (*tabletmanagerdata.VReplicationExecResponse)(nil)
[pod/example-vttablet-zone1-0942943782-67bcbcdb/vttablet] I0212 23:49:18.797150       1 rpc_server.go:83] TabletManager.VReplicationExec(query:"select distinct workflow from _vt.vreplication where state != 'Stopped' and db_name = 'benchmark'")(on zone1-0942943782 from ): (*tabletmanagerdata.VReplicationExecResponse)(nil)
[pod/example-vttablet-zone1-0942943782-67bcbcdb/vttablet] I0212 23:49:30.892222       1 rpc_server.go:83] TabletManager.VReplicationExec(query:"select distinct workflow from _vt.vreplication where state != 'Stopped' and db_name = 'benchmark'")(on zone1-0942943782 from ): (*tabletmanagerdata.VReplicationExecResponse)(nil)
[pod/example-vttablet-zone1-0942943782-67bcbcdb/vttablet] E0212 23:49:42.214550       1 query_throttler.go:140] Error loading config: open /config/throttler-config.json: no such file or directory
[pod/example-vttablet-zone1-0942943782-67bcbcdb/vttablet] I0212 23:49:45.529134       1 rpc_server.go:83] TabletManager.VReplicationExec(query:"select distinct workflow from _vt.vreplication where state != 'Stopped' and db_name = 'benchmark'")(on zone1-0942943782 from ): (*tabletmanagerdata.VReplicationExecResponse)(nil)
[pod/example-vttablet-zone1-0942943782-67bcbcdb/vttablet] I0212 23:50:01.833758       1 rpc_server.go:83] TabletManager.VReplicationExec(query:"select distinct workflow from _vt.vreplication where state != 'Stopped' and db_name = 'benchmark'")(on zone1-0942943782 from ): (*tabletmanagerdata.VReplicationExecResponse)(nil)
[pod/example-vttablet-zone1-0942943782-67bcbcdb/vttablet] I0212 23:50:16.621657       1 rpc_server.go:83] TabletManager.VReplicationExec(query:"select distinct workflow from _vt.vreplication where state != 'Stopped' and db_name = 'benchmark'")(on zone1-0942943782 from ): (*tabletmanagerdata.VReplicationExecResponse)(nil)
[pod/example-vttablet-zone1-0942943782-67bcbcdb/vttablet] I0212 23:50:31.169296       1 rpc_server.go:83] TabletManager.VReplicationExec(query:"select distinct workflow from _vt.vreplication where state != 'Stopped' and db_name = 'benchmark'")(on zone1-0942943782 from ): (*tabletmanagerdata.VReplicationExecResponse)(nil)
[pod/example-vttablet-zone1-0942943782-67bcbcdb/vttablet] E0212 23:50:42.215457       1 query_throttler.go:140] Error loading config: open /config/throttler-config.json: no such file or directory
[pod/example-vttablet-zone1-0942943782-67bcbcdb/vttablet] I0212 23:50:47.151117       1 rpc_server.go:83] TabletManager.VReplicationExec(query:"select distinct workflow from _vt.vreplication where state != 'Stopped' and db_name = 'benchmark'")(on zone1-0942943782 from ): (*tabletmanagerdata.VReplicationExecResponse)(nil)
[pod/example-vttablet-zone1-0942943782-67bcbcdb/vttablet] I0212 23:51:04.769363       1 rpc_server.go:83] TabletManager.VReplicationExec(query:"select distinct workflow from _vt.vreplication where state != 'Stopped' and db_name = 'benchmark'")(on zone1-0942943782 from ): (*tabletmanagerdata.VReplicationExecResponse)(nil)
[pod/example-vttablet-zone1-0942943782-67bcbcdb/vttablet] I0212 23:51:18.951858       1 rpc_server.go:83] TabletManager.VReplicationExec(query:"select distinct workflow from _vt.vreplication where state != 'Stopped' and db_name = 'benchmark'")(on zone1-0942943782 from ): (*tabletmanagerdata.VReplicationExecResponse)(nil)
[pod/example-vttablet-zone1-0942943782-67bcbcdb/vttablet] I0212 23:51:35.217579       1 rpc_server.go:83] TabletManager.VReplicationExec(query:"select distinct workflow from _vt.vreplication where state != 'Stopped' and db_name = 'benchmark'")(on zone1-0942943782 from ): (*tabletmanagerdata.VReplicationExecResponse)(nil)
[pod/example-vttablet-zone1-0942943782-67bcbcdb/vttablet] E0212 23:51:42.216209       1 query_throttler.go:140] Error loading config: open /config/throttler-config.json: no such file or directory
[pod/example-vttablet-zone1-0942943782-67bcbcdb/vttablet] I0212 23:51:50.386399       1 rpc_server.go:83] TabletManager.VReplicationExec(query:"select distinct workflow from _vt.vreplication where state != 'Stopped' and db_name = 'benchmark'")(on zone1-0942943782 from ): (*tabletmanagerdata.VReplicationExecResponse)(nil)
[pod/example-vttablet-zone1-0942943782-67bcbcdb/vttablet] I0212 23:52:05.669117       1 rpc_server.go:83] TabletManager.VReplicationExec(query:"select distinct workflow from _vt.vreplication where state != 'Stopped' and db_name = 'benchmark'")(on zone1-0942943782 from ): (*tabletmanagerdata.VReplicationExecResponse)(nil)
[pod/example-vttablet-zone1-0942943782-67bcbcdb/vttablet] I0212 23:52:24.425894       1 rpc_server.go:83] TabletManager.VReplicationExec(query:"select distinct workflow from _vt.vreplication where state != 'Stopped' and db_name = 'benchmark'")(on zone1-0942943782 from ): (*tabletmanagerdata.VReplicationExecResponse)(nil)
[pod/example-vttablet-zone1-0942943782-67bcbcdb/vttablet] I0212 23:52:40.536622       1 rpc_server.go:83] TabletManager.VReplicationExec(query:"select distinct workflow from _vt.vreplication where state != 'Stopped' and db_name = 'benchmark'")(on zone1-0942943782 from ): (*tabletmanagerdata.VReplicationExecResponse)(nil)
[pod/example-vttablet-zone1-0942943782-67bcbcdb/vttablet] E0212 23:52:42.218238       1 query_throttler.go:140] Error loading config: open /config/throttler-config.json: no such file or directory
[pod/example-vttablet-zone1-0942943782-67bcbcdb/vttablet] I0212 23:52:55.772446       1 rpc_server.go:83] TabletManager.VReplicationExec(query:"select distinct workflow from _vt.vreplication where state != 'Stopped' and db_name = 'benchmark'")(on zone1-0942943782 from ): (*tabletmanagerdata.VReplicationExecResponse)(nil)
[pod/example-vttablet-zone1-0942943782-67bcbcdb/vttablet] I0212 23:53:08.659542       1 rpc_server.go:83] TabletManager.VReplicationExec(query:"select distinct workflow from _vt.vreplication where state != 'Stopped' and db_name = 'benchmark'")(on zone1-0942943782 from ): (*tabletmanagerdata.VReplicationExecResponse)(nil)
[pod/example-vttablet-zone1-0942943782-67bcbcdb/vttablet] I0212 23:53:22.914572       1 rpc_server.go:83] TabletManager.VReplicationExec(query:"select distinct workflow from _vt.vreplication where state != 'Stopped' and db_name = 'benchmark'")(on zone1-0942943782 from ): (*tabletmanagerdata.VReplicationExecResponse)(nil)
[pod/example-vttablet-zone1-0942943782-67bcbcdb/vttablet] I0212 23:53:39.638991       1 rpc_server.go:83] TabletManager.VReplicationExec(query:"select distinct workflow from _vt.vreplication where state != 'Stopped' and db_name = 'benchmark'")(on zone1-0942943782 from ): (*tabletmanagerdata.VReplicationExecResponse)(nil)
[pod/example-vttablet-zone1-0942943782-67bcbcdb/vttablet] E0212 23:53:42.219699       1 query_throttler.go:140] Error loading config: open /config/throttler-config.json: no such file or directory
[pod/example-vttablet-zone1-0942943782-67bcbcdb/vttablet] I0212 23:53:54.306121       1 rpc_server.go:83] TabletManager.VReplicationExec(query:"select distinct workflow from _vt.vreplication where state != 'Stopped' and db_name = 'benchmark'")(on zone1-0942943782 from ): (*tabletmanagerdata.VReplicationExecResponse)(nil)
[pod/example-vttablet-zone1-0942943782-67bcbcdb/vttablet] I0212 23:54:08.445826       1 rpc_server.go:83] TabletManager.VReplicationExec(query:"select distinct workflow from _vt.vreplication where state != 'Stopped' and db_name = 'benchmark'")(on zone1-0942943782 from ): (*tabletmanagerdata.VReplicationExecResponse)(nil)
[pod/example-vttablet-zone1-0942943782-67bcbcdb/vttablet] I0212 23:54:26.088956       1 rpc_server.go:83] TabletManager.VReplicationExec(query:"select distinct workflow from _vt.vreplication where state != 'Stopped' and db_name = 'benchmark'")(on zone1-0942943782 from ): (*tabletmanagerdata.VReplicationExecResponse)(nil)
[pod/example-vttablet-zone1-0942943782-67bcbcdb/vttablet] E0212 23:54:42.213508       1 query_throttler.go:140] Error loading config: open /config/throttler-config.json: no such file or directory
[pod/example-vttablet-zone1-0942943782-67bcbcdb/vttablet] I0212 23:54:44.807640       1 rpc_server.go:83] TabletManager.VReplicationExec(query:"select distinct workflow from _vt.vreplication where state != 'Stopped' and db_name = 'benchmark'")(on zone1-0942943782 from ): (*tabletmanagerdata.VReplicationExecResponse)(nil)
[pod/example-vttablet-zone1-0942943782-67bcbcdb/vttablet] I0212 23:54:56.845675       1 rpc_server.go:83] TabletManager.VReplicationExec(query:"select distinct workflow from _vt.vreplication where state != 'Stopped' and db_name = 'benchmark'")(on zone1-0942943782 from ): (*tabletmanagerdata.VReplicationExecResponse)(nil)
[pod/example-vttablet-zone1-0942943782-67bcbcdb/vttablet] I0212 23:55:08.414566       1 rpc_server.go:83] TabletManager.VReplicationExec(query:"select distinct workflow from _vt.vreplication where state != 'Stopped' and db_name = 'benchmark'")(on zone1-0942943782 from ): (*tabletmanagerdata.VReplicationExecResponse)(nil)
[pod/example-vttablet-zone1-0942943782-67bcbcdb/vttablet] I0212 23:55:26.804919       1 rpc_server.go:83] TabletManager.VReplicationExec(query:"select distinct workflow from _vt.vreplication where state != 'Stopped' and db_name = 'benchmark'")(on zone1-0942943782 from ): (*tabletmanagerdata.VReplicationExecResponse)(nil)
[pod/example-vttablet-zone1-0942943782-67bcbcdb/vttablet] E0212 23:55:42.214686       1 query_throttler.go:140] Error loading config: open /config/throttler-config.json: no such file or directory
[pod/example-vttablet-zone1-0942943782-67bcbcdb/vttablet] I0212 23:55:43.850831       1 rpc_server.go:83] TabletManager.VReplicationExec(query:"select distinct workflow from _vt.vreplication where state != 'Stopped' and db_name = 'benchmark'")(on zone1-0942943782 from ): (*tabletmanagerdata.VReplicationExecResponse)(nil)
[pod/example-vttablet-zone1-0942943782-67bcbcdb/vttablet] I0212 23:55:56.059195       1 rpc_server.go:83] TabletManager.VReplicationExec(query:"select distinct workflow from _vt.vreplication where state != 'Stopped' and db_name = 'benchmark'")(on zone1-0942943782 from ): (*tabletmanagerdata.VReplicationExecResponse)(nil)
[pod/example-vttablet-zone1-0942943782-67bcbcdb/vttablet] I0212 23:56:13.082333       1 rpc_server.go:83] TabletManager.VReplicationExec(query:"select distinct workflow from _vt.vreplication where state != 'Stopped' and db_name = 'benchmark'")(on zone1-0942943782 from ): (*tabletmanagerdata.VReplicationExecResponse)(nil)
[pod/example-vttablet-zone1-0942943782-67bcbcdb/vttablet] I0212 23:56:30.968538       1 rpc_server.go:83] TabletManager.VReplicationExec(query:"select distinct workflow from _vt.vreplication where state != 'Stopped' and db_name = 'benchmark'")(on zone1-0942943782 from ): (*tabletmanagerdata.VReplicationExecResponse)(nil)
[pod/example-vttablet-zone1-0942943782-67bcbcdb/vttablet] E0212 23:56:42.213780       1 query_throttler.go:140] Error loading config: open /config/throttler-config.json: no such file or directory
[pod/example-vttablet-zone1-0942943782-67bcbcdb/vttablet] I0212 23:56:48.187895       1 rpc_server.go:83] TabletManager.VReplicationExec(query:"select distinct workflow from _vt.vreplication where state != 'Stopped' and db_name = 'benchmark'")(on zone1-0942943782 from ): (*tabletmanagerdata.VReplicationExecResponse)(nil)
[pod/example-vttablet-zone1-0942943782-67bcbcdb/vttablet] I0212 23:57:02.874870       1 rpc_server.go:83] TabletManager.VReplicationExec(query:"select distinct workflow from _vt.vreplication where state != 'Stopped' and db_name = 'benchmark'")(on zone1-0942943782 from ): (*tabletmanagerdata.VReplicationExecResponse)(nil)
[pod/example-vttablet-zone1-0942943782-67bcbcdb/vttablet] I0212 23:57:19.343719       1 rpc_server.go:83] TabletManager.VReplicationExec(query:"select distinct workflow from _vt.vreplication where state != 'Stopped' and db_name = 'benchmark'")(on zone1-0942943782 from ): (*tabletmanagerdata.VReplicationExecResponse)(nil)
[pod/example-vttablet-zone1-0942943782-67bcbcdb/vttablet] I0212 23:57:31.034919       1 rpc_server.go:83] TabletManager.VReplicationExec(query:"select distinct workflow from _vt.vreplication where state != 'Stopped' and db_name = 'benchmark'")(on zone1-0942943782 from ): (*tabletmanagerdata.VReplicationExecResponse)(nil)
[pod/example-vttablet-zone1-0942943782-67bcbcdb/vttablet] E0212 23:57:42.213728       1 query_throttler.go:140] Error loading config: open /config/throttler-config.json: no such file or directory
[pod/example-vttablet-zone1-0942943782-67bcbcdb/vttablet] I0212 23:57:48.517017       1 rpc_server.go:83] TabletManager.VReplicationExec(query:"select distinct workflow from _vt.vreplication where state != 'Stopped' and db_name = 'benchmark'")(on zone1-0942943782 from ): (*tabletmanagerdata.VReplicationExecResponse)(nil)
[pod/example-vttablet-zone1-0942943782-67bcbcdb/vttablet] I0212 23:58:05.139821       1 rpc_server.go:83] TabletManager.VReplicationExec(query:"select distinct workflow from _vt.vreplication where state != 'Stopped' and db_name = 'benchmark'")(on zone1-0942943782 from ): (*tabletmanagerdata.VReplicationExecResponse)(nil)
[pod/example-vttablet-zone1-0942943782-67bcbcdb/vttablet] I0212 23:58:05.458826       1 rpc_server.go:83] TabletManager.VReplicationExec(query:"select distinct workflow from _vt.vreplication where state != 'Stopped' and db_name = 'benchmark'")(on zone1-0942943782 from ): (*tabletmanagerdata.VReplicationExecResponse)(nil)
[pod/example-vttablet-zone1-0942943782-67bcbcdb/vttablet] I0212 23:58:05.548503       1 rpc_server.go:83] TabletManager.VReplicationExec(query:"select distinct workflow from _vt.vreplication where state != 'Stopped' and db_name = 'benchmark'")(on zone1-0942943782 from ): (*tabletmanagerdata.VReplicationExecResponse)(nil)
[pod/example-vttablet-zone1-0942943782-67bcbcdb/vttablet] I0212 23:58:22.666404       1 rpc_server.go:83] TabletManager.VReplicationExec(query:"select distinct workflow from _vt.vreplication where state != 'Stopped' and db_name = 'benchmark'")(on zone1-0942943782 from ): (*tabletmanagerdata.VReplicationExecResponse)(nil)
[pod/example-vttablet-zone1-0942943782-67bcbcdb/vttablet] I0212 23:58:35.674083       1 rpc_server.go:83] TabletManager.VReplicationExec(query:"select distinct workflow from _vt.vreplication where state != 'Stopped' and db_name = 'benchmark'")(on zone1-0942943782 from ): (*tabletmanagerdata.VReplicationExecResponse)(nil)
[pod/example-vttablet-zone1-0942943782-67bcbcdb/vttablet] E0212 23:58:42.214308       1 query_throttler.go:140] Error loading config: open /config/throttler-config.json: no such file or directory
[pod/example-vttablet-zone1-0942943782-67bcbcdb/vttablet] I0212 23:58:51.268395       1 rpc_server.go:83] TabletManager.VReplicationExec(query:"select distinct workflow from _vt.vreplication where state != 'Stopped' and db_name = 'benchmark'")(on zone1-0942943782 from ): (*tabletmanagerdata.VReplicationExecResponse)(nil)
[pod/example-vttablet-zone1-0942943782-67bcbcdb/vttablet] I0212 23:59:00.135831       1 rpc_server.go:83] TabletManager.VReplicationExec(query:"select distinct workflow from _vt.vreplication where state != 'Stopped' and db_name = 'benchmark'")(on zone1-0942943782 from ): (*tabletmanagerdata.VReplicationExecResponse)(nil)
[pod/example-vttablet-zone1-0942943782-67bcbcdb/vttablet] I0212 23:59:18.566017       1 rpc_server.go:83] TabletManager.VReplicationExec(query:"select distinct workflow from _vt.vreplication where state != 'Stopped' and db_name = 'benchmark'")(on zone1-0942943782 from ): (*tabletmanagerdata.VReplicationExecResponse)(nil)
[pod/example-vttablet-zone1-0942943782-67bcbcdb/vttablet] I0212 23:59:33.151825       1 rpc_server.go:83] TabletManager.VReplicationExec(query:"select distinct workflow from _vt.vreplication where state != 'Stopped' and db_name = 'benchmark'")(on zone1-0942943782 from ): (*tabletmanagerdata.VReplicationExecResponse)(nil)
[pod/example-vttablet-zone1-0942943782-67bcbcdb/vttablet] E0212 23:59:42.214097       1 query_throttler.go:140] Error loading config: open /config/throttler-config.json: no such file or directory
[pod/example-vttablet-zone1-0942943782-67bcbcdb/vttablet] I0212 23:59:51.021449       1 rpc_server.go:83] TabletManager.VReplicationExec(query:"select distinct workflow from _vt.vreplication where state != 'Stopped' and db_name = 'benchmark'")(on zone1-0942943782 from ): (*tabletmanagerdata.VReplicationExecResponse)(nil)
[pod/example-vttablet-zone1-0942943782-67bcbcdb/vttablet] I0213 00:00:08.732968       1 rpc_server.go:83] TabletManager.VReplicationExec(query:"select distinct workflow from _vt.vreplication where state != 'Stopped' and db_name = 'benchmark'")(on zone1-0942943782 from ): (*tabletmanagerdata.VReplicationExecResponse)(nil)
[pod/example-vttablet-zone1-0942943782-67bcbcdb/vttablet] I0213 00:00:21.564745       1 rpc_server.go:83] TabletManager.VReplicationExec(query:"select distinct workflow from _vt.vreplication where state != 'Stopped' and db_name = 'benchmark'")(on zone1-0942943782 from ): (*tabletmanagerdata.VReplicationExecResponse)(nil)
[pod/example-vttablet-zone1-0942943782-67bcbcdb/vttablet] I0213 00:00:37.492773       1 rpc_server.go:83] TabletManager.VReplicationExec(query:"select distinct workflow from _vt.vreplication where state != 'Stopped' and db_name = 'benchmark'")(on zone1-0942943782 from ): (*tabletmanagerdata.VReplicationExecResponse)(nil)
[pod/example-vttablet-zone1-0942943782-67bcbcdb/vttablet] E0213 00:00:42.213811       1 query_throttler.go:140] Error loading config: open /config/throttler-config.json: no such file or directory
[pod/example-vttablet-zone1-0942943782-67bcbcdb/vttablet] I0213 00:00:53.935396       1 rpc_server.go:83] TabletManager.VReplicationExec(query:"select distinct workflow from _vt.vreplication where state != 'Stopped' and db_name = 'benchmark'")(on zone1-0942943782 from ): (*tabletmanagerdata.VReplicationExecResponse)(nil)
[pod/example-vttablet-zone1-0942943782-67bcbcdb/vttablet] I0213 00:01:11.821248       1 rpc_server.go:83] TabletManager.VReplicationExec(query:"select distinct workflow from _vt.vreplication where state != 'Stopped' and db_name = 'benchmark'")(on zone1-0942943782 from ): (*tabletmanagerdata.VReplicationExecResponse)(nil)
[pod/example-vttablet-zone1-0942943782-67bcbcdb/vttablet] I0213 00:01:25.583901       1 rpc_server.go:83] TabletManager.VReplicationExec(query:"select distinct workflow from _vt.vreplication where state != 'Stopped' and db_name = 'benchmark'")(on zone1-0942943782 from ): (*tabletmanagerdata.VReplicationExecResponse)(nil)
[pod/example-vttablet-zone1-0942943782-67bcbcdb/vttablet] I0213 00:01:39.044627       1 rpc_server.go:83] TabletManager.VReplicationExec(query:"select distinct workflow from _vt.vreplication where state != 'Stopped' and db_name = 'benchmark'")(on zone1-0942943782 from ): (*tabletmanagerdata.VReplicationExecResponse)(nil)
[pod/example-vttablet-zone1-0942943782-67bcbcdb/vttablet] E0213 00:01:42.214072       1 query_throttler.go:140] Error loading config: open /config/throttler-config.json: no such file or directory
[pod/example-vttablet-zone1-0942943782-67bcbcdb/vttablet] I0213 00:01:55.906192       1 rpc_server.go:83] TabletManager.VReplicationExec(query:"select distinct workflow from _vt.vreplication where state != 'Stopped' and db_name = 'benchmark'")(on zone1-0942943782 from ): (*tabletmanagerdata.VReplicationExecResponse)(nil)
[pod/example-vttablet-zone1-0942943782-67bcbcdb/vttablet] I0213 00:02:11.361400       1 rpc_server.go:83] TabletManager.VReplicationExec(query:"select distinct workflow from _vt.vreplication where state != 'Stopped' and db_name = 'benchmark'")(on zone1-0942943782 from ): (*tabletmanagerdata.VReplicationExecResponse)(nil)
[pod/example-vttablet-zone1-0942943782-67bcbcdb/vttablet] I0213 00:02:29.205899       1 rpc_server.go:83] TabletManager.VReplicationExec(query:"select distinct workflow from _vt.vreplication where state != 'Stopped' and db_name = 'benchmark'")(on zone1-0942943782 from ): (*tabletmanagerdata.VReplicationExecResponse)(nil)
[pod/example-vttablet-zone1-0942943782-67bcbcdb/vttablet] E0213 00:02:42.214268       1 query_throttler.go:140] Error loading config: open /config/throttler-config.json: no such file or directory
[pod/example-vttablet-zone1-0942943782-67bcbcdb/vttablet] I0213 00:02:44.071979       1 rpc_server.go:83] TabletManager.VReplicationExec(query:"select distinct workflow from _vt.vreplication where state != 'Stopped' and db_name = 'benchmark'")(on zone1-0942943782 from ): (*tabletmanagerdata.VReplicationExecResponse)(nil)
[pod/example-vttablet-zone1-0942943782-67bcbcdb/vttablet] I0213 00:02:58.072605       1 rpc_server.go:83] TabletManager.VReplicationExec(query:"select distinct workflow from _vt.vreplication where state != 'Stopped' and db_name = 'benchmark'")(on zone1-0942943782 from ): (*tabletmanagerdata.VReplicationExecResponse)(nil)
[pod/example-vttablet-zone1-0942943782-67bcbcdb/vttablet] I0213 00:03:10.112483       1 rpc_server.go:83] TabletManager.VReplicationExec(query:"select distinct workflow from _vt.vreplication where state != 'Stopped' and db_name = 'benchmark'")(on zone1-0942943782 from ): (*tabletmanagerdata.VReplicationExecResponse)(nil)
[pod/example-vttablet-zone1-0942943782-67bcbcdb/vttablet] I0213 00:03:24.326975       1 rpc_server.go:83] TabletManager.VReplicationExec(query:"select distinct workflow from _vt.vreplication where state != 'Stopped' and db_name = 'benchmark'")(on zone1-0942943782 from ): (*tabletmanagerdata.VReplicationExecResponse)(nil)
[pod/example-vttablet-zone1-0942943782-67bcbcdb/vttablet] I0213 00:03:36.314957       1 rpc_server.go:83] TabletManager.VReplicationExec(query:"select distinct workflow from _vt.vreplication where state != 'Stopped' and db_name = 'benchmark'")(on zone1-0942943782 from ): (*tabletmanagerdata.VReplicationExecResponse)(nil)
[pod/example-vttablet-zone1-0942943782-67bcbcdb/vttablet] E0213 00:03:42.218199       1 query_throttler.go:140] Error loading config: open /config/throttler-config.json: no such file or directory
[pod/example-vttablet-zone1-0942943782-67bcbcdb/vttablet] I0213 00:03:51.696945       1 rpc_server.go:83] TabletManager.VReplicationExec(query:"select distinct workflow from _vt.vreplication where state != 'Stopped' and db_name = 'benchmark'")(on zone1-0942943782 from ): (*tabletmanagerdata.VReplicationExecResponse)(nil)
[pod/example-vttablet-zone1-0942943782-67bcbcdb/vttablet] I0213 00:04:08.051532       1 rpc_server.go:83] TabletManager.VReplicationExec(query:"select distinct workflow from _vt.vreplication where state != 'Stopped' and db_name = 'benchmark'")(on zone1-0942943782 from ): (*tabletmanagerdata.VReplicationExecResponse)(nil)
[pod/example-vttablet-zone1-0942943782-67bcbcdb/vttablet] I0213 00:04:19.756528       1 rpc_server.go:83] TabletManager.VReplicationExec(query:"select distinct workflow from _vt.vreplication where state != 'Stopped' and db_name = 'benchmark'")(on zone1-0942943782 from ): (*tabletmanagerdata.VReplicationExecResponse)(nil)
[pod/example-vttablet-zone1-0942943782-67bcbcdb/vttablet] I0213 00:04:36.187356       1 rpc_server.go:83] TabletManager.VReplicationExec(query:"select distinct workflow from _vt.vreplication where state != 'Stopped' and db_name = 'benchmark'")(on zone1-0942943782 from ): (*tabletmanagerdata.VReplicationExecResponse)(nil)
[pod/example-vttablet-zone1-0942943782-67bcbcdb/vttablet] E0213 00:04:42.229289       1 query_throttler.go:140] Error loading config: open /config/throttler-config.json: no such file or directory
[pod/example-vttablet-zone1-0942943782-67bcbcdb/vttablet] I0213 00:04:48.933397       1 rpc_server.go:83] TabletManager.VReplicationExec(query:"select distinct workflow from _vt.vreplication where state != 'Stopped' and db_name = 'benchmark'")(on zone1-0942943782 from ): (*tabletmanagerdata.VReplicationExecResponse)(nil)
[pod/example-vttablet-zone1-0942943782-67bcbcdb/vttablet] I0213 00:05:02.586432       1 rpc_server.go:83] TabletManager.VReplicationExec(query:"select distinct workflow from _vt.vreplication where state != 'Stopped' and db_name = 'benchmark'")(on zone1-0942943782 from ): (*tabletmanagerdata.VReplicationExecResponse)(nil)
[pod/example-vttablet-zone1-0942943782-67bcbcdb/vttablet] I0213 00:05:17.605086       1 rpc_server.go:83] TabletManager.VReplicationExec(query:"select distinct workflow from _vt.vreplication where state != 'Stopped' and db_name = 'benchmark'")(on zone1-0942943782 from ): (*tabletmanagerdata.VReplicationExecResponse)(nil)
[pod/example-vttablet-zone1-0942943782-67bcbcdb/vttablet] I0213 00:05:32.942011       1 rpc_server.go:83] TabletManager.VReplicationExec(query:"select distinct workflow from _vt.vreplication where state != 'Stopped' and db_name = 'benchmark'")(on zone1-0942943782 from ): (*tabletmanagerdata.VReplicationExecResponse)(nil)
[pod/example-vttablet-zone1-0942943782-67bcbcdb/vttablet] E0213 00:05:42.213826       1 query_throttler.go:140] Error loading config: open /config/throttler-config.json: no such file or directory
[pod/example-vttablet-zone1-0942943782-67bcbcdb/vttablet] I0213 00:05:50.743325       1 rpc_server.go:83] TabletManager.VReplicationExec(query:"select distinct workflow from _vt.vreplication where state != 'Stopped' and db_name = 'benchmark'")(on zone1-0942943782 from ): (*tabletmanagerdata.VReplicationExecResponse)(nil)
[pod/example-vttablet-zone1-0942943782-67bcbcdb/vttablet] I0213 00:06:02.314232       1 rpc_server.go:83] TabletManager.VReplicationExec(query:"select distinct workflow from _vt.vreplication where state != 'Stopped' and db_name = 'benchmark'")(on zone1-0942943782 from ): (*tabletmanagerdata.VReplicationExecResponse)(nil)
[pod/example-vttablet-zone1-0942943782-67bcbcdb/vttablet] I0213 00:06:20.494785       1 rpc_server.go:83] TabletManager.VReplicationExec(query:"select distinct workflow from _vt.vreplication where state != 'Stopped' and db_name = 'benchmark'")(on zone1-0942943782 from ): (*tabletmanagerdata.VReplicationExecResponse)(nil)
[pod/example-vttablet-zone1-0942943782-67bcbcdb/vttablet] I0213 00:06:36.667409       1 rpc_server.go:83] TabletManager.VReplicationExec(query:"select distinct workflow from _vt.vreplication where state != 'Stopped' and db_name = 'benchmark'")(on zone1-0942943782 from ): (*tabletmanagerdata.VReplicationExecResponse)(nil)
[pod/example-vttablet-zone1-0942943782-67bcbcdb/vttablet] E0213 00:06:42.217610       1 query_throttler.go:140] Error loading config: open /config/throttler-config.json: no such file or directory
[pod/example-vttablet-zone1-0942943782-67bcbcdb/vttablet] I0213 00:06:55.277032       1 rpc_server.go:83] TabletManager.VReplicationExec(query:"select distinct workflow from _vt.vreplication where state != 'Stopped' and db_name = 'benchmark'")(on zone1-0942943782 from ): (*tabletmanagerdata.VReplicationExecResponse)(nil)
[pod/example-vttablet-zone1-0942943782-67bcbcdb/vttablet] I0213 00:07:10.354044       1 rpc_server.go:83] TabletManager.VReplicationExec(query:"select distinct workflow from _vt.vreplication where state != 'Stopped' and db_name = 'benchmark'")(on zone1-0942943782 from ): (*tabletmanagerdata.VReplicationExecResponse)(nil)
[pod/example-vttablet-zone1-0942943782-67bcbcdb/vttablet] I0213 00:07:29.026231       1 rpc_server.go:83] TabletManager.VReplicationExec(query:"select distinct workflow from _vt.vreplication where state != 'Stopped' and db_name = 'benchmark'")(on zone1-0942943782 from ): (*tabletmanagerdata.VReplicationExecResponse)(nil)
[pod/example-vttablet-zone1-0942943782-67bcbcdb/vttablet] E0213 00:07:42.220976       1 query_throttler.go:140] Error loading config: open /config/throttler-config.json: no such file or directory
[pod/example-vttablet-zone1-0942943782-67bcbcdb/vttablet] I0213 00:07:44.255318       1 rpc_server.go:83] TabletManager.VReplicationExec(query:"select distinct workflow from _vt.vreplication where state != 'Stopped' and db_name = 'benchmark'")(on zone1-0942943782 from ): (*tabletmanagerdata.VReplicationExecResponse)(nil)
[pod/example-vttablet-zone1-0942943782-67bcbcdb/vttablet] I0213 00:08:01.573309       1 rpc_server.go:83] TabletManager.VReplicationExec(query:"select distinct workflow from _vt.vreplication where state != 'Stopped' and db_name = 'benchmark'")(on zone1-0942943782 from ): (*tabletmanagerdata.VReplicationExecResponse)(nil)
[pod/example-vttablet-zone1-0942943782-67bcbcdb/vttablet] I0213 00:08:14.396623       1 rpc_server.go:83] TabletManager.VReplicationExec(query:"select distinct workflow from _vt.vreplication where state != 'Stopped' and db_name = 'benchmark'")(on zone1-0942943782 from ): (*tabletmanagerdata.VReplicationExecResponse)(nil)
[pod/example-vttablet-zone1-0942943782-67bcbcdb/vttablet] I0213 00:08:28.199561       1 rpc_server.go:83] TabletManager.VReplicationExec(query:"select distinct workflow from _vt.vreplication where state != 'Stopped' and db_name = 'benchmark'")(on zone1-0942943782 from ): (*tabletmanagerdata.VReplicationExecResponse)(nil)
[pod/example-vttablet-zone1-0942943782-67bcbcdb/vttablet] I0213 00:08:29.535046       1 rpc_server.go:83] TabletManager.VReplicationExec(query:"select distinct workflow from _vt.vreplication where state != 'Stopped' and db_name = 'benchmark'")(on zone1-0942943782 from ): (*tabletmanagerdata.VReplicationExecResponse)(nil)
[pod/example-vttablet-zone1-0942943782-67bcbcdb/vttablet] I0213 00:08:29.710115       1 rpc_server.go:83] TabletManager.VReplicationExec(query:"select distinct workflow from _vt.vreplication where state != 'Stopped' and db_name = 'benchmark'")(on zone1-0942943782 from ): (*tabletmanagerdata.VReplicationExecResponse)(nil)
[pod/example-vttablet-zone1-0942943782-67bcbcdb/vttablet] E0213 00:08:42.220679       1 query_throttler.go:140] Error loading config: open /config/throttler-config.json: no such file or directory
[pod/example-vttablet-zone1-0942943782-67bcbcdb/vttablet] I0213 00:08:45.715725       1 rpc_server.go:83] TabletManager.VReplicationExec(query:"select distinct workflow from _vt.vreplication where state != 'Stopped' and db_name = 'benchmark'")(on zone1-0942943782 from ): (*tabletmanagerdata.VReplicationExecResponse)(nil)
[pod/example-vttablet-zone1-0942943782-67bcbcdb/vttablet] I0213 00:08:59.906374       1 rpc_server.go:83] TabletManager.VReplicationExec(query:"select distinct workflow from _vt.vreplication where state != 'Stopped' and db_name = 'benchmark'")(on zone1-0942943782 from ): (*tabletmanagerdata.VReplicationExecResponse)(nil)
[pod/example-vttablet-zone1-0942943782-67bcbcdb/vttablet] I0213 00:09:12.564861       1 rpc_server.go:83] TabletManager.VReplicationExec(query:"select distinct workflow from _vt.vreplication where state != 'Stopped' and db_name = 'benchmark'")(on zone1-0942943782 from ): (*tabletmanagerdata.VReplicationExecResponse)(nil)
[pod/example-vttablet-zone1-0942943782-67bcbcdb/vttablet] I0213 00:09:25.882898       1 rpc_server.go:83] TabletManager.VReplicationExec(query:"select distinct workflow from _vt.vreplication where state != 'Stopped' and db_name = 'benchmark'")(on zone1-0942943782 from ): (*tabletmanagerdata.VReplicationExecResponse)(nil)
[pod/example-vttablet-zone1-0942943782-67bcbcdb/vttablet] E0213 00:09:42.222733       1 query_throttler.go:140] Error loading config: open /config/throttler-config.json: no such file or directory
[pod/example-vttablet-zone1-0942943782-67bcbcdb/vttablet] I0213 00:09:44.351476       1 rpc_server.go:83] TabletManager.VReplicationExec(query:"select distinct workflow from _vt.vreplication where state != 'Stopped' and db_name = 'benchmark'")(on zone1-0942943782 from ): (*tabletmanagerdata.VReplicationExecResponse)(nil)
[pod/example-vttablet-zone1-0942943782-67bcbcdb/vttablet] I0213 00:09:56.234917       1 rpc_server.go:83] TabletManager.VReplicationExec(query:"select distinct workflow from _vt.vreplication where state != 'Stopped' and db_name = 'benchmark'")(on zone1-0942943782 from ): (*tabletmanagerdata.VReplicationExecResponse)(nil)
[pod/example-vttablet-zone1-0942943782-67bcbcdb/vttablet] I0213 00:10:09.271177       1 rpc_server.go:83] TabletManager.VReplicationExec(query:"select distinct workflow from _vt.vreplication where state != 'Stopped' and db_name = 'benchmark'")(on zone1-0942943782 from ): (*tabletmanagerdata.VReplicationExecResponse)(nil)
[pod/example-vttablet-zone1-0942943782-67bcbcdb/vttablet] I0213 00:10:22.341512       1 rpc_server.go:83] TabletManager.VReplicationExec(query:"select distinct workflow from _vt.vreplication where state != 'Stopped' and db_name = 'benchmark'")(on zone1-0942943782 from ): (*tabletmanagerdata.VReplicationExecResponse)(nil)
[pod/example-vttablet-zone1-0942943782-67bcbcdb/vttablet] I0213 00:10:33.829057       1 rpc_server.go:83] TabletManager.VReplicationExec(query:"select distinct workflow from _vt.vreplication where state != 'Stopped' and db_name = 'benchmark'")(on zone1-0942943782 from ): (*tabletmanagerdata.VReplicationExecResponse)(nil)
[pod/example-vttablet-zone1-0942943782-67bcbcdb/vttablet] E0213 00:10:42.215260       1 query_throttler.go:140] Error loading config: open /config/throttler-config.json: no such file or directory
[pod/example-vttablet-zone1-0942943782-67bcbcdb/vttablet] I0213 00:10:48.755055       1 rpc_server.go:83] TabletManager.VReplicationExec(query:"select distinct workflow from _vt.vreplication where state != 'Stopped' and db_name = 'benchmark'")(on zone1-0942943782 from ): (*tabletmanagerdata.VReplicationExecResponse)(nil)
[pod/example-vttablet-zone1-0942943782-67bcbcdb/vttablet] I0213 00:11:06.091602       1 rpc_server.go:83] TabletManager.VReplicationExec(query:"select distinct workflow from _vt.vreplication where state != 'Stopped' and db_name = 'benchmark'")(on zone1-0942943782 from ): (*tabletmanagerdata.VReplicationExecResponse)(nil)
[pod/example-vttablet-zone1-0942943782-67bcbcdb/vttablet] I0213 00:11:21.315059       1 rpc_server.go:83] TabletManager.VReplicationExec(query:"select distinct workflow from _vt.vreplication where state != 'Stopped' and db_name = 'benchmark'")(on zone1-0942943782 from ): (*tabletmanagerdata.VReplicationExecResponse)(nil)
[pod/example-vttablet-zone1-0942943782-67bcbcdb/vttablet] I0213 00:11:35.944236       1 rpc_server.go:83] TabletManager.VReplicationExec(query:"select distinct workflow from _vt.vreplication where state != 'Stopped' and db_name = 'benchmark'")(on zone1-0942943782 from ): (*tabletmanagerdata.VReplicationExecResponse)(nil)
[pod/example-vttablet-zone1-0942943782-67bcbcdb/vttablet] E0213 00:11:42.218228       1 query_throttler.go:140] Error loading config: open /config/throttler-config.json: no such file or directory
[pod/example-vttablet-zone1-0942943782-67bcbcdb/vttablet] I0213 00:11:49.759109       1 rpc_server.go:83] TabletManager.VReplicationExec(query:"select distinct workflow from _vt.vreplication where state != 'Stopped' and db_name = 'benchmark'")(on zone1-0942943782 from ): (*tabletmanagerdata.VReplicationExecResponse)(nil)
[pod/example-vttablet-zone1-0942943782-67bcbcdb/vttablet] I0213 00:12:07.564804       1 rpc_server.go:83] TabletManager.VReplicationExec(query:"select distinct workflow from _vt.vreplication where state != 'Stopped' and db_name = 'benchmark'")(on zone1-0942943782 from ): (*tabletmanagerdata.VReplicationExecResponse)(nil)
[pod/example-vttablet-zone1-0942943782-67bcbcdb/vttablet] I0213 00:12:20.703690       1 rpc_server.go:83] TabletManager.VReplicationExec(query:"select distinct workflow from _vt.vreplication where state != 'Stopped' and db_name = 'benchmark'")(on zone1-0942943782 from ): (*tabletmanagerdata.VReplicationExecResponse)(nil)
[pod/example-vttablet-zone1-0942943782-67bcbcdb/vttablet] I0213 00:12:34.585136       1 rpc_server.go:83] TabletManager.VReplicationExec(query:"select distinct workflow from _vt.vreplication where state != 'Stopped' and db_name = 'benchmark'")(on zone1-0942943782 from ): (*tabletmanagerdata.VReplicationExecResponse)(nil)
[pod/example-vttablet-zone1-0942943782-67bcbcdb/vttablet] E0213 00:12:42.223805       1 query_throttler.go:140] Error loading config: open /config/throttler-config.json: no such file or directory
[pod/example-vttablet-zone1-0942943782-67bcbcdb/vttablet] I0213 00:12:49.754700       1 rpc_server.go:83] TabletManager.VReplicationExec(query:"select distinct workflow from _vt.vreplication where state != 'Stopped' and db_name = 'benchmark'")(on zone1-0942943782 from ): (*tabletmanagerdata.VReplicationExecResponse)(nil)
[pod/example-vttablet-zone1-0942943782-67bcbcdb/vttablet] I0213 00:13:08.044410       1 rpc_server.go:83] TabletManager.VReplicationExec(query:"select distinct workflow from _vt.vreplication where state != 'Stopped' and db_name = 'benchmark'")(on zone1-0942943782 from ): (*tabletmanagerdata.VReplicationExecResponse)(nil)
[pod/example-vttablet-zone1-0942943782-67bcbcdb/vttablet] I0213 00:13:22.438651       1 rpc_server.go:83] TabletManager.VReplicationExec(query:"select distinct workflow from _vt.vreplication where state != 'Stopped' and db_name = 'benchmark'")(on zone1-0942943782 from ): (*tabletmanagerdata.VReplicationExecResponse)(nil)
[pod/example-vttablet-zone1-0942943782-67bcbcdb/vttablet] I0213 00:13:37.628982       1 rpc_server.go:83] TabletManager.VReplicationExec(query:"select distinct workflow from _vt.vreplication where state != 'Stopped' and db_name = 'benchmark'")(on zone1-0942943782 from ): (*tabletmanagerdata.VReplicationExecResponse)(nil)
[pod/example-vttablet-zone1-0942943782-67bcbcdb/vttablet] E0213 00:13:42.213769       1 query_throttler.go:140] Error loading config: open /config/throttler-config.json: no such file or directory
[pod/example-vttablet-zone1-0942943782-67bcbcdb/vttablet] I0213 00:13:52.015659       1 rpc_server.go:83] TabletManager.VReplicationExec(query:"select distinct workflow from _vt.vreplication where state != 'Stopped' and db_name = 'benchmark'")(on zone1-0942943782 from ): (*tabletmanagerdata.VReplicationExecResponse)(nil)
[pod/example-vttablet-zone1-0942943782-67bcbcdb/vttablet] I0213 00:14:06.536209       1 rpc_server.go:83] TabletManager.VReplicationExec(query:"select distinct workflow from _vt.vreplication where state != 'Stopped' and db_name = 'benchmark'")(on zone1-0942943782 from ): (*tabletmanagerdata.VReplicationExecResponse)(nil)
[pod/example-vttablet-zone1-0942943782-67bcbcdb/vttablet] I0213 00:14:18.578897       1 rpc_server.go:83] TabletManager.VReplicationExec(query:"select distinct workflow from _vt.vreplication where state != 'Stopped' and db_name = 'benchmark'")(on zone1-0942943782 from ): (*tabletmanagerdata.VReplicationExecResponse)(nil)
[pod/example-vttablet-zone1-0942943782-67bcbcdb/vttablet] I0213 00:14:30.720084       1 rpc_server.go:83] TabletManager.VReplicationExec(query:"select distinct workflow from _vt.vreplication where state != 'Stopped' and db_name = 'benchmark'")(on zone1-0942943782 from ): (*tabletmanagerdata.VReplicationExecResponse)(nil)
[pod/example-vttablet-zone1-0942943782-67bcbcdb/vttablet] E0213 00:14:42.214024       1 query_throttler.go:140] Error loading config: open /config/throttler-config.json: no such file or directory
[pod/example-vttablet-zone1-0942943782-67bcbcdb/vttablet] I0213 00:14:48.185900       1 rpc_server.go:83] TabletManager.VReplicationExec(query:"select distinct workflow from _vt.vreplication where state != 'Stopped' and db_name = 'benchmark'")(on zone1-0942943782 from ): (*tabletmanagerdata.VReplicationExecResponse)(nil)
[pod/example-vttablet-zone1-0942943782-67bcbcdb/vttablet] I0213 00:15:04.604265       1 rpc_server.go:83] TabletManager.VReplicationExec(query:"select distinct workflow from _vt.vreplication where state != 'Stopped' and db_name = 'benchmark'")(on zone1-0942943782 from ): (*tabletmanagerdata.VReplicationExecResponse)(nil)
[pod/example-vttablet-zone1-0942943782-67bcbcdb/vttablet] I0213 00:15:17.213855       1 rpc_server.go:83] TabletManager.VReplicationExec(query:"select distinct workflow from _vt.vreplication where state != 'Stopped' and db_name = 'benchmark'")(on zone1-0942943782 from ): (*tabletmanagerdata.VReplicationExecResponse)(nil)
[pod/example-vttablet-zone1-0942943782-67bcbcdb/vttablet] I0213 00:15:33.047968       1 rpc_server.go:83] TabletManager.VReplicationExec(query:"select distinct workflow from _vt.vreplication where state != 'Stopped' and db_name = 'benchmark'")(on zone1-0942943782 from ): (*tabletmanagerdata.VReplicationExecResponse)(nil)
[pod/example-vttablet-zone1-0942943782-67bcbcdb/vttablet] E0213 00:15:42.217725       1 query_throttler.go:140] Error loading config: open /config/throttler-config.json: no such file or directory
[pod/example-vttablet-zone1-0942943782-67bcbcdb/vttablet] I0213 00:15:50.265310       1 rpc_server.go:83] TabletManager.VReplicationExec(query:"select distinct workflow from _vt.vreplication where state != 'Stopped' and db_name = 'benchmark'")(on zone1-0942943782 from ): (*tabletmanagerdata.VReplicationExecResponse)(nil)
[pod/example-vttablet-zone1-0942943782-67bcbcdb/vttablet] I0213 00:16:08.642847       1 rpc_server.go:83] TabletManager.VReplicationExec(query:"select distinct workflow from _vt.vreplication where state != 'Stopped' and db_name = 'benchmark'")(on zone1-0942943782 from ): (*tabletmanagerdata.VReplicationExecResponse)(nil)
[pod/example-vttablet-zone1-0942943782-67bcbcdb/vttablet] I0213 00:16:21.288892       1 rpc_server.go:83] TabletManager.VReplicationExec(query:"select distinct workflow from _vt.vreplication where state != 'Stopped' and db_name = 'benchmark'")(on zone1-0942943782 from ): (*tabletmanagerdata.VReplicationExecResponse)(nil)
[pod/example-vttablet-zone1-0942943782-67bcbcdb/vttablet] I0213 00:16:36.613421       1 rpc_server.go:83] TabletManager.VReplicationExec(query:"select distinct workflow from _vt.vreplication where state != 'Stopped' and db_name = 'benchmark'")(on zone1-0942943782 from ): (*tabletmanagerdata.VReplicationExecResponse)(nil)
[pod/example-vttablet-zone1-0942943782-67bcbcdb/vttablet] E0213 00:16:42.216439       1 query_throttler.go:140] Error loading config: open /config/throttler-config.json: no such file or directory
[pod/example-vttablet-zone1-0942943782-67bcbcdb/vttablet] I0213 00:16:50.774366       1 rpc_server.go:83] TabletManager.VReplicationExec(query:"select distinct workflow from _vt.vreplication where state != 'Stopped' and db_name = 'benchmark'")(on zone1-0942943782 from ): (*tabletmanagerdata.VReplicationExecResponse)(nil)
[pod/example-vttablet-zone1-0942943782-67bcbcdb/vttablet] I0213 00:17:08.287510       1 rpc_server.go:83] TabletManager.VReplicationExec(query:"select distinct workflow from _vt.vreplication where state != 'Stopped' and db_name = 'benchmark'")(on zone1-0942943782 from ): (*tabletmanagerdata.VReplicationExecResponse)(nil)
[pod/example-vttablet-zone1-0942943782-67bcbcdb/vttablet] I0213 00:17:26.973265       1 rpc_server.go:83] TabletManager.VReplicationExec(query:"select distinct workflow from _vt.vreplication where state != 'Stopped' and db_name = 'benchmark'")(on zone1-0942943782 from ): (*tabletmanagerdata.VReplicationExecResponse)(nil)
[pod/example-vttablet-zone1-0942943782-67bcbcdb/vttablet] I0213 00:17:41.361426       1 rpc_server.go:83] TabletManager.VReplicationExec(query:"select distinct workflow from _vt.vreplication where state != 'Stopped' and db_name = 'benchmark'")(on zone1-0942943782 from ): (*tabletmanagerdata.VReplicationExecResponse)(nil)
[pod/example-vttablet-zone1-0942943782-67bcbcdb/vttablet] E0213 00:17:42.213723       1 query_throttler.go:140] Error loading config: open /config/throttler-config.json: no such file or directory
[pod/example-vttablet-zone1-0942943782-67bcbcdb/vttablet] I0213 00:17:53.429706       1 rpc_server.go:83] TabletManager.VReplicationExec(query:"select distinct workflow from _vt.vreplication where state != 'Stopped' and db_name = 'benchmark'")(on zone1-0942943782 from ): (*tabletmanagerdata.VReplicationExecResponse)(nil)
[pod/example-vttablet-zone1-0942943782-67bcbcdb/vttablet] I0213 00:18:09.230470       1 rpc_server.go:83] TabletManager.VReplicationExec(query:"select distinct workflow from _vt.vreplication where state != 'Stopped' and db_name = 'benchmark'")(on zone1-0942943782 from ): (*tabletmanagerdata.VReplicationExecResponse)(nil)
[pod/example-vttablet-zone1-0942943782-67bcbcdb/vttablet] I0213 00:18:21.603916       1 rpc_server.go:83] TabletManager.VReplicationExec(query:"select distinct workflow from _vt.vreplication where state != 'Stopped' and db_name = 'benchmark'")(on zone1-0942943782 from ): (*tabletmanagerdata.VReplicationExecResponse)(nil)
[pod/example-vttablet-zone1-0942943782-67bcbcdb/vttablet] I0213 00:18:39.080866       1 rpc_server.go:83] TabletManager.VReplicationExec(query:"select distinct workflow from _vt.vreplication where state != 'Stopped' and db_name = 'benchmark'")(on zone1-0942943782 from ): (*tabletmanagerdata.VReplicationExecResponse)(nil)
[pod/example-vttablet-zone1-0942943782-67bcbcdb/vttablet] E0213 00:18:42.214394       1 query_throttler.go:140] Error loading config: open /config/throttler-config.json: no such file or directory
[pod/example-vttablet-zone1-0942943782-67bcbcdb/vttablet] I0213 00:18:52.798443       1 rpc_server.go:83] TabletManager.VReplicationExec(query:"select distinct workflow from _vt.vreplication where state != 'Stopped' and db_name = 'benchmark'")(on zone1-0942943782 from ): (*tabletmanagerdata.VReplicationExecResponse)(nil)
[pod/example-vttablet-zone1-0942943782-67bcbcdb/vttablet] I0213 00:18:53.396886       1 rpc_server.go:83] TabletManager.VReplicationExec(query:"select distinct workflow from _vt.vreplication where state != 'Stopped' and db_name = 'benchmark'")(on zone1-0942943782 from ): (*tabletmanagerdata.VReplicationExecResponse)(nil)
[pod/example-vttablet-zone1-0942943782-67bcbcdb/vttablet] I0213 00:18:53.587408       1 rpc_server.go:83] TabletManager.VReplicationExec(query:"select distinct workflow from _vt.vreplication where state != 'Stopped' and db_name = 'benchmark'")(on zone1-0942943782 from ): (*tabletmanagerdata.VReplicationExecResponse)(nil)
[pod/example-vttablet-zone1-0942943782-67bcbcdb/vttablet] I0213 00:19:08.531774       1 rpc_server.go:83] TabletManager.VReplicationExec(query:"select distinct workflow from _vt.vreplication where state != 'Stopped' and db_name = 'benchmark'")(on zone1-0942943782 from ): (*tabletmanagerdata.VReplicationExecResponse)(nil)
[pod/example-vttablet-zone1-0942943782-67bcbcdb/vttablet] I0213 00:19:24.432825       1 rpc_server.go:83] TabletManager.VReplicationExec(query:"select distinct workflow from _vt.vreplication where state != 'Stopped' and db_name = 'benchmark'")(on zone1-0942943782 from ): (*tabletmanagerdata.VReplicationExecResponse)(nil)
[pod/example-vttablet-zone1-0942943782-67bcbcdb/vttablet] I0213 00:19:37.985028       1 rpc_server.go:83] TabletManager.VReplicationExec(query:"select distinct workflow from _vt.vreplication where state != 'Stopped' and db_name = 'benchmark'")(on zone1-0942943782 from ): (*tabletmanagerdata.VReplicationExecResponse)(nil)
[pod/example-vttablet-zone1-0942943782-67bcbcdb/vttablet] E0213 00:19:42.218815       1 query_throttler.go:140] Error loading config: open /config/throttler-config.json: no such file or directory
[pod/example-vttablet-zone1-0942943782-67bcbcdb/vttablet] I0213 00:19:51.575642       1 rpc_server.go:83] TabletManager.VReplicationExec(query:"select distinct workflow from _vt.vreplication where state != 'Stopped' and db_name = 'benchmark'")(on zone1-0942943782 from ): (*tabletmanagerdata.VReplicationExecResponse)(nil)
[pod/example-vttablet-zone1-0942943782-67bcbcdb/vttablet] I0213 00:20:03.674915       1 rpc_server.go:83] TabletManager.VReplicationExec(query:"select distinct workflow from _vt.vreplication where state != 'Stopped' and db_name = 'benchmark'")(on zone1-0942943782 from ): (*tabletmanagerdata.VReplicationExecResponse)(nil)
[pod/example-vttablet-zone1-0942943782-67bcbcdb/vttablet] I0213 00:20:21.077401       1 rpc_server.go:83] TabletManager.VReplicationExec(query:"select distinct workflow from _vt.vreplication where state != 'Stopped' and db_name = 'benchmark'")(on zone1-0942943782 from ): (*tabletmanagerdata.VReplicationExecResponse)(nil)
[pod/example-vttablet-zone1-0942943782-67bcbcdb/vttablet] I0213 00:20:36.254661       1 rpc_server.go:83] TabletManager.VReplicationExec(query:"select distinct workflow from _vt.vreplication where state != 'Stopped' and db_name = 'benchmark'")(on zone1-0942943782 from ): (*tabletmanagerdata.VReplicationExecResponse)(nil)
[pod/example-vttablet-zone1-0942943782-67bcbcdb/vttablet] E0213 00:20:42.216313       1 query_throttler.go:140] Error loading config: open /config/throttler-config.json: no such file or directory
[pod/example-vttablet-zone1-0942943782-67bcbcdb/vttablet] I0213 00:20:51.630269       1 rpc_server.go:83] TabletManager.VReplicationExec(query:"select distinct workflow from _vt.vreplication where state != 'Stopped' and db_name = 'benchmark'")(on zone1-0942943782 from ): (*tabletmanagerdata.VReplicationExecResponse)(nil)
[pod/example-vttablet-zone1-0942943782-67bcbcdb/vttablet] I0213 00:21:03.743689       1 rpc_server.go:83] TabletManager.VReplicationExec(query:"select distinct workflow from _vt.vreplication where state != 'Stopped' and db_name = 'benchmark'")(on zone1-0942943782 from ): (*tabletmanagerdata.VReplicationExecResponse)(nil)
[pod/example-vttablet-zone1-0942943782-67bcbcdb/vttablet] I0213 00:21:17.460649       1 rpc_server.go:83] TabletManager.VReplicationExec(query:"select distinct workflow from _vt.vreplication where state != 'Stopped' and db_name = 'benchmark'")(on zone1-0942943782 from ): (*tabletmanagerdata.VReplicationExecResponse)(nil)
[pod/example-vttablet-zone1-0942943782-67bcbcdb/vttablet] I0213 00:21:29.190646       1 rpc_server.go:83] TabletManager.VReplicationExec(query:"select distinct workflow from _vt.vreplication where state != 'Stopped' and db_name = 'benchmark'")(on zone1-0942943782 from ): (*tabletmanagerdata.VReplicationExecResponse)(nil)
[pod/example-vttablet-zone1-0942943782-67bcbcdb/vttablet] E0213 00:21:42.214119       1 query_throttler.go:140] Error loading config: open /config/throttler-config.json: no such file or directory
[pod/example-vttablet-zone1-0942943782-67bcbcdb/vttablet] I0213 00:21:48.175402       1 rpc_server.go:83] TabletManager.VReplicationExec(query:"select distinct workflow from _vt.vreplication where state != 'Stopped' and db_name = 'benchmark'")(on zone1-0942943782 from ): (*tabletmanagerdata.VReplicationExecResponse)(nil)
[pod/example-vttablet-zone1-0942943782-67bcbcdb/vttablet] I0213 00:22:01.894585       1 rpc_server.go:83] TabletManager.VReplicationExec(query:"select distinct workflow from _vt.vreplication where state != 'Stopped' and db_name = 'benchmark'")(on zone1-0942943782 from ): (*tabletmanagerdata.VReplicationExecResponse)(nil)
[pod/example-vttablet-zone1-0942943782-67bcbcdb/vttablet] I0213 00:22:14.373790       1 rpc_server.go:83] TabletManager.VReplicationExec(query:"select distinct workflow from _vt.vreplication where state != 'Stopped' and db_name = 'benchmark'")(on zone1-0942943782 from ): (*tabletmanagerdata.VReplicationExecResponse)(nil)
[pod/example-vttablet-zone1-0942943782-67bcbcdb/vttablet] I0213 00:22:28.124074       1 rpc_server.go:83] TabletManager.VReplicationExec(query:"select distinct workflow from _vt.vreplication where state != 'Stopped' and db_name = 'benchmark'")(on zone1-0942943782 from ): (*tabletmanagerdata.VReplicationExecResponse)(nil)
[pod/example-vttablet-zone1-0942943782-67bcbcdb/vttablet] I0213 00:22:42.158315       1 rpc_server.go:83] TabletManager.VReplicationExec(query:"select distinct workflow from _vt.vreplication where state != 'Stopped' and db_name = 'benchmark'")(on zone1-0942943782 from ): (*tabletmanagerdata.VReplicationExecResponse)(nil)
[pod/example-vttablet-zone1-0942943782-67bcbcdb/vttablet] E0213 00:22:42.213995       1 query_throttler.go:140] Error loading config: open /config/throttler-config.json: no such file or directory
[pod/example-vttablet-zone1-0942943782-67bcbcdb/vttablet] I0213 00:22:54.501097       1 rpc_server.go:83] TabletManager.VReplicationExec(query:"select distinct workflow from _vt.vreplication where state != 'Stopped' and db_name = 'benchmark'")(on zone1-0942943782 from ): (*tabletmanagerdata.VReplicationExecResponse)(nil)
[pod/example-vttablet-zone1-0942943782-67bcbcdb/vttablet] I0213 00:23:09.055839       1 rpc_server.go:83] TabletManager.VReplicationExec(query:"select distinct workflow from _vt.vreplication where state != 'Stopped' and db_name = 'benchmark'")(on zone1-0942943782 from ): (*tabletmanagerdata.VReplicationExecResponse)(nil)
[pod/example-vttablet-zone1-0942943782-67bcbcdb/vttablet] I0213 00:23:26.636625       1 rpc_server.go:83] TabletManager.VReplicationExec(query:"select distinct workflow from _vt.vreplication where state != 'Stopped' and db_name = 'benchmark'")(on zone1-0942943782 from ): (*tabletmanagerdata.VReplicationExecResponse)(nil)
[pod/example-vttablet-zone1-0942943782-67bcbcdb/vttablet] I0213 00:23:41.488835       1 rpc_server.go:83] TabletManager.VReplicationExec(query:"select distinct workflow from _vt.vreplication where state != 'Stopped' and db_name = 'benchmark'")(on zone1-0942943782 from ): (*tabletmanagerdata.VReplicationExecResponse)(nil)
[pod/example-vttablet-zone1-0942943782-67bcbcdb/vttablet] E0213 00:23:42.214793       1 query_throttler.go:140] Error loading config: open /config/throttler-config.json: no such file or directory
[pod/example-vttablet-zone1-0942943782-67bcbcdb/vttablet] I0213 00:23:53.974547       1 rpc_server.go:83] TabletManager.VReplicationExec(query:"select distinct workflow from _vt.vreplication where state != 'Stopped' and db_name = 'benchmark'")(on zone1-0942943782 from ): (*tabletmanagerdata.VReplicationExecResponse)(nil)
[pod/example-vttablet-zone1-0942943782-67bcbcdb/vttablet] I0213 00:24:06.839937       1 rpc_server.go:83] TabletManager.VReplicationExec(query:"select distinct workflow from _vt.vreplication where state != 'Stopped' and db_name = 'benchmark'")(on zone1-0942943782 from ): (*tabletmanagerdata.VReplicationExecResponse)(nil)
[pod/example-vttablet-zone1-0942943782-67bcbcdb/vttablet] I0213 00:24:23.945843       1 rpc_server.go:83] TabletManager.VReplicationExec(query:"select distinct workflow from _vt.vreplication where state != 'Stopped' and db_name = 'benchmark'")(on zone1-0942943782 from ): (*tabletmanagerdata.VReplicationExecResponse)(nil)
[pod/example-vttablet-zone1-0942943782-67bcbcdb/vttablet] I0213 00:24:36.515314       1 rpc_server.go:83] TabletManager.VReplicationExec(query:"select distinct workflow from _vt.vreplication where state != 'Stopped' and db_name = 'benchmark'")(on zone1-0942943782 from ): (*tabletmanagerdata.VReplicationExecResponse)(nil)
[pod/example-vttablet-zone1-0942943782-67bcbcdb/vttablet] E0213 00:24:42.213873       1 query_throttler.go:140] Error loading config: open /config/throttler-config.json: no such file or directory
[pod/example-vttablet-zone1-0942943782-67bcbcdb/vttablet] I0213 00:24:53.917549       1 rpc_server.go:83] TabletManager.VReplicationExec(query:"select distinct workflow from _vt.vreplication where state != 'Stopped' and db_name = 'benchmark'")(on zone1-0942943782 from ): (*tabletmanagerdata.VReplicationExecResponse)(nil)
[pod/example-vttablet-zone1-0942943782-67bcbcdb/vttablet] I0213 00:25:11.520624       1 rpc_server.go:83] TabletManager.VReplicationExec(query:"select distinct workflow from _vt.vreplication where state != 'Stopped' and db_name = 'benchmark'")(on zone1-0942943782 from ): (*tabletmanagerdata.VReplicationExecResponse)(nil)
[pod/example-vttablet-zone1-0942943782-67bcbcdb/vttablet] I0213 00:25:23.520883       1 rpc_server.go:83] TabletManager.VReplicationExec(query:"select distinct workflow from _vt.vreplication where state != 'Stopped' and db_name = 'benchmark'")(on zone1-0942943782 from ): (*tabletmanagerdata.VReplicationExecResponse)(nil)
[pod/example-vttablet-zone1-0942943782-67bcbcdb/vttablet] I0213 00:25:40.444844       1 rpc_server.go:83] TabletManager.VReplicationExec(query:"select distinct workflow from _vt.vreplication where state != 'Stopped' and db_name = 'benchmark'")(on zone1-0942943782 from ): (*tabletmanagerdata.VReplicationExecResponse)(nil)
[pod/example-vttablet-zone1-0942943782-67bcbcdb/vttablet] E0213 00:25:42.216819       1 query_throttler.go:140] Error loading config: open /config/throttler-config.json: no such file or directory
[pod/example-vttablet-zone1-0942943782-67bcbcdb/vttablet] I0213 00:25:53.848654       1 rpc_server.go:83] TabletManager.VReplicationExec(query:"select distinct workflow from _vt.vreplication where state != 'Stopped' and db_name = 'benchmark'")(on zone1-0942943782 from ): (*tabletmanagerdata.VReplicationExecResponse)(nil)
[pod/example-vttablet-zone1-0942943782-67bcbcdb/vttablet] I0213 00:26:05.952623       1 rpc_server.go:83] TabletManager.VReplicationExec(query:"select distinct workflow from _vt.vreplication where state != 'Stopped' and db_name = 'benchmark'")(on zone1-0942943782 from ): (*tabletmanagerdata.VReplicationExecResponse)(nil)
[pod/example-vttablet-zone1-0942943782-67bcbcdb/vttablet] I0213 00:26:21.242323       1 rpc_server.go:83] TabletManager.VReplicationExec(query:"select distinct workflow from _vt.vreplication where state != 'Stopped' and db_name = 'benchmark'")(on zone1-0942943782 from ): (*tabletmanagerdata.VReplicationExecResponse)(nil)
[pod/example-vttablet-zone1-0942943782-67bcbcdb/vttablet] I0213 00:26:39.333956       1 rpc_server.go:83] TabletManager.VReplicationExec(query:"select distinct workflow from _vt.vreplication where state != 'Stopped' and db_name = 'benchmark'")(on zone1-0942943782 from ): (*tabletmanagerdata.VReplicationExecResponse)(nil)
[pod/example-vttablet-zone1-0942943782-67bcbcdb/vttablet] E0213 00:26:42.214085       1 query_throttler.go:140] Error loading config: open /config/throttler-config.json: no such file or directory
[pod/example-vttablet-zone1-0942943782-67bcbcdb/vttablet] I0213 00:26:55.007780       1 rpc_server.go:83] TabletManager.VReplicationExec(query:"select distinct workflow from _vt.vreplication where state != 'Stopped' and db_name = 'benchmark'")(on zone1-0942943782 from ): (*tabletmanagerdata.VReplicationExecResponse)(nil)
[pod/example-vttablet-zone1-0942943782-67bcbcdb/vttablet] I0213 00:27:09.737281       1 rpc_server.go:83] TabletManager.VReplicationExec(query:"select distinct workflow from _vt.vreplication where state != 'Stopped' and db_name = 'benchmark'")(on zone1-0942943782 from ): (*tabletmanagerdata.VReplicationExecResponse)(nil)
[pod/example-vttablet-zone1-0942943782-67bcbcdb/vttablet] I0213 00:27:27.588974       1 rpc_server.go:83] TabletManager.VReplicationExec(query:"select distinct workflow from _vt.vreplication where state != 'Stopped' and db_name = 'benchmark'")(on zone1-0942943782 from ): (*tabletmanagerdata.VReplicationExecResponse)(nil)
[pod/example-vttablet-zone1-0942943782-67bcbcdb/vttablet] E0213 00:27:42.214015       1 query_throttler.go:140] Error loading config: open /config/throttler-config.json: no such file or directory
[pod/example-vttablet-zone1-0942943782-67bcbcdb/vttablet] I0213 00:27:45.206129       1 rpc_server.go:83] TabletManager.VReplicationExec(query:"select distinct workflow from _vt.vreplication where state != 'Stopped' and db_name = 'benchmark'")(on zone1-0942943782 from ): (*tabletmanagerdata.VReplicationExecResponse)(nil)
[pod/example-vttablet-zone1-0942943782-67bcbcdb/vttablet] I0213 00:28:00.633678       1 rpc_server.go:83] TabletManager.VReplicationExec(query:"select distinct workflow from _vt.vreplication where state != 'Stopped' and db_name = 'benchmark'")(on zone1-0942943782 from ): (*tabletmanagerdata.VReplicationExecResponse)(nil)
[pod/example-vttablet-zone1-0942943782-67bcbcdb/vttablet] I0213 00:28:14.446196       1 rpc_server.go:83] TabletManager.VReplicationExec(query:"select distinct workflow from _vt.vreplication where state != 'Stopped' and db_name = 'benchmark'")(on zone1-0942943782 from ): (*tabletmanagerdata.VReplicationExecResponse)(nil)
[pod/example-vttablet-zone1-0942943782-67bcbcdb/vttablet] I0213 00:28:26.991627       1 rpc_server.go:83] TabletManager.VReplicationExec(query:"select distinct workflow from _vt.vreplication where state != 'Stopped' and db_name = 'benchmark'")(on zone1-0942943782 from ): (*tabletmanagerdata.VReplicationExecResponse)(nil)
[pod/example-vttablet-zone1-0942943782-67bcbcdb/vttablet] E0213 00:28:42.218359       1 query_throttler.go:140] Error loading config: open /config/throttler-config.json: no such file or directory
[pod/example-vttablet-zone1-0942943782-67bcbcdb/vttablet] I0213 00:28:44.365345       1 rpc_server.go:83] TabletManager.VReplicationExec(query:"select distinct workflow from _vt.vreplication where state != 'Stopped' and db_name = 'benchmark'")(on zone1-0942943782 from ): (*tabletmanagerdata.VReplicationExecResponse)(nil)
[pod/example-vttablet-zone1-0942943782-67bcbcdb/vttablet] I0213 00:28:59.076066       1 rpc_server.go:83] TabletManager.VReplicationExec(query:"select distinct workflow from _vt.vreplication where state != 'Stopped' and db_name = 'benchmark'")(on zone1-0942943782 from ): (*tabletmanagerdata.VReplicationExecResponse)(nil)
[pod/example-vttablet-zone1-0942943782-67bcbcdb/vttablet] I0213 00:29:17.027253       1 rpc_server.go:83] TabletManager.VReplicationExec(query:"select distinct workflow from _vt.vreplication where state != 'Stopped' and db_name = 'benchmark'")(on zone1-0942943782 from ): (*tabletmanagerdata.VReplicationExecResponse)(nil)
[pod/example-vttablet-zone1-0942943782-67bcbcdb/vttablet] I0213 00:29:17.261358       1 rpc_server.go:83] TabletManager.VReplicationExec(query:"select distinct workflow from _vt.vreplication where state != 'Stopped' and db_name = 'benchmark'")(on zone1-0942943782 from ): (*tabletmanagerdata.VReplicationExecResponse)(nil)
[pod/example-vttablet-zone1-0942943782-67bcbcdb/vttablet] I0213 00:29:35.805917       1 rpc_server.go:83] TabletManager.VReplicationExec(query:"select distinct workflow from _vt.vreplication where state != 'Stopped' and db_name = 'benchmark'")(on zone1-0942943782 from ): (*tabletmanagerdata.VReplicationExecResponse)(nil)
[pod/example-vttablet-zone1-0942943782-67bcbcdb/vttablet] E0213 00:29:42.214487       1 query_throttler.go:140] Error loading config: open /config/throttler-config.json: no such file or directory
[pod/example-vttablet-zone1-0942943782-67bcbcdb/vttablet] I0213 00:29:47.362210       1 rpc_server.go:83] TabletManager.VReplicationExec(query:"select distinct workflow from _vt.vreplication where state != 'Stopped' and db_name = 'benchmark'")(on zone1-0942943782 from ): (*tabletmanagerdata.VReplicationExecResponse)(nil)
[pod/example-vttablet-zone1-0942943782-67bcbcdb/vttablet] I0213 00:30:01.055191       1 rpc_server.go:83] TabletManager.VReplicationExec(query:"select distinct workflow from _vt.vreplication where state != 'Stopped' and db_name = 'benchmark'")(on zone1-0942943782 from ): (*tabletmanagerdata.VReplicationExecResponse)(nil)
[pod/example-vttablet-zone1-0942943782-67bcbcdb/vttablet] I0213 00:30:17.093551       1 rpc_server.go:83] TabletManager.VReplicationExec(query:"select distinct workflow from _vt.vreplication where state != 'Stopped' and db_name = 'benchmark'")(on zone1-0942943782 from ): (*tabletmanagerdata.VReplicationExecResponse)(nil)
[pod/example-vttablet-zone1-0942943782-67bcbcdb/vttablet] I0213 00:30:30.076819       1 rpc_server.go:83] TabletManager.VReplicationExec(query:"select distinct workflow from _vt.vreplication where state != 'Stopped' and db_name = 'benchmark'")(on zone1-0942943782 from ): (*tabletmanagerdata.VReplicationExecResponse)(nil)
[pod/example-vttablet-zone1-0942943782-67bcbcdb/vttablet] E0213 00:30:42.216460       1 query_throttler.go:140] Error loading config: open /config/throttler-config.json: no such file or directory
[pod/example-vttablet-zone1-0942943782-67bcbcdb/vttablet] I0213 00:30:43.685454       1 rpc_server.go:83] TabletManager.VReplicationExec(query:"select distinct workflow from _vt.vreplication where state != 'Stopped' and db_name = 'benchmark'")(on zone1-0942943782 from ): (*tabletmanagerdata.VReplicationExecResponse)(nil)
[pod/example-vttablet-zone1-0942943782-67bcbcdb/vttablet] I0213 00:31:00.409235       1 rpc_server.go:83] TabletManager.VReplicationExec(query:"select distinct workflow from _vt.vreplication where state != 'Stopped' and db_name = 'benchmark'")(on zone1-0942943782 from ): (*tabletmanagerdata.VReplicationExecResponse)(nil)
[pod/example-vttablet-zone1-0942943782-67bcbcdb/vttablet] I0213 00:31:16.864489       1 rpc_server.go:83] TabletManager.VReplicationExec(query:"select distinct workflow from _vt.vreplication where state != 'Stopped' and db_name = 'benchmark'")(on zone1-0942943782 from ): (*tabletmanagerdata.VReplicationExecResponse)(nil)
[pod/example-vttablet-zone1-0942943782-67bcbcdb/vttablet] I0213 00:31:30.684368       1 rpc_server.go:83] TabletManager.VReplicationExec(query:"select distinct workflow from _vt.vreplication where state != 'Stopped' and db_name = 'benchmark'")(on zone1-0942943782 from ): (*tabletmanagerdata.VReplicationExecResponse)(nil)
[pod/example-vttablet-zone1-0942943782-67bcbcdb/vttablet] E0213 00:31:42.214511       1 query_throttler.go:140] Error loading config: open /config/throttler-config.json: no such file or directory
[pod/example-vttablet-zone1-0942943782-67bcbcdb/vttablet] I0213 00:31:47.654085       1 rpc_server.go:83] TabletManager.VReplicationExec(query:"select distinct workflow from _vt.vreplication where state != 'Stopped' and db_name = 'benchmark'")(on zone1-0942943782 from ): (*tabletmanagerdata.VReplicationExecResponse)(nil)
[pod/example-vttablet-zone1-0942943782-67bcbcdb/vttablet] I0213 00:32:00.381307       1 rpc_server.go:83] TabletManager.VReplicationExec(query:"select distinct workflow from _vt.vreplication where state != 'Stopped' and db_name = 'benchmark'")(on zone1-0942943782 from ): (*tabletmanagerdata.VReplicationExecResponse)(nil)
[pod/example-vttablet-zone1-0942943782-67bcbcdb/vttablet] I0213 00:32:13.013926       1 rpc_server.go:83] TabletManager.VReplicationExec(query:"select distinct workflow from _vt.vreplication where state != 'Stopped' and db_name = 'benchmark'")(on zone1-0942943782 from ): (*tabletmanagerdata.VReplicationExecResponse)(nil)
[pod/example-vttablet-zone1-0942943782-67bcbcdb/vttablet] I0213 00:32:24.713028       1 rpc_server.go:83] TabletManager.VReplicationExec(query:"select distinct workflow from _vt.vreplication where state != 'Stopped' and db_name = 'benchmark'")(on zone1-0942943782 from ): (*tabletmanagerdata.VReplicationExecResponse)(nil)
[pod/example-vttablet-zone1-0942943782-67bcbcdb/vttablet] I0213 00:32:40.728324       1 rpc_server.go:83] TabletManager.VReplicationExec(query:"select distinct workflow from _vt.vreplication where state != 'Stopped' and db_name = 'benchmark'")(on zone1-0942943782 from ): (*tabletmanagerdata.VReplicationExecResponse)(nil)
[pod/example-vttablet-zone1-0942943782-67bcbcdb/vttablet] E0213 00:32:42.217624       1 query_throttler.go:140] Error loading config: open /config/throttler-config.json: no such file or directory
[pod/example-vttablet-zone1-0942943782-67bcbcdb/vttablet] I0213 00:32:53.199579       1 rpc_server.go:83] TabletManager.VReplicationExec(query:"select distinct workflow from _vt.vreplication where state != 'Stopped' and db_name = 'benchmark'")(on zone1-0942943782 from ): (*tabletmanagerdata.VReplicationExecResponse)(nil)
[pod/example-vttablet-zone1-0942943782-67bcbcdb/vttablet] I0213 00:33:07.872597       1 rpc_server.go:83] TabletManager.VReplicationExec(query:"select distinct workflow from _vt.vreplication where state != 'Stopped' and db_name = 'benchmark'")(on zone1-0942943782 from ): (*tabletmanagerdata.VReplicationExecResponse)(nil)
[pod/example-vttablet-zone1-0942943782-67bcbcdb/vttablet] I0213 00:33:22.475715       1 rpc_server.go:83] TabletManager.VReplicationExec(query:"select distinct workflow from _vt.vreplication where state != 'Stopped' and db_name = 'benchmark'")(on zone1-0942943782 from ): (*tabletmanagerdata.VReplicationExecResponse)(nil)
[pod/example-vttablet-zone1-0942943782-67bcbcdb/vttablet] I0213 00:33:34.583218       1 rpc_server.go:83] TabletManager.VReplicationExec(query:"select distinct workflow from _vt.vreplication where state != 'Stopped' and db_name = 'benchmark'")(on zone1-0942943782 from ): (*tabletmanagerdata.VReplicationExecResponse)(nil)
[pod/example-vttablet-zone1-0942943782-67bcbcdb/vttablet] E0213 00:33:42.216153       1 query_throttler.go:140] Error loading config: open /config/throttler-config.json: no such file or directory
[pod/example-vttablet-zone1-0942943782-67bcbcdb/vttablet] I0213 00:33:50.898341       1 rpc_server.go:83] TabletManager.VReplicationExec(query:"select distinct workflow from _vt.vreplication where state != 'Stopped' and db_name = 'benchmark'")(on zone1-0942943782 from ): (*tabletmanagerdata.VReplicationExecResponse)(nil)
[pod/example-vttablet-zone1-0942943782-67bcbcdb/vttablet] I0213 00:34:06.706380       1 rpc_server.go:83] TabletManager.VReplicationExec(query:"select distinct workflow from _vt.vreplication where state != 'Stopped' and db_name = 'benchmark'")(on zone1-0942943782 from ): (*tabletmanagerdata.VReplicationExecResponse)(nil)
[pod/example-vttablet-zone1-0942943782-67bcbcdb/vttablet] I0213 00:34:25.385780       1 rpc_server.go:83] TabletManager.VReplicationExec(query:"select distinct workflow from _vt.vreplication where state != 'Stopped' and db_name = 'benchmark'")(on zone1-0942943782 from ): (*tabletmanagerdata.VReplicationExecResponse)(nil)
[pod/example-vttablet-zone1-0942943782-67bcbcdb/vttablet] E0213 00:34:42.215544       1 query_throttler.go:140] Error loading config: open /config/throttler-config.json: no such file or directory
[pod/example-vttablet-zone1-0942943782-67bcbcdb/vttablet] I0213 00:34:43.146011       1 rpc_server.go:83] TabletManager.VReplicationExec(query:"select distinct workflow from _vt.vreplication where state != 'Stopped' and db_name = 'benchmark'")(on zone1-0942943782 from ): (*tabletmanagerdata.VReplicationExecResponse)(nil)
[pod/example-vttablet-zone1-0942943782-67bcbcdb/vttablet] I0213 00:35:01.861714       1 rpc_server.go:83] TabletManager.VReplicationExec(query:"select distinct workflow from _vt.vreplication where state != 'Stopped' and db_name = 'benchmark'")(on zone1-0942943782 from ): (*tabletmanagerdata.VReplicationExecResponse)(nil)
[pod/example-vttablet-zone1-0942943782-67bcbcdb/vttablet] I0213 00:35:18.803628       1 rpc_server.go:83] TabletManager.VReplicationExec(query:"select distinct workflow from _vt.vreplication where state != 'Stopped' and db_name = 'benchmark'")(on zone1-0942943782 from ): (*tabletmanagerdata.VReplicationExecResponse)(nil)
[pod/example-vttablet-zone1-0942943782-67bcbcdb/vttablet] I0213 00:35:37.073803       1 rpc_server.go:83] TabletManager.VReplicationExec(query:"select distinct workflow from _vt.vreplication where state != 'Stopped' and db_name = 'benchmark'")(on zone1-0942943782 from ): (*tabletmanagerdata.VReplicationExecResponse)(nil)
[pod/example-vttablet-zone1-0942943782-67bcbcdb/vttablet] E0213 00:35:42.217198       1 query_throttler.go:140] Error loading config: open /config/throttler-config.json: no such file or directory
[pod/example-vttablet-zone1-0942943782-67bcbcdb/vttablet] I0213 00:35:55.226166       1 rpc_server.go:83] TabletManager.VReplicationExec(query:"select distinct workflow from _vt.vreplication where state != 'Stopped' and db_name = 'benchmark'")(on zone1-0942943782 from ): (*tabletmanagerdata.VReplicationExecResponse)(nil)
[pod/example-vttablet-zone1-0942943782-67bcbcdb/vttablet] I0213 00:36:11.018474       1 rpc_server.go:83] TabletManager.VReplicationExec(query:"select distinct workflow from _vt.vreplication where state != 'Stopped' and db_name = 'benchmark'")(on zone1-0942943782 from ): (*tabletmanagerdata.VReplicationExecResponse)(nil)
[pod/example-vttablet-zone1-0942943782-67bcbcdb/vttablet] I0213 00:36:22.627908       1 rpc_server.go:83] TabletManager.VReplicationExec(query:"select distinct workflow from _vt.vreplication where state != 'Stopped' and db_name = 'benchmark'")(on zone1-0942943782 from ): (*tabletmanagerdata.VReplicationExecResponse)(nil)
[pod/example-vttablet-zone1-0942943782-67bcbcdb/vttablet] I0213 00:36:37.219126       1 rpc_server.go:83] TabletManager.VReplicationExec(query:"select distinct workflow from _vt.vreplication where state != 'Stopped' and db_name = 'benchmark'")(on zone1-0942943782 from ): (*tabletmanagerdata.VReplicationExecResponse)(nil)
[pod/example-vttablet-zone1-0942943782-67bcbcdb/vttablet] E0213 00:36:42.213999       1 query_throttler.go:140] Error loading config: open /config/throttler-config.json: no such file or directory
[pod/example-vttablet-zone1-0942943782-67bcbcdb/vttablet] I0213 00:36:49.349798       1 rpc_server.go:83] TabletManager.VReplicationExec(query:"select distinct workflow from _vt.vreplication where state != 'Stopped' and db_name = 'benchmark'")(on zone1-0942943782 from ): (*tabletmanagerdata.VReplicationExecResponse)(nil)
[pod/example-vttablet-zone1-0942943782-67bcbcdb/vttablet] I0213 00:37:07.923012       1 rpc_server.go:83] TabletManager.VReplicationExec(query:"select distinct workflow from _vt.vreplication where state != 'Stopped' and db_name = 'benchmark'")(on zone1-0942943782 from ): (*tabletmanagerdata.VReplicationExecResponse)(nil)
[pod/example-vttablet-zone1-0942943782-67bcbcdb/vttablet] I0213 00:37:20.916567       1 rpc_server.go:83] TabletManager.VReplicationExec(query:"select distinct workflow from _vt.vreplication where state != 'Stopped' and db_name = 'benchmark'")(on zone1-0942943782 from ): (*tabletmanagerdata.VReplicationExecResponse)(nil)
[pod/example-vttablet-zone1-0942943782-67bcbcdb/vttablet] I0213 00:37:35.313680       1 rpc_server.go:83] TabletManager.VReplicationExec(query:"select distinct workflow from _vt.vreplication where state != 'Stopped' and db_name = 'benchmark'")(on zone1-0942943782 from ): (*tabletmanagerdata.VReplicationExecResponse)(nil)
[pod/example-vttablet-zone1-0942943782-67bcbcdb/vttablet] E0213 00:37:42.218734       1 query_throttler.go:140] Error loading config: open /config/throttler-config.json: no such file or directory
[pod/example-vttablet-zone1-0942943782-67bcbcdb/vttablet] I0213 00:37:47.779553       1 rpc_server.go:83] TabletManager.VReplicationExec(query:"select distinct workflow from _vt.vreplication where state != 'Stopped' and db_name = 'benchmark'")(on zone1-0942943782 from ): (*tabletmanagerdata.VReplicationExecResponse)(nil)
[pod/example-vttablet-zone1-0942943782-67bcbcdb/vttablet] I0213 00:38:03.984521       1 rpc_server.go:83] TabletManager.VReplicationExec(query:"select distinct workflow from _vt.vreplication where state != 'Stopped' and db_name = 'benchmark'")(on zone1-0942943782 from ): (*tabletmanagerdata.VReplicationExecResponse)(nil)
[pod/example-vttablet-zone1-0942943782-67bcbcdb/vttablet] I0213 00:38:21.722955       1 rpc_server.go:83] TabletManager.VReplicationExec(query:"select distinct workflow from _vt.vreplication where state != 'Stopped' and db_name = 'benchmark'")(on zone1-0942943782 from ): (*tabletmanagerdata.VReplicationExecResponse)(nil)
[pod/example-vttablet-zone1-0942943782-67bcbcdb/vttablet] I0213 00:38:33.613080       1 rpc_server.go:83] TabletManager.VReplicationExec(query:"select distinct workflow from _vt.vreplication where state != 'Stopped' and db_name = 'benchmark'")(on zone1-0942943782 from ): (*tabletmanagerdata.VReplicationExecResponse)(nil)
[pod/example-vttablet-zone1-0942943782-67bcbcdb/vttablet] E0213 00:38:42.213658       1 query_throttler.go:140] Error loading config: open /config/throttler-config.json: no such file or directory
[pod/example-vttablet-zone1-0942943782-67bcbcdb/vttablet] I0213 00:38:48.437959       1 rpc_server.go:83] TabletManager.VReplicationExec(query:"select distinct workflow from _vt.vreplication where state != 'Stopped' and db_name = 'benchmark'")(on zone1-0942943782 from ): (*tabletmanagerdata.VReplicationExecResponse)(nil)
[pod/example-vttablet-zone1-0942943782-67bcbcdb/vttablet] I0213 00:39:02.221614       1 rpc_server.go:83] TabletManager.VReplicationExec(query:"select distinct workflow from _vt.vreplication where state != 'Stopped' and db_name = 'benchmark'")(on zone1-0942943782 from ): (*tabletmanagerdata.VReplicationExecResponse)(nil)
[pod/example-vttablet-zone1-0942943782-67bcbcdb/vttablet] I0213 00:39:15.812519       1 rpc_server.go:83] TabletManager.VReplicationExec(query:"select distinct workflow from _vt.vreplication where state != 'Stopped' and db_name = 'benchmark'")(on zone1-0942943782 from ): (*tabletmanagerdata.VReplicationExecResponse)(nil)
[pod/example-vttablet-zone1-0942943782-67bcbcdb/vttablet] I0213 00:39:27.407367       1 rpc_server.go:83] TabletManager.VReplicationExec(query:"select distinct workflow from _vt.vreplication where state != 'Stopped' and db_name = 'benchmark'")(on zone1-0942943782 from ): (*tabletmanagerdata.VReplicationExecResponse)(nil)
[pod/example-vttablet-zone1-0942943782-67bcbcdb/vttablet] I0213 00:39:40.698044       1 rpc_server.go:83] TabletManager.VReplicationExec(query:"select distinct workflow from _vt.vreplication where state != 'Stopped' and db_name = 'benchmark'")(on zone1-0942943782 from ): (*tabletmanagerdata.VReplicationExecResponse)(nil)
[pod/example-vttablet-zone1-0942943782-67bcbcdb/vttablet] I0213 00:39:40.736937       1 rpc_server.go:83] TabletManager.VReplicationExec(query:"select distinct workflow from _vt.vreplication where state != 'Stopped' and db_name = 'benchmark'")(on zone1-0942943782 from ): (*tabletmanagerdata.VReplicationExecResponse)(nil)
[pod/example-vttablet-zone1-0942943782-67bcbcdb/vttablet] E0213 00:39:42.213558       1 query_throttler.go:140] Error loading config: open /config/throttler-config.json: no such file or directory
[pod/example-vttablet-zone1-0942943782-67bcbcdb/vttablet] I0213 00:39:53.959139       1 rpc_server.go:83] TabletManager.VReplicationExec(query:"select distinct workflow from _vt.vreplication where state != 'Stopped' and db_name = 'benchmark'")(on zone1-0942943782 from ): (*tabletmanagerdata.VReplicationExecResponse)(nil)
[pod/example-vttablet-zone1-0942943782-67bcbcdb/vttablet] I0213 00:40:12.630625       1 rpc_server.go:83] TabletManager.VReplicationExec(query:"select distinct workflow from _vt.vreplication where state != 'Stopped' and db_name = 'benchmark'")(on zone1-0942943782 from ): (*tabletmanagerdata.VReplicationExecResponse)(nil)
[pod/example-vttablet-zone1-0942943782-67bcbcdb/vttablet] I0213 00:40:25.452155       1 rpc_server.go:83] TabletManager.VReplicationExec(query:"select distinct workflow from _vt.vreplication where state != 'Stopped' and db_name = 'benchmark'")(on zone1-0942943782 from ): (*tabletmanagerdata.VReplicationExecResponse)(nil)
[pod/example-vttablet-zone1-0942943782-67bcbcdb/vttablet] E0213 00:40:42.215962       1 query_throttler.go:140] Error loading config: open /config/throttler-config.json: no such file or directory
[pod/example-vttablet-zone1-0942943782-67bcbcdb/vttablet] I0213 00:40:42.627783       1 rpc_server.go:83] TabletManager.VReplicationExec(query:"select distinct workflow from _vt.vreplication where state != 'Stopped' and db_name = 'benchmark'")(on zone1-0942943782 from ): (*tabletmanagerdata.VReplicationExecResponse)(nil)
[pod/example-vttablet-zone1-0942943782-67bcbcdb/vttablet] I0213 00:41:00.395734       1 rpc_server.go:83] TabletManager.VReplicationExec(query:"select distinct workflow from _vt.vreplication where state != 'Stopped' and db_name = 'benchmark'")(on zone1-0942943782 from ): (*tabletmanagerdata.VReplicationExecResponse)(nil)
[pod/example-vttablet-zone1-0942943782-67bcbcdb/vttablet] I0213 00:41:15.256304       1 rpc_server.go:83] TabletManager.VReplicationExec(query:"select distinct workflow from _vt.vreplication where state != 'Stopped' and db_name = 'benchmark'")(on zone1-0942943782 from ): (*tabletmanagerdata.VReplicationExecResponse)(nil)
[pod/example-vttablet-zone1-0942943782-67bcbcdb/vttablet] I0213 00:41:31.059863       1 rpc_server.go:83] TabletManager.VReplicationExec(query:"select distinct workflow from _vt.vreplication where state != 'Stopped' and db_name = 'benchmark'")(on zone1-0942943782 from ): (*tabletmanagerdata.VReplicationExecResponse)(nil)
[pod/example-vttablet-zone1-0942943782-67bcbcdb/vttablet] E0213 00:41:42.215136       1 query_throttler.go:140] Error loading config: open /config/throttler-config.json: no such file or directory
[pod/example-vttablet-zone1-0942943782-67bcbcdb/vttablet] I0213 00:41:49.684003       1 rpc_server.go:83] TabletManager.VReplicationExec(query:"select distinct workflow from _vt.vreplication where state != 'Stopped' and db_name = 'benchmark'")(on zone1-0942943782 from ): (*tabletmanagerdata.VReplicationExecResponse)(nil)
[pod/example-vttablet-zone1-0942943782-67bcbcdb/vttablet] I0213 00:42:03.576125       1 rpc_server.go:83] TabletManager.VReplicationExec(query:"select distinct workflow from _vt.vreplication where state != 'Stopped' and db_name = 'benchmark'")(on zone1-0942943782 from ): (*tabletmanagerdata.VReplicationExecResponse)(nil)
[pod/example-vttablet-zone1-0942943782-67bcbcdb/vttablet] I0213 00:42:19.078167       1 rpc_server.go:83] TabletManager.VReplicationExec(query:"select distinct workflow from _vt.vreplication where state != 'Stopped' and db_name = 'benchmark'")(on zone1-0942943782 from ): (*tabletmanagerdata.VReplicationExecResponse)(nil)
[pod/example-vttablet-zone1-0942943782-67bcbcdb/vttablet] I0213 00:42:31.257934       1 rpc_server.go:83] TabletManager.VReplicationExec(query:"select distinct workflow from _vt.vreplication where state != 'Stopped' and db_name = 'benchmark'")(on zone1-0942943782 from ): (*tabletmanagerdata.VReplicationExecResponse)(nil)
[pod/example-vttablet-zone1-0942943782-67bcbcdb/vttablet] E0213 00:42:42.217020       1 query_throttler.go:140] Error loading config: open /config/throttler-config.json: no such file or directory
[pod/example-vttablet-zone1-0942943782-67bcbcdb/vttablet] I0213 00:42:49.535521       1 rpc_server.go:83] TabletManager.VReplicationExec(query:"select distinct workflow from _vt.vreplication where state != 'Stopped' and db_name = 'benchmark'")(on zone1-0942943782 from ): (*tabletmanagerdata.VReplicationExecResponse)(nil)
[pod/example-vttablet-zone1-0942943782-67bcbcdb/vttablet] I0213 00:42:52.496603       1 tablegc.go:405] TableGC: readAndCheckTables
[pod/example-vttablet-zone1-0942943782-67bcbcdb/vttablet] I0213 00:43:01.135273       1 rpc_server.go:83] TabletManager.VReplicationExec(query:"select distinct workflow from _vt.vreplication where state != 'Stopped' and db_name = 'benchmark'")(on zone1-0942943782 from ): (*tabletmanagerdata.VReplicationExecResponse)(nil)
[pod/example-vttablet-zone1-0942943782-67bcbcdb/vttablet] I0213 00:43:14.619063       1 rpc_server.go:83] TabletManager.VReplicationExec(query:"select distinct workflow from _vt.vreplication where state != 'Stopped' and db_name = 'benchmark'")(on zone1-0942943782 from ): (*tabletmanagerdata.VReplicationExecResponse)(nil)
[pod/example-vttablet-zone1-0942943782-67bcbcdb/vttablet] I0213 00:43:29.021180       1 rpc_server.go:83] TabletManager.VReplicationExec(query:"select distinct workflow from _vt.vreplication where state != 'Stopped' and db_name = 'benchmark'")(on zone1-0942943782 from ): (*tabletmanagerdata.VReplicationExecResponse)(nil)
[pod/example-vttablet-zone1-0942943782-67bcbcdb/vttablet] E0213 00:43:42.213839       1 query_throttler.go:140] Error loading config: open /config/throttler-config.json: no such file or directory
[pod/example-vttablet-zone1-0942943782-67bcbcdb/vttablet] I0213 00:43:47.633794       1 rpc_server.go:83] TabletManager.VReplicationExec(query:"select distinct workflow from _vt.vreplication where state != 'Stopped' and db_name = 'benchmark'")(on zone1-0942943782 from ): (*tabletmanagerdata.VReplicationExecResponse)(nil)
[pod/example-vttablet-zone1-0942943782-67bcbcdb/vttablet] I0213 00:44:01.777046       1 rpc_server.go:83] TabletManager.VReplicationExec(query:"select distinct workflow from _vt.vreplication where state != 'Stopped' and db_name = 'benchmark'")(on zone1-0942943782 from ): (*tabletmanagerdata.VReplicationExecResponse)(nil)
[pod/example-vttablet-zone1-0942943782-67bcbcdb/vttablet] I0213 00:44:19.498180       1 rpc_server.go:83] TabletManager.VReplicationExec(query:"select distinct workflow from _vt.vreplication where state != 'Stopped' and db_name = 'benchmark'")(on zone1-0942943782 from ): (*tabletmanagerdata.VReplicationExecResponse)(nil)
[pod/example-vttablet-zone1-0942943782-67bcbcdb/vttablet] I0213 00:44:31.399924       1 rpc_server.go:83] TabletManager.VReplicationExec(query:"select distinct workflow from _vt.vreplication where state != 'Stopped' and db_name = 'benchmark'")(on zone1-0942943782 from ): (*tabletmanagerdata.VReplicationExecResponse)(nil)
[pod/example-vttablet-zone1-0942943782-67bcbcdb/vttablet] E0213 00:44:42.214792       1 query_throttler.go:140] Error loading config: open /config/throttler-config.json: no such file or directory
[pod/example-vttablet-zone1-0942943782-67bcbcdb/vttablet] I0213 00:44:50.041409       1 rpc_server.go:83] TabletManager.VReplicationExec(query:"select distinct workflow from _vt.vreplication where state != 'Stopped' and db_name = 'benchmark'")(on zone1-0942943782 from ): (*tabletmanagerdata.VReplicationExecResponse)(nil)
[pod/example-vttablet-zone1-0942943782-67bcbcdb/vttablet] I0213 00:45:06.024401       1 rpc_server.go:83] TabletManager.VReplicationExec(query:"select distinct workflow from _vt.vreplication where state != 'Stopped' and db_name = 'benchmark'")(on zone1-0942943782 from ): (*tabletmanagerdata.VReplicationExecResponse)(nil)
[pod/example-vttablet-zone1-0942943782-67bcbcdb/vttablet] I0213 00:45:24.507815       1 rpc_server.go:83] TabletManager.VReplicationExec(query:"select distinct workflow from _vt.vreplication where state != 'Stopped' and db_name = 'benchmark'")(on zone1-0942943782 from ): (*tabletmanagerdata.VReplicationExecResponse)(nil)
[pod/example-vttablet-zone1-0942943782-67bcbcdb/vttablet] E0213 00:45:42.213979       1 query_throttler.go:140] Error loading config: open /config/throttler-config.json: no such file or directory
[pod/example-vttablet-zone1-0942943782-67bcbcdb/vttablet] I0213 00:45:42.628766       1 rpc_server.go:83] TabletManager.VReplicationExec(query:"select distinct workflow from _vt.vreplication where state != 'Stopped' and db_name = 'benchmark'")(on zone1-0942943782 from ): (*tabletmanagerdata.VReplicationExecResponse)(nil)
[pod/example-vttablet-zone1-0942943782-67bcbcdb/vttablet] I0213 00:45:59.032829       1 rpc_server.go:83] TabletManager.VReplicationExec(query:"select distinct workflow from _vt.vreplication where state != 'Stopped' and db_name = 'benchmark'")(on zone1-0942943782 from ): (*tabletmanagerdata.VReplicationExecResponse)(nil)
[pod/example-vttablet-zone1-0942943782-67bcbcdb/vttablet] I0213 00:46:12.837594       1 rpc_server.go:83] TabletManager.VReplicationExec(query:"select distinct workflow from _vt.vreplication where state != 'Stopped' and db_name = 'benchmark'")(on zone1-0942943782 from ): (*tabletmanagerdata.VReplicationExecResponse)(nil)
[pod/example-vttablet-zone1-0942943782-67bcbcdb/vttablet] I0213 00:46:24.512998       1 rpc_server.go:83] TabletManager.VReplicationExec(query:"select distinct workflow from _vt.vreplication where state != 'Stopped' and db_name = 'benchmark'")(on zone1-0942943782 from ): (*tabletmanagerdata.VReplicationExecResponse)(nil)
[pod/example-vttablet-zone1-0942943782-67bcbcdb/vttablet] I0213 00:46:37.684318       1 rpc_server.go:83] TabletManager.VReplicationExec(query:"select distinct workflow from _vt.vreplication where state != 'Stopped' and db_name = 'benchmark'")(on zone1-0942943782 from ): (*tabletmanagerdata.VReplicationExecResponse)(nil)
[pod/example-vttablet-zone1-0942943782-67bcbcdb/vttablet] E0213 00:46:42.223192       1 query_throttler.go:140] Error loading config: open /config/throttler-config.json: no such file or directory
[pod/example-vttablet-zone1-0942943782-67bcbcdb/vttablet] I0213 00:46:52.021897       1 rpc_server.go:83] TabletManager.VReplicationExec(query:"select distinct workflow from _vt.vreplication where state != 'Stopped' and db_name = 'benchmark'")(on zone1-0942943782 from ): (*tabletmanagerdata.VReplicationExecResponse)(nil)
[pod/example-vttablet-zone1-0942943782-67bcbcdb/vttablet] I0213 00:47:10.136641       1 rpc_server.go:83] TabletManager.VReplicationExec(query:"select distinct workflow from _vt.vreplication where state != 'Stopped' and db_name = 'benchmark'")(on zone1-0942943782 from ): (*tabletmanagerdata.VReplicationExecResponse)(nil)
[pod/example-vttablet-zone1-0942943782-67bcbcdb/vttablet] I0213 00:47:24.516772       1 rpc_server.go:83] TabletManager.VReplicationExec(query:"select distinct workflow from _vt.vreplication where state != 'Stopped' and db_name = 'benchmark'")(on zone1-0942943782 from ): (*tabletmanagerdata.VReplicationExecResponse)(nil)
[pod/example-vttablet-zone1-0942943782-67bcbcdb/vttablet] E0213 00:47:42.215703       1 query_throttler.go:140] Error loading config: open /config/throttler-config.json: no such file or directory
[pod/example-vttablet-zone1-0942943782-67bcbcdb/vttablet] I0213 00:47:42.692968       1 rpc_server.go:83] TabletManager.VReplicationExec(query:"select distinct workflow from _vt.vreplication where state != 'Stopped' and db_name = 'benchmark'")(on zone1-0942943782 from ): (*tabletmanagerdata.VReplicationExecResponse)(nil)
[pod/example-vttablet-zone1-0942943782-67bcbcdb/vttablet] I0213 00:47:57.021386       1 rpc_server.go:83] TabletManager.VReplicationExec(query:"select distinct workflow from _vt.vreplication where state != 'Stopped' and db_name = 'benchmark'")(on zone1-0942943782 from ): (*tabletmanagerdata.VReplicationExecResponse)(nil)
[pod/example-vttablet-zone1-0942943782-67bcbcdb/vttablet] I0213 00:48:12.461432       1 rpc_server.go:83] TabletManager.VReplicationExec(query:"select distinct workflow from _vt.vreplication where state != 'Stopped' and db_name = 'benchmark'")(on zone1-0942943782 from ): (*tabletmanagerdata.VReplicationExecResponse)(nil)
[pod/example-vttablet-zone1-0942943782-67bcbcdb/vttablet] I0213 00:48:27.858397       1 rpc_server.go:83] TabletManager.VReplicationExec(query:"select distinct workflow from _vt.vreplication where state != 'Stopped' and db_name = 'benchmark'")(on zone1-0942943782 from ): (*tabletmanagerdata.VReplicationExecResponse)(nil)
[pod/example-vttablet-zone1-0942943782-67bcbcdb/vttablet] E0213 00:48:42.217062       1 query_throttler.go:140] Error loading config: open /config/throttler-config.json: no such file or directory
[pod/example-vttablet-zone1-0942943782-67bcbcdb/vttablet] I0213 00:48:44.553604       1 rpc_server.go:83] TabletManager.VReplicationExec(query:"select distinct workflow from _vt.vreplication where state != 'Stopped' and db_name = 'benchmark'")(on zone1-0942943782 from ): (*tabletmanagerdata.VReplicationExecResponse)(nil)
[pod/example-vttablet-zone1-0942943782-67bcbcdb/vttablet] I0213 00:48:58.775989       1 rpc_server.go:83] TabletManager.VReplicationExec(query:"select distinct workflow from _vt.vreplication where state != 'Stopped' and db_name = 'benchmark'")(on zone1-0942943782 from ): (*tabletmanagerdata.VReplicationExecResponse)(nil)
[pod/example-vttablet-zone1-0942943782-67bcbcdb/vttablet] I0213 00:49:11.608733       1 rpc_server.go:83] TabletManager.VReplicationExec(query:"select distinct workflow from _vt.vreplication where state != 'Stopped' and db_name = 'benchmark'")(on zone1-0942943782 from ): (*tabletmanagerdata.VReplicationExecResponse)(nil)
[pod/example-vttablet-zone1-0942943782-67bcbcdb/vttablet] I0213 00:49:23.323215       1 rpc_server.go:83] TabletManager.VReplicationExec(query:"select distinct workflow from _vt.vreplication where state != 'Stopped' and db_name = 'benchmark'")(on zone1-0942943782 from ): (*tabletmanagerdata.VReplicationExecResponse)(nil)
[pod/example-vttablet-zone1-0942943782-67bcbcdb/vttablet] I0213 00:49:35.209775       1 rpc_server.go:83] TabletManager.VReplicationExec(query:"select distinct workflow from _vt.vreplication where state != 'Stopped' and db_name = 'benchmark'")(on zone1-0942943782 from ): (*tabletmanagerdata.VReplicationExecResponse)(nil)
[pod/example-vttablet-zone1-0942943782-67bcbcdb/vttablet] E0213 00:49:42.219645       1 query_throttler.go:140] Error loading config: open /config/throttler-config.json: no such file or directory
[pod/example-vttablet-zone1-0942943782-67bcbcdb/vttablet] I0213 00:49:47.489807       1 rpc_server.go:83] TabletManager.VReplicationExec(query:"select distinct workflow from _vt.vreplication where state != 'Stopped' and db_name = 'benchmark'")(on zone1-0942943782 from ): (*tabletmanagerdata.VReplicationExecResponse)(nil)
[pod/example-vttablet-zone1-0942943782-67bcbcdb/vttablet] I0213 00:50:00.729914       1 rpc_server.go:83] TabletManager.VReplicationExec(query:"select distinct workflow from _vt.vreplication where state != 'Stopped' and db_name = 'benchmark'")(on zone1-0942943782 from ): (*tabletmanagerdata.VReplicationExecResponse)(nil)
[pod/example-vttablet-zone1-0942943782-67bcbcdb/vttablet] I0213 00:50:04.638553       1 rpc_server.go:83] TabletManager.VReplicationExec(query:"select distinct workflow from _vt.vreplication where state != 'Stopped' and db_name = 'benchmark'")(on zone1-0942943782 from ): (*tabletmanagerdata.VReplicationExecResponse)(nil)
[pod/example-vttablet-zone1-0942943782-67bcbcdb/vttablet] I0213 00:50:04.724218       1 rpc_server.go:83] TabletManager.VReplicationExec(query:"select distinct workflow from _vt.vreplication where state != 'Stopped' and db_name = 'benchmark'")(on zone1-0942943782 from ): (*tabletmanagerdata.VReplicationExecResponse)(nil)
[pod/example-vttablet-zone1-0942943782-67bcbcdb/vttablet] I0213 00:50:16.108573       1 rpc_server.go:83] TabletManager.VReplicationExec(query:"select distinct workflow from _vt.vreplication where state != 'Stopped' and db_name = 'benchmark'")(on zone1-0942943782 from ): (*tabletmanagerdata.VReplicationExecResponse)(nil)
[pod/example-vttablet-zone1-0942943782-67bcbcdb/vttablet] I0213 00:50:29.320983       1 rpc_server.go:83] TabletManager.VReplicationExec(query:"select distinct workflow from _vt.vreplication where state != 'Stopped' and db_name = 'benchmark'")(on zone1-0942943782 from ): (*tabletmanagerdata.VReplicationExecResponse)(nil)
[pod/example-vttablet-zone1-0942943782-67bcbcdb/vttablet] E0213 00:50:42.213624       1 query_throttler.go:140] Error loading config: open /config/throttler-config.json: no such file or directory
[pod/example-vttablet-zone1-0942943782-67bcbcdb/vttablet] I0213 00:50:43.586613       1 rpc_server.go:83] TabletManager.VReplicationExec(query:"select distinct workflow from _vt.vreplication where state != 'Stopped' and db_name = 'benchmark'")(on zone1-0942943782 from ): (*tabletmanagerdata.VReplicationExecResponse)(nil)
[pod/example-vttablet-zone1-0942943782-67bcbcdb/vttablet] I0213 00:50:56.296015       1 rpc_server.go:83] TabletManager.VReplicationExec(query:"select distinct workflow from _vt.vreplication where state != 'Stopped' and db_name = 'benchmark'")(on zone1-0942943782 from ): (*tabletmanagerdata.VReplicationExecResponse)(nil)
[pod/example-vttablet-zone1-0942943782-67bcbcdb/vttablet] I0213 00:51:08.048815       1 rpc_server.go:83] TabletManager.VReplicationExec(query:"select distinct workflow from _vt.vreplication where state != 'Stopped' and db_name = 'benchmark'")(on zone1-0942943782 from ): (*tabletmanagerdata.VReplicationExecResponse)(nil)
[pod/example-vttablet-zone1-0942943782-67bcbcdb/vttablet] I0213 00:51:23.712112       1 rpc_server.go:83] TabletManager.VReplicationExec(query:"select distinct workflow from _vt.vreplication where state != 'Stopped' and db_name = 'benchmark'")(on zone1-0942943782 from ): (*tabletmanagerdata.VReplicationExecResponse)(nil)
[pod/example-vttablet-zone1-0942943782-67bcbcdb/vttablet] I0213 00:51:35.138371       1 rpc_server.go:83] TabletManager.VReplicationExec(query:"select distinct workflow from _vt.vreplication where state != 'Stopped' and db_name = 'benchmark'")(on zone1-0942943782 from ): (*tabletmanagerdata.VReplicationExecResponse)(nil)
[pod/example-vttablet-zone1-0942943782-67bcbcdb/vttablet] E0213 00:51:42.213953       1 query_throttler.go:140] Error loading config: open /config/throttler-config.json: no such file or directory
[pod/example-vttablet-zone1-0942943782-67bcbcdb/vttablet] I0213 00:51:46.522035       1 rpc_server.go:83] TabletManager.VReplicationExec(query:"select distinct workflow from _vt.vreplication where state != 'Stopped' and db_name = 'benchmark'")(on zone1-0942943782 from ): (*tabletmanagerdata.VReplicationExecResponse)(nil)
[pod/example-vttablet-zone1-0942943782-67bcbcdb/vttablet] I0213 00:52:03.514844       1 rpc_server.go:83] TabletManager.VReplicationExec(query:"select distinct workflow from _vt.vreplication where state != 'Stopped' and db_name = 'benchmark'")(on zone1-0942943782 from ): (*tabletmanagerdata.VReplicationExecResponse)(nil)
[pod/example-vttablet-zone1-0942943782-67bcbcdb/vttablet] I0213 00:52:18.435668       1 rpc_server.go:83] TabletManager.VReplicationExec(query:"select distinct workflow from _vt.vreplication where state != 'Stopped' and db_name = 'benchmark'")(on zone1-0942943782 from ): (*tabletmanagerdata.VReplicationExecResponse)(nil)
[pod/example-vttablet-zone1-0942943782-67bcbcdb/vttablet] I0213 00:52:30.997783       1 rpc_server.go:83] TabletManager.VReplicationExec(query:"select distinct workflow from _vt.vreplication where state != 'Stopped' and db_name = 'benchmark'")(on zone1-0942943782 from ): (*tabletmanagerdata.VReplicationExecResponse)(nil)
[pod/example-vttablet-zone1-0942943782-67bcbcdb/vttablet] E0213 00:52:42.213696       1 query_throttler.go:140] Error loading config: open /config/throttler-config.json: no such file or directory
[pod/example-vttablet-zone1-0942943782-67bcbcdb/vttablet] I0213 00:52:49.001812       1 rpc_server.go:83] TabletManager.VReplicationExec(query:"select distinct workflow from _vt.vreplication where state != 'Stopped' and db_name = 'benchmark'")(on zone1-0942943782 from ): (*tabletmanagerdata.VReplicationExecResponse)(nil)
[pod/example-vttablet-zone1-0942943782-67bcbcdb/vttablet] I0213 00:53:04.290267       1 rpc_server.go:83] TabletManager.VReplicationExec(query:"select distinct workflow from _vt.vreplication where state != 'Stopped' and db_name = 'benchmark'")(on zone1-0942943782 from ): (*tabletmanagerdata.VReplicationExecResponse)(nil)
[pod/example-vttablet-zone1-0942943782-67bcbcdb/vttablet] I0213 00:53:22.967472       1 rpc_server.go:83] TabletManager.VReplicationExec(query:"select distinct workflow from _vt.vreplication where state != 'Stopped' and db_name = 'benchmark'")(on zone1-0942943782 from ): (*tabletmanagerdata.VReplicationExecResponse)(nil)
[pod/example-vttablet-zone1-0942943782-67bcbcdb/vttablet] I0213 00:53:35.306525       1 rpc_server.go:83] TabletManager.VReplicationExec(query:"select distinct workflow from _vt.vreplication where state != 'Stopped' and db_name = 'benchmark'")(on zone1-0942943782 from ): (*tabletmanagerdata.VReplicationExecResponse)(nil)
[pod/example-vttablet-zone1-0942943782-67bcbcdb/vttablet] E0213 00:53:42.213677       1 query_throttler.go:140] Error loading config: open /config/throttler-config.json: no such file or directory
[pod/example-vttablet-zone1-0942943782-67bcbcdb/vttablet] I0213 00:53:51.953112       1 rpc_server.go:83] TabletManager.VReplicationExec(query:"select distinct workflow from _vt.vreplication where state != 'Stopped' and db_name = 'benchmark'")(on zone1-0942943782 from ): (*tabletmanagerdata.VReplicationExecResponse)(nil)
[pod/example-vttablet-zone1-0942943782-67bcbcdb/vttablet] I0213 00:54:04.893684       1 rpc_server.go:83] TabletManager.VReplicationExec(query:"select distinct workflow from _vt.vreplication where state != 'Stopped' and db_name = 'benchmark'")(on zone1-0942943782 from ): (*tabletmanagerdata.VReplicationExecResponse)(nil)
[pod/example-vttablet-zone1-0942943782-67bcbcdb/vttablet] I0213 00:54:19.448882       1 rpc_server.go:83] TabletManager.VReplicationExec(query:"select distinct workflow from _vt.vreplication where state != 'Stopped' and db_name = 'benchmark'")(on zone1-0942943782 from ): (*tabletmanagerdata.VReplicationExecResponse)(nil)
[pod/example-vttablet-zone1-0942943782-67bcbcdb/vttablet] I0213 00:54:38.013023       1 rpc_server.go:83] TabletManager.VReplicationExec(query:"select distinct workflow from _vt.vreplication where state != 'Stopped' and db_name = 'benchmark'")(on zone1-0942943782 from ): (*tabletmanagerdata.VReplicationExecResponse)(nil)
[pod/example-vttablet-zone1-0942943782-67bcbcdb/vttablet] E0213 00:54:42.213706       1 query_throttler.go:140] Error loading config: open /config/throttler-config.json: no such file or directory
[pod/example-vttablet-zone1-0942943782-67bcbcdb/vttablet] I0213 00:54:51.352310       1 rpc_server.go:83] TabletManager.VReplicationExec(query:"select distinct workflow from _vt.vreplication where state != 'Stopped' and db_name = 'benchmark'")(on zone1-0942943782 from ): (*tabletmanagerdata.VReplicationExecResponse)(nil)
[pod/example-vttablet-zone1-0942943782-67bcbcdb/vttablet] I0213 00:55:04.435845       1 rpc_server.go:83] TabletManager.VReplicationExec(query:"select distinct workflow from _vt.vreplication where state != 'Stopped' and db_name = 'benchmark'")(on zone1-0942943782 from ): (*tabletmanagerdata.VReplicationExecResponse)(nil)
[pod/example-vttablet-zone1-0942943782-67bcbcdb/vttablet] I0213 00:55:19.284917       1 rpc_server.go:83] TabletManager.VReplicationExec(query:"select distinct workflow from _vt.vreplication where state != 'Stopped' and db_name = 'benchmark'")(on zone1-0942943782 from ): (*tabletmanagerdata.VReplicationExecResponse)(nil)
[pod/example-vttablet-zone1-0942943782-67bcbcdb/vttablet] I0213 00:55:31.483735       1 rpc_server.go:83] TabletManager.VReplicationExec(query:"select distinct workflow from _vt.vreplication where state != 'Stopped' and db_name = 'benchmark'")(on zone1-0942943782 from ): (*tabletmanagerdata.VReplicationExecResponse)(nil)
[pod/example-vttablet-zone1-0942943782-67bcbcdb/vttablet] E0213 00:55:42.213930       1 query_throttler.go:140] Error loading config: open /config/throttler-config.json: no such file or directory
[pod/example-vttablet-zone1-0942943782-67bcbcdb/vttablet] I0213 00:55:48.663541       1 rpc_server.go:83] TabletManager.VReplicationExec(query:"select distinct workflow from _vt.vreplication where state != 'Stopped' and db_name = 'benchmark'")(on zone1-0942943782 from ): (*tabletmanagerdata.VReplicationExecResponse)(nil)
[pod/example-vttablet-zone1-0942943782-67bcbcdb/vttablet] I0213 00:56:06.763812       1 rpc_server.go:83] TabletManager.VReplicationExec(query:"select distinct workflow from _vt.vreplication where state != 'Stopped' and db_name = 'benchmark'")(on zone1-0942943782 from ): (*tabletmanagerdata.VReplicationExecResponse)(nil)
[pod/example-vttablet-zone1-0942943782-67bcbcdb/vttablet] I0213 00:56:24.730050       1 rpc_server.go:83] TabletManager.VReplicationExec(query:"select distinct workflow from _vt.vreplication where state != 'Stopped' and db_name = 'benchmark'")(on zone1-0942943782 from ): (*tabletmanagerdata.VReplicationExecResponse)(nil)
[pod/example-vttablet-zone1-0942943782-67bcbcdb/vttablet] I0213 00:56:39.872916       1 rpc_server.go:83] TabletManager.VReplicationExec(query:"select distinct workflow from _vt.vreplication where state != 'Stopped' and db_name = 'benchmark'")(on zone1-0942943782 from ): (*tabletmanagerdata.VReplicationExecResponse)(nil)
[pod/example-vttablet-zone1-0942943782-67bcbcdb/vttablet] E0213 00:56:42.213970       1 query_throttler.go:140] Error loading config: open /config/throttler-config.json: no such file or directory
[pod/example-vttablet-zone1-0942943782-67bcbcdb/vttablet] I0213 00:56:55.604246       1 rpc_server.go:83] TabletManager.VReplicationExec(query:"select distinct workflow from _vt.vreplication where state != 'Stopped' and db_name = 'benchmark'")(on zone1-0942943782 from ): (*tabletmanagerdata.VReplicationExecResponse)(nil)
[pod/example-vttablet-zone1-0942943782-67bcbcdb/vttablet] I0213 00:57:11.429633       1 rpc_server.go:83] TabletManager.VReplicationExec(query:"select distinct workflow from _vt.vreplication where state != 'Stopped' and db_name = 'benchmark'")(on zone1-0942943782 from ): (*tabletmanagerdata.VReplicationExecResponse)(nil)
[pod/example-vttablet-zone1-0942943782-67bcbcdb/vttablet] I0213 00:57:28.644287       1 rpc_server.go:83] TabletManager.VReplicationExec(query:"select distinct workflow from _vt.vreplication where state != 'Stopped' and db_name = 'benchmark'")(on zone1-0942943782 from ): (*tabletmanagerdata.VReplicationExecResponse)(nil)
[pod/example-vttablet-zone1-0942943782-67bcbcdb/vttablet] I0213 00:57:42.009255       1 rpc_server.go:83] TabletManager.VReplicationExec(query:"select distinct workflow from _vt.vreplication where state != 'Stopped' and db_name = 'benchmark'")(on zone1-0942943782 from ): (*tabletmanagerdata.VReplicationExecResponse)(nil)
[pod/example-vttablet-zone1-0942943782-67bcbcdb/vttablet] E0213 00:57:42.213587       1 query_throttler.go:140] Error loading config: open /config/throttler-config.json: no such file or directory
[pod/example-vttablet-zone1-0942943782-67bcbcdb/vttablet] I0213 00:57:57.046854       1 rpc_server.go:83] TabletManager.VReplicationExec(query:"select distinct workflow from _vt.vreplication where state != 'Stopped' and db_name = 'benchmark'")(on zone1-0942943782 from ): (*tabletmanagerdata.VReplicationExecResponse)(nil)
[pod/example-vttablet-zone1-0942943782-67bcbcdb/vttablet] I0213 00:58:13.748731       1 rpc_server.go:83] TabletManager.VReplicationExec(query:"select distinct workflow from _vt.vreplication where state != 'Stopped' and db_name = 'benchmark'")(on zone1-0942943782 from ): (*tabletmanagerdata.VReplicationExecResponse)(nil)
[pod/example-vttablet-zone1-0942943782-67bcbcdb/vttablet] I0213 00:58:31.120715       1 rpc_server.go:83] TabletManager.VReplicationExec(query:"select distinct workflow from _vt.vreplication where state != 'Stopped' and db_name = 'benchmark'")(on zone1-0942943782 from ): (*tabletmanagerdata.VReplicationExecResponse)(nil)
[pod/example-vttablet-zone1-0942943782-67bcbcdb/vttablet] E0213 00:58:42.213823       1 query_throttler.go:140] Error loading config: open /config/throttler-config.json: no such file or directory
[pod/example-vttablet-zone1-0942943782-67bcbcdb/vttablet] I0213 00:58:42.529172       1 rpc_server.go:83] TabletManager.VReplicationExec(query:"select distinct workflow from _vt.vreplication where state != 'Stopped' and db_name = 'benchmark'")(on zone1-0942943782 from ): (*tabletmanagerdata.VReplicationExecResponse)(nil)
[pod/example-vttablet-zone1-0942943782-67bcbcdb/vttablet] I0213 00:58:57.713617       1 rpc_server.go:83] TabletManager.VReplicationExec(query:"select distinct workflow from _vt.vreplication where state != 'Stopped' and db_name = 'benchmark'")(on zone1-0942943782 from ): (*tabletmanagerdata.VReplicationExecResponse)(nil)
[pod/example-vttablet-zone1-0942943782-67bcbcdb/vttablet] I0213 00:59:11.815193       1 rpc_server.go:83] TabletManager.VReplicationExec(query:"select distinct workflow from _vt.vreplication where state != 'Stopped' and db_name = 'benchmark'")(on zone1-0942943782 from ): (*tabletmanagerdata.VReplicationExecResponse)(nil)
[pod/example-vttablet-zone1-0942943782-67bcbcdb/vttablet] I0213 00:59:24.608559       1 rpc_server.go:83] TabletManager.VReplicationExec(query:"select distinct workflow from _vt.vreplication where state != 'Stopped' and db_name = 'benchmark'")(on zone1-0942943782 from ): (*tabletmanagerdata.VReplicationExecResponse)(nil)
[pod/example-vttablet-zone1-0942943782-67bcbcdb/vttablet] I0213 00:59:36.249731       1 rpc_server.go:83] TabletManager.VReplicationExec(query:"select distinct workflow from _vt.vreplication where state != 'Stopped' and db_name = 'benchmark'")(on zone1-0942943782 from ): (*tabletmanagerdata.VReplicationExecResponse)(nil)
[pod/example-vttablet-zone1-0942943782-67bcbcdb/vttablet] E0213 00:59:42.213608       1 query_throttler.go:140] Error loading config: open /config/throttler-config.json: no such file or directory
[pod/example-vttablet-zone1-0942943782-67bcbcdb/vttablet] I0213 00:59:53.166016       1 rpc_server.go:83] TabletManager.VReplicationExec(query:"select distinct workflow from _vt.vreplication where state != 'Stopped' and db_name = 'benchmark'")(on zone1-0942943782 from ): (*tabletmanagerdata.VReplicationExecResponse)(nil)
[pod/example-vttablet-zone1-0942943782-67bcbcdb/vttablet] I0213 01:00:08.231422       1 rpc_server.go:83] TabletManager.VReplicationExec(query:"select distinct workflow from _vt.vreplication where state != 'Stopped' and db_name = 'benchmark'")(on zone1-0942943782 from ): (*tabletmanagerdata.VReplicationExecResponse)(nil)
[pod/example-vttablet-zone1-0942943782-67bcbcdb/vttablet] I0213 01:00:24.522581       1 rpc_server.go:83] TabletManager.VReplicationExec(query:"select distinct workflow from _vt.vreplication where state != 'Stopped' and db_name = 'benchmark'")(on zone1-0942943782 from ): (*tabletmanagerdata.VReplicationExecResponse)(nil)
[pod/example-vttablet-zone1-0942943782-67bcbcdb/vttablet] I0213 01:00:28.460725       1 rpc_server.go:83] TabletManager.VReplicationExec(query:"select distinct workflow from _vt.vreplication where state != 'Stopped' and db_name = 'benchmark'")(on zone1-0942943782 from ): (*tabletmanagerdata.VReplicationExecResponse)(nil)
[pod/example-vttablet-zone1-0942943782-67bcbcdb/vttablet] I0213 01:00:28.529069       1 rpc_server.go:83] TabletManager.VReplicationExec(query:"select distinct workflow from _vt.vreplication where state != 'Stopped' and db_name = 'benchmark'")(on zone1-0942943782 from ): (*tabletmanagerdata.VReplicationExecResponse)(nil)
[pod/example-vttablet-zone1-0942943782-67bcbcdb/vttablet] E0213 01:00:42.214012       1 query_throttler.go:140] Error loading config: open /config/throttler-config.json: no such file or directory
[pod/example-vttablet-zone1-0942943782-67bcbcdb/vttablet] I0213 01:00:43.282531       1 rpc_server.go:83] TabletManager.VReplicationExec(query:"select distinct workflow from _vt.vreplication where state != 'Stopped' and db_name = 'benchmark'")(on zone1-0942943782 from ): (*tabletmanagerdata.VReplicationExecResponse)(nil)
[pod/example-vttablet-zone1-0942943782-67bcbcdb/vttablet] I0213 01:00:55.154668       1 rpc_server.go:83] TabletManager.VReplicationExec(query:"select distinct workflow from _vt.vreplication where state != 'Stopped' and db_name = 'benchmark'")(on zone1-0942943782 from ): (*tabletmanagerdata.VReplicationExecResponse)(nil)
[pod/example-vttablet-zone1-0942943782-67bcbcdb/vttablet] I0213 01:01:08.264139       1 rpc_server.go:83] TabletManager.VReplicationExec(query:"select distinct workflow from _vt.vreplication where state != 'Stopped' and db_name = 'benchmark'")(on zone1-0942943782 from ): (*tabletmanagerdata.VReplicationExecResponse)(nil)
[pod/example-vttablet-zone1-0942943782-67bcbcdb/vttablet] I0213 01:01:23.009148       1 rpc_server.go:83] TabletManager.VReplicationExec(query:"select distinct workflow from _vt.vreplication where state != 'Stopped' and db_name = 'benchmark'")(on zone1-0942943782 from ): (*tabletmanagerdata.VReplicationExecResponse)(nil)
[pod/example-vttablet-zone1-0942943782-67bcbcdb/vttablet] I0213 01:01:33.638135       1 rpc_server.go:83] TabletManager.VReplicationExec(query:"select distinct workflow from _vt.vreplication where state != 'Stopped' and db_name = 'benchmark'")(on zone1-0942943782 from ): (*tabletmanagerdata.VReplicationExecResponse)(nil)
[pod/example-vttablet-zone1-0942943782-67bcbcdb/vttablet] E0213 01:01:42.213991       1 query_throttler.go:140] Error loading config: open /config/throttler-config.json: no such file or directory
[pod/example-vttablet-zone1-0942943782-67bcbcdb/vttablet] I0213 01:01:50.282293       1 rpc_server.go:83] TabletManager.VReplicationExec(query:"select distinct workflow from _vt.vreplication where state != 'Stopped' and db_name = 'benchmark'")(on zone1-0942943782 from ): (*tabletmanagerdata.VReplicationExecResponse)(nil)
[pod/example-vttablet-zone1-0942943782-67bcbcdb/vttablet] I0213 01:02:08.310573       1 rpc_server.go:83] TabletManager.VReplicationExec(query:"select distinct workflow from _vt.vreplication where state != 'Stopped' and db_name = 'benchmark'")(on zone1-0942943782 from ): (*tabletmanagerdata.VReplicationExecResponse)(nil)
[pod/example-vttablet-zone1-0942943782-67bcbcdb/vttablet] I0213 01:02:21.610834       1 rpc_server.go:83] TabletManager.VReplicationExec(query:"select distinct workflow from _vt.vreplication where state != 'Stopped' and db_name = 'benchmark'")(on zone1-0942943782 from ): (*tabletmanagerdata.VReplicationExecResponse)(nil)
[pod/example-vttablet-zone1-0942943782-67bcbcdb/vttablet] I0213 01:02:33.847219       1 rpc_server.go:83] TabletManager.VReplicationExec(query:"select distinct workflow from _vt.vreplication where state != 'Stopped' and db_name = 'benchmark'")(on zone1-0942943782 from ): (*tabletmanagerdata.VReplicationExecResponse)(nil)
[pod/example-vttablet-zone1-0942943782-67bcbcdb/vttablet] E0213 01:02:42.213655       1 query_throttler.go:140] Error loading config: open /config/throttler-config.json: no such file or directory
[pod/example-vttablet-zone1-0942943782-67bcbcdb/vttablet] I0213 01:02:47.210593       1 rpc_server.go:83] TabletManager.VReplicationExec(query:"select distinct workflow from _vt.vreplication where state != 'Stopped' and db_name = 'benchmark'")(on zone1-0942943782 from ): (*tabletmanagerdata.VReplicationExecResponse)(nil)
[pod/example-vttablet-zone1-0942943782-67bcbcdb/vttablet] I0213 01:03:02.050643       1 rpc_server.go:83] TabletManager.VReplicationExec(query:"select distinct workflow from _vt.vreplication where state != 'Stopped' and db_name = 'benchmark'")(on zone1-0942943782 from ): (*tabletmanagerdata.VReplicationExecResponse)(nil)
[pod/example-vttablet-zone1-0942943782-67bcbcdb/vttablet] I0213 01:03:17.905501       1 rpc_server.go:83] TabletManager.VReplicationExec(query:"select distinct workflow from _vt.vreplication where state != 'Stopped' and db_name = 'benchmark'")(on zone1-0942943782 from ): (*tabletmanagerdata.VReplicationExecResponse)(nil)
[pod/example-vttablet-zone1-0942943782-67bcbcdb/vttablet] I0213 01:03:31.281688       1 rpc_server.go:83] TabletManager.VReplicationExec(query:"select distinct workflow from _vt.vreplication where state != 'Stopped' and db_name = 'benchmark'")(on zone1-0942943782 from ): (*tabletmanagerdata.VReplicationExecResponse)(nil)
[pod/example-vttablet-zone1-0942943782-67bcbcdb/vttablet] E0213 01:03:42.213690       1 query_throttler.go:140] Error loading config: open /config/throttler-config.json: no such file or directory
[pod/example-vttablet-zone1-0942943782-67bcbcdb/vttablet] I0213 01:03:44.781766       1 rpc_server.go:83] TabletManager.VReplicationExec(query:"select distinct workflow from _vt.vreplication where state != 'Stopped' and db_name = 'benchmark'")(on zone1-0942943782 from ): (*tabletmanagerdata.VReplicationExecResponse)(nil)
[pod/example-vttablet-zone1-0942943782-67bcbcdb/vttablet] I0213 01:04:02.153540       1 rpc_server.go:83] TabletManager.VReplicationExec(query:"select distinct workflow from _vt.vreplication where state != 'Stopped' and db_name = 'benchmark'")(on zone1-0942943782 from ): (*tabletmanagerdata.VReplicationExecResponse)(nil)
[pod/example-vttablet-zone1-0942943782-67bcbcdb/vttablet] I0213 01:04:18.114935       1 rpc_server.go:83] TabletManager.VReplicationExec(query:"select distinct workflow from _vt.vreplication where state != 'Stopped' and db_name = 'benchmark'")(on zone1-0942943782 from ): (*tabletmanagerdata.VReplicationExecResponse)(nil)
[pod/example-vttablet-zone1-0942943782-67bcbcdb/vttablet] I0213 01:04:34.905631       1 rpc_server.go:83] TabletManager.VReplicationExec(query:"select distinct workflow from _vt.vreplication where state != 'Stopped' and db_name = 'benchmark'")(on zone1-0942943782 from ): (*tabletmanagerdata.VReplicationExecResponse)(nil)
[pod/example-vttablet-zone1-0942943782-67bcbcdb/vttablet] E0213 01:04:42.213639       1 query_throttler.go:140] Error loading config: open /config/throttler-config.json: no such file or directory
[pod/example-vttablet-zone1-0942943782-67bcbcdb/vttablet] I0213 01:04:50.645396       1 rpc_server.go:83] TabletManager.VReplicationExec(query:"select distinct workflow from _vt.vreplication where state != 'Stopped' and db_name = 'benchmark'")(on zone1-0942943782 from ): (*tabletmanagerdata.VReplicationExecResponse)(nil)
[pod/example-vttablet-zone1-0942943782-67bcbcdb/vttablet] I0213 01:05:03.093301       1 rpc_server.go:83] TabletManager.VReplicationExec(query:"select distinct workflow from _vt.vreplication where state != 'Stopped' and db_name = 'benchmark'")(on zone1-0942943782 from ): (*tabletmanagerdata.VReplicationExecResponse)(nil)
[pod/example-vttablet-zone1-0942943782-67bcbcdb/vttablet] I0213 01:05:15.149580       1 rpc_server.go:83] TabletManager.VReplicationExec(query:"select distinct workflow from _vt.vreplication where state != 'Stopped' and db_name = 'benchmark'")(on zone1-0942943782 from ): (*tabletmanagerdata.VReplicationExecResponse)(nil)
[pod/example-vttablet-zone1-0942943782-67bcbcdb/vttablet] I0213 01:05:26.899830       1 rpc_server.go:83] TabletManager.VReplicationExec(query:"select distinct workflow from _vt.vreplication where state != 'Stopped' and db_name = 'benchmark'")(on zone1-0942943782 from ): (*tabletmanagerdata.VReplicationExecResponse)(nil)
[pod/example-vttablet-zone1-0942943782-67bcbcdb/vttablet] I0213 01:05:39.300724       1 rpc_server.go:83] TabletManager.VReplicationExec(query:"select distinct workflow from _vt.vreplication where state != 'Stopped' and db_name = 'benchmark'")(on zone1-0942943782 from ): (*tabletmanagerdata.VReplicationExecResponse)(nil)
[pod/example-vttablet-zone1-0942943782-67bcbcdb/vttablet] E0213 01:05:42.213729       1 query_throttler.go:140] Error loading config: open /config/throttler-config.json: no such file or directory
[pod/example-vttablet-zone1-0942943782-67bcbcdb/vttablet] I0213 01:05:57.434920       1 rpc_server.go:83] TabletManager.VReplicationExec(query:"select distinct workflow from _vt.vreplication where state != 'Stopped' and db_name = 'benchmark'")(on zone1-0942943782 from ): (*tabletmanagerdata.VReplicationExecResponse)(nil)
[pod/example-vttablet-zone1-0942943782-67bcbcdb/vttablet] I0213 01:06:14.177134       1 rpc_server.go:83] TabletManager.VReplicationExec(query:"select distinct workflow from _vt.vreplication where state != 'Stopped' and db_name = 'benchmark'")(on zone1-0942943782 from ): (*tabletmanagerdata.VReplicationExecResponse)(nil)
[pod/example-vttablet-zone1-0942943782-67bcbcdb/vttablet] I0213 01:06:32.732526       1 rpc_server.go:83] TabletManager.VReplicationExec(query:"select distinct workflow from _vt.vreplication where state != 'Stopped' and db_name = 'benchmark'")(on zone1-0942943782 from ): (*tabletmanagerdata.VReplicationExecResponse)(nil)
[pod/example-vttablet-zone1-0942943782-67bcbcdb/vttablet] E0213 01:06:42.214007       1 query_throttler.go:140] Error loading config: open /config/throttler-config.json: no such file or directory
[pod/example-vttablet-zone1-0942943782-67bcbcdb/vttablet] I0213 01:06:45.158480       1 rpc_server.go:83] TabletManager.VReplicationExec(query:"select distinct workflow from _vt.vreplication where state != 'Stopped' and db_name = 'benchmark'")(on zone1-0942943782 from ): (*tabletmanagerdata.VReplicationExecResponse)(nil)
[pod/example-vttablet-zone1-0942943782-67bcbcdb/vttablet] I0213 01:06:57.007996       1 rpc_server.go:83] TabletManager.VReplicationExec(query:"select distinct workflow from _vt.vreplication where state != 'Stopped' and db_name = 'benchmark'")(on zone1-0942943782 from ): (*tabletmanagerdata.VReplicationExecResponse)(nil)
[pod/example-vttablet-zone1-0942943782-67bcbcdb/vttablet] I0213 01:07:15.474678       1 rpc_server.go:83] TabletManager.VReplicationExec(query:"select distinct workflow from _vt.vreplication where state != 'Stopped' and db_name = 'benchmark'")(on zone1-0942943782 from ): (*tabletmanagerdata.VReplicationExecResponse)(nil)
[pod/example-vttablet-zone1-0942943782-67bcbcdb/vttablet] I0213 01:07:33.733422       1 rpc_server.go:83] TabletManager.VReplicationExec(query:"select distinct workflow from _vt.vreplication where state != 'Stopped' and db_name = 'benchmark'")(on zone1-0942943782 from ): (*tabletmanagerdata.VReplicationExecResponse)(nil)
[pod/example-vttablet-zone1-0942943782-67bcbcdb/vttablet] E0213 01:07:42.214089       1 query_throttler.go:140] Error loading config: open /config/throttler-config.json: no such file or directory
[pod/example-vttablet-zone1-0942943782-67bcbcdb/vttablet] I0213 01:07:52.481690       1 rpc_server.go:83] TabletManager.VReplicationExec(query:"select distinct workflow from _vt.vreplication where state != 'Stopped' and db_name = 'benchmark'")(on zone1-0942943782 from ): (*tabletmanagerdata.VReplicationExecResponse)(nil)
[pod/example-vttablet-zone1-0942943782-67bcbcdb/vttablet] I0213 01:08:09.029521       1 rpc_server.go:83] TabletManager.VReplicationExec(query:"select distinct workflow from _vt.vreplication where state != 'Stopped' and db_name = 'benchmark'")(on zone1-0942943782 from ): (*tabletmanagerdata.VReplicationExecResponse)(nil)
[pod/example-vttablet-zone1-0942943782-67bcbcdb/vttablet] I0213 01:08:26.820444       1 rpc_server.go:83] TabletManager.VReplicationExec(query:"select distinct workflow from _vt.vreplication where state != 'Stopped' and db_name = 'benchmark'")(on zone1-0942943782 from ): (*tabletmanagerdata.VReplicationExecResponse)(nil)
[pod/example-vttablet-zone1-0942943782-67bcbcdb/vttablet] E0213 01:08:42.213582       1 query_throttler.go:140] Error loading config: open /config/throttler-config.json: no such file or directory
[pod/example-vttablet-zone1-0942943782-67bcbcdb/vttablet] I0213 01:08:44.637532       1 rpc_server.go:83] TabletManager.VReplicationExec(query:"select distinct workflow from _vt.vreplication where state != 'Stopped' and db_name = 'benchmark'")(on zone1-0942943782 from ): (*tabletmanagerdata.VReplicationExecResponse)(nil)
[pod/example-vttablet-zone1-0942943782-67bcbcdb/vttablet] I0213 01:08:57.168367       1 rpc_server.go:83] TabletManager.VReplicationExec(query:"select distinct workflow from _vt.vreplication where state != 'Stopped' and db_name = 'benchmark'")(on zone1-0942943782 from ): (*tabletmanagerdata.VReplicationExecResponse)(nil)
[pod/example-vttablet-zone1-0942943782-67bcbcdb/vttablet] I0213 01:09:10.184180       1 rpc_server.go:83] TabletManager.VReplicationExec(query:"select distinct workflow from _vt.vreplication where state != 'Stopped' and db_name = 'benchmark'")(on zone1-0942943782 from ): (*tabletmanagerdata.VReplicationExecResponse)(nil)
[pod/example-vttablet-zone1-0942943782-67bcbcdb/vttablet] I0213 01:09:27.694701       1 rpc_server.go:83] TabletManager.VReplicationExec(query:"select distinct workflow from _vt.vreplication where state != 'Stopped' and db_name = 'benchmark'")(on zone1-0942943782 from ): (*tabletmanagerdata.VReplicationExecResponse)(nil)
[pod/example-vttablet-zone1-0942943782-67bcbcdb/vttablet] E0213 01:09:42.214476       1 query_throttler.go:140] Error loading config: open /config/throttler-config.json: no such file or directory
[pod/example-vttablet-zone1-0942943782-67bcbcdb/vttablet] I0213 01:09:43.651746       1 rpc_server.go:83] TabletManager.VReplicationExec(query:"select distinct workflow from _vt.vreplication where state != 'Stopped' and db_name = 'benchmark'")(on zone1-0942943782 from ): (*tabletmanagerdata.VReplicationExecResponse)(nil)
[pod/example-vttablet-zone1-0942943782-67bcbcdb/vttablet] I0213 01:09:55.367032       1 rpc_server.go:83] TabletManager.VReplicationExec(query:"select distinct workflow from _vt.vreplication where state != 'Stopped' and db_name = 'benchmark'")(on zone1-0942943782 from ): (*tabletmanagerdata.VReplicationExecResponse)(nil)
[pod/example-vttablet-zone1-0942943782-67bcbcdb/vttablet] I0213 01:10:11.687096       1 rpc_server.go:83] TabletManager.VReplicationExec(query:"select distinct workflow from _vt.vreplication where state != 'Stopped' and db_name = 'benchmark'")(on zone1-0942943782 from ): (*tabletmanagerdata.VReplicationExecResponse)(nil)
[pod/example-vttablet-zone1-0942943782-67bcbcdb/vttablet] I0213 01:10:25.178169       1 rpc_server.go:83] TabletManager.VReplicationExec(query:"select distinct workflow from _vt.vreplication where state != 'Stopped' and db_name = 'benchmark'")(on zone1-0942943782 from ): (*tabletmanagerdata.VReplicationExecResponse)(nil)
[pod/example-vttablet-zone1-0942943782-67bcbcdb/vttablet] I0213 01:10:39.032709       1 rpc_server.go:83] TabletManager.VReplicationExec(query:"select distinct workflow from _vt.vreplication where state != 'Stopped' and db_name = 'benchmark'")(on zone1-0942943782 from ): (*tabletmanagerdata.VReplicationExecResponse)(nil)
[pod/example-vttablet-zone1-0942943782-67bcbcdb/vttablet] E0213 01:10:42.213596       1 query_throttler.go:140] Error loading config: open /config/throttler-config.json: no such file or directory
[pod/example-vttablet-zone1-0942943782-67bcbcdb/vttablet] I0213 01:10:52.181096       1 rpc_server.go:83] TabletManager.VReplicationExec(query:"select distinct workflow from _vt.vreplication where state != 'Stopped' and db_name = 'benchmark'")(on zone1-0942943782 from ): (*tabletmanagerdata.VReplicationExecResponse)(nil)
[pod/example-vttablet-zone1-0942943782-67bcbcdb/vttablet] I0213 01:10:52.218991       1 rpc_server.go:83] TabletManager.VReplicationExec(query:"select distinct workflow from _vt.vreplication where state != 'Stopped' and db_name = 'benchmark'")(on zone1-0942943782 from ): (*tabletmanagerdata.VReplicationExecResponse)(nil)
[pod/example-vttablet-zone1-0942943782-67bcbcdb/vttablet] I0213 01:11:06.725772       1 rpc_server.go:83] TabletManager.VReplicationExec(query:"select distinct workflow from _vt.vreplication where state != 'Stopped' and db_name = 'benchmark'")(on zone1-0942943782 from ): (*tabletmanagerdata.VReplicationExecResponse)(nil)
[pod/example-vttablet-zone1-0942943782-67bcbcdb/vttablet] I0213 01:11:21.584248       1 rpc_server.go:83] TabletManager.VReplicationExec(query:"select distinct workflow from _vt.vreplication where state != 'Stopped' and db_name = 'benchmark'")(on zone1-0942943782 from ): (*tabletmanagerdata.VReplicationExecResponse)(nil)
[pod/example-vttablet-zone1-0942943782-67bcbcdb/vttablet] I0213 01:11:38.305774       1 rpc_server.go:83] TabletManager.VReplicationExec(query:"select distinct workflow from _vt.vreplication where state != 'Stopped' and db_name = 'benchmark'")(on zone1-0942943782 from ): (*tabletmanagerdata.VReplicationExecResponse)(nil)
[pod/example-vttablet-zone1-0942943782-67bcbcdb/vttablet] E0213 01:11:42.214426       1 query_throttler.go:140] Error loading config: open /config/throttler-config.json: no such file or directory
[pod/example-vttablet-zone1-0942943782-67bcbcdb/vttablet] I0213 01:11:53.152909       1 rpc_server.go:83] TabletManager.VReplicationExec(query:"select distinct workflow from _vt.vreplication where state != 'Stopped' and db_name = 'benchmark'")(on zone1-0942943782 from ): (*tabletmanagerdata.VReplicationExecResponse)(nil)
[pod/example-vttablet-zone1-0942943782-67bcbcdb/vttablet] I0213 01:11:59.249828       1 rpc_server.go:83] TabletManager.VReplicationExec(query:"select distinct workflow from _vt.vreplication where state != 'Stopped' and db_name = 'benchmark'")(on zone1-0942943782 from ): (*tabletmanagerdata.VReplicationExecResponse)(nil)
[pod/example-vttablet-zone1-0942943782-67bcbcdb/vttablet] I0213 01:12:14.791562       1 rpc_server.go:83] TabletManager.VReplicationExec(query:"select distinct workflow from _vt.vreplication where state != 'Stopped' and db_name = 'benchmark'")(on zone1-0942943782 from ): (*tabletmanagerdata.VReplicationExecResponse)(nil)
[pod/example-vttablet-zone1-0942943782-67bcbcdb/vttablet] I0213 01:12:27.902530       1 rpc_server.go:83] TabletManager.VReplicationExec(query:"select distinct workflow from _vt.vreplication where state != 'Stopped' and db_name = 'benchmark'")(on zone1-0942943782 from ): (*tabletmanagerdata.VReplicationExecResponse)(nil)
[pod/example-vttablet-zone1-0942943782-67bcbcdb/vttablet] E0213 01:12:42.213840       1 query_throttler.go:140] Error loading config: open /config/throttler-config.json: no such file or directory
[pod/example-vttablet-zone1-0942943782-67bcbcdb/vttablet] I0213 01:12:44.587229       1 rpc_server.go:83] TabletManager.VReplicationExec(query:"select distinct workflow from _vt.vreplication where state != 'Stopped' and db_name = 'benchmark'")(on zone1-0942943782 from ): (*tabletmanagerdata.VReplicationExecResponse)(nil)
[pod/example-vttablet-zone1-0942943782-67bcbcdb/vttablet] I0213 01:13:01.481500       1 rpc_server.go:83] TabletManager.VReplicationExec(query:"select distinct workflow from _vt.vreplication where state != 'Stopped' and db_name = 'benchmark'")(on zone1-0942943782 from ): (*tabletmanagerdata.VReplicationExecResponse)(nil)
[pod/example-vttablet-zone1-0942943782-67bcbcdb/vttablet] I0213 01:13:16.494647       1 rpc_server.go:83] TabletManager.VReplicationExec(query:"select distinct workflow from _vt.vreplication where state != 'Stopped' and db_name = 'benchmark'")(on zone1-0942943782 from ): (*tabletmanagerdata.VReplicationExecResponse)(nil)
[pod/example-vttablet-zone1-0942943782-67bcbcdb/vttablet] I0213 01:13:31.670725       1 rpc_server.go:83] TabletManager.VReplicationExec(query:"select distinct workflow from _vt.vreplication where state != 'Stopped' and db_name = 'benchmark'")(on zone1-0942943782 from ): (*tabletmanagerdata.VReplicationExecResponse)(nil)
[pod/example-vttablet-zone1-0942943782-67bcbcdb/vttablet] E0213 01:13:42.214446       1 query_throttler.go:140] Error loading config: open /config/throttler-config.json: no such file or directory
[pod/example-vttablet-zone1-0942943782-67bcbcdb/vttablet] I0213 01:13:49.815914       1 rpc_server.go:83] TabletManager.VReplicationExec(query:"select distinct workflow from _vt.vreplication where state != 'Stopped' and db_name = 'benchmark'")(on zone1-0942943782 from ): (*tabletmanagerdata.VReplicationExecResponse)(nil)
[pod/example-vttablet-zone1-0942943782-67bcbcdb/vttablet] I0213 01:14:01.443903       1 rpc_server.go:83] TabletManager.VReplicationExec(query:"select distinct workflow from _vt.vreplication where state != 'Stopped' and db_name = 'benchmark'")(on zone1-0942943782 from ): (*tabletmanagerdata.VReplicationExecResponse)(nil)
[pod/example-vttablet-zone1-0942943782-67bcbcdb/vttablet] I0213 01:14:19.346585       1 rpc_server.go:83] TabletManager.VReplicationExec(query:"select distinct workflow from _vt.vreplication where state != 'Stopped' and db_name = 'benchmark'")(on zone1-0942943782 from ): (*tabletmanagerdata.VReplicationExecResponse)(nil)
[pod/example-vttablet-zone1-0942943782-67bcbcdb/vttablet] I0213 01:14:36.171064       1 rpc_server.go:83] TabletManager.VReplicationExec(query:"select distinct workflow from _vt.vreplication where state != 'Stopped' and db_name = 'benchmark'")(on zone1-0942943782 from ): (*tabletmanagerdata.VReplicationExecResponse)(nil)
[pod/example-vttablet-zone1-0942943782-67bcbcdb/vttablet] E0213 01:14:42.213668       1 query_throttler.go:140] Error loading config: open /config/throttler-config.json: no such file or directory
[pod/example-vttablet-zone1-0942943782-67bcbcdb/vttablet] I0213 01:14:50.646366       1 rpc_server.go:83] TabletManager.VReplicationExec(query:"select distinct workflow from _vt.vreplication where state != 'Stopped' and db_name = 'benchmark'")(on zone1-0942943782 from ): (*tabletmanagerdata.VReplicationExecResponse)(nil)
[pod/example-vttablet-zone1-0942943782-67bcbcdb/vttablet] I0213 01:15:02.266690       1 rpc_server.go:83] TabletManager.VReplicationExec(query:"select distinct workflow from _vt.vreplication where state != 'Stopped' and db_name = 'benchmark'")(on zone1-0942943782 from ): (*tabletmanagerdata.VReplicationExecResponse)(nil)
[pod/example-vttablet-zone1-0942943782-67bcbcdb/vttablet] I0213 01:15:14.733502       1 rpc_server.go:83] TabletManager.VReplicationExec(query:"select distinct workflow from _vt.vreplication where state != 'Stopped' and db_name = 'benchmark'")(on zone1-0942943782 from ): (*tabletmanagerdata.VReplicationExecResponse)(nil)
[pod/example-vttablet-zone1-0942943782-67bcbcdb/vttablet] I0213 01:15:31.855014       1 rpc_server.go:83] TabletManager.VReplicationExec(query:"select distinct workflow from _vt.vreplication where state != 'Stopped' and db_name = 'benchmark'")(on zone1-0942943782 from ): (*tabletmanagerdata.VReplicationExecResponse)(nil)
[pod/example-vttablet-zone1-0942943782-67bcbcdb/vttablet] E0213 01:15:42.213931       1 query_throttler.go:140] Error loading config: open /config/throttler-config.json: no such file or directory
[pod/example-vttablet-zone1-0942943782-67bcbcdb/vttablet] I0213 01:15:47.693782       1 rpc_server.go:83] TabletManager.VReplicationExec(query:"select distinct workflow from _vt.vreplication where state != 'Stopped' and db_name = 'benchmark'")(on zone1-0942943782 from ): (*tabletmanagerdata.VReplicationExecResponse)(nil)
[pod/example-vttablet-zone1-0942943782-67bcbcdb/vttablet] I0213 01:16:01.706224       1 rpc_server.go:83] TabletManager.VReplicationExec(query:"select distinct workflow from _vt.vreplication where state != 'Stopped' and db_name = 'benchmark'")(on zone1-0942943782 from ): (*tabletmanagerdata.VReplicationExecResponse)(nil)
[pod/example-vttablet-zone1-0942943782-67bcbcdb/vttablet] I0213 01:16:18.147167       1 rpc_server.go:83] TabletManager.VReplicationExec(query:"select distinct workflow from _vt.vreplication where state != 'Stopped' and db_name = 'benchmark'")(on zone1-0942943782 from ): (*tabletmanagerdata.VReplicationExecResponse)(nil)
[pod/example-vttablet-zone1-0942943782-67bcbcdb/vttablet] I0213 01:16:33.622293       1 rpc_server.go:83] TabletManager.VReplicationExec(query:"select distinct workflow from _vt.vreplication where state != 'Stopped' and db_name = 'benchmark'")(on zone1-0942943782 from ): (*tabletmanagerdata.VReplicationExecResponse)(nil)
[pod/example-vttablet-zone1-0942943782-67bcbcdb/vttablet] E0213 01:16:42.213565       1 query_throttler.go:140] Error loading config: open /config/throttler-config.json: no such file or directory
[pod/example-vttablet-zone1-0942943782-67bcbcdb/vttablet] I0213 01:16:45.070314       1 rpc_server.go:83] TabletManager.VReplicationExec(query:"select distinct workflow from _vt.vreplication where state != 'Stopped' and db_name = 'benchmark'")(on zone1-0942943782 from ): (*tabletmanagerdata.VReplicationExecResponse)(nil)
[pod/example-vttablet-zone1-0942943782-67bcbcdb/vttablet] I0213 01:16:57.703515       1 rpc_server.go:83] TabletManager.VReplicationExec(query:"select distinct workflow from _vt.vreplication where state != 'Stopped' and db_name = 'benchmark'")(on zone1-0942943782 from ): (*tabletmanagerdata.VReplicationExecResponse)(nil)
[pod/example-vttablet-zone1-0942943782-67bcbcdb/vttablet] I0213 01:17:14.603054       1 rpc_server.go:83] TabletManager.VReplicationExec(query:"select distinct workflow from _vt.vreplication where state != 'Stopped' and db_name = 'benchmark'")(on zone1-0942943782 from ): (*tabletmanagerdata.VReplicationExecResponse)(nil)
[pod/example-vttablet-zone1-0942943782-67bcbcdb/vttablet] I0213 01:17:30.819216       1 rpc_server.go:83] TabletManager.VReplicationExec(query:"select distinct workflow from _vt.vreplication where state != 'Stopped' and db_name = 'benchmark'")(on zone1-0942943782 from ): (*tabletmanagerdata.VReplicationExecResponse)(nil)
[pod/example-vttablet-zone1-0942943782-67bcbcdb/vttablet] E0213 01:17:42.213637       1 query_throttler.go:140] Error loading config: open /config/throttler-config.json: no such file or directory
[pod/example-vttablet-zone1-0942943782-67bcbcdb/vttablet] I0213 01:17:43.726974       1 rpc_server.go:83] TabletManager.VReplicationExec(query:"select distinct workflow from _vt.vreplication where state != 'Stopped' and db_name = 'benchmark'")(on zone1-0942943782 from ): (*tabletmanagerdata.VReplicationExecResponse)(nil)
[pod/example-vttablet-zone1-0942943782-67bcbcdb/vttablet] I0213 01:17:55.465651       1 rpc_server.go:83] TabletManager.VReplicationExec(query:"select distinct workflow from _vt.vreplication where state != 'Stopped' and db_name = 'benchmark'")(on zone1-0942943782 from ): (*tabletmanagerdata.VReplicationExecResponse)(nil)
[pod/example-vttablet-zone1-0942943782-67bcbcdb/vttablet] I0213 01:18:07.874370       1 rpc_server.go:83] TabletManager.VReplicationExec(query:"select distinct workflow from _vt.vreplication where state != 'Stopped' and db_name = 'benchmark'")(on zone1-0942943782 from ): (*tabletmanagerdata.VReplicationExecResponse)(nil)
[pod/example-vttablet-zone1-0942943782-67bcbcdb/vttablet] I0213 01:18:23.693238       1 rpc_server.go:83] TabletManager.VReplicationExec(query:"select distinct workflow from _vt.vreplication where state != 'Stopped' and db_name = 'benchmark'")(on zone1-0942943782 from ): (*tabletmanagerdata.VReplicationExecResponse)(nil)
[pod/example-vttablet-zone1-0942943782-67bcbcdb/vttablet] I0213 01:18:36.522957       1 rpc_server.go:83] TabletManager.VReplicationExec(query:"select distinct workflow from _vt.vreplication where state != 'Stopped' and db_name = 'benchmark'")(on zone1-0942943782 from ): (*tabletmanagerdata.VReplicationExecResponse)(nil)
[pod/example-vttablet-zone1-0942943782-67bcbcdb/vttablet] E0213 01:18:42.214116       1 query_throttler.go:140] Error loading config: open /config/throttler-config.json: no such file or directory
[pod/example-vttablet-zone1-0942943782-67bcbcdb/vttablet] I0213 01:18:52.055463       1 rpc_server.go:83] TabletManager.VReplicationExec(query:"select distinct workflow from _vt.vreplication where state != 'Stopped' and db_name = 'benchmark'")(on zone1-0942943782 from ): (*tabletmanagerdata.VReplicationExecResponse)(nil)
[pod/example-vttablet-zone1-0942943782-67bcbcdb/vttablet] I0213 01:19:06.841146       1 rpc_server.go:83] TabletManager.VReplicationExec(query:"select distinct workflow from _vt.vreplication where state != 'Stopped' and db_name = 'benchmark'")(on zone1-0942943782 from ): (*tabletmanagerdata.VReplicationExecResponse)(nil)
[pod/example-vttablet-zone1-0942943782-67bcbcdb/vttablet] I0213 01:19:25.287210       1 rpc_server.go:83] TabletManager.VReplicationExec(query:"select distinct workflow from _vt.vreplication where state != 'Stopped' and db_name = 'benchmark'")(on zone1-0942943782 from ): (*tabletmanagerdata.VReplicationExecResponse)(nil)
[pod/example-vttablet-zone1-0942943782-67bcbcdb/vttablet] E0213 01:19:42.213932       1 query_throttler.go:140] Error loading config: open /config/throttler-config.json: no such file or directory
[pod/example-vttablet-zone1-0942943782-67bcbcdb/vttablet] I0213 01:19:44.014959       1 rpc_server.go:83] TabletManager.VReplicationExec(query:"select distinct workflow from _vt.vreplication where state != 'Stopped' and db_name = 'benchmark'")(on zone1-0942943782 from ): (*tabletmanagerdata.VReplicationExecResponse)(nil)
[pod/example-vttablet-zone1-0942943782-67bcbcdb/vttablet] I0213 01:19:56.523556       1 rpc_server.go:83] TabletManager.VReplicationExec(query:"select distinct workflow from _vt.vreplication where state != 'Stopped' and db_name = 'benchmark'")(on zone1-0942943782 from ): (*tabletmanagerdata.VReplicationExecResponse)(nil)
[pod/example-vttablet-zone1-0942943782-67bcbcdb/vttablet] I0213 01:20:08.842580       1 rpc_server.go:83] TabletManager.VReplicationExec(query:"select distinct workflow from _vt.vreplication where state != 'Stopped' and db_name = 'benchmark'")(on zone1-0942943782 from ): (*tabletmanagerdata.VReplicationExecResponse)(nil)
[pod/example-vttablet-zone1-0942943782-67bcbcdb/vttablet] I0213 01:20:21.161267       1 rpc_server.go:83] TabletManager.VReplicationExec(query:"select distinct workflow from _vt.vreplication where state != 'Stopped' and db_name = 'benchmark'")(on zone1-0942943782 from ): (*tabletmanagerdata.VReplicationExecResponse)(nil)
[pod/example-vttablet-zone1-0942943782-67bcbcdb/vttablet] I0213 01:20:33.131498       1 rpc_server.go:83] TabletManager.VReplicationExec(query:"select distinct workflow from _vt.vreplication where state != 'Stopped' and db_name = 'benchmark'")(on zone1-0942943782 from ): (*tabletmanagerdata.VReplicationExecResponse)(nil)
[pod/example-vttablet-zone1-0942943782-67bcbcdb/vttablet] E0213 01:20:42.213670       1 query_throttler.go:140] Error loading config: open /config/throttler-config.json: no such file or directory
[pod/example-vttablet-zone1-0942943782-67bcbcdb/vttablet] I0213 01:20:46.343017       1 rpc_server.go:83] TabletManager.VReplicationExec(query:"select distinct workflow from _vt.vreplication where state != 'Stopped' and db_name = 'benchmark'")(on zone1-0942943782 from ): (*tabletmanagerdata.VReplicationExecResponse)(nil)
[pod/example-vttablet-zone1-0942943782-67bcbcdb/vttablet] I0213 01:21:01.646720       1 rpc_server.go:83] TabletManager.VReplicationExec(query:"select distinct workflow from _vt.vreplication where state != 'Stopped' and db_name = 'benchmark'")(on zone1-0942943782 from ): (*tabletmanagerdata.VReplicationExecResponse)(nil)
[pod/example-vttablet-zone1-0942943782-67bcbcdb/vttablet] I0213 01:21:13.479021       1 rpc_server.go:83] TabletManager.VReplicationExec(query:"select distinct workflow from _vt.vreplication where state != 'Stopped' and db_name = 'benchmark'")(on zone1-0942943782 from ): (*tabletmanagerdata.VReplicationExecResponse)(nil)
[pod/example-vttablet-zone1-0942943782-67bcbcdb/vttablet] I0213 01:21:16.011213       1 rpc_server.go:83] TabletManager.VReplicationExec(query:"select distinct workflow from _vt.vreplication where state != 'Stopped' and db_name = 'benchmark'")(on zone1-0942943782 from ): (*tabletmanagerdata.VReplicationExecResponse)(nil)
[pod/example-vttablet-zone1-0942943782-67bcbcdb/vttablet] I0213 01:21:16.047813       1 rpc_server.go:83] TabletManager.VReplicationExec(query:"select distinct workflow from _vt.vreplication where state != 'Stopped' and db_name = 'benchmark'")(on zone1-0942943782 from ): (*tabletmanagerdata.VReplicationExecResponse)(nil)
[pod/example-vttablet-zone1-0942943782-67bcbcdb/vttablet] I0213 01:21:33.522157       1 rpc_server.go:83] TabletManager.VReplicationExec(query:"select distinct workflow from _vt.vreplication where state != 'Stopped' and db_name = 'benchmark'")(on zone1-0942943782 from ): (*tabletmanagerdata.VReplicationExecResponse)(nil)
[pod/example-vttablet-zone1-0942943782-67bcbcdb/vttablet] E0213 01:21:42.213909       1 query_throttler.go:140] Error loading config: open /config/throttler-config.json: no such file or directory
[pod/example-vttablet-zone1-0942943782-67bcbcdb/vttablet] I0213 01:21:45.197928       1 rpc_server.go:83] TabletManager.VReplicationExec(query:"select distinct workflow from _vt.vreplication where state != 'Stopped' and db_name = 'benchmark'")(on zone1-0942943782 from ): (*tabletmanagerdata.VReplicationExecResponse)(nil)
[pod/example-vttablet-zone1-0942943782-67bcbcdb/vttablet] I0213 01:21:58.460576       1 rpc_server.go:83] TabletManager.VReplicationExec(query:"select distinct workflow from _vt.vreplication where state != 'Stopped' and db_name = 'benchmark'")(on zone1-0942943782 from ): (*tabletmanagerdata.VReplicationExecResponse)(nil)
[pod/example-vttablet-zone1-0942943782-67bcbcdb/vttablet] I0213 01:22:17.232884       1 rpc_server.go:83] TabletManager.VReplicationExec(query:"select distinct workflow from _vt.vreplication where state != 'Stopped' and db_name = 'benchmark'")(on zone1-0942943782 from ): (*tabletmanagerdata.VReplicationExecResponse)(nil)
[pod/example-vttablet-zone1-0942943782-67bcbcdb/vttablet] I0213 01:22:24.815807       1 rpc_server.go:83] TabletManager.VReplicationExec(query:"select distinct workflow from _vt.vreplication where state != 'Stopped' and db_name = 'benchmark'")(on zone1-0942943782 from ): (*tabletmanagerdata.VReplicationExecResponse)(nil)
[pod/example-vttablet-zone1-0942943782-67bcbcdb/vttablet] I0213 01:22:38.728336       1 rpc_server.go:83] TabletManager.VReplicationExec(query:"select distinct workflow from _vt.vreplication where state != 'Stopped' and db_name = 'benchmark'")(on zone1-0942943782 from ): (*tabletmanagerdata.VReplicationExecResponse)(nil)
[pod/example-vttablet-zone1-0942943782-67bcbcdb/vttablet] E0213 01:22:42.213621       1 query_throttler.go:140] Error loading config: open /config/throttler-config.json: no such file or directory
[pod/example-vttablet-zone1-0942943782-67bcbcdb/vttablet] I0213 01:22:56.817327       1 rpc_server.go:83] TabletManager.VReplicationExec(query:"select distinct workflow from _vt.vreplication where state != 'Stopped' and db_name = 'benchmark'")(on zone1-0942943782 from ): (*tabletmanagerdata.VReplicationExecResponse)(nil)
[pod/example-vttablet-zone1-0942943782-67bcbcdb/vttablet] I0213 01:23:09.652748       1 rpc_server.go:83] TabletManager.VReplicationExec(query:"select distinct workflow from _vt.vreplication where state != 'Stopped' and db_name = 'benchmark'")(on zone1-0942943782 from ): (*tabletmanagerdata.VReplicationExecResponse)(nil)
[pod/example-vttablet-zone1-0942943782-67bcbcdb/vttablet] I0213 01:23:28.409893       1 rpc_server.go:83] TabletManager.VReplicationExec(query:"select distinct workflow from _vt.vreplication where state != 'Stopped' and db_name = 'benchmark'")(on zone1-0942943782 from ): (*tabletmanagerdata.VReplicationExecResponse)(nil)
[pod/example-vttablet-zone1-0942943782-67bcbcdb/vttablet] E0213 01:23:42.213726       1 query_throttler.go:140] Error loading config: open /config/throttler-config.json: no such file or directory
[pod/example-vttablet-zone1-0942943782-67bcbcdb/vttablet] I0213 01:23:46.003271       1 rpc_server.go:83] TabletManager.VReplicationExec(query:"select distinct workflow from _vt.vreplication where state != 'Stopped' and db_name = 'benchmark'")(on zone1-0942943782 from ): (*tabletmanagerdata.VReplicationExecResponse)(nil)
[pod/example-vttablet-zone1-0942943782-67bcbcdb/vttablet] I0213 01:24:04.367414       1 rpc_server.go:83] TabletManager.VReplicationExec(query:"select distinct workflow from _vt.vreplication where state != 'Stopped' and db_name = 'benchmark'")(on zone1-0942943782 from ): (*tabletmanagerdata.VReplicationExecResponse)(nil)
[pod/example-vttablet-zone1-0942943782-67bcbcdb/vttablet] I0213 01:24:18.244536       1 rpc_server.go:83] TabletManager.VReplicationExec(query:"select distinct workflow from _vt.vreplication where state != 'Stopped' and db_name = 'benchmark'")(on zone1-0942943782 from ): (*tabletmanagerdata.VReplicationExecResponse)(nil)
[pod/example-vttablet-zone1-0942943782-67bcbcdb/vttablet] I0213 01:24:36.482265       1 rpc_server.go:83] TabletManager.VReplicationExec(query:"select distinct workflow from _vt.vreplication where state != 'Stopped' and db_name = 'benchmark'")(on zone1-0942943782 from ): (*tabletmanagerdata.VReplicationExecResponse)(nil)
[pod/example-vttablet-zone1-0942943782-67bcbcdb/vttablet] E0213 01:24:42.213621       1 query_throttler.go:140] Error loading config: open /config/throttler-config.json: no such file or directory
[pod/example-vttablet-zone1-0942943782-67bcbcdb/vttablet] I0213 01:24:48.759958       1 rpc_server.go:83] TabletManager.VReplicationExec(query:"select distinct workflow from _vt.vreplication where state != 'Stopped' and db_name = 'benchmark'")(on zone1-0942943782 from ): (*tabletmanagerdata.VReplicationExecResponse)(nil)
[pod/example-vttablet-zone1-0942943782-67bcbcdb/vttablet] I0213 01:25:02.936072       1 rpc_server.go:83] TabletManager.VReplicationExec(query:"select distinct workflow from _vt.vreplication where state != 'Stopped' and db_name = 'benchmark'")(on zone1-0942943782 from ): (*tabletmanagerdata.VReplicationExecResponse)(nil)
[pod/example-vttablet-zone1-0942943782-67bcbcdb/vttablet] I0213 01:25:18.490095       1 rpc_server.go:83] TabletManager.VReplicationExec(query:"select distinct workflow from _vt.vreplication where state != 'Stopped' and db_name = 'benchmark'")(on zone1-0942943782 from ): (*tabletmanagerdata.VReplicationExecResponse)(nil)
[pod/example-vttablet-zone1-0942943782-67bcbcdb/vttablet] I0213 01:25:36.171861       1 rpc_server.go:83] TabletManager.VReplicationExec(query:"select distinct workflow from _vt.vreplication where state != 'Stopped' and db_name = 'benchmark'")(on zone1-0942943782 from ): (*tabletmanagerdata.VReplicationExecResponse)(nil)
[pod/example-vttablet-zone1-0942943782-67bcbcdb/vttablet] E0213 01:25:42.214210       1 query_throttler.go:140] Error loading config: open /config/throttler-config.json: no such file or directory
[pod/example-vttablet-zone1-0942943782-67bcbcdb/vttablet] I0213 01:25:49.655234       1 rpc_server.go:83] TabletManager.VReplicationExec(query:"select distinct workflow from _vt.vreplication where state != 'Stopped' and db_name = 'benchmark'")(on zone1-0942943782 from ): (*tabletmanagerdata.VReplicationExecResponse)(nil)
[pod/example-vttablet-zone1-0942943782-67bcbcdb/vttablet] I0213 01:26:03.225360       1 rpc_server.go:83] TabletManager.VReplicationExec(query:"select distinct workflow from _vt.vreplication where state != 'Stopped' and db_name = 'benchmark'")(on zone1-0942943782 from ): (*tabletmanagerdata.VReplicationExecResponse)(nil)
[pod/example-vttablet-zone1-0942943782-67bcbcdb/vttablet] I0213 01:26:16.209097       1 rpc_server.go:83] TabletManager.VReplicationExec(query:"select distinct workflow from _vt.vreplication where state != 'Stopped' and db_name = 'benchmark'")(on zone1-0942943782 from ): (*tabletmanagerdata.VReplicationExecResponse)(nil)
[pod/example-vttablet-zone1-0942943782-67bcbcdb/vttablet] I0213 01:26:29.244252       1 rpc_server.go:83] TabletManager.VReplicationExec(query:"select distinct workflow from _vt.vreplication where state != 'Stopped' and db_name = 'benchmark'")(on zone1-0942943782 from ): (*tabletmanagerdata.VReplicationExecResponse)(nil)
[pod/example-vttablet-zone1-0942943782-67bcbcdb/vttablet] E0213 01:26:42.213666       1 query_throttler.go:140] Error loading config: open /config/throttler-config.json: no such file or directory
[pod/example-vttablet-zone1-0942943782-67bcbcdb/vttablet] I0213 01:26:47.105371       1 rpc_server.go:83] TabletManager.VReplicationExec(query:"select distinct workflow from _vt.vreplication where state != 'Stopped' and db_name = 'benchmark'")(on zone1-0942943782 from ): (*tabletmanagerdata.VReplicationExecResponse)(nil)
[pod/example-vttablet-zone1-0942943782-67bcbcdb/vttablet] I0213 01:27:02.225979       1 rpc_server.go:83] TabletManager.VReplicationExec(query:"select distinct workflow from _vt.vreplication where state != 'Stopped' and db_name = 'benchmark'")(on zone1-0942943782 from ): (*tabletmanagerdata.VReplicationExecResponse)(nil)
[pod/example-vttablet-zone1-0942943782-67bcbcdb/vttablet] I0213 01:27:20.751492       1 rpc_server.go:83] TabletManager.VReplicationExec(query:"select distinct workflow from _vt.vreplication where state != 'Stopped' and db_name = 'benchmark'")(on zone1-0942943782 from ): (*tabletmanagerdata.VReplicationExecResponse)(nil)
[pod/example-vttablet-zone1-0942943782-67bcbcdb/vttablet] I0213 01:27:37.901463       1 rpc_server.go:83] TabletManager.VReplicationExec(query:"select distinct workflow from _vt.vreplication where state != 'Stopped' and db_name = 'benchmark'")(on zone1-0942943782 from ): (*tabletmanagerdata.VReplicationExecResponse)(nil)
[pod/example-vttablet-zone1-0942943782-67bcbcdb/vttablet] E0213 01:27:42.213752       1 query_throttler.go:140] Error loading config: open /config/throttler-config.json: no such file or directory
[pod/example-vttablet-zone1-0942943782-67bcbcdb/vttablet] I0213 01:27:53.041219       1 rpc_server.go:83] TabletManager.VReplicationExec(query:"select distinct workflow from _vt.vreplication where state != 'Stopped' and db_name = 'benchmark'")(on zone1-0942943782 from ): (*tabletmanagerdata.VReplicationExecResponse)(nil)
[pod/example-vttablet-zone1-0942943782-67bcbcdb/vttablet] I0213 01:28:04.532533       1 rpc_server.go:83] TabletManager.VReplicationExec(query:"select distinct workflow from _vt.vreplication where state != 'Stopped' and db_name = 'benchmark'")(on zone1-0942943782 from ): (*tabletmanagerdata.VReplicationExecResponse)(nil)
[pod/example-vttablet-zone1-0942943782-67bcbcdb/vttablet] I0213 01:28:16.914157       1 rpc_server.go:83] TabletManager.VReplicationExec(query:"select distinct workflow from _vt.vreplication where state != 'Stopped' and db_name = 'benchmark'")(on zone1-0942943782 from ): (*tabletmanagerdata.VReplicationExecResponse)(nil)
[pod/example-vttablet-zone1-0942943782-67bcbcdb/vttablet] I0213 01:28:30.532774       1 rpc_server.go:83] TabletManager.VReplicationExec(query:"select distinct workflow from _vt.vreplication where state != 'Stopped' and db_name = 'benchmark'")(on zone1-0942943782 from ): (*tabletmanagerdata.VReplicationExecResponse)(nil)
[pod/example-vttablet-zone1-0942943782-67bcbcdb/vttablet] E0213 01:28:42.213676       1 query_throttler.go:140] Error loading config: open /config/throttler-config.json: no such file or directory
[pod/example-vttablet-zone1-0942943782-67bcbcdb/vttablet] I0213 01:28:43.504609       1 rpc_server.go:83] TabletManager.VReplicationExec(query:"select distinct workflow from _vt.vreplication where state != 'Stopped' and db_name = 'benchmark'")(on zone1-0942943782 from ): (*tabletmanagerdata.VReplicationExecResponse)(nil)
[pod/example-vttablet-zone1-0942943782-67bcbcdb/vttablet] I0213 01:28:56.771207       1 rpc_server.go:83] TabletManager.VReplicationExec(query:"select distinct workflow from _vt.vreplication where state != 'Stopped' and db_name = 'benchmark'")(on zone1-0942943782 from ): (*tabletmanagerdata.VReplicationExecResponse)(nil)
[pod/example-vttablet-zone1-0942943782-67bcbcdb/vttablet] I0213 01:29:14.893346       1 rpc_server.go:83] TabletManager.VReplicationExec(query:"select distinct workflow from _vt.vreplication where state != 'Stopped' and db_name = 'benchmark'")(on zone1-0942943782 from ): (*tabletmanagerdata.VReplicationExecResponse)(nil)
[pod/example-vttablet-zone1-0942943782-67bcbcdb/vttablet] I0213 01:29:26.424809       1 rpc_server.go:83] TabletManager.VReplicationExec(query:"select distinct workflow from _vt.vreplication where state != 'Stopped' and db_name = 'benchmark'")(on zone1-0942943782 from ): (*tabletmanagerdata.VReplicationExecResponse)(nil)
[pod/example-vttablet-zone1-0942943782-67bcbcdb/vttablet] I0213 01:29:41.083257       1 rpc_server.go:83] TabletManager.VReplicationExec(query:"select distinct workflow from _vt.vreplication where state != 'Stopped' and db_name = 'benchmark'")(on zone1-0942943782 from ): (*tabletmanagerdata.VReplicationExecResponse)(nil)
[pod/example-vttablet-zone1-0942943782-67bcbcdb/vttablet] E0213 01:29:42.213963       1 query_throttler.go:140] Error loading config: open /config/throttler-config.json: no such file or directory
[pod/example-vttablet-zone1-0942943782-67bcbcdb/vttablet] I0213 01:29:54.070108       1 rpc_server.go:83] TabletManager.VReplicationExec(query:"select distinct workflow from _vt.vreplication where state != 'Stopped' and db_name = 'benchmark'")(on zone1-0942943782 from ): (*tabletmanagerdata.VReplicationExecResponse)(nil)
[pod/example-vttablet-zone1-0942943782-67bcbcdb/vttablet] I0213 01:30:10.256763       1 rpc_server.go:83] TabletManager.VReplicationExec(query:"select distinct workflow from _vt.vreplication where state != 'Stopped' and db_name = 'benchmark'")(on zone1-0942943782 from ): (*tabletmanagerdata.VReplicationExecResponse)(nil)
[pod/example-vttablet-zone1-0942943782-67bcbcdb/vttablet] I0213 01:30:22.709173       1 rpc_server.go:83] TabletManager.VReplicationExec(query:"select distinct workflow from _vt.vreplication where state != 'Stopped' and db_name = 'benchmark'")(on zone1-0942943782 from ): (*tabletmanagerdata.VReplicationExecResponse)(nil)
[pod/example-vttablet-zone1-0942943782-67bcbcdb/vttablet] I0213 01:30:35.666055       1 rpc_server.go:83] TabletManager.VReplicationExec(query:"select distinct workflow from _vt.vreplication where state != 'Stopped' and db_name = 'benchmark'")(on zone1-0942943782 from ): (*tabletmanagerdata.VReplicationExecResponse)(nil)
[pod/example-vttablet-zone1-0942943782-67bcbcdb/vttablet] E0213 01:30:42.213615       1 query_throttler.go:140] Error loading config: open /config/throttler-config.json: no such file or directory
[pod/example-vttablet-zone1-0942943782-67bcbcdb/vttablet] I0213 01:30:52.300805       1 rpc_server.go:83] TabletManager.VReplicationExec(query:"select distinct workflow from _vt.vreplication where state != 'Stopped' and db_name = 'benchmark'")(on zone1-0942943782 from ): (*tabletmanagerdata.VReplicationExecResponse)(nil)
[pod/example-vttablet-zone1-0942943782-67bcbcdb/vttablet] I0213 01:31:08.670965       1 rpc_server.go:83] TabletManager.VReplicationExec(query:"select distinct workflow from _vt.vreplication where state != 'Stopped' and db_name = 'benchmark'")(on zone1-0942943782 from ): (*tabletmanagerdata.VReplicationExecResponse)(nil)
[pod/example-vttablet-zone1-0942943782-67bcbcdb/vttablet] I0213 01:31:23.201672       1 rpc_server.go:83] TabletManager.VReplicationExec(query:"select distinct workflow from _vt.vreplication where state != 'Stopped' and db_name = 'benchmark'")(on zone1-0942943782 from ): (*tabletmanagerdata.VReplicationExecResponse)(nil)
[pod/example-vttablet-zone1-0942943782-67bcbcdb/vttablet] I0213 01:31:39.851399       1 rpc_server.go:83] TabletManager.VReplicationExec(query:"select distinct workflow from _vt.vreplication where state != 'Stopped' and db_name = 'benchmark'")(on zone1-0942943782 from ): (*tabletmanagerdata.VReplicationExecResponse)(nil)
[pod/example-vttablet-zone1-0942943782-67bcbcdb/vttablet] I0213 01:31:39.890984       1 rpc_server.go:83] TabletManager.VReplicationExec(query:"select distinct workflow from _vt.vreplication where state != 'Stopped' and db_name = 'benchmark'")(on zone1-0942943782 from ): (*tabletmanagerdata.VReplicationExecResponse)(nil)
[pod/example-vttablet-zone1-0942943782-67bcbcdb/vttablet] E0213 01:31:42.214301       1 query_throttler.go:140] Error loading config: open /config/throttler-config.json: no such file or directory
[pod/example-vttablet-zone1-0942943782-67bcbcdb/vttablet] I0213 01:31:52.210235       1 rpc_server.go:83] TabletManager.VReplicationExec(query:"select distinct workflow from _vt.vreplication where state != 'Stopped' and db_name = 'benchmark'")(on zone1-0942943782 from ): (*tabletmanagerdata.VReplicationExecResponse)(nil)
[pod/example-vttablet-zone1-0942943782-67bcbcdb/vttablet] I0213 01:32:06.757438       1 rpc_server.go:83] TabletManager.VReplicationExec(query:"select distinct workflow from _vt.vreplication where state != 'Stopped' and db_name = 'benchmark'")(on zone1-0942943782 from ): (*tabletmanagerdata.VReplicationExecResponse)(nil)
[pod/example-vttablet-zone1-0942943782-67bcbcdb/vttablet] I0213 01:32:18.892643       1 rpc_server.go:83] TabletManager.VReplicationExec(query:"select distinct workflow from _vt.vreplication where state != 'Stopped' and db_name = 'benchmark'")(on zone1-0942943782 from ): (*tabletmanagerdata.VReplicationExecResponse)(nil)
[pod/example-vttablet-zone1-0942943782-67bcbcdb/vttablet] I0213 01:32:33.887708       1 rpc_server.go:83] TabletManager.VReplicationExec(query:"select distinct workflow from _vt.vreplication where state != 'Stopped' and db_name = 'benchmark'")(on zone1-0942943782 from ): (*tabletmanagerdata.VReplicationExecResponse)(nil)
[pod/example-vttablet-zone1-0942943782-67bcbcdb/vttablet] E0213 01:32:42.213731       1 query_throttler.go:140] Error loading config: open /config/throttler-config.json: no such file or directory
[pod/example-vttablet-zone1-0942943782-67bcbcdb/vttablet] I0213 01:32:50.423653       1 rpc_server.go:83] TabletManager.VReplicationExec(query:"select distinct workflow from _vt.vreplication where state != 'Stopped' and db_name = 'benchmark'")(on zone1-0942943782 from ): (*tabletmanagerdata.VReplicationExecResponse)(nil)
[pod/example-vttablet-zone1-0942943782-67bcbcdb/vttablet] I0213 01:33:04.792548       1 rpc_server.go:83] TabletManager.VReplicationExec(query:"select distinct workflow from _vt.vreplication where state != 'Stopped' and db_name = 'benchmark'")(on zone1-0942943782 from ): (*tabletmanagerdata.VReplicationExecResponse)(nil)
[pod/example-vttablet-zone1-0942943782-67bcbcdb/vttablet] I0213 01:33:19.016709       1 rpc_server.go:83] TabletManager.VReplicationExec(query:"select distinct workflow from _vt.vreplication where state != 'Stopped' and db_name = 'benchmark'")(on zone1-0942943782 from ): (*tabletmanagerdata.VReplicationExecResponse)(nil)
[pod/example-vttablet-zone1-0942943782-67bcbcdb/vttablet] I0213 01:33:37.546884       1 rpc_server.go:83] TabletManager.VReplicationExec(query:"select distinct workflow from _vt.vreplication where state != 'Stopped' and db_name = 'benchmark'")(on zone1-0942943782 from ): (*tabletmanagerdata.VReplicationExecResponse)(nil)
[pod/example-vttablet-zone1-0942943782-67bcbcdb/vttablet] E0213 01:33:42.213863       1 query_throttler.go:140] Error loading config: open /config/throttler-config.json: no such file or directory
[pod/example-vttablet-zone1-0942943782-67bcbcdb/vttablet] I0213 01:33:49.689193       1 rpc_server.go:83] TabletManager.VReplicationExec(query:"select distinct workflow from _vt.vreplication where state != 'Stopped' and db_name = 'benchmark'")(on zone1-0942943782 from ): (*tabletmanagerdata.VReplicationExecResponse)(nil)
[pod/example-vttablet-zone1-0942943782-67bcbcdb/vttablet] I0213 01:34:05.077305       1 rpc_server.go:83] TabletManager.VReplicationExec(query:"select distinct workflow from _vt.vreplication where state != 'Stopped' and db_name = 'benchmark'")(on zone1-0942943782 from ): (*tabletmanagerdata.VReplicationExecResponse)(nil)
[pod/example-vttablet-zone1-0942943782-67bcbcdb/vttablet] I0213 01:34:19.856848       1 rpc_server.go:83] TabletManager.VReplicationExec(query:"select distinct workflow from _vt.vreplication where state != 'Stopped' and db_name = 'benchmark'")(on zone1-0942943782 from ): (*tabletmanagerdata.VReplicationExecResponse)(nil)
[pod/example-vttablet-zone1-0942943782-67bcbcdb/vttablet] I0213 01:34:33.430917       1 rpc_server.go:83] TabletManager.VReplicationExec(query:"select distinct workflow from _vt.vreplication where state != 'Stopped' and db_name = 'benchmark'")(on zone1-0942943782 from ): (*tabletmanagerdata.VReplicationExecResponse)(nil)
[pod/example-vttablet-zone1-0942943782-67bcbcdb/vttablet] E0213 01:34:42.213596       1 query_throttler.go:140] Error loading config: open /config/throttler-config.json: no such file or directory
[pod/example-vttablet-zone1-0942943782-67bcbcdb/vttablet] I0213 01:34:47.155583       1 rpc_server.go:83] TabletManager.VReplicationExec(query:"select distinct workflow from _vt.vreplication where state != 'Stopped' and db_name = 'benchmark'")(on zone1-0942943782 from ): (*tabletmanagerdata.VReplicationExecResponse)(nil)
[pod/example-vttablet-zone1-0942943782-67bcbcdb/vttablet] I0213 01:35:04.412696       1 rpc_server.go:83] TabletManager.VReplicationExec(query:"select distinct workflow from _vt.vreplication where state != 'Stopped' and db_name = 'benchmark'")(on zone1-0942943782 from ): (*tabletmanagerdata.VReplicationExecResponse)(nil)
[pod/example-vttablet-zone1-0942943782-67bcbcdb/vttablet] I0213 01:35:22.299458       1 rpc_server.go:83] TabletManager.VReplicationExec(query:"select distinct workflow from _vt.vreplication where state != 'Stopped' and db_name = 'benchmark'")(on zone1-0942943782 from ): (*tabletmanagerdata.VReplicationExecResponse)(nil)
[pod/example-vttablet-zone1-0942943782-67bcbcdb/vttablet] I0213 01:35:38.400241       1 rpc_server.go:83] TabletManager.VReplicationExec(query:"select distinct workflow from _vt.vreplication where state != 'Stopped' and db_name = 'benchmark'")(on zone1-0942943782 from ): (*tabletmanagerdata.VReplicationExecResponse)(nil)
[pod/example-vttablet-zone1-0942943782-67bcbcdb/vttablet] E0213 01:35:42.213830       1 query_throttler.go:140] Error loading config: open /config/throttler-config.json: no such file or directory
[pod/example-vttablet-zone1-0942943782-67bcbcdb/vttablet] I0213 01:35:53.337228       1 rpc_server.go:83] TabletManager.VReplicationExec(query:"select distinct workflow from _vt.vreplication where state != 'Stopped' and db_name = 'benchmark'")(on zone1-0942943782 from ): (*tabletmanagerdata.VReplicationExecResponse)(nil)
[pod/example-vttablet-zone1-0942943782-67bcbcdb/vttablet] I0213 01:36:04.895519       1 rpc_server.go:83] TabletManager.VReplicationExec(query:"select distinct workflow from _vt.vreplication where state != 'Stopped' and db_name = 'benchmark'")(on zone1-0942943782 from ): (*tabletmanagerdata.VReplicationExecResponse)(nil)
[pod/example-vttablet-zone1-0942943782-67bcbcdb/vttablet] I0213 01:36:21.378868       1 rpc_server.go:83] TabletManager.VReplicationExec(query:"select distinct workflow from _vt.vreplication where state != 'Stopped' and db_name = 'benchmark'")(on zone1-0942943782 from ): (*tabletmanagerdata.VReplicationExecResponse)(nil)
[pod/example-vttablet-zone1-0942943782-67bcbcdb/vttablet] I0213 01:36:33.919762       1 rpc_server.go:83] TabletManager.VReplicationExec(query:"select distinct workflow from _vt.vreplication where state != 'Stopped' and db_name = 'benchmark'")(on zone1-0942943782 from ): (*tabletmanagerdata.VReplicationExecResponse)(nil)
[pod/example-vttablet-zone1-0942943782-67bcbcdb/vttablet] E0213 01:36:42.213617       1 query_throttler.go:140] Error loading config: open /config/throttler-config.json: no such file or directory
[pod/example-vttablet-zone1-0942943782-67bcbcdb/vttablet] I0213 01:36:51.935583       1 rpc_server.go:83] TabletManager.VReplicationExec(query:"select distinct workflow from _vt.vreplication where state != 'Stopped' and db_name = 'benchmark'")(on zone1-0942943782 from ): (*tabletmanagerdata.VReplicationExecResponse)(nil)
[pod/example-vttablet-zone1-0942943782-67bcbcdb/vttablet] I0213 01:37:07.928037       1 rpc_server.go:83] TabletManager.VReplicationExec(query:"select distinct workflow from _vt.vreplication where state != 'Stopped' and db_name = 'benchmark'")(on zone1-0942943782 from ): (*tabletmanagerdata.VReplicationExecResponse)(nil)
[pod/example-vttablet-zone1-0942943782-67bcbcdb/vttablet] I0213 01:37:24.987934       1 rpc_server.go:83] TabletManager.VReplicationExec(query:"select distinct workflow from _vt.vreplication where state != 'Stopped' and db_name = 'benchmark'")(on zone1-0942943782 from ): (*tabletmanagerdata.VReplicationExecResponse)(nil)
[pod/example-vttablet-zone1-0942943782-67bcbcdb/vttablet] I0213 01:37:36.862305       1 rpc_server.go:83] TabletManager.VReplicationExec(query:"select distinct workflow from _vt.vreplication where state != 'Stopped' and db_name = 'benchmark'")(on zone1-0942943782 from ): (*tabletmanagerdata.VReplicationExecResponse)(nil)
[pod/example-vttablet-zone1-0942943782-67bcbcdb/vttablet] E0213 01:37:42.213913       1 query_throttler.go:140] Error loading config: open /config/throttler-config.json: no such file or directory
[pod/example-vttablet-zone1-0942943782-67bcbcdb/vttablet] I0213 01:37:51.024391       1 rpc_server.go:83] TabletManager.VReplicationExec(query:"select distinct workflow from _vt.vreplication where state != 'Stopped' and db_name = 'benchmark'")(on zone1-0942943782 from ): (*tabletmanagerdata.VReplicationExecResponse)(nil)
[pod/example-vttablet-zone1-0942943782-67bcbcdb/vttablet] I0213 01:38:03.354168       1 rpc_server.go:83] TabletManager.VReplicationExec(query:"select distinct workflow from _vt.vreplication where state != 'Stopped' and db_name = 'benchmark'")(on zone1-0942943782 from ): (*tabletmanagerdata.VReplicationExecResponse)(nil)
[pod/example-vttablet-zone1-0942943782-67bcbcdb/vttablet] I0213 01:38:16.036949       1 rpc_server.go:83] TabletManager.VReplicationExec(query:"select distinct workflow from _vt.vreplication where state != 'Stopped' and db_name = 'benchmark'")(on zone1-0942943782 from ): (*tabletmanagerdata.VReplicationExecResponse)(nil)
[pod/example-vttablet-zone1-0942943782-67bcbcdb/vttablet] I0213 01:38:28.754367       1 rpc_server.go:83] TabletManager.VReplicationExec(query:"select distinct workflow from _vt.vreplication where state != 'Stopped' and db_name = 'benchmark'")(on zone1-0942943782 from ): (*tabletmanagerdata.VReplicationExecResponse)(nil)
[pod/example-vttablet-zone1-0942943782-67bcbcdb/vttablet] E0213 01:38:42.213994       1 query_throttler.go:140] Error loading config: open /config/throttler-config.json: no such file or directory
[pod/example-vttablet-zone1-0942943782-67bcbcdb/vttablet] I0213 01:38:45.507890       1 rpc_server.go:83] TabletManager.VReplicationExec(query:"select distinct workflow from _vt.vreplication where state != 'Stopped' and db_name = 'benchmark'")(on zone1-0942943782 from ): (*tabletmanagerdata.VReplicationExecResponse)(nil)
[pod/example-vttablet-zone1-0942943782-67bcbcdb/vttablet] I0213 01:38:58.257891       1 rpc_server.go:83] TabletManager.VReplicationExec(query:"select distinct workflow from _vt.vreplication where state != 'Stopped' and db_name = 'benchmark'")(on zone1-0942943782 from ): (*tabletmanagerdata.VReplicationExecResponse)(nil)
[pod/example-vttablet-zone1-0942943782-67bcbcdb/vttablet] I0213 01:39:14.646744       1 rpc_server.go:83] TabletManager.VReplicationExec(query:"select distinct workflow from _vt.vreplication where state != 'Stopped' and db_name = 'benchmark'")(on zone1-0942943782 from ): (*tabletmanagerdata.VReplicationExecResponse)(nil)
[pod/example-vttablet-zone1-0942943782-67bcbcdb/vttablet] I0213 01:39:32.444825       1 rpc_server.go:83] TabletManager.VReplicationExec(query:"select distinct workflow from _vt.vreplication where state != 'Stopped' and db_name = 'benchmark'")(on zone1-0942943782 from ): (*tabletmanagerdata.VReplicationExecResponse)(nil)
[pod/example-vttablet-zone1-0942943782-67bcbcdb/vttablet] E0213 01:39:42.213624       1 query_throttler.go:140] Error loading config: open /config/throttler-config.json: no such file or directory
[pod/example-vttablet-zone1-0942943782-67bcbcdb/vttablet] I0213 01:39:45.707828       1 rpc_server.go:83] TabletManager.VReplicationExec(query:"select distinct workflow from _vt.vreplication where state != 'Stopped' and db_name = 'benchmark'")(on zone1-0942943782 from ): (*tabletmanagerdata.VReplicationExecResponse)(nil)
[pod/example-vttablet-zone1-0942943782-67bcbcdb/vttablet] I0213 01:40:00.396502       1 rpc_server.go:83] TabletManager.VReplicationExec(query:"select distinct workflow from _vt.vreplication where state != 'Stopped' and db_name = 'benchmark'")(on zone1-0942943782 from ): (*tabletmanagerdata.VReplicationExecResponse)(nil)
[pod/example-vttablet-zone1-0942943782-67bcbcdb/vttablet] I0213 01:40:16.148119       1 rpc_server.go:83] TabletManager.VReplicationExec(query:"select distinct workflow from _vt.vreplication where state != 'Stopped' and db_name = 'benchmark'")(on zone1-0942943782 from ): (*tabletmanagerdata.VReplicationExecResponse)(nil)
[pod/example-vttablet-zone1-0942943782-67bcbcdb/vttablet] I0213 01:40:29.940431       1 rpc_server.go:83] TabletManager.VReplicationExec(query:"select distinct workflow from _vt.vreplication where state != 'Stopped' and db_name = 'benchmark'")(on zone1-0942943782 from ): (*tabletmanagerdata.VReplicationExecResponse)(nil)
[pod/example-vttablet-zone1-0942943782-67bcbcdb/vttablet] E0213 01:40:42.213970       1 query_throttler.go:140] Error loading config: open /config/throttler-config.json: no such file or directory
[pod/example-vttablet-zone1-0942943782-67bcbcdb/vttablet] I0213 01:40:46.500627       1 rpc_server.go:83] TabletManager.VReplicationExec(query:"select distinct workflow from _vt.vreplication where state != 'Stopped' and db_name = 'benchmark'")(on zone1-0942943782 from ): (*tabletmanagerdata.VReplicationExecResponse)(nil)
[pod/example-vttablet-zone1-0942943782-67bcbcdb/vttablet] I0213 01:41:02.382048       1 rpc_server.go:83] TabletManager.VReplicationExec(query:"select distinct workflow from _vt.vreplication where state != 'Stopped' and db_name = 'benchmark'")(on zone1-0942943782 from ): (*tabletmanagerdata.VReplicationExecResponse)(nil)
[pod/example-vttablet-zone1-0942943782-67bcbcdb/vttablet] I0213 01:41:21.089084       1 rpc_server.go:83] TabletManager.VReplicationExec(query:"select distinct workflow from _vt.vreplication where state != 'Stopped' and db_name = 'benchmark'")(on zone1-0942943782 from ): (*tabletmanagerdata.VReplicationExecResponse)(nil)
[pod/example-vttablet-zone1-0942943782-67bcbcdb/vttablet] I0213 01:41:35.597074       1 rpc_server.go:83] TabletManager.VReplicationExec(query:"select distinct workflow from _vt.vreplication where state != 'Stopped' and db_name = 'benchmark'")(on zone1-0942943782 from ): (*tabletmanagerdata.VReplicationExecResponse)(nil)
[pod/example-vttablet-zone1-0942943782-67bcbcdb/vttablet] E0213 01:41:42.213663       1 query_throttler.go:140] Error loading config: open /config/throttler-config.json: no such file or directory
[pod/example-vttablet-zone1-0942943782-67bcbcdb/vttablet] I0213 01:41:54.291064       1 rpc_server.go:83] TabletManager.VReplicationExec(query:"select distinct workflow from _vt.vreplication where state != 'Stopped' and db_name = 'benchmark'")(on zone1-0942943782 from ): (*tabletmanagerdata.VReplicationExecResponse)(nil)
[pod/example-vttablet-zone1-0942943782-67bcbcdb/vttablet] I0213 01:42:03.668805       1 rpc_server.go:83] TabletManager.VReplicationExec(query:"select distinct workflow from _vt.vreplication where state != 'Stopped' and db_name = 'benchmark'")(on zone1-0942943782 from ): (*tabletmanagerdata.VReplicationExecResponse)(nil)
[pod/example-vttablet-zone1-0942943782-67bcbcdb/vttablet] I0213 01:42:03.705102       1 rpc_server.go:83] TabletManager.VReplicationExec(query:"select distinct workflow from _vt.vreplication where state != 'Stopped' and db_name = 'benchmark'")(on zone1-0942943782 from ): (*tabletmanagerdata.VReplicationExecResponse)(nil)
[pod/example-vttablet-zone1-0942943782-67bcbcdb/vttablet] I0213 01:42:17.542280       1 rpc_server.go:83] TabletManager.VReplicationExec(query:"select distinct workflow from _vt.vreplication where state != 'Stopped' and db_name = 'benchmark'")(on zone1-0942943782 from ): (*tabletmanagerdata.VReplicationExecResponse)(nil)
[pod/example-vttablet-zone1-0942943782-67bcbcdb/vttablet] I0213 01:42:33.089467       1 rpc_server.go:83] TabletManager.VReplicationExec(query:"select distinct workflow from _vt.vreplication where state != 'Stopped' and db_name = 'benchmark'")(on zone1-0942943782 from ): (*tabletmanagerdata.VReplicationExecResponse)(nil)
[pod/example-vttablet-zone1-0942943782-67bcbcdb/vttablet] E0213 01:42:42.213849       1 query_throttler.go:140] Error loading config: open /config/throttler-config.json: no such file or directory
[pod/example-vttablet-zone1-0942943782-67bcbcdb/vttablet] I0213 01:42:49.876603       1 rpc_server.go:83] TabletManager.VReplicationExec(query:"select distinct workflow from _vt.vreplication where state != 'Stopped' and db_name = 'benchmark'")(on zone1-0942943782 from ): (*tabletmanagerdata.VReplicationExecResponse)(nil)
[pod/example-vttablet-zone1-0942943782-67bcbcdb/vttablet] I0213 01:42:52.495765       1 tablegc.go:405] TableGC: readAndCheckTables
[pod/example-vttablet-zone1-0942943782-67bcbcdb/vttablet] I0213 01:43:04.735188       1 rpc_server.go:83] TabletManager.VReplicationExec(query:"select distinct workflow from _vt.vreplication where state != 'Stopped' and db_name = 'benchmark'")(on zone1-0942943782 from ): (*tabletmanagerdata.VReplicationExecResponse)(nil)
[pod/example-vttablet-zone1-0942943782-67bcbcdb/vttablet] I0213 01:43:15.996935       1 rpc_server.go:83] TabletManager.VReplicationExec(query:"select distinct workflow from _vt.vreplication where state != 'Stopped' and db_name = 'benchmark'")(on zone1-0942943782 from ): (*tabletmanagerdata.VReplicationExecResponse)(nil)
[pod/example-vttablet-zone1-0942943782-67bcbcdb/vttablet] I0213 01:43:33.949678       1 rpc_server.go:83] TabletManager.VReplicationExec(query:"select distinct workflow from _vt.vreplication where state != 'Stopped' and db_name = 'benchmark'")(on zone1-0942943782 from ): (*tabletmanagerdata.VReplicationExecResponse)(nil)
[pod/example-vttablet-zone1-0942943782-67bcbcdb/vttablet] E0213 01:43:42.213903       1 query_throttler.go:140] Error loading config: open /config/throttler-config.json: no such file or directory
[pod/example-vttablet-zone1-0942943782-67bcbcdb/vttablet] I0213 01:43:45.875171       1 rpc_server.go:83] TabletManager.VReplicationExec(query:"select distinct workflow from _vt.vreplication where state != 'Stopped' and db_name = 'benchmark'")(on zone1-0942943782 from ): (*tabletmanagerdata.VReplicationExecResponse)(nil)
[pod/example-vttablet-zone1-0942943782-67bcbcdb/vttablet] I0213 01:44:01.631280       1 rpc_server.go:83] TabletManager.VReplicationExec(query:"select distinct workflow from _vt.vreplication where state != 'Stopped' and db_name = 'benchmark'")(on zone1-0942943782 from ): (*tabletmanagerdata.VReplicationExecResponse)(nil)
[pod/example-vttablet-zone1-0942943782-67bcbcdb/vttablet] I0213 01:44:18.439217       1 rpc_server.go:83] TabletManager.VReplicationExec(query:"select distinct workflow from _vt.vreplication where state != 'Stopped' and db_name = 'benchmark'")(on zone1-0942943782 from ): (*tabletmanagerdata.VReplicationExecResponse)(nil)
[pod/example-vttablet-zone1-0942943782-67bcbcdb/vttablet] I0213 01:44:30.020357       1 rpc_server.go:83] TabletManager.VReplicationExec(query:"select distinct workflow from _vt.vreplication where state != 'Stopped' and db_name = 'benchmark'")(on zone1-0942943782 from ): (*tabletmanagerdata.VReplicationExecResponse)(nil)
[pod/example-vttablet-zone1-0942943782-67bcbcdb/vttablet] E0213 01:44:42.213653       1 query_throttler.go:140] Error loading config: open /config/throttler-config.json: no such file or directory
[pod/example-vttablet-zone1-0942943782-67bcbcdb/vttablet] I0213 01:44:45.077611       1 rpc_server.go:83] TabletManager.VReplicationExec(query:"select distinct workflow from _vt.vreplication where state != 'Stopped' and db_name = 'benchmark'")(on zone1-0942943782 from ): (*tabletmanagerdata.VReplicationExecResponse)(nil)
[pod/example-vttablet-zone1-0942943782-67bcbcdb/vttablet] I0213 01:44:56.871264       1 rpc_server.go:83] TabletManager.VReplicationExec(query:"select distinct workflow from _vt.vreplication where state != 'Stopped' and db_name = 'benchmark'")(on zone1-0942943782 from ): (*tabletmanagerdata.VReplicationExecResponse)(nil)
[pod/example-vttablet-zone1-0942943782-67bcbcdb/vttablet] I0213 01:45:11.586827       1 rpc_server.go:83] TabletManager.VReplicationExec(query:"select distinct workflow from _vt.vreplication where state != 'Stopped' and db_name = 'benchmark'")(on zone1-0942943782 from ): (*tabletmanagerdata.VReplicationExecResponse)(nil)
[pod/example-vttablet-zone1-0942943782-67bcbcdb/vttablet] I0213 01:45:26.860815       1 rpc_server.go:83] TabletManager.VReplicationExec(query:"select distinct workflow from _vt.vreplication where state != 'Stopped' and db_name = 'benchmark'")(on zone1-0942943782 from ): (*tabletmanagerdata.VReplicationExecResponse)(nil)
[pod/example-vttablet-zone1-0942943782-67bcbcdb/vttablet] E0213 01:45:42.213859       1 query_throttler.go:140] Error loading config: open /config/throttler-config.json: no such file or directory
[pod/example-vttablet-zone1-0942943782-67bcbcdb/vttablet] I0213 01:45:42.815765       1 rpc_server.go:83] TabletManager.VReplicationExec(query:"select distinct workflow from _vt.vreplication where state != 'Stopped' and db_name = 'benchmark'")(on zone1-0942943782 from ): (*tabletmanagerdata.VReplicationExecResponse)(nil)
[pod/example-vttablet-zone1-0942943782-67bcbcdb/vttablet] I0213 01:45:54.960440       1 rpc_server.go:83] TabletManager.VReplicationExec(query:"select distinct workflow from _vt.vreplication where state != 'Stopped' and db_name = 'benchmark'")(on zone1-0942943782 from ): (*tabletmanagerdata.VReplicationExecResponse)(nil)
[pod/example-vttablet-zone1-0942943782-67bcbcdb/vttablet] I0213 01:46:12.952471       1 rpc_server.go:83] TabletManager.VReplicationExec(query:"select distinct workflow from _vt.vreplication where state != 'Stopped' and db_name = 'benchmark'")(on zone1-0942943782 from ): (*tabletmanagerdata.VReplicationExecResponse)(nil)
[pod/example-vttablet-zone1-0942943782-67bcbcdb/vttablet] I0213 01:46:28.340220       1 rpc_server.go:83] TabletManager.VReplicationExec(query:"select distinct workflow from _vt.vreplication where state != 'Stopped' and db_name = 'benchmark'")(on zone1-0942943782 from ): (*tabletmanagerdata.VReplicationExecResponse)(nil)
[pod/example-vttablet-zone1-0942943782-67bcbcdb/vttablet] E0213 01:46:42.214464       1 query_throttler.go:140] Error loading config: open /config/throttler-config.json: no such file or directory
[pod/example-vttablet-zone1-0942943782-67bcbcdb/vttablet] I0213 01:46:46.308251       1 rpc_server.go:83] TabletManager.VReplicationExec(query:"select distinct workflow from _vt.vreplication where state != 'Stopped' and db_name = 'benchmark'")(on zone1-0942943782 from ): (*tabletmanagerdata.VReplicationExecResponse)(nil)
[pod/example-vttablet-zone1-0942943782-67bcbcdb/vttablet] I0213 01:47:04.338804       1 rpc_server.go:83] TabletManager.VReplicationExec(query:"select distinct workflow from _vt.vreplication where state != 'Stopped' and db_name = 'benchmark'")(on zone1-0942943782 from ): (*tabletmanagerdata.VReplicationExecResponse)(nil)
[pod/example-vttablet-zone1-0942943782-67bcbcdb/vttablet] I0213 01:47:21.580208       1 rpc_server.go:83] TabletManager.VReplicationExec(query:"select distinct workflow from _vt.vreplication where state != 'Stopped' and db_name = 'benchmark'")(on zone1-0942943782 from ): (*tabletmanagerdata.VReplicationExecResponse)(nil)
[pod/example-vttablet-zone1-0942943782-67bcbcdb/vttablet] I0213 01:47:38.002095       1 rpc_server.go:83] TabletManager.VReplicationExec(query:"select distinct workflow from _vt.vreplication where state != 'Stopped' and db_name = 'benchmark'")(on zone1-0942943782 from ): (*tabletmanagerdata.VReplicationExecResponse)(nil)
[pod/example-vttablet-zone1-0942943782-67bcbcdb/vttablet] E0213 01:47:42.214233       1 query_throttler.go:140] Error loading config: open /config/throttler-config.json: no such file or directory
[pod/example-vttablet-zone1-0942943782-67bcbcdb/vttablet] I0213 01:47:53.061708       1 rpc_server.go:83] TabletManager.VReplicationExec(query:"select distinct workflow from _vt.vreplication where state != 'Stopped' and db_name = 'benchmark'")(on zone1-0942943782 from ): (*tabletmanagerdata.VReplicationExecResponse)(nil)
[pod/example-vttablet-zone1-0942943782-67bcbcdb/vttablet] I0213 01:48:07.935415       1 rpc_server.go:83] TabletManager.VReplicationExec(query:"select distinct workflow from _vt.vreplication where state != 'Stopped' and db_name = 'benchmark'")(on zone1-0942943782 from ): (*tabletmanagerdata.VReplicationExecResponse)(nil)
[pod/example-vttablet-zone1-0942943782-67bcbcdb/vttablet] I0213 01:48:23.515775       1 rpc_server.go:83] TabletManager.VReplicationExec(query:"select distinct workflow from _vt.vreplication where state != 'Stopped' and db_name = 'benchmark'")(on zone1-0942943782 from ): (*tabletmanagerdata.VReplicationExecResponse)(nil)
[pod/example-vttablet-zone1-0942943782-67bcbcdb/vttablet] I0213 01:48:35.083714       1 rpc_server.go:83] TabletManager.VReplicationExec(query:"select distinct workflow from _vt.vreplication where state != 'Stopped' and db_name = 'benchmark'")(on zone1-0942943782 from ): (*tabletmanagerdata.VReplicationExecResponse)(nil)
[pod/example-vttablet-zone1-0942943782-67bcbcdb/vttablet] E0213 01:48:42.213974       1 query_throttler.go:140] Error loading config: open /config/throttler-config.json: no such file or directory
[pod/example-vttablet-zone1-0942943782-67bcbcdb/vttablet] I0213 01:48:49.984468       1 rpc_server.go:83] TabletManager.VReplicationExec(query:"select distinct workflow from _vt.vreplication where state != 'Stopped' and db_name = 'benchmark'")(on zone1-0942943782 from ): (*tabletmanagerdata.VReplicationExecResponse)(nil)
[pod/example-vttablet-zone1-0942943782-67bcbcdb/vttablet] I0213 01:49:02.957323       1 rpc_server.go:83] TabletManager.VReplicationExec(query:"select distinct workflow from _vt.vreplication where state != 'Stopped' and db_name = 'benchmark'")(on zone1-0942943782 from ): (*tabletmanagerdata.VReplicationExecResponse)(nil)
[pod/example-vttablet-zone1-0942943782-67bcbcdb/vttablet] I0213 01:49:21.300848       1 rpc_server.go:83] TabletManager.VReplicationExec(query:"select distinct workflow from _vt.vreplication where state != 'Stopped' and db_name = 'benchmark'")(on zone1-0942943782 from ): (*tabletmanagerdata.VReplicationExecResponse)(nil)
[pod/example-vttablet-zone1-0942943782-67bcbcdb/vttablet] I0213 01:49:37.837881       1 rpc_server.go:83] TabletManager.VReplicationExec(query:"select distinct workflow from _vt.vreplication where state != 'Stopped' and db_name = 'benchmark'")(on zone1-0942943782 from ): (*tabletmanagerdata.VReplicationExecResponse)(nil)
[pod/example-vttablet-zone1-0942943782-67bcbcdb/vttablet] E0213 01:49:42.213839       1 query_throttler.go:140] Error loading config: open /config/throttler-config.json: no such file or directory
[pod/example-vttablet-zone1-0942943782-67bcbcdb/vttablet] I0213 01:49:49.674854       1 rpc_server.go:83] TabletManager.VReplicationExec(query:"select distinct workflow from _vt.vreplication where state != 'Stopped' and db_name = 'benchmark'")(on zone1-0942943782 from ): (*tabletmanagerdata.VReplicationExecResponse)(nil)
[pod/example-vttablet-zone1-0942943782-67bcbcdb/vttablet] I0213 01:50:02.416950       1 rpc_server.go:83] TabletManager.VReplicationExec(query:"select distinct workflow from _vt.vreplication where state != 'Stopped' and db_name = 'benchmark'")(on zone1-0942943782 from ): (*tabletmanagerdata.VReplicationExecResponse)(nil)
[pod/example-vttablet-zone1-0942943782-67bcbcdb/vttablet] I0213 01:50:21.031579       1 rpc_server.go:83] TabletManager.VReplicationExec(query:"select distinct workflow from _vt.vreplication where state != 'Stopped' and db_name = 'benchmark'")(on zone1-0942943782 from ): (*tabletmanagerdata.VReplicationExecResponse)(nil)
[pod/example-vttablet-zone1-0942943782-67bcbcdb/vttablet] I0213 01:50:39.733073       1 rpc_server.go:83] TabletManager.VReplicationExec(query:"select distinct workflow from _vt.vreplication where state != 'Stopped' and db_name = 'benchmark'")(on zone1-0942943782 from ): (*tabletmanagerdata.VReplicationExecResponse)(nil)
[pod/example-vttablet-zone1-0942943782-67bcbcdb/vttablet] E0213 01:50:42.214379       1 query_throttler.go:140] Error loading config: open /config/throttler-config.json: no such file or directory
[pod/example-vttablet-zone1-0942943782-67bcbcdb/vttablet] I0213 01:50:58.460742       1 rpc_server.go:83] TabletManager.VReplicationExec(query:"select distinct workflow from _vt.vreplication where state != 'Stopped' and db_name = 'benchmark'")(on zone1-0942943782 from ): (*tabletmanagerdata.VReplicationExecResponse)(nil)
[pod/example-vttablet-zone1-0942943782-67bcbcdb/vttablet] I0213 01:51:14.831367       1 rpc_server.go:83] TabletManager.VReplicationExec(query:"select distinct workflow from _vt.vreplication where state != 'Stopped' and db_name = 'benchmark'")(on zone1-0942943782 from ): (*tabletmanagerdata.VReplicationExecResponse)(nil)
[pod/example-vttablet-zone1-0942943782-67bcbcdb/vttablet] I0213 01:51:31.047226       1 rpc_server.go:83] TabletManager.VReplicationExec(query:"select distinct workflow from _vt.vreplication where state != 'Stopped' and db_name = 'benchmark'")(on zone1-0942943782 from ): (*tabletmanagerdata.VReplicationExecResponse)(nil)
[pod/example-vttablet-zone1-0942943782-67bcbcdb/vttablet] E0213 01:51:42.213623       1 query_throttler.go:140] Error loading config: open /config/throttler-config.json: no such file or directory
[pod/example-vttablet-zone1-0942943782-67bcbcdb/vttablet] I0213 01:51:49.288941       1 rpc_server.go:83] TabletManager.VReplicationExec(query:"select distinct workflow from _vt.vreplication where state != 'Stopped' and db_name = 'benchmark'")(on zone1-0942943782 from ): (*tabletmanagerdata.VReplicationExecResponse)(nil)
[pod/example-vttablet-zone1-0942943782-67bcbcdb/vttablet] I0213 01:52:02.066693       1 rpc_server.go:83] TabletManager.VReplicationExec(query:"select distinct workflow from _vt.vreplication where state != 'Stopped' and db_name = 'benchmark'")(on zone1-0942943782 from ): (*tabletmanagerdata.VReplicationExecResponse)(nil)
[pod/example-vttablet-zone1-0942943782-67bcbcdb/vttablet] I0213 01:52:16.360751       1 rpc_server.go:83] TabletManager.VReplicationExec(query:"select distinct workflow from _vt.vreplication where state != 'Stopped' and db_name = 'benchmark'")(on zone1-0942943782 from ): (*tabletmanagerdata.VReplicationExecResponse)(nil)
[pod/example-vttablet-zone1-0942943782-67bcbcdb/vttablet] I0213 01:52:27.501058       1 rpc_server.go:83] TabletManager.VReplicationExec(query:"select distinct workflow from _vt.vreplication where state != 'Stopped' and db_name = 'benchmark'")(on zone1-0942943782 from ): (*tabletmanagerdata.VReplicationExecResponse)(nil)
[pod/example-vttablet-zone1-0942943782-67bcbcdb/vttablet] I0213 01:52:27.542106       1 rpc_server.go:83] TabletManager.VReplicationExec(query:"select distinct workflow from _vt.vreplication where state != 'Stopped' and db_name = 'benchmark'")(on zone1-0942943782 from ): (*tabletmanagerdata.VReplicationExecResponse)(nil)
[pod/example-vttablet-zone1-0942943782-67bcbcdb/vttablet] E0213 01:52:42.213595       1 query_throttler.go:140] Error loading config: open /config/throttler-config.json: no such file or directory
[pod/example-vttablet-zone1-0942943782-67bcbcdb/vttablet] I0213 01:52:43.934153       1 rpc_server.go:83] TabletManager.VReplicationExec(query:"select distinct workflow from _vt.vreplication where state != 'Stopped' and db_name = 'benchmark'")(on zone1-0942943782 from ): (*tabletmanagerdata.VReplicationExecResponse)(nil)
[pod/example-vttablet-zone1-0942943782-67bcbcdb/vttablet] I0213 01:53:01.384454       1 rpc_server.go:83] TabletManager.VReplicationExec(query:"select distinct workflow from _vt.vreplication where state != 'Stopped' and db_name = 'benchmark'")(on zone1-0942943782 from ): (*tabletmanagerdata.VReplicationExecResponse)(nil)
[pod/example-vttablet-zone1-0942943782-67bcbcdb/vttablet] I0213 01:53:18.185671       1 rpc_server.go:83] TabletManager.VReplicationExec(query:"select distinct workflow from _vt.vreplication where state != 'Stopped' and db_name = 'benchmark'")(on zone1-0942943782 from ): (*tabletmanagerdata.VReplicationExecResponse)(nil)
[pod/example-vttablet-zone1-0942943782-67bcbcdb/vttablet] I0213 01:53:34.615721       1 rpc_server.go:83] TabletManager.VReplicationExec(query:"select distinct workflow from _vt.vreplication where state != 'Stopped' and db_name = 'benchmark'")(on zone1-0942943782 from ): (*tabletmanagerdata.VReplicationExecResponse)(nil)
[pod/example-vttablet-zone1-0942943782-67bcbcdb/vttablet] I0213 01:53:41.598050       1 rpc_server.go:83] TabletManager.VReplicationExec(query:"select distinct workflow from _vt.vreplication where state != 'Stopped' and db_name = 'benchmark'")(on zone1-0942943782 from ): (*tabletmanagerdata.VReplicationExecResponse)(nil)
[pod/example-vttablet-zone1-0942943782-67bcbcdb/vttablet] E0213 01:53:42.213749       1 query_throttler.go:140] Error loading config: open /config/throttler-config.json: no such file or directory
[pod/example-vttablet-zone1-0942943782-67bcbcdb/vttablet] I0213 01:53:57.030533       1 rpc_server.go:83] TabletManager.VReplicationExec(query:"select distinct workflow from _vt.vreplication where state != 'Stopped' and db_name = 'benchmark'")(on zone1-0942943782 from ): (*tabletmanagerdata.VReplicationExecResponse)(nil)
[pod/example-vttablet-zone1-0942943782-67bcbcdb/vttablet] I0213 01:54:12.510435       1 rpc_server.go:83] TabletManager.VReplicationExec(query:"select distinct workflow from _vt.vreplication where state != 'Stopped' and db_name = 'benchmark'")(on zone1-0942943782 from ): (*tabletmanagerdata.VReplicationExecResponse)(nil)
[pod/example-vttablet-zone1-0942943782-67bcbcdb/vttablet] I0213 01:54:26.774219       1 rpc_server.go:83] TabletManager.VReplicationExec(query:"select distinct workflow from _vt.vreplication where state != 'Stopped' and db_name = 'benchmark'")(on zone1-0942943782 from ): (*tabletmanagerdata.VReplicationExecResponse)(nil)
[pod/example-vttablet-zone1-0942943782-67bcbcdb/vttablet] E0213 01:54:42.213612       1 query_throttler.go:140] Error loading config: open /config/throttler-config.json: no such file or directory
[pod/example-vttablet-zone1-0942943782-67bcbcdb/vttablet] I0213 01:54:45.545507       1 rpc_server.go:83] TabletManager.VReplicationExec(query:"select distinct workflow from _vt.vreplication where state != 'Stopped' and db_name = 'benchmark'")(on zone1-0942943782 from ): (*tabletmanagerdata.VReplicationExecResponse)(nil)
[pod/example-vttablet-zone1-0942943782-67bcbcdb/vttablet] I0213 01:55:02.405565       1 rpc_server.go:83] TabletManager.VReplicationExec(query:"select distinct workflow from _vt.vreplication where state != 'Stopped' and db_name = 'benchmark'")(on zone1-0942943782 from ): (*tabletmanagerdata.VReplicationExecResponse)(nil)
[pod/example-vttablet-zone1-0942943782-67bcbcdb/vttablet] I0213 01:55:16.082446       1 rpc_server.go:83] TabletManager.VReplicationExec(query:"select distinct workflow from _vt.vreplication where state != 'Stopped' and db_name = 'benchmark'")(on zone1-0942943782 from ): (*tabletmanagerdata.VReplicationExecResponse)(nil)
[pod/example-vttablet-zone1-0942943782-67bcbcdb/vttablet] I0213 01:55:30.477381       1 rpc_server.go:83] TabletManager.VReplicationExec(query:"select distinct workflow from _vt.vreplication where state != 'Stopped' and db_name = 'benchmark'")(on zone1-0942943782 from ): (*tabletmanagerdata.VReplicationExecResponse)(nil)
[pod/example-vttablet-zone1-0942943782-67bcbcdb/vttablet] E0213 01:55:42.213922       1 query_throttler.go:140] Error loading config: open /config/throttler-config.json: no such file or directory
[pod/example-vttablet-zone1-0942943782-67bcbcdb/vttablet] I0213 01:55:46.199630       1 rpc_server.go:83] TabletManager.VReplicationExec(query:"select distinct workflow from _vt.vreplication where state != 'Stopped' and db_name = 'benchmark'")(on zone1-0942943782 from ): (*tabletmanagerdata.VReplicationExecResponse)(nil)
[pod/example-vttablet-zone1-0942943782-67bcbcdb/vttablet] I0213 01:56:02.049981       1 rpc_server.go:83] TabletManager.VReplicationExec(query:"select distinct workflow from _vt.vreplication where state != 'Stopped' and db_name = 'benchmark'")(on zone1-0942943782 from ): (*tabletmanagerdata.VReplicationExecResponse)(nil)
[pod/example-vttablet-zone1-0942943782-67bcbcdb/vttablet] I0213 01:56:19.136066       1 rpc_server.go:83] TabletManager.VReplicationExec(query:"select distinct workflow from _vt.vreplication where state != 'Stopped' and db_name = 'benchmark'")(on zone1-0942943782 from ): (*tabletmanagerdata.VReplicationExecResponse)(nil)
[pod/example-vttablet-zone1-0942943782-67bcbcdb/vttablet] I0213 01:56:31.781692       1 rpc_server.go:83] TabletManager.VReplicationExec(query:"select distinct workflow from _vt.vreplication where state != 'Stopped' and db_name = 'benchmark'")(on zone1-0942943782 from ): (*tabletmanagerdata.VReplicationExecResponse)(nil)
[pod/example-vttablet-zone1-0942943782-67bcbcdb/vttablet] E0213 01:56:42.213531       1 query_throttler.go:140] Error loading config: open /config/throttler-config.json: no such file or directory
[pod/example-vttablet-zone1-0942943782-67bcbcdb/vttablet] I0213 01:56:48.076965       1 rpc_server.go:83] TabletManager.VReplicationExec(query:"select distinct workflow from _vt.vreplication where state != 'Stopped' and db_name = 'benchmark'")(on zone1-0942943782 from ): (*tabletmanagerdata.VReplicationExecResponse)(nil)
[pod/example-vttablet-zone1-0942943782-67bcbcdb/vttablet] I0213 01:57:04.921951       1 rpc_server.go:83] TabletManager.VReplicationExec(query:"select distinct workflow from _vt.vreplication where state != 'Stopped' and db_name = 'benchmark'")(on zone1-0942943782 from ): (*tabletmanagerdata.VReplicationExecResponse)(nil)
[pod/example-vttablet-zone1-0942943782-67bcbcdb/vttablet] I0213 01:57:22.055497       1 rpc_server.go:83] TabletManager.VReplicationExec(query:"select distinct workflow from _vt.vreplication where state != 'Stopped' and db_name = 'benchmark'")(on zone1-0942943782 from ): (*tabletmanagerdata.VReplicationExecResponse)(nil)
[pod/example-vttablet-zone1-0942943782-67bcbcdb/vttablet] I0213 01:57:40.127382       1 rpc_server.go:83] TabletManager.VReplicationExec(query:"select distinct workflow from _vt.vreplication where state != 'Stopped' and db_name = 'benchmark'")(on zone1-0942943782 from ): (*tabletmanagerdata.VReplicationExecResponse)(nil)
[pod/example-vttablet-zone1-0942943782-67bcbcdb/vttablet] E0213 01:57:42.213630       1 query_throttler.go:140] Error loading config: open /config/throttler-config.json: no such file or directory
[pod/example-vttablet-zone1-0942943782-67bcbcdb/vttablet] I0213 01:57:53.552939       1 rpc_server.go:83] TabletManager.VReplicationExec(query:"select distinct workflow from _vt.vreplication where state != 'Stopped' and db_name = 'benchmark'")(on zone1-0942943782 from ): (*tabletmanagerdata.VReplicationExecResponse)(nil)
[pod/example-vttablet-zone1-0942943782-67bcbcdb/vttablet] I0213 01:58:05.294427       1 rpc_server.go:83] TabletManager.VReplicationExec(query:"select distinct workflow from _vt.vreplication where state != 'Stopped' and db_name = 'benchmark'")(on zone1-0942943782 from ): (*tabletmanagerdata.VReplicationExecResponse)(nil)
[pod/example-vttablet-zone1-0942943782-67bcbcdb/vttablet] I0213 01:58:20.019828       1 rpc_server.go:83] TabletManager.VReplicationExec(query:"select distinct workflow from _vt.vreplication where state != 'Stopped' and db_name = 'benchmark'")(on zone1-0942943782 from ): (*tabletmanagerdata.VReplicationExecResponse)(nil)
[pod/example-vttablet-zone1-0942943782-67bcbcdb/vttablet] I0213 01:58:32.778361       1 rpc_server.go:83] TabletManager.VReplicationExec(query:"select distinct workflow from _vt.vreplication where state != 'Stopped' and db_name = 'benchmark'")(on zone1-0942943782 from ): (*tabletmanagerdata.VReplicationExecResponse)(nil)
[pod/example-vttablet-zone1-0942943782-67bcbcdb/vttablet] E0213 01:58:42.213564       1 query_throttler.go:140] Error loading config: open /config/throttler-config.json: no such file or directory
[pod/example-vttablet-zone1-0942943782-67bcbcdb/vttablet] I0213 01:58:49.269383       1 rpc_server.go:83] TabletManager.VReplicationExec(query:"select distinct workflow from _vt.vreplication where state != 'Stopped' and db_name = 'benchmark'")(on zone1-0942943782 from ): (*tabletmanagerdata.VReplicationExecResponse)(nil)
[pod/example-vttablet-zone1-0942943782-67bcbcdb/vttablet] I0213 01:59:07.442815       1 rpc_server.go:83] TabletManager.VReplicationExec(query:"select distinct workflow from _vt.vreplication where state != 'Stopped' and db_name = 'benchmark'")(on zone1-0942943782 from ): (*tabletmanagerdata.VReplicationExecResponse)(nil)
[pod/example-vttablet-zone1-0942943782-67bcbcdb/vttablet] I0213 01:59:21.612967       1 rpc_server.go:83] TabletManager.VReplicationExec(query:"select distinct workflow from _vt.vreplication where state != 'Stopped' and db_name = 'benchmark'")(on zone1-0942943782 from ): (*tabletmanagerdata.VReplicationExecResponse)(nil)
[pod/example-vttablet-zone1-0942943782-67bcbcdb/vttablet] I0213 01:59:40.362077       1 rpc_server.go:83] TabletManager.VReplicationExec(query:"select distinct workflow from _vt.vreplication where state != 'Stopped' and db_name = 'benchmark'")(on zone1-0942943782 from ): (*tabletmanagerdata.VReplicationExecResponse)(nil)
[pod/example-vttablet-zone1-0942943782-67bcbcdb/vttablet] E0213 01:59:42.213623       1 query_throttler.go:140] Error loading config: open /config/throttler-config.json: no such file or directory
[pod/example-vttablet-zone1-0942943782-67bcbcdb/vttablet] I0213 01:59:56.905321       1 rpc_server.go:83] TabletManager.VReplicationExec(query:"select distinct workflow from _vt.vreplication where state != 'Stopped' and db_name = 'benchmark'")(on zone1-0942943782 from ): (*tabletmanagerdata.VReplicationExecResponse)(nil)
[pod/example-vttablet-zone1-0942943782-67bcbcdb/vttablet] I0213 02:00:14.267153       1 rpc_server.go:83] TabletManager.VReplicationExec(query:"select distinct workflow from _vt.vreplication where state != 'Stopped' and db_name = 'benchmark'")(on zone1-0942943782 from ): (*tabletmanagerdata.VReplicationExecResponse)(nil)
[pod/example-vttablet-zone1-0942943782-67bcbcdb/vttablet] I0213 02:00:26.884849       1 rpc_server.go:83] TabletManager.VReplicationExec(query:"select distinct workflow from _vt.vreplication where state != 'Stopped' and db_name = 'benchmark'")(on zone1-0942943782 from ): (*tabletmanagerdata.VReplicationExecResponse)(nil)
[pod/example-vttablet-zone1-0942943782-67bcbcdb/vttablet] I0213 02:00:38.485939       1 rpc_server.go:83] TabletManager.VReplicationExec(query:"select distinct workflow from _vt.vreplication where state != 'Stopped' and db_name = 'benchmark'")(on zone1-0942943782 from ): (*tabletmanagerdata.VReplicationExecResponse)(nil)
[pod/example-vttablet-zone1-0942943782-67bcbcdb/vttablet] E0213 02:00:42.213906       1 query_throttler.go:140] Error loading config: open /config/throttler-config.json: no such file or directory
[pod/example-vttablet-zone1-0942943782-67bcbcdb/vttablet] I0213 02:00:54.589005       1 rpc_server.go:83] TabletManager.VReplicationExec(query:"select distinct workflow from _vt.vreplication where state != 'Stopped' and db_name = 'benchmark'")(on zone1-0942943782 from ): (*tabletmanagerdata.VReplicationExecResponse)(nil)
[pod/example-vttablet-zone1-0942943782-67bcbcdb/vttablet] I0213 02:01:12.195728       1 rpc_server.go:83] TabletManager.VReplicationExec(query:"select distinct workflow from _vt.vreplication where state != 'Stopped' and db_name = 'benchmark'")(on zone1-0942943782 from ): (*tabletmanagerdata.VReplicationExecResponse)(nil)
[pod/example-vttablet-zone1-0942943782-67bcbcdb/vttablet] I0213 02:01:27.683702       1 rpc_server.go:83] TabletManager.VReplicationExec(query:"select distinct workflow from _vt.vreplication where state != 'Stopped' and db_name = 'benchmark'")(on zone1-0942943782 from ): (*tabletmanagerdata.VReplicationExecResponse)(nil)
[pod/example-vttablet-zone1-0942943782-67bcbcdb/vttablet] E0213 02:01:42.214137       1 query_throttler.go:140] Error loading config: open /config/throttler-config.json: no such file or directory
[pod/example-vttablet-zone1-0942943782-67bcbcdb/vttablet] I0213 02:01:43.465618       1 rpc_server.go:83] TabletManager.VReplicationExec(query:"select distinct workflow from _vt.vreplication where state != 'Stopped' and db_name = 'benchmark'")(on zone1-0942943782 from ): (*tabletmanagerdata.VReplicationExecResponse)(nil)
[pod/example-vttablet-zone1-0942943782-67bcbcdb/vttablet] I0213 02:01:56.984959       1 rpc_server.go:83] TabletManager.VReplicationExec(query:"select distinct workflow from _vt.vreplication where state != 'Stopped' and db_name = 'benchmark'")(on zone1-0942943782 from ): (*tabletmanagerdata.VReplicationExecResponse)(nil)
[pod/example-vttablet-zone1-0942943782-67bcbcdb/vttablet] I0213 02:02:08.729341       1 rpc_server.go:83] TabletManager.VReplicationExec(query:"select distinct workflow from _vt.vreplication where state != 'Stopped' and db_name = 'benchmark'")(on zone1-0942943782 from ): (*tabletmanagerdata.VReplicationExecResponse)(nil)
[pod/example-vttablet-zone1-0942943782-67bcbcdb/vttablet] I0213 02:02:27.007054       1 rpc_server.go:83] TabletManager.VReplicationExec(query:"select distinct workflow from _vt.vreplication where state != 'Stopped' and db_name = 'benchmark'")(on zone1-0942943782 from ): (*tabletmanagerdata.VReplicationExecResponse)(nil)
[pod/example-vttablet-zone1-0942943782-67bcbcdb/vttablet] I0213 02:02:39.006901       1 rpc_server.go:83] TabletManager.VReplicationExec(query:"select distinct workflow from _vt.vreplication where state != 'Stopped' and db_name = 'benchmark'")(on zone1-0942943782 from ): (*tabletmanagerdata.VReplicationExecResponse)(nil)
[pod/example-vttablet-zone1-0942943782-67bcbcdb/vttablet] E0213 02:02:42.213937       1 query_throttler.go:140] Error loading config: open /config/throttler-config.json: no such file or directory
[pod/example-vttablet-zone1-0942943782-67bcbcdb/vttablet] I0213 02:02:51.309647       1 rpc_server.go:83] TabletManager.VReplicationExec(query:"select distinct workflow from _vt.vreplication where state != 'Stopped' and db_name = 'benchmark'")(on zone1-0942943782 from ): (*tabletmanagerdata.VReplicationExecResponse)(nil)
[pod/example-vttablet-zone1-0942943782-67bcbcdb/vttablet] I0213 02:02:51.346140       1 rpc_server.go:83] TabletManager.VReplicationExec(query:"select distinct workflow from _vt.vreplication where state != 'Stopped' and db_name = 'benchmark'")(on zone1-0942943782 from ): (*tabletmanagerdata.VReplicationExecResponse)(nil)
[pod/example-vttablet-zone1-0942943782-67bcbcdb/vttablet] I0213 02:03:06.443298       1 rpc_server.go:83] TabletManager.VReplicationExec(query:"select distinct workflow from _vt.vreplication where state != 'Stopped' and db_name = 'benchmark'")(on zone1-0942943782 from ): (*tabletmanagerdata.VReplicationExecResponse)(nil)
[pod/example-vttablet-zone1-0942943782-67bcbcdb/vttablet] I0213 02:03:18.674647       1 rpc_server.go:83] TabletManager.VReplicationExec(query:"select distinct workflow from _vt.vreplication where state != 'Stopped' and db_name = 'benchmark'")(on zone1-0942943782 from ): (*tabletmanagerdata.VReplicationExecResponse)(nil)
[pod/example-vttablet-zone1-0942943782-67bcbcdb/vttablet] I0213 02:03:33.278253       1 rpc_server.go:83] TabletManager.VReplicationExec(query:"select distinct workflow from _vt.vreplication where state != 'Stopped' and db_name = 'benchmark'")(on zone1-0942943782 from ): (*tabletmanagerdata.VReplicationExecResponse)(nil)
[pod/example-vttablet-zone1-0942943782-67bcbcdb/vttablet] E0213 02:03:42.214005       1 query_throttler.go:140] Error loading config: open /config/throttler-config.json: no such file or directory
[pod/example-vttablet-zone1-0942943782-67bcbcdb/vttablet] I0213 02:03:51.966723       1 rpc_server.go:83] TabletManager.VReplicationExec(query:"select distinct workflow from _vt.vreplication where state != 'Stopped' and db_name = 'benchmark'")(on zone1-0942943782 from ): (*tabletmanagerdata.VReplicationExecResponse)(nil)
[pod/example-vttablet-zone1-0942943782-67bcbcdb/vttablet] I0213 02:04:07.184293       1 rpc_server.go:83] TabletManager.VReplicationExec(query:"select distinct workflow from _vt.vreplication where state != 'Stopped' and db_name = 'benchmark'")(on zone1-0942943782 from ): (*tabletmanagerdata.VReplicationExecResponse)(nil)
[pod/example-vttablet-zone1-0942943782-67bcbcdb/vttablet] I0213 02:04:22.646023       1 rpc_server.go:83] TabletManager.VReplicationExec(query:"select distinct workflow from _vt.vreplication where state != 'Stopped' and db_name = 'benchmark'")(on zone1-0942943782 from ): (*tabletmanagerdata.VReplicationExecResponse)(nil)
[pod/example-vttablet-zone1-0942943782-67bcbcdb/vttablet] I0213 02:04:41.131488       1 rpc_server.go:83] TabletManager.VReplicationExec(query:"select distinct workflow from _vt.vreplication where state != 'Stopped' and db_name = 'benchmark'")(on zone1-0942943782 from ): (*tabletmanagerdata.VReplicationExecResponse)(nil)
[pod/example-vttablet-zone1-0942943782-67bcbcdb/vttablet] E0213 02:04:42.213666       1 query_throttler.go:140] Error loading config: open /config/throttler-config.json: no such file or directory
[pod/example-vttablet-zone1-0942943782-67bcbcdb/vttablet] I0213 02:04:54.268181       1 rpc_server.go:83] TabletManager.VReplicationExec(query:"select distinct workflow from _vt.vreplication where state != 'Stopped' and db_name = 'benchmark'")(on zone1-0942943782 from ): (*tabletmanagerdata.VReplicationExecResponse)(nil)
[pod/example-vttablet-zone1-0942943782-67bcbcdb/vttablet] I0213 02:05:09.011625       1 rpc_server.go:83] TabletManager.VReplicationExec(query:"select distinct workflow from _vt.vreplication where state != 'Stopped' and db_name = 'benchmark'")(on zone1-0942943782 from ): (*tabletmanagerdata.VReplicationExecResponse)(nil)
[pod/example-vttablet-zone1-0942943782-67bcbcdb/vttablet] I0213 02:05:23.537662       1 rpc_server.go:83] TabletManager.VReplicationExec(query:"select distinct workflow from _vt.vreplication where state != 'Stopped' and db_name = 'benchmark'")(on zone1-0942943782 from ): (*tabletmanagerdata.VReplicationExecResponse)(nil)
[pod/example-vttablet-zone1-0942943782-67bcbcdb/vttablet] I0213 02:05:41.867707       1 rpc_server.go:83] TabletManager.VReplicationExec(query:"select distinct workflow from _vt.vreplication where state != 'Stopped' and db_name = 'benchmark'")(on zone1-0942943782 from ): (*tabletmanagerdata.VReplicationExecResponse)(nil)
[pod/example-vttablet-zone1-0942943782-67bcbcdb/vttablet] E0213 02:05:42.213610       1 query_throttler.go:140] Error loading config: open /config/throttler-config.json: no such file or directory
[pod/example-vttablet-zone1-0942943782-67bcbcdb/vttablet] I0213 02:05:53.432809       1 rpc_server.go:83] TabletManager.VReplicationExec(query:"select distinct workflow from _vt.vreplication where state != 'Stopped' and db_name = 'benchmark'")(on zone1-0942943782 from ): (*tabletmanagerdata.VReplicationExecResponse)(nil)
[pod/example-vttablet-zone1-0942943782-67bcbcdb/vttablet] I0213 02:06:07.307348       1 rpc_server.go:83] TabletManager.VReplicationExec(query:"select distinct workflow from _vt.vreplication where state != 'Stopped' and db_name = 'benchmark'")(on zone1-0942943782 from ): (*tabletmanagerdata.VReplicationExecResponse)(nil)
[pod/example-vttablet-zone1-0942943782-67bcbcdb/vttablet] I0213 02:06:25.688608       1 rpc_server.go:83] TabletManager.VReplicationExec(query:"select distinct workflow from _vt.vreplication where state != 'Stopped' and db_name = 'benchmark'")(on zone1-0942943782 from ): (*tabletmanagerdata.VReplicationExecResponse)(nil)
[pod/example-vttablet-zone1-0942943782-67bcbcdb/vttablet] E0213 02:06:42.213834       1 query_throttler.go:140] Error loading config: open /config/throttler-config.json: no such file or directory
[pod/example-vttablet-zone1-0942943782-67bcbcdb/vttablet] I0213 02:06:43.407674       1 rpc_server.go:83] TabletManager.VReplicationExec(query:"select distinct workflow from _vt.vreplication where state != 'Stopped' and db_name = 'benchmark'")(on zone1-0942943782 from ): (*tabletmanagerdata.VReplicationExecResponse)(nil)
[pod/example-vttablet-zone1-0942943782-67bcbcdb/vttablet] I0213 02:07:00.408598       1 rpc_server.go:83] TabletManager.VReplicationExec(query:"select distinct workflow from _vt.vreplication where state != 'Stopped' and db_name = 'benchmark'")(on zone1-0942943782 from ): (*tabletmanagerdata.VReplicationExecResponse)(nil)
[pod/example-vttablet-zone1-0942943782-67bcbcdb/vttablet] I0213 02:07:14.345594       1 rpc_server.go:83] TabletManager.VReplicationExec(query:"select distinct workflow from _vt.vreplication where state != 'Stopped' and db_name = 'benchmark'")(on zone1-0942943782 from ): (*tabletmanagerdata.VReplicationExecResponse)(nil)
[pod/example-vttablet-zone1-0942943782-67bcbcdb/vttablet] I0213 02:07:28.520054       1 rpc_server.go:83] TabletManager.VReplicationExec(query:"select distinct workflow from _vt.vreplication where state != 'Stopped' and db_name = 'benchmark'")(on zone1-0942943782 from ): (*tabletmanagerdata.VReplicationExecResponse)(nil)
[pod/example-vttablet-zone1-0942943782-67bcbcdb/vttablet] E0213 02:07:42.214459       1 query_throttler.go:140] Error loading config: open /config/throttler-config.json: no such file or directory
[pod/example-vttablet-zone1-0942943782-67bcbcdb/vttablet] I0213 02:07:44.104140       1 rpc_server.go:83] TabletManager.VReplicationExec(query:"select distinct workflow from _vt.vreplication where state != 'Stopped' and db_name = 'benchmark'")(on zone1-0942943782 from ): (*tabletmanagerdata.VReplicationExecResponse)(nil)
[pod/example-vttablet-zone1-0942943782-67bcbcdb/vttablet] I0213 02:08:01.341106       1 rpc_server.go:83] TabletManager.VReplicationExec(query:"select distinct workflow from _vt.vreplication where state != 'Stopped' and db_name = 'benchmark'")(on zone1-0942943782 from ): (*tabletmanagerdata.VReplicationExecResponse)(nil)
[pod/example-vttablet-zone1-0942943782-67bcbcdb/vttablet] I0213 02:08:17.535667       1 rpc_server.go:83] TabletManager.VReplicationExec(query:"select distinct workflow from _vt.vreplication where state != 'Stopped' and db_name = 'benchmark'")(on zone1-0942943782 from ): (*tabletmanagerdata.VReplicationExecResponse)(nil)
[pod/example-vttablet-zone1-0942943782-67bcbcdb/vttablet] I0213 02:08:34.639695       1 rpc_server.go:83] TabletManager.VReplicationExec(query:"select distinct workflow from _vt.vreplication where state != 'Stopped' and db_name = 'benchmark'")(on zone1-0942943782 from ): (*tabletmanagerdata.VReplicationExecResponse)(nil)
[pod/example-vttablet-zone1-0942943782-67bcbcdb/vttablet] E0213 02:08:42.214011       1 query_throttler.go:140] Error loading config: open /config/throttler-config.json: no such file or directory
[pod/example-vttablet-zone1-0942943782-67bcbcdb/vttablet] I0213 02:08:46.647912       1 rpc_server.go:83] TabletManager.VReplicationExec(query:"select distinct workflow from _vt.vreplication where state != 'Stopped' and db_name = 'benchmark'")(on zone1-0942943782 from ): (*tabletmanagerdata.VReplicationExecResponse)(nil)
[pod/example-vttablet-zone1-0942943782-67bcbcdb/vttablet] I0213 02:08:58.858675       1 rpc_server.go:83] TabletManager.VReplicationExec(query:"select distinct workflow from _vt.vreplication where state != 'Stopped' and db_name = 'benchmark'")(on zone1-0942943782 from ): (*tabletmanagerdata.VReplicationExecResponse)(nil)
[pod/example-vttablet-zone1-0942943782-67bcbcdb/vttablet] I0213 02:09:16.899735       1 rpc_server.go:83] TabletManager.VReplicationExec(query:"select distinct workflow from _vt.vreplication where state != 'Stopped' and db_name = 'benchmark'")(on zone1-0942943782 from ): (*tabletmanagerdata.VReplicationExecResponse)(nil)
[pod/example-vttablet-zone1-0942943782-67bcbcdb/vttablet] I0213 02:09:34.236580       1 rpc_server.go:83] TabletManager.VReplicationExec(query:"select distinct workflow from _vt.vreplication where state != 'Stopped' and db_name = 'benchmark'")(on zone1-0942943782 from ): (*tabletmanagerdata.VReplicationExecResponse)(nil)
[pod/example-vttablet-zone1-0942943782-67bcbcdb/vttablet] E0213 02:09:42.214003       1 query_throttler.go:140] Error loading config: open /config/throttler-config.json: no such file or directory
[pod/example-vttablet-zone1-0942943782-67bcbcdb/vttablet] I0213 02:09:50.905391       1 rpc_server.go:83] TabletManager.VReplicationExec(query:"select distinct workflow from _vt.vreplication where state != 'Stopped' and db_name = 'benchmark'")(on zone1-0942943782 from ): (*tabletmanagerdata.VReplicationExecResponse)(nil)
[pod/example-vttablet-zone1-0942943782-67bcbcdb/vttablet] I0213 02:10:07.775473       1 rpc_server.go:83] TabletManager.VReplicationExec(query:"select distinct workflow from _vt.vreplication where state != 'Stopped' and db_name = 'benchmark'")(on zone1-0942943782 from ): (*tabletmanagerdata.VReplicationExecResponse)(nil)
[pod/example-vttablet-zone1-0942943782-67bcbcdb/vttablet] I0213 02:10:24.035570       1 rpc_server.go:83] TabletManager.VReplicationExec(query:"select distinct workflow from _vt.vreplication where state != 'Stopped' and db_name = 'benchmark'")(on zone1-0942943782 from ): (*tabletmanagerdata.VReplicationExecResponse)(nil)
[pod/example-vttablet-zone1-0942943782-67bcbcdb/vttablet] I0213 02:10:38.435004       1 rpc_server.go:83] TabletManager.VReplicationExec(query:"select distinct workflow from _vt.vreplication where state != 'Stopped' and db_name = 'benchmark'")(on zone1-0942943782 from ): (*tabletmanagerdata.VReplicationExecResponse)(nil)
[pod/example-vttablet-zone1-0942943782-67bcbcdb/vttablet] E0213 02:10:42.213612       1 query_throttler.go:140] Error loading config: open /config/throttler-config.json: no such file or directory
[pod/example-vttablet-zone1-0942943782-67bcbcdb/vttablet] I0213 02:10:53.704715       1 rpc_server.go:83] TabletManager.VReplicationExec(query:"select distinct workflow from _vt.vreplication where state != 'Stopped' and db_name = 'benchmark'")(on zone1-0942943782 from ): (*tabletmanagerdata.VReplicationExecResponse)(nil)
[pod/example-vttablet-zone1-0942943782-67bcbcdb/vttablet] I0213 02:11:08.349290       1 rpc_server.go:83] TabletManager.VReplicationExec(query:"select distinct workflow from _vt.vreplication where state != 'Stopped' and db_name = 'benchmark'")(on zone1-0942943782 from ): (*tabletmanagerdata.VReplicationExecResponse)(nil)
[pod/example-vttablet-zone1-0942943782-67bcbcdb/vttablet] I0213 02:11:26.291183       1 rpc_server.go:83] TabletManager.VReplicationExec(query:"select distinct workflow from _vt.vreplication where state != 'Stopped' and db_name = 'benchmark'")(on zone1-0942943782 from ): (*tabletmanagerdata.VReplicationExecResponse)(nil)
[pod/example-vttablet-zone1-0942943782-67bcbcdb/vttablet] I0213 02:11:39.150217       1 rpc_server.go:83] TabletManager.VReplicationExec(query:"select distinct workflow from _vt.vreplication where state != 'Stopped' and db_name = 'benchmark'")(on zone1-0942943782 from ): (*tabletmanagerdata.VReplicationExecResponse)(nil)
[pod/example-vttablet-zone1-0942943782-67bcbcdb/vttablet] E0213 02:11:42.213597       1 query_throttler.go:140] Error loading config: open /config/throttler-config.json: no such file or directory
[pod/example-vttablet-zone1-0942943782-67bcbcdb/vttablet] I0213 02:11:51.963182       1 rpc_server.go:83] TabletManager.VReplicationExec(query:"select distinct workflow from _vt.vreplication where state != 'Stopped' and db_name = 'benchmark'")(on zone1-0942943782 from ): (*tabletmanagerdata.VReplicationExecResponse)(nil)
[pod/example-vttablet-zone1-0942943782-67bcbcdb/vttablet] I0213 02:12:03.383100       1 rpc_server.go:83] TabletManager.VReplicationExec(query:"select distinct workflow from _vt.vreplication where state != 'Stopped' and db_name = 'benchmark'")(on zone1-0942943782 from ): (*tabletmanagerdata.VReplicationExecResponse)(nil)
[pod/example-vttablet-zone1-0942943782-67bcbcdb/vttablet] I0213 02:12:21.437959       1 rpc_server.go:83] TabletManager.VReplicationExec(query:"select distinct workflow from _vt.vreplication where state != 'Stopped' and db_name = 'benchmark'")(on zone1-0942943782 from ): (*tabletmanagerdata.VReplicationExecResponse)(nil)
[pod/example-vttablet-zone1-0942943782-67bcbcdb/vttablet] I0213 02:12:37.502831       1 rpc_server.go:83] TabletManager.VReplicationExec(query:"select distinct workflow from _vt.vreplication where state != 'Stopped' and db_name = 'benchmark'")(on zone1-0942943782 from ): (*tabletmanagerdata.VReplicationExecResponse)(nil)
[pod/example-vttablet-zone1-0942943782-67bcbcdb/vttablet] E0213 02:12:42.214114       1 query_throttler.go:140] Error loading config: open /config/throttler-config.json: no such file or directory
[pod/example-vttablet-zone1-0942943782-67bcbcdb/vttablet] I0213 02:12:50.250875       1 rpc_server.go:83] TabletManager.VReplicationExec(query:"select distinct workflow from _vt.vreplication where state != 'Stopped' and db_name = 'benchmark'")(on zone1-0942943782 from ): (*tabletmanagerdata.VReplicationExecResponse)(nil)
[pod/example-vttablet-zone1-0942943782-67bcbcdb/init-mysql-socket] + cd /vt/vtdataroot
[pod/example-vttablet-zone1-0942943782-67bcbcdb/init-mysql-socket] ++ find . -mindepth 2 -maxdepth 2 -path './vt_*/my.cnf'
[pod/example-vttablet-zone1-1085274074-76c88d55/vttablet] Flag --db_app_user has been deprecated, use --db-app-user instead 
[pod/example-vttablet-zone1-1085274074-76c88d55/vttablet] Flag --db_charset has been deprecated, use --db-charset instead 
[pod/example-vttablet-zone1-1085274074-76c88d55/vttablet] Flag --db_dba_user has been deprecated, use --db-dba-user instead 
[pod/example-vttablet-zone1-1085274074-76c88d55/vttablet] Flag --db_filtered_user has been deprecated, use --db-filtered-user instead 
[pod/example-vttablet-zone1-1085274074-76c88d55/vttablet] Flag --db_repl_user has been deprecated, use --db-repl-user instead 
[pod/example-vttablet-zone1-1085274074-76c88d55/vttablet] Flag --enable_replication_reporter has been deprecated, use --enable-replication-reporter instead 
[pod/example-vttablet-zone1-1085274074-76c88d55/vttablet] Flag --enforce_strict_trans_tables has been deprecated, use --enforce-strict-trans-tables instead 
[pod/example-vttablet-zone1-1085274074-76c88d55/vttablet] Flag --grpc_max_message_size has been deprecated, use --grpc-max-message-size instead 
[pod/example-vttablet-zone1-1085274074-76c88d55/vttablet] Flag --grpc_port has been deprecated, use --grpc-port instead 
[pod/example-vttablet-zone1-1085274074-76c88d55/vttablet] Flag --health_check_interval has been deprecated, use --health-check-interval instead 
[pod/example-vttablet-zone1-1085274074-76c88d55/vttablet] Flag --init_db_name_override has been deprecated, use --init-db-name-override instead 
[pod/example-vttablet-zone1-1085274074-76c88d55/vttablet] Flag --init_keyspace has been deprecated, use --init-keyspace instead 
[pod/example-vttablet-zone1-1085274074-76c88d55/vttablet] Flag --init_shard has been deprecated, use --init-shard instead 
[pod/example-vttablet-zone1-1085274074-76c88d55/vttablet] Flag --init_tablet_type has been deprecated, use --init-tablet-type instead 
[pod/example-vttablet-zone1-1085274074-76c88d55/vttablet] Flag --mycnf_socket_file has been deprecated, use --mycnf-socket-file instead 
[pod/example-vttablet-zone1-1085274074-76c88d55/vttablet] Flag --mysqlctl_socket has been deprecated, use --mysqlctl-socket instead 
[pod/example-vttablet-zone1-1085274074-76c88d55/vttablet] Flag --service_map has been deprecated, use --service-map instead 
[pod/example-vttablet-zone1-1085274074-76c88d55/vttablet] Flag --tablet_hostname has been deprecated, use --tablet-hostname instead 
[pod/example-vttablet-zone1-1085274074-76c88d55/vttablet] Flag --topo_global_root has been deprecated, use --topo-global-root instead 
[pod/example-vttablet-zone1-1085274074-76c88d55/vttablet] Flag --topo_global_server_address has been deprecated, use --topo-global-server-address instead 
[pod/example-vttablet-zone1-1085274074-76c88d55/vttablet] Flag --topo_implementation has been deprecated, use --topo-implementation instead 
[pod/example-vttablet-zone1-1085274074-76c88d55/vttablet] I0212 18:42:37.538992       1 servenv_unix.go:57] Version: 23.0.0 (Git revision bee41a670a0e18e7400364712263bab171ee89dc branch 'HEAD') built on Tue Nov  4 14:37:43 UTC 2025 by vitess@buildkitsandbox using go1.25.1 linux/amd64
[pod/example-vttablet-zone1-1085274074-76c88d55/vttablet] E0212 18:42:37.540716       1 syslogger.go:171] can't connect to syslog: Unix syslog delivery error
[pod/example-vttablet-zone1-1085274074-76c88d55/vttablet] I0212 18:42:37.552262       1 streamlog.go:224] Streaming logs from TabletServer at /debug/querylog.
[pod/example-vttablet-zone1-1085274074-76c88d55/vttablet] I0212 18:42:37.552457       1 streamlog.go:224] Streaming logs from TxLog at /debug/txlog.
[pod/example-vttablet-zone1-1085274074-76c88d55/vttablet] I0212 18:42:37.554261       1 cli.go:208] Loaded config file  successfully:
[pod/example-vttablet-zone1-1085274074-76c88d55/vttablet] consolidator: enable
[pod/example-vttablet-zone1-1085274074-76c88d55/vttablet] consolidatorStreamQuerySize: 2097152
[pod/example-vttablet-zone1-1085274074-76c88d55/vttablet] consolidatorStreamTotalSize: 134217728
[pod/example-vttablet-zone1-1085274074-76c88d55/vttablet] db:
[pod/example-vttablet-zone1-1085274074-76c88d55/vttablet]   allprivs:
[pod/example-vttablet-zone1-1085274074-76c88d55/vttablet]     password: '****'
[pod/example-vttablet-zone1-1085274074-76c88d55/vttablet]     useSsl: true
[pod/example-vttablet-zone1-1085274074-76c88d55/vttablet]     user: vt_allprivs
[pod/example-vttablet-zone1-1085274074-76c88d55/vttablet]   app:
[pod/example-vttablet-zone1-1085274074-76c88d55/vttablet]     password: '****'
[pod/example-vttablet-zone1-1085274074-76c88d55/vttablet]     useSsl: true
[pod/example-vttablet-zone1-1085274074-76c88d55/vttablet]     user: vt_app
[pod/example-vttablet-zone1-1085274074-76c88d55/vttablet]   appdebug:
[pod/example-vttablet-zone1-1085274074-76c88d55/vttablet]     password: '****'
[pod/example-vttablet-zone1-1085274074-76c88d55/vttablet]     useSsl: true
[pod/example-vttablet-zone1-1085274074-76c88d55/vttablet]     user: vt_appdebug
[pod/example-vttablet-zone1-1085274074-76c88d55/vttablet]   charset: utf8mb4
[pod/example-vttablet-zone1-1085274074-76c88d55/vttablet]   dba:
[pod/example-vttablet-zone1-1085274074-76c88d55/vttablet]     password: '****'
[pod/example-vttablet-zone1-1085274074-76c88d55/vttablet]     useSsl: true
[pod/example-vttablet-zone1-1085274074-76c88d55/vttablet]     user: vt_dba
[pod/example-vttablet-zone1-1085274074-76c88d55/vttablet]   filtered:
[pod/example-vttablet-zone1-1085274074-76c88d55/vttablet]     password: '****'
[pod/example-vttablet-zone1-1085274074-76c88d55/vttablet]     useSsl: true
[pod/example-vttablet-zone1-1085274074-76c88d55/vttablet]     user: vt_filtered
[pod/example-vttablet-zone1-1085274074-76c88d55/vttablet]   repl:
[pod/example-vttablet-zone1-1085274074-76c88d55/vttablet]     password: '****'
[pod/example-vttablet-zone1-1085274074-76c88d55/vttablet]     useSsl: true
[pod/example-vttablet-zone1-1085274074-76c88d55/vttablet]     user: vt_repl
[pod/example-vttablet-zone1-1085274074-76c88d55/vttablet] gracePeriods:
[pod/example-vttablet-zone1-1085274074-76c88d55/vttablet]   shutdownSeconds: 3s
[pod/example-vttablet-zone1-1085274074-76c88d55/vttablet] healthcheck:
[pod/example-vttablet-zone1-1085274074-76c88d55/vttablet]   degradedThresholdSeconds: 30s
[pod/example-vttablet-zone1-1085274074-76c88d55/vttablet]   intervalSeconds: 5s
[pod/example-vttablet-zone1-1085274074-76c88d55/vttablet]   unhealthyThresholdSeconds: 2h0m0s
[pod/example-vttablet-zone1-1085274074-76c88d55/vttablet] hotRowProtection:
[pod/example-vttablet-zone1-1085274074-76c88d55/vttablet]   maxConcurrency: 5
[pod/example-vttablet-zone1-1085274074-76c88d55/vttablet]   maxGlobalQueueSize: 1000
[pod/example-vttablet-zone1-1085274074-76c88d55/vttablet]   maxQueueSize: 20
[pod/example-vttablet-zone1-1085274074-76c88d55/vttablet]   mode: disable
[pod/example-vttablet-zone1-1085274074-76c88d55/vttablet] messagePostponeParallelism: 4
[pod/example-vttablet-zone1-1085274074-76c88d55/vttablet] olap:
[pod/example-vttablet-zone1-1085274074-76c88d55/vttablet]   txTimeoutSeconds: 30s
[pod/example-vttablet-zone1-1085274074-76c88d55/vttablet] olapReadPool:
[pod/example-vttablet-zone1-1085274074-76c88d55/vttablet]   idleTimeoutSeconds: 30m0s
[pod/example-vttablet-zone1-1085274074-76c88d55/vttablet]   size: 96
[pod/example-vttablet-zone1-1085274074-76c88d55/vttablet] oltp:
[pod/example-vttablet-zone1-1085274074-76c88d55/vttablet]   maxRows: 100000
[pod/example-vttablet-zone1-1085274074-76c88d55/vttablet]   queryTimeoutSeconds: 5m0s
[pod/example-vttablet-zone1-1085274074-76c88d55/vttablet]   txTimeoutSeconds: 2m0s
[pod/example-vttablet-zone1-1085274074-76c88d55/vttablet] oltpReadPool:
[pod/example-vttablet-zone1-1085274074-76c88d55/vttablet]   idleTimeoutSeconds: 30m0s
[pod/example-vttablet-zone1-1085274074-76c88d55/vttablet]   size: 100
[pod/example-vttablet-zone1-1085274074-76c88d55/vttablet] queryCacheDoorkeeper: true
[pod/example-vttablet-zone1-1085274074-76c88d55/vttablet] queryCacheMemory: 33554432
[pod/example-vttablet-zone1-1085274074-76c88d55/vttablet] replicationTracker:
[pod/example-vttablet-zone1-1085274074-76c88d55/vttablet]   heartbeatIntervalSeconds: 1s
[pod/example-vttablet-zone1-1085274074-76c88d55/vttablet]   mode: polling
[pod/example-vttablet-zone1-1085274074-76c88d55/vttablet] rowStreamer:
[pod/example-vttablet-zone1-1085274074-76c88d55/vttablet]   maxInnoDBTrxHistLen: 10000000
[pod/example-vttablet-zone1-1085274074-76c88d55/vttablet]   maxMySQLReplLagSecs: 43200
[pod/example-vttablet-zone1-1085274074-76c88d55/vttablet] schemaChangeReloadTimeout: 30s
[pod/example-vttablet-zone1-1085274074-76c88d55/vttablet] schemaReloadIntervalSeconds: 30m0s
[pod/example-vttablet-zone1-1085274074-76c88d55/vttablet] semiSyncMonitor:
[pod/example-vttablet-zone1-1085274074-76c88d55/vttablet]   intervalSeconds: 10s
[pod/example-vttablet-zone1-1085274074-76c88d55/vttablet] signalWhenSchemaChange: true
[pod/example-vttablet-zone1-1085274074-76c88d55/vttablet] streamBufferSize: 32768
[pod/example-vttablet-zone1-1085274074-76c88d55/vttablet] txPool:
[pod/example-vttablet-zone1-1085274074-76c88d55/vttablet]   idleTimeoutSeconds: 30m0s
[pod/example-vttablet-zone1-1085274074-76c88d55/vttablet]   size: 100
[pod/example-vttablet-zone1-1085274074-76c88d55/vttablet]   timeoutSeconds: 1m0s
[pod/example-vttablet-zone1-1085274074-76c88d55/vttablet] I0212 18:42:37.554633       1 mycnf_flag.go:133] No mycnf-server-id, no mycnf-file specified, using default config for server id 1085274074: /vt/vtdataroot/vt_1085274074/my.cnf
[pod/example-vttablet-zone1-1085274074-76c88d55/vttablet] I0212 18:42:37.555668       1 dbconfigs.go:377] DBConfigs: allprivs:
[pod/example-vttablet-zone1-1085274074-76c88d55/vttablet]   password: '****'
[pod/example-vttablet-zone1-1085274074-76c88d55/vttablet]   useSsl: true
[pod/example-vttablet-zone1-1085274074-76c88d55/vttablet]   user: vt_allprivs
[pod/example-vttablet-zone1-1085274074-76c88d55/vttablet] app:
[pod/example-vttablet-zone1-1085274074-76c88d55/vttablet]   password: '****'
[pod/example-vttablet-zone1-1085274074-76c88d55/vttablet]   useSsl: true
[pod/example-vttablet-zone1-1085274074-76c88d55/vttablet]   user: vt_app
[pod/example-vttablet-zone1-1085274074-76c88d55/vttablet] appdebug:
[pod/example-vttablet-zone1-1085274074-76c88d55/vttablet]   password: '****'
[pod/example-vttablet-zone1-1085274074-76c88d55/vttablet]   useSsl: true
[pod/example-vttablet-zone1-1085274074-76c88d55/vttablet]   user: vt_appdebug
[pod/example-vttablet-zone1-1085274074-76c88d55/vttablet] charset: utf8mb4
[pod/example-vttablet-zone1-1085274074-76c88d55/vttablet] dba:
[pod/example-vttablet-zone1-1085274074-76c88d55/vttablet]   password: '****'
[pod/example-vttablet-zone1-1085274074-76c88d55/vttablet]   useSsl: true
[pod/example-vttablet-zone1-1085274074-76c88d55/vttablet]   user: vt_dba
[pod/example-vttablet-zone1-1085274074-76c88d55/vttablet] filtered:
[pod/example-vttablet-zone1-1085274074-76c88d55/vttablet]   password: '****'
[pod/example-vttablet-zone1-1085274074-76c88d55/vttablet]   useSsl: true
[pod/example-vttablet-zone1-1085274074-76c88d55/vttablet]   user: vt_filtered
[pod/example-vttablet-zone1-1085274074-76c88d55/vttablet] repl:
[pod/example-vttablet-zone1-1085274074-76c88d55/vttablet]   password: '****'
[pod/example-vttablet-zone1-1085274074-76c88d55/vttablet]   useSsl: true
[pod/example-vttablet-zone1-1085274074-76c88d55/vttablet]   user: vt_repl
[pod/example-vttablet-zone1-1085274074-76c88d55/vttablet] 
[pod/example-vttablet-zone1-1085274074-76c88d55/vttablet] I0212 18:42:37.559761       1 query_engine.go:236] Stream consolidator is enabled with query size set to 2097152 and total size set to 134217728.
[pod/example-vttablet-zone1-1085274074-76c88d55/vttablet] I0212 18:42:37.563458       1 mysqld.go:191] mysqld is remote. Skipping flavor detection
[pod/example-vttablet-zone1-1085274074-76c88d55/vttablet] I0212 18:42:37.567294       1 tm_init.go:238] Using hostname: 10.0.4.122 from --tablet-hostname flag. Tablet cell:"zone1" uid:1085274074
[pod/example-vttablet-zone1-1085274074-76c88d55/vttablet] I0212 18:42:37.567694       1 tm_init.go:372] TabletManager Start
[pod/example-vttablet-zone1-1085274074-76c88d55/vttablet] I0212 18:42:37.567856       1 tm_init.go:523] Reading/creating keyspace and shard records for benchmark/-33
[pod/example-vttablet-zone1-1085274074-76c88d55/vttablet] W0212 18:42:37.680643       1 tm_init.go:751] Cannot get current mysql port, will keep retrying every 1s: net.Dial(/vt/socket/mysql.sock) to local server failed: dial unix /vt/socket/mysql.sock: connect: no such file or directory (errno 2002) (sqlstate HY000)
[pod/example-vttablet-zone1-1085274074-76c88d55/vttablet] I0212 18:42:37.751220       1 tm_init.go:829] Successfully updated tablet replication data for alias: zone1-1085274074
[pod/example-vttablet-zone1-1085274074-76c88d55/vttablet] I0212 18:42:37.811436       1 syslogger.go:133] benchmark/-33/zone1-1085274074 [tablet] updated
[pod/example-vttablet-zone1-1085274074-76c88d55/vttablet] I0212 18:42:37.811700       1 tablegc.go:162] TableGC: init
[pod/example-vttablet-zone1-1085274074-76c88d55/vttablet] I0212 18:42:37.812162       1 shard_sync.go:80] Change to tablet state
[pod/example-vttablet-zone1-1085274074-76c88d55/vttablet] W0212 18:42:37.821992       1 tm_init.go:997] cannot start replication during initialization: shard benchmark/-33 has no primary.
[pod/example-vttablet-zone1-1085274074-76c88d55/vttablet] I0212 18:42:45.415275       1 tm_state.go:104] In tmState.Open()
[pod/example-vttablet-zone1-1085274074-76c88d55/vttablet] I0212 18:42:45.415317       1 updatestreamctl.go:189] Enabling update stream, dbname: benchmark
[pod/example-vttablet-zone1-1085274074-76c88d55/vttablet] I0212 18:42:45.415507       1 state_manager.go:233] Starting transition to REPLICA Serving, primary term start timestamp: 0001-01-01 00:00:00 +0000 UTC
[pod/example-vttablet-zone1-1085274074-76c88d55/vttablet] I0212 18:42:45.415649       1 tablegc.go:217] TableGC - started execution of Close. Acquiring initMutex lock
[pod/example-vttablet-zone1-1085274074-76c88d55/vttablet] I0212 18:42:45.415719       1 tablegc.go:220] TableGC - acquired lock
[pod/example-vttablet-zone1-1085274074-76c88d55/vttablet] I0212 18:42:45.415740       1 tablegc.go:222] TableGC - no collector is open
[pod/example-vttablet-zone1-1085274074-76c88d55/vttablet] I0212 18:42:45.415826       1 engine.go:97] messager Engine - started execution of Close. Acquiring mu lock
[pod/example-vttablet-zone1-1085274074-76c88d55/vttablet] I0212 18:42:45.415867       1 engine.go:99] messager Engine - acquired mu lock
[pod/example-vttablet-zone1-1085274074-76c88d55/vttablet] I0212 18:42:45.415894       1 engine.go:102] messager Engine is not open
[pod/example-vttablet-zone1-1085274074-76c88d55/vttablet] E0212 18:42:45.416542       1 state_manager.go:299] Error transitioning to the desired state: REPLICA, Serving, will keep retrying: Unknown database 'benchmark' (errno 1049) (sqlstate 42000)
[pod/example-vttablet-zone1-1085274074-76c88d55/vttablet] I0212 18:42:45.416582       1 state_manager.go:781] State: exiting lameduck
[pod/example-vttablet-zone1-1085274074-76c88d55/vttablet] E0212 18:42:45.416728       1 tm_state.go:371] Cannot start query service: Unknown database 'benchmark' (errno 1049) (sqlstate 42000)
[pod/example-vttablet-zone1-1085274074-76c88d55/vttablet] I0212 18:42:45.416788       1 tm_state.go:421] Publishing state: alias:{cell:"zone1" uid:1085274074} hostname:"10.0.4.122" port_map:{key:"grpc" value:15999} port_map:{key:"vt" value:15000} keyspace:"benchmark" shard:"-33" key_range:{end:"3"} type:REPLICA db_name_override:"benchmark" mysql_hostname:"10.0.4.122" default_conn_collation:255
[pod/example-vttablet-zone1-1085274074-76c88d55/vttablet] I0212 18:42:45.425324       1 syslogger.go:133] benchmark/-33/zone1-1085274074 [tablet] updated
[pod/example-vttablet-zone1-1085274074-76c88d55/vttablet] I0212 18:42:45.425396       1 tm_init.go:370] TabletManager Start took ~7886 ms
[pod/example-vttablet-zone1-1085274074-76c88d55/vttablet] I0212 18:42:45.425462       1 grpc_server.go:237] Setting grpc max message size to 67108864
[pod/example-vttablet-zone1-1085274074-76c88d55/vttablet] I0212 18:42:45.425519       1 grpc_server.go:446] Building interceptors with 0 unary interceptors and 0 stream interceptors
[pod/example-vttablet-zone1-1085274074-76c88d55/vttablet] I0212 18:42:45.425585       1 service_map.go:67] Registering tabletmanager for grpc, disable it with -grpc-tabletmanager service-map parameter
[pod/example-vttablet-zone1-1085274074-76c88d55/vttablet] I0212 18:42:45.425684       1 service_map.go:70] Not registering throttler for grpc, enable it with grpc-throttler service-map parameter
[pod/example-vttablet-zone1-1085274074-76c88d55/vttablet] I0212 18:42:45.425731       1 init.go:39] Initializing opentsdb backend...
[pod/example-vttablet-zone1-1085274074-76c88d55/vttablet] I0212 18:42:45.425808       1 init.go:42] Failed to initialize singleton opentsdb backend: cannot create opentsdb PushBackend with empty --opentsdb-uri
[pod/example-vttablet-zone1-1085274074-76c88d55/vttablet] I0212 18:42:45.425861       1 statsd.go:82] statsdAddress is empty
[pod/example-vttablet-zone1-1085274074-76c88d55/vttablet] I0212 18:42:45.426054       1 service_map.go:67] Registering queryservice for grpc, disable it with -grpc-queryservice service-map parameter
[pod/example-vttablet-zone1-1085274074-76c88d55/vttablet] I0212 18:42:45.435956       1 service_map.go:67] Registering updatestream for grpc, disable it with -grpc-updatestream service-map parameter
[pod/example-vttablet-zone1-1085274074-76c88d55/vttablet] I0212 18:42:45.436129       1 grpc_server.go:325] Listening for gRPC calls on port 15999
[pod/example-vttablet-zone1-1085274074-76c88d55/vttablet] I0212 18:42:45.436470       1 unix_socket.go:38] Not listening on socket file
[pod/example-vttablet-zone1-1085274074-76c88d55/vttablet] I0212 18:42:45.706649       1 tm_init.go:777] Identified mysql port: 3306
[pod/example-vttablet-zone1-1085274074-76c88d55/vttablet] I0212 18:42:45.706753       1 tm_state.go:421] Publishing state: alias:{cell:"zone1" uid:1085274074} hostname:"10.0.4.122" port_map:{key:"grpc" value:15999} port_map:{key:"vt" value:15000} keyspace:"benchmark" shard:"-33" key_range:{end:"3"} type:REPLICA db_name_override:"benchmark" mysql_hostname:"10.0.4.122" mysql_port:3306 default_conn_collation:255
[pod/example-vttablet-zone1-1085274074-76c88d55/vttablet] I0212 18:42:45.730602       1 syslogger.go:133] benchmark/-33/zone1-1085274074 [tablet] updated
[pod/example-vttablet-zone1-1085274074-76c88d55/vttablet] W0212 18:42:46.233211       1 rpc_server.go:79] TabletManager.ReplicationStatus()(on zone1-1085274074 from ) error: no replication status (errno 100) (sqlstate HY000)
[pod/example-vttablet-zone1-1085274074-76c88d55/vttablet] I0212 18:42:46.417093       1 tablegc.go:217] TableGC - started execution of Close. Acquiring initMutex lock
[pod/example-vttablet-zone1-1085274074-76c88d55/vttablet] I0212 18:42:46.417182       1 tablegc.go:220] TableGC - acquired lock
[pod/example-vttablet-zone1-1085274074-76c88d55/vttablet] I0212 18:42:46.417191       1 tablegc.go:222] TableGC - no collector is open
[pod/example-vttablet-zone1-1085274074-76c88d55/vttablet] I0212 18:42:46.417197       1 engine.go:97] messager Engine - started execution of Close. Acquiring mu lock
[pod/example-vttablet-zone1-1085274074-76c88d55/vttablet] I0212 18:42:46.417204       1 engine.go:99] messager Engine - acquired mu lock
[pod/example-vttablet-zone1-1085274074-76c88d55/vttablet] I0212 18:42:46.417210       1 engine.go:102] messager Engine is not open
[pod/example-vttablet-zone1-1085274074-76c88d55/vttablet] I0212 18:42:47.417478       1 tablegc.go:217] TableGC - started execution of Close. Acquiring initMutex lock
[pod/example-vttablet-zone1-1085274074-76c88d55/vttablet] I0212 18:42:47.417512       1 tablegc.go:220] TableGC - acquired lock
[pod/example-vttablet-zone1-1085274074-76c88d55/vttablet] I0212 18:42:47.417517       1 tablegc.go:222] TableGC - no collector is open
[pod/example-vttablet-zone1-1085274074-76c88d55/vttablet] I0212 18:42:47.417521       1 engine.go:97] messager Engine - started execution of Close. Acquiring mu lock
[pod/example-vttablet-zone1-1085274074-76c88d55/vttablet] I0212 18:42:47.417527       1 engine.go:99] messager Engine - acquired mu lock
[pod/example-vttablet-zone1-1085274074-76c88d55/vttablet] I0212 18:42:47.417531       1 engine.go:102] messager Engine is not open
[pod/example-vttablet-zone1-1085274074-76c88d55/vttablet] I0212 18:42:48.418224       1 tablegc.go:217] TableGC - started execution of Close. Acquiring initMutex lock
[pod/example-vttablet-zone1-1085274074-76c88d55/vttablet] I0212 18:42:48.418328       1 tablegc.go:220] TableGC - acquired lock
[pod/example-vttablet-zone1-1085274074-76c88d55/vttablet] I0212 18:42:48.418354       1 tablegc.go:222] TableGC - no collector is open
[pod/example-vttablet-zone1-1085274074-76c88d55/vttablet] I0212 18:42:48.418374       1 engine.go:97] messager Engine - started execution of Close. Acquiring mu lock
[pod/example-vttablet-zone1-1085274074-76c88d55/vttablet] I0212 18:42:48.418418       1 engine.go:99] messager Engine - acquired mu lock
[pod/example-vttablet-zone1-1085274074-76c88d55/vttablet] I0212 18:42:48.418448       1 engine.go:102] messager Engine is not open
[pod/example-vttablet-zone1-1085274074-76c88d55/vttablet] I0212 18:42:49.418792       1 tablegc.go:217] TableGC - started execution of Close. Acquiring initMutex lock
[pod/example-vttablet-zone1-1085274074-76c88d55/vttablet] I0212 18:42:49.418847       1 tablegc.go:220] TableGC - acquired lock
[pod/example-vttablet-zone1-1085274074-76c88d55/vttablet] I0212 18:42:49.418853       1 tablegc.go:222] TableGC - no collector is open
[pod/example-vttablet-zone1-1085274074-76c88d55/vttablet] I0212 18:42:49.418858       1 engine.go:97] messager Engine - started execution of Close. Acquiring mu lock
[pod/example-vttablet-zone1-1085274074-76c88d55/vttablet] I0212 18:42:49.418863       1 engine.go:99] messager Engine - acquired mu lock
[pod/example-vttablet-zone1-1085274074-76c88d55/vttablet] I0212 18:42:49.418866       1 engine.go:102] messager Engine is not open
[pod/example-vttablet-zone1-1085274074-76c88d55/vttablet] I0212 18:42:50.419782       1 tablegc.go:217] TableGC - started execution of Close. Acquiring initMutex lock
[pod/example-vttablet-zone1-1085274074-76c88d55/vttablet] I0212 18:42:50.420014       1 tablegc.go:220] TableGC - acquired lock
[pod/example-vttablet-zone1-1085274074-76c88d55/vttablet] I0212 18:42:50.420072       1 tablegc.go:222] TableGC - no collector is open
[pod/example-vttablet-zone1-1085274074-76c88d55/vttablet] I0212 18:42:50.420103       1 engine.go:97] messager Engine - started execution of Close. Acquiring mu lock
[pod/example-vttablet-zone1-1085274074-76c88d55/vttablet] I0212 18:42:50.420126       1 engine.go:99] messager Engine - acquired mu lock
[pod/example-vttablet-zone1-1085274074-76c88d55/vttablet] I0212 18:42:50.420152       1 engine.go:102] messager Engine is not open
[pod/example-vttablet-zone1-1085274074-76c88d55/vttablet] I0212 18:42:51.420854       1 tablegc.go:217] TableGC - started execution of Close. Acquiring initMutex lock
[pod/example-vttablet-zone1-1085274074-76c88d55/vttablet] I0212 18:42:51.420886       1 tablegc.go:220] TableGC - acquired lock
[pod/example-vttablet-zone1-1085274074-76c88d55/vttablet] I0212 18:42:51.420891       1 tablegc.go:222] TableGC - no collector is open
[pod/example-vttablet-zone1-1085274074-76c88d55/vttablet] I0212 18:42:51.420896       1 engine.go:97] messager Engine - started execution of Close. Acquiring mu lock
[pod/example-vttablet-zone1-1085274074-76c88d55/vttablet] I0212 18:42:51.420901       1 engine.go:99] messager Engine - acquired mu lock
[pod/example-vttablet-zone1-1085274074-76c88d55/vttablet] I0212 18:42:51.420905       1 engine.go:102] messager Engine is not open
[pod/example-vttablet-zone1-1085274074-76c88d55/vttablet] I0212 18:42:51.809654       1 rpc_replication.go:375] ResetReplication
[pod/example-vttablet-zone1-1085274074-76c88d55/vttablet] I0212 18:42:51.811939       1 query.go:81] exec STOP REPLICA
[pod/example-vttablet-zone1-1085274074-76c88d55/vttablet] I0212 18:42:51.812224       1 query.go:81] exec RESET REPLICA ALL
[pod/example-vttablet-zone1-1085274074-76c88d55/vttablet] I0212 18:42:51.812880       1 query.go:81] exec RESET BINARY LOGS AND GTIDS
[pod/example-vttablet-zone1-1085274074-76c88d55/vttablet] I0212 18:42:51.828924       1 query.go:81] exec SET GLOBAL rpl_semi_sync_source_enabled = false, GLOBAL rpl_semi_sync_replica_enabled = false
[pod/example-vttablet-zone1-1085274074-76c88d55/vttablet] I0212 18:42:51.829341       1 rpc_server.go:83] TabletManager.ResetReplication()(on zone1-1085274074 from ): (*tabletmanagerdata.ResetReplicationResponse)(nil)
[pod/example-vttablet-zone1-1085274074-76c88d55/vttablet] I0212 18:42:52.421910       1 tablegc.go:217] TableGC - started execution of Close. Acquiring initMutex lock
[pod/example-vttablet-zone1-1085274074-76c88d55/vttablet] I0212 18:42:52.422201       1 tablegc.go:220] TableGC - acquired lock
[pod/example-vttablet-zone1-1085274074-76c88d55/vttablet] I0212 18:42:52.422357       1 tablegc.go:222] TableGC - no collector is open
[pod/example-vttablet-zone1-1085274074-76c88d55/vttablet] I0212 18:42:52.422447       1 engine.go:97] messager Engine - started execution of Close. Acquiring mu lock
[pod/example-vttablet-zone1-1085274074-76c88d55/vttablet] I0212 18:42:52.422542       1 engine.go:99] messager Engine - acquired mu lock
[pod/example-vttablet-zone1-1085274074-76c88d55/vttablet] I0212 18:42:52.422643       1 engine.go:102] messager Engine is not open
[pod/example-vttablet-zone1-1085274074-76c88d55/vttablet] I0212 18:42:52.518175       1 rpc_replication.go:482] InitReplica: parent: cell:"zone1" uid:942943782  position: MySQL56/96212b72-0842-11f1-a59b-c660c62f48c7:1  timeCreatedNS: 1770921772515186977  semisync: false
[pod/example-vttablet-zone1-1085274074-76c88d55/vttablet] I0212 18:42:52.524536       1 monitor.go:160] SemiSync Monitor: closing
[pod/example-vttablet-zone1-1085274074-76c88d55/vttablet] I0212 18:42:52.524662       1 replication.go:700] Setting semi-sync mode: primary=false, replica=false
[pod/example-vttablet-zone1-1085274074-76c88d55/vttablet] I0212 18:42:52.525365       1 query.go:81] exec SET GLOBAL rpl_semi_sync_source_enabled = 0, GLOBAL rpl_semi_sync_replica_enabled = 0
[pod/example-vttablet-zone1-1085274074-76c88d55/vttablet] I0212 18:42:52.525988       1 replication.go:490] Executing commands to set replication position: [RESET BINARY LOGS AND GTIDS SET GLOBAL gtid_purged = '96212b72-0842-11f1-a59b-c660c62f48c7:1']
[pod/example-vttablet-zone1-1085274074-76c88d55/vttablet] I0212 18:42:52.526167       1 query.go:81] exec RESET BINARY LOGS AND GTIDS
[pod/example-vttablet-zone1-1085274074-76c88d55/vttablet] I0212 18:42:52.540293       1 query.go:81] exec SET GLOBAL gtid_purged = '96212b72-0842-11f1-a59b-c660c62f48c7:1'
[pod/example-vttablet-zone1-1085274074-76c88d55/vttablet] I0212 18:42:52.542185       1 query.go:81] exec CHANGE REPLICATION SOURCE TO
[pod/example-vttablet-zone1-1085274074-76c88d55/vttablet]   SOURCE_HOST = '10.0.3.237',
[pod/example-vttablet-zone1-1085274074-76c88d55/vttablet]   SOURCE_PORT = 3306,
[pod/example-vttablet-zone1-1085274074-76c88d55/vttablet]   SOURCE_USER = 'vt_repl',
[pod/example-vttablet-zone1-1085274074-76c88d55/vttablet]   SOURCE_PASSWORD = '****',
[pod/example-vttablet-zone1-1085274074-76c88d55/vttablet]   SOURCE_CONNECT_RETRY = 10,
[pod/example-vttablet-zone1-1085274074-76c88d55/vttablet]   GET_SOURCE_PUBLIC_KEY = 1,
[pod/example-vttablet-zone1-1085274074-76c88d55/vttablet]   SOUR
[pod/example-vttablet-zone1-1085274074-76c88d55/vttablet] I0212 18:42:52.574682       1 query.go:81] exec START REPLICA
[pod/example-vttablet-zone1-1085274074-76c88d55/vttablet] I0212 18:42:52.619781       1 reparent.go:75] Error querying reparent journal: Unknown database '_vt' (errno 1049) (sqlstate 42000) during query: SELECT action_name, primary_alias, replication_position FROM _vt.reparent_journal WHERE time_created_ns=1770921772515186977
[pod/example-vttablet-zone1-1085274074-76c88d55/vttablet] I0212 18:42:53.422125       1 tablegc.go:217] TableGC - started execution of Close. Acquiring initMutex lock
[pod/example-vttablet-zone1-1085274074-76c88d55/vttablet] I0212 18:42:53.422167       1 tablegc.go:220] TableGC - acquired lock
[pod/example-vttablet-zone1-1085274074-76c88d55/vttablet] I0212 18:42:53.422172       1 tablegc.go:222] TableGC - no collector is open
[pod/example-vttablet-zone1-1085274074-76c88d55/vttablet] I0212 18:42:53.422177       1 engine.go:97] messager Engine - started execution of Close. Acquiring mu lock
[pod/example-vttablet-zone1-1085274074-76c88d55/vttablet] I0212 18:42:53.422181       1 engine.go:99] messager Engine - acquired mu lock
[pod/example-vttablet-zone1-1085274074-76c88d55/vttablet] I0212 18:42:53.422185       1 engine.go:102] messager Engine is not open
[pod/example-vttablet-zone1-1085274074-76c88d55/vttablet] I0212 18:42:53.424365       1 engine.go:255] Schema Engine: opening
[pod/example-vttablet-zone1-1085274074-76c88d55/vttablet] I0212 18:42:53.438260       1 engine.go:167] VStreamer: opening
[pod/example-vttablet-zone1-1085274074-76c88d55/vttablet] I0212 18:42:53.438373       1 query_engine.go:328] Query Engine: opening
[pod/example-vttablet-zone1-1085274074-76c88d55/vttablet] I0212 18:42:53.440687       1 tx_engine.go:168] TxEngine transition: AcceptingReadOnly
[pod/example-vttablet-zone1-1085274074-76c88d55/vttablet] I0212 18:42:53.440863       1 stateful_connection_pool.go:79] Starting transaction id: 1770921757561082812
[pod/example-vttablet-zone1-1085274074-76c88d55/vttablet] I0212 18:42:53.441011       1 repltracker.go:106] Replication Tracker: going into non-primary mode
[pod/example-vttablet-zone1-1085274074-76c88d55/vttablet] I0212 18:42:53.441933       1 throttler.go:614] Throttler: started execution of Open. Acquiring initMutex lock
[pod/example-vttablet-zone1-1085274074-76c88d55/vttablet] I0212 18:42:53.442006       1 throttler.go:624] Throttler: opening
[pod/example-vttablet-zone1-1085274074-76c88d55/vttablet] I0212 18:42:53.442184       1 throttler.go:331] Throttler: initializing config
[pod/example-vttablet-zone1-1085274074-76c88d55/vttablet] I0212 18:42:53.442274       1 throttler.go:614] Throttler: started execution of Open. Acquiring initMutex lock
[pod/example-vttablet-zone1-1085274074-76c88d55/vttablet] I0212 18:42:53.442304       1 throttler.go:624] Throttler: opening
[pod/example-vttablet-zone1-1085274074-76c88d55/vttablet] I0212 18:42:53.442361       1 throttler.go:331] Throttler: initializing config
[pod/example-vttablet-zone1-1085274074-76c88d55/vttablet] I0212 18:42:53.442470       1 state_manager.go:677] TabletServer transition: REPLICA: Not connected to mysql -> REPLICA: Serving for tablet :benchmark/-33
[pod/example-vttablet-zone1-1085274074-76c88d55/vttablet] I0212 18:42:53.443275       1 state_manager.go:757] Replication is healthy
[pod/example-vttablet-zone1-1085274074-76c88d55/vttablet] I0212 18:42:53.443472       1 state_manager.go:670] Tablet Init took 15904 ms
[pod/example-vttablet-zone1-1085274074-76c88d55/vttablet] I0212 18:42:53.450818       1 throttler.go:586] Throttler.retryReadAndApplyThrottlerConfig(): success reading throttler config: threshold:5
[pod/example-vttablet-zone1-1085274074-76c88d55/vttablet] I0212 18:42:53.451066       1 throttler.go:428] Throttler: applying topo config: threshold:5
[pod/example-vttablet-zone1-1085274074-76c88d55/vttablet] I0212 18:42:53.451253       1 throttler.go:555] Throttler: already disabled
[pod/example-vttablet-zone1-1085274074-76c88d55/vttablet] I0212 18:42:53.451430       1 throttler.go:586] Throttler.retryReadAndApplyThrottlerConfig(): success reading throttler config: threshold:5
[pod/example-vttablet-zone1-1085274074-76c88d55/vttablet] I0212 18:42:53.451509       1 throttler.go:428] Throttler: applying topo config: threshold:5
[pod/example-vttablet-zone1-1085274074-76c88d55/vttablet] I0212 18:42:53.451592       1 throttler.go:555] Throttler: already disabled
[pod/example-vttablet-zone1-1085274074-76c88d55/vttablet] I0212 18:42:53.455733       1 rpc_server.go:83] TabletManager.InitReplica(parent:{cell:"zone1" uid:942943782} replication_position:"MySQL56/96212b72-0842-11f1-a59b-c660c62f48c7:1" time_created_ns:1770921772515186977)(on zone1-1085274074 from ): (*tabletmanagerdata.InitReplicaResponse)(nil)
[pod/example-vttablet-zone1-1085274074-76c88d55/vttablet] I0212 18:42:53.459348       1 throttler.go:428] Throttler: applying topo config: threshold:5
[pod/example-vttablet-zone1-1085274074-76c88d55/vttablet] I0212 18:42:53.459519       1 throttler.go:428] Throttler: applying topo config: threshold:5
[pod/example-vttablet-zone1-1085274074-76c88d55/vttablet] I0212 18:42:53.459866       1 throttler.go:555] Throttler: already disabled
[pod/example-vttablet-zone1-1085274074-76c88d55/vttablet] I0212 18:42:53.460085       1 throttler.go:555] Throttler: already disabled
[pod/example-vttablet-zone1-1085274074-76c88d55/vttablet] I0212 18:42:53.459932       1 throttler.go:428] Throttler: applying topo config: threshold:5
[pod/example-vttablet-zone1-1085274074-76c88d55/vttablet] I0212 18:42:53.460426       1 throttler.go:555] Throttler: already disabled
[pod/example-vttablet-zone1-1085274074-76c88d55/vttablet] I0212 18:42:53.460381       1 throttler.go:428] Throttler: applying topo config: threshold:5
[pod/example-vttablet-zone1-1085274074-76c88d55/vttablet] I0212 18:42:53.460734       1 throttler.go:555] Throttler: already disabled
[pod/example-vttablet-zone1-1085274074-76c88d55/vttablet] E0212 18:43:37.559196       1 query_throttler.go:140] Error loading config: open /config/throttler-config.json: no such file or directory
[pod/example-vttablet-zone1-1085274074-76c88d55/vttablet] E0212 18:44:37.559638       1 query_throttler.go:140] Error loading config: open /config/throttler-config.json: no such file or directory
[pod/example-vttablet-zone1-1085274074-76c88d55/vttablet] E0212 18:45:37.559078       1 query_throttler.go:140] Error loading config: open /config/throttler-config.json: no such file or directory
[pod/example-vttablet-zone1-1085274074-76c88d55/vttablet] E0212 18:46:37.559246       1 query_throttler.go:140] Error loading config: open /config/throttler-config.json: no such file or directory
[pod/example-vttablet-zone1-1085274074-76c88d55/vttablet] E0212 18:47:37.559041       1 query_throttler.go:140] Error loading config: open /config/throttler-config.json: no such file or directory
[pod/example-vttablet-zone1-1085274074-76c88d55/vttablet] E0212 18:48:37.559073       1 query_throttler.go:140] Error loading config: open /config/throttler-config.json: no such file or directory
[pod/example-vttablet-zone1-1085274074-76c88d55/vttablet] E0212 18:49:37.559090       1 query_throttler.go:140] Error loading config: open /config/throttler-config.json: no such file or directory
[pod/example-vttablet-zone1-1085274074-76c88d55/vttablet] E0212 18:50:37.558803       1 query_throttler.go:140] Error loading config: open /config/throttler-config.json: no such file or directory
[pod/example-vttablet-zone1-1085274074-76c88d55/vttablet] E0212 18:51:37.559639       1 query_throttler.go:140] Error loading config: open /config/throttler-config.json: no such file or directory
[pod/example-vttablet-zone1-1085274074-76c88d55/vttablet] E0212 18:52:37.559348       1 query_throttler.go:140] Error loading config: open /config/throttler-config.json: no such file or directory
[pod/example-vttablet-zone1-1085274074-76c88d55/vttablet] I0212 18:52:51.953395       1 rpc_schema.go:51] ReloadSchema: waiting for replication position: MySQL56/96212b72-0842-11f1-a59b-c660c62f48c7:1-35
[pod/example-vttablet-zone1-1085274074-76c88d55/vttablet] I0212 18:52:51.957559       1 rpc_schema.go:57] ReloadSchema requested via RPC
[pod/example-vttablet-zone1-1085274074-76c88d55/vttablet] I0212 18:52:52.053433       1 engine.go:647] schema engine created [sbtest1 sbtest10 sbtest2 sbtest3 sbtest4 sbtest5 sbtest6 sbtest7 sbtest8 sbtest9], altered [], dropped []
[pod/example-vttablet-zone1-1085274074-76c88d55/vttablet] E0212 18:53:37.559182       1 query_throttler.go:140] Error loading config: open /config/throttler-config.json: no such file or directory
[pod/example-vttablet-zone1-1085274074-76c88d55/vttablet] E0212 18:54:37.559117       1 query_throttler.go:140] Error loading config: open /config/throttler-config.json: no such file or directory
[pod/example-vttablet-zone1-1085274074-76c88d55/vttablet] E0212 18:55:37.559636       1 query_throttler.go:140] Error loading config: open /config/throttler-config.json: no such file or directory
[pod/example-vttablet-zone1-1085274074-76c88d55/vttablet] E0212 18:56:37.559194       1 query_throttler.go:140] Error loading config: open /config/throttler-config.json: no such file or directory
[pod/example-vttablet-zone1-1085274074-76c88d55/vttablet] E0212 18:57:37.559461       1 query_throttler.go:140] Error loading config: open /config/throttler-config.json: no such file or directory
[pod/example-vttablet-zone1-1085274074-76c88d55/vttablet] E0212 18:58:37.559054       1 query_throttler.go:140] Error loading config: open /config/throttler-config.json: no such file or directory
[pod/example-vttablet-zone1-1085274074-76c88d55/vttablet] E0212 18:59:37.559572       1 query_throttler.go:140] Error loading config: open /config/throttler-config.json: no such file or directory
[pod/example-vttablet-zone1-1085274074-76c88d55/vttablet] E0212 19:00:37.559651       1 query_throttler.go:140] Error loading config: open /config/throttler-config.json: no such file or directory
[pod/example-vttablet-zone1-1085274074-76c88d55/vttablet] E0212 19:01:37.559302       1 query_throttler.go:140] Error loading config: open /config/throttler-config.json: no such file or directory
[pod/example-vttablet-zone1-1085274074-76c88d55/vttablet] E0212 19:02:37.559635       1 query_throttler.go:140] Error loading config: open /config/throttler-config.json: no such file or directory
[pod/example-vttablet-zone1-1085274074-76c88d55/vttablet] E0212 19:03:37.559274       1 query_throttler.go:140] Error loading config: open /config/throttler-config.json: no such file or directory
[pod/example-vttablet-zone1-1085274074-76c88d55/vttablet] E0212 19:04:37.558764       1 query_throttler.go:140] Error loading config: open /config/throttler-config.json: no such file or directory
[pod/example-vttablet-zone1-1085274074-76c88d55/vttablet] E0212 19:05:37.559323       1 query_throttler.go:140] Error loading config: open /config/throttler-config.json: no such file or directory
[pod/example-vttablet-zone1-1085274074-76c88d55/vttablet] E0212 19:06:37.559327       1 query_throttler.go:140] Error loading config: open /config/throttler-config.json: no such file or directory
[pod/example-vttablet-zone1-1085274074-76c88d55/vttablet] E0212 19:07:37.558787       1 query_throttler.go:140] Error loading config: open /config/throttler-config.json: no such file or directory
[pod/example-vttablet-zone1-1085274074-76c88d55/vttablet] E0212 19:08:37.558769       1 query_throttler.go:140] Error loading config: open /config/throttler-config.json: no such file or directory
[pod/example-vttablet-zone1-1085274074-76c88d55/vttablet] E0212 19:09:37.559374       1 query_throttler.go:140] Error loading config: open /config/throttler-config.json: no such file or directory
[pod/example-vttablet-zone1-1085274074-76c88d55/vttablet] E0212 19:10:37.559714       1 query_throttler.go:140] Error loading config: open /config/throttler-config.json: no such file or directory
[pod/example-vttablet-zone1-1085274074-76c88d55/vttablet] E0212 19:11:37.559616       1 query_throttler.go:140] Error loading config: open /config/throttler-config.json: no such file or directory
[pod/example-vttablet-zone1-1085274074-76c88d55/vttablet] E0212 19:12:37.559533       1 query_throttler.go:140] Error loading config: open /config/throttler-config.json: no such file or directory
[pod/example-vttablet-zone1-1085274074-76c88d55/vttablet] I0212 19:12:53.473937       1 engine.go:647] schema engine created [], altered [sbtest1 sbtest10 sbtest2 sbtest3 sbtest4 sbtest5 sbtest6 sbtest7 sbtest8 sbtest9], dropped []
[pod/example-vttablet-zone1-1085274074-76c88d55/vttablet] E0212 19:13:37.559260       1 query_throttler.go:140] Error loading config: open /config/throttler-config.json: no such file or directory
[pod/example-vttablet-zone1-1085274074-76c88d55/vttablet] E0212 19:14:37.559295       1 query_throttler.go:140] Error loading config: open /config/throttler-config.json: no such file or directory
[pod/example-vttablet-zone1-1085274074-76c88d55/vttablet] E0212 19:15:37.559474       1 query_throttler.go:140] Error loading config: open /config/throttler-config.json: no such file or directory
[pod/example-vttablet-zone1-1085274074-76c88d55/vttablet] E0212 19:16:37.559635       1 query_throttler.go:140] Error loading config: open /config/throttler-config.json: no such file or directory
[pod/example-vttablet-zone1-1085274074-76c88d55/vttablet] E0212 19:17:37.559720       1 query_throttler.go:140] Error loading config: open /config/throttler-config.json: no such file or directory
[pod/example-vttablet-zone1-1085274074-76c88d55/vttablet] E0212 19:18:37.559555       1 query_throttler.go:140] Error loading config: open /config/throttler-config.json: no such file or directory
[pod/example-vttablet-zone1-1085274074-76c88d55/vttablet] E0212 19:19:37.559253       1 query_throttler.go:140] Error loading config: open /config/throttler-config.json: no such file or directory
[pod/example-vttablet-zone1-1085274074-76c88d55/vttablet] E0212 19:20:37.559440       1 query_throttler.go:140] Error loading config: open /config/throttler-config.json: no such file or directory
[pod/example-vttablet-zone1-1085274074-76c88d55/vttablet] E0212 19:21:37.558846       1 query_throttler.go:140] Error loading config: open /config/throttler-config.json: no such file or directory
[pod/example-vttablet-zone1-1085274074-76c88d55/vttablet] E0212 19:22:37.559697       1 query_throttler.go:140] Error loading config: open /config/throttler-config.json: no such file or directory
[pod/example-vttablet-zone1-1085274074-76c88d55/vttablet] E0212 19:23:37.559798       1 query_throttler.go:140] Error loading config: open /config/throttler-config.json: no such file or directory
[pod/example-vttablet-zone1-1085274074-76c88d55/vttablet] E0212 19:24:37.559194       1 query_throttler.go:140] Error loading config: open /config/throttler-config.json: no such file or directory
[pod/example-vttablet-zone1-1085274074-76c88d55/vttablet] E0212 19:25:37.559013       1 query_throttler.go:140] Error loading config: open /config/throttler-config.json: no such file or directory
[pod/example-vttablet-zone1-1085274074-76c88d55/vttablet] E0212 19:26:37.559458       1 query_throttler.go:140] Error loading config: open /config/throttler-config.json: no such file or directory
[pod/example-vttablet-zone1-1085274074-76c88d55/vttablet] E0212 19:27:37.559597       1 query_throttler.go:140] Error loading config: open /config/throttler-config.json: no such file or directory
[pod/example-vttablet-zone1-1085274074-76c88d55/vttablet] E0212 19:28:37.559185       1 query_throttler.go:140] Error loading config: open /config/throttler-config.json: no such file or directory
[pod/example-vttablet-zone1-1085274074-76c88d55/vttablet] E0212 19:29:37.559091       1 query_throttler.go:140] Error loading config: open /config/throttler-config.json: no such file or directory
[pod/example-vttablet-zone1-1085274074-76c88d55/vttablet] E0212 19:30:37.559805       1 query_throttler.go:140] Error loading config: open /config/throttler-config.json: no such file or directory
[pod/example-vttablet-zone1-1085274074-76c88d55/vttablet] E0212 19:31:37.559186       1 query_throttler.go:140] Error loading config: open /config/throttler-config.json: no such file or directory
[pod/example-vttablet-zone1-1085274074-76c88d55/vttablet] E0212 19:32:37.559248       1 query_throttler.go:140] Error loading config: open /config/throttler-config.json: no such file or directory
[pod/example-vttablet-zone1-1085274074-76c88d55/vttablet] E0212 19:33:37.559741       1 query_throttler.go:140] Error loading config: open /config/throttler-config.json: no such file or directory
[pod/example-vttablet-zone1-1085274074-76c88d55/vttablet] E0212 19:34:37.559754       1 query_throttler.go:140] Error loading config: open /config/throttler-config.json: no such file or directory
[pod/example-vttablet-zone1-1085274074-76c88d55/vttablet] E0212 19:35:37.559722       1 query_throttler.go:140] Error loading config: open /config/throttler-config.json: no such file or directory
[pod/example-vttablet-zone1-1085274074-76c88d55/vttablet] E0212 19:36:37.559248       1 query_throttler.go:140] Error loading config: open /config/throttler-config.json: no such file or directory
[pod/example-vttablet-zone1-1085274074-76c88d55/vttablet] E0212 19:37:37.559178       1 query_throttler.go:140] Error loading config: open /config/throttler-config.json: no such file or directory
[pod/example-vttablet-zone1-1085274074-76c88d55/vttablet] E0212 19:38:37.558856       1 query_throttler.go:140] Error loading config: open /config/throttler-config.json: no such file or directory
[pod/example-vttablet-zone1-1085274074-76c88d55/vttablet] E0212 19:39:37.559640       1 query_throttler.go:140] Error loading config: open /config/throttler-config.json: no such file or directory
[pod/example-vttablet-zone1-1085274074-76c88d55/vttablet] E0212 19:40:37.558775       1 query_throttler.go:140] Error loading config: open /config/throttler-config.json: no such file or directory
[pod/example-vttablet-zone1-1085274074-76c88d55/vttablet] E0212 19:41:37.559297       1 query_throttler.go:140] Error loading config: open /config/throttler-config.json: no such file or directory
[pod/example-vttablet-zone1-1085274074-76c88d55/vttablet] E0212 19:42:37.559466       1 query_throttler.go:140] Error loading config: open /config/throttler-config.json: no such file or directory
[pod/example-vttablet-zone1-1085274074-76c88d55/vttablet] E0212 19:43:37.559761       1 query_throttler.go:140] Error loading config: open /config/throttler-config.json: no such file or directory
[pod/example-vttablet-zone1-1085274074-76c88d55/vttablet] E0212 19:44:37.559599       1 query_throttler.go:140] Error loading config: open /config/throttler-config.json: no such file or directory
[pod/example-vttablet-zone1-1085274074-76c88d55/vttablet] E0212 19:45:37.559631       1 query_throttler.go:140] Error loading config: open /config/throttler-config.json: no such file or directory
[pod/example-vttablet-zone1-1085274074-76c88d55/vttablet] E0212 19:46:37.559141       1 query_throttler.go:140] Error loading config: open /config/throttler-config.json: no such file or directory
[pod/example-vttablet-zone1-1085274074-76c88d55/vttablet] E0212 19:47:37.559240       1 query_throttler.go:140] Error loading config: open /config/throttler-config.json: no such file or directory
[pod/example-vttablet-zone1-1085274074-76c88d55/vttablet] E0212 19:48:37.558760       1 query_throttler.go:140] Error loading config: open /config/throttler-config.json: no such file or directory
[pod/example-vttablet-zone1-1085274074-76c88d55/vttablet] E0212 19:49:37.559772       1 query_throttler.go:140] Error loading config: open /config/throttler-config.json: no such file or directory
[pod/example-vttablet-zone1-1085274074-76c88d55/vttablet] E0212 19:50:37.559207       1 query_throttler.go:140] Error loading config: open /config/throttler-config.json: no such file or directory
[pod/example-vttablet-zone1-1085274074-76c88d55/vttablet] E0212 19:51:37.559777       1 query_throttler.go:140] Error loading config: open /config/throttler-config.json: no such file or directory
[pod/example-vttablet-zone1-1085274074-76c88d55/vttablet] E0212 19:52:37.559636       1 query_throttler.go:140] Error loading config: open /config/throttler-config.json: no such file or directory
[pod/example-vttablet-zone1-1085274074-76c88d55/vttablet] E0212 19:53:37.559157       1 query_throttler.go:140] Error loading config: open /config/throttler-config.json: no such file or directory
[pod/example-vttablet-zone1-1085274074-76c88d55/vttablet] E0212 19:54:37.559517       1 query_throttler.go:140] Error loading config: open /config/throttler-config.json: no such file or directory
[pod/example-vttablet-zone1-1085274074-76c88d55/vttablet] E0212 19:55:37.559249       1 query_throttler.go:140] Error loading config: open /config/throttler-config.json: no such file or directory
[pod/example-vttablet-zone1-1085274074-76c88d55/vttablet] E0212 19:56:37.559265       1 query_throttler.go:140] Error loading config: open /config/throttler-config.json: no such file or directory
[pod/example-vttablet-zone1-1085274074-76c88d55/vttablet] E0212 19:57:37.559165       1 query_throttler.go:140] Error loading config: open /config/throttler-config.json: no such file or directory
[pod/example-vttablet-zone1-1085274074-76c88d55/vttablet] E0212 19:58:37.559130       1 query_throttler.go:140] Error loading config: open /config/throttler-config.json: no such file or directory
[pod/example-vttablet-zone1-1085274074-76c88d55/vttablet] E0212 19:59:37.559282       1 query_throttler.go:140] Error loading config: open /config/throttler-config.json: no such file or directory
[pod/example-vttablet-zone1-1085274074-76c88d55/vttablet] E0212 20:00:37.559792       1 query_throttler.go:140] Error loading config: open /config/throttler-config.json: no such file or directory
[pod/example-vttablet-zone1-1085274074-76c88d55/vttablet] E0212 20:01:37.559141       1 query_throttler.go:140] Error loading config: open /config/throttler-config.json: no such file or directory
[pod/example-vttablet-zone1-1085274074-76c88d55/vttablet] E0212 20:02:37.559010       1 query_throttler.go:140] Error loading config: open /config/throttler-config.json: no such file or directory
[pod/example-vttablet-zone1-1085274074-76c88d55/vttablet] E0212 20:03:37.559640       1 query_throttler.go:140] Error loading config: open /config/throttler-config.json: no such file or directory
[pod/example-vttablet-zone1-1085274074-76c88d55/vttablet] E0212 20:04:37.559716       1 query_throttler.go:140] Error loading config: open /config/throttler-config.json: no such file or directory
[pod/example-vttablet-zone1-1085274074-76c88d55/vttablet] E0212 20:05:37.558878       1 query_throttler.go:140] Error loading config: open /config/throttler-config.json: no such file or directory
[pod/example-vttablet-zone1-1085274074-76c88d55/vttablet] E0212 20:06:37.559014       1 query_throttler.go:140] Error loading config: open /config/throttler-config.json: no such file or directory
[pod/example-vttablet-zone1-1085274074-76c88d55/vttablet] E0212 20:07:37.558947       1 query_throttler.go:140] Error loading config: open /config/throttler-config.json: no such file or directory
[pod/example-vttablet-zone1-1085274074-76c88d55/vttablet] E0212 20:08:37.559019       1 query_throttler.go:140] Error loading config: open /config/throttler-config.json: no such file or directory
[pod/example-vttablet-zone1-1085274074-76c88d55/vttablet] E0212 20:09:37.559719       1 query_throttler.go:140] Error loading config: open /config/throttler-config.json: no such file or directory
[pod/example-vttablet-zone1-1085274074-76c88d55/vttablet] E0212 20:10:37.558938       1 query_throttler.go:140] Error loading config: open /config/throttler-config.json: no such file or directory
[pod/example-vttablet-zone1-1085274074-76c88d55/vttablet] E0212 20:11:37.559486       1 query_throttler.go:140] Error loading config: open /config/throttler-config.json: no such file or directory
[pod/example-vttablet-zone1-1085274074-76c88d55/vttablet] E0212 20:12:37.559232       1 query_throttler.go:140] Error loading config: open /config/throttler-config.json: no such file or directory
[pod/example-vttablet-zone1-1085274074-76c88d55/vttablet] E0212 20:13:37.559159       1 query_throttler.go:140] Error loading config: open /config/throttler-config.json: no such file or directory
[pod/example-vttablet-zone1-1085274074-76c88d55/vttablet] E0212 20:14:37.559560       1 query_throttler.go:140] Error loading config: open /config/throttler-config.json: no such file or directory
[pod/example-vttablet-zone1-1085274074-76c88d55/vttablet] E0212 20:15:37.559113       1 query_throttler.go:140] Error loading config: open /config/throttler-config.json: no such file or directory
[pod/example-vttablet-zone1-1085274074-76c88d55/vttablet] E0212 20:16:37.558756       1 query_throttler.go:140] Error loading config: open /config/throttler-config.json: no such file or directory
[pod/example-vttablet-zone1-1085274074-76c88d55/vttablet] E0212 20:17:37.559733       1 query_throttler.go:140] Error loading config: open /config/throttler-config.json: no such file or directory
[pod/example-vttablet-zone1-1085274074-76c88d55/vttablet] E0212 20:18:37.559179       1 query_throttler.go:140] Error loading config: open /config/throttler-config.json: no such file or directory
[pod/example-vttablet-zone1-1085274074-76c88d55/vttablet] E0212 20:19:37.559798       1 query_throttler.go:140] Error loading config: open /config/throttler-config.json: no such file or directory
[pod/example-vttablet-zone1-1085274074-76c88d55/vttablet] E0212 20:20:37.559716       1 query_throttler.go:140] Error loading config: open /config/throttler-config.json: no such file or directory
[pod/example-vttablet-zone1-1085274074-76c88d55/vttablet] E0212 20:21:37.559256       1 query_throttler.go:140] Error loading config: open /config/throttler-config.json: no such file or directory
[pod/example-vttablet-zone1-1085274074-76c88d55/vttablet] E0212 20:22:37.559721       1 query_throttler.go:140] Error loading config: open /config/throttler-config.json: no such file or directory
[pod/example-vttablet-zone1-1085274074-76c88d55/vttablet] E0212 20:23:37.558855       1 query_throttler.go:140] Error loading config: open /config/throttler-config.json: no such file or directory
[pod/example-vttablet-zone1-1085274074-76c88d55/vttablet] E0212 20:24:37.558947       1 query_throttler.go:140] Error loading config: open /config/throttler-config.json: no such file or directory
[pod/example-vttablet-zone1-1085274074-76c88d55/vttablet] E0212 20:25:37.559598       1 query_throttler.go:140] Error loading config: open /config/throttler-config.json: no such file or directory
[pod/example-vttablet-zone1-1085274074-76c88d55/vttablet] E0212 20:26:37.559175       1 query_throttler.go:140] Error loading config: open /config/throttler-config.json: no such file or directory
[pod/example-vttablet-zone1-1085274074-76c88d55/vttablet] E0212 20:27:37.559256       1 query_throttler.go:140] Error loading config: open /config/throttler-config.json: no such file or directory
[pod/example-vttablet-zone1-1085274074-76c88d55/vttablet] E0212 20:28:37.559559       1 query_throttler.go:140] Error loading config: open /config/throttler-config.json: no such file or directory
[pod/example-vttablet-zone1-1085274074-76c88d55/vttablet] E0212 20:29:37.559320       1 query_throttler.go:140] Error loading config: open /config/throttler-config.json: no such file or directory
[pod/example-vttablet-zone1-1085274074-76c88d55/vttablet] E0212 20:30:37.559642       1 query_throttler.go:140] Error loading config: open /config/throttler-config.json: no such file or directory
[pod/example-vttablet-zone1-1085274074-76c88d55/vttablet] E0212 20:31:37.559051       1 query_throttler.go:140] Error loading config: open /config/throttler-config.json: no such file or directory
[pod/example-vttablet-zone1-1085274074-76c88d55/vttablet] E0212 20:32:37.559452       1 query_throttler.go:140] Error loading config: open /config/throttler-config.json: no such file or directory
[pod/example-vttablet-zone1-1085274074-76c88d55/vttablet] E0212 20:33:37.559091       1 query_throttler.go:140] Error loading config: open /config/throttler-config.json: no such file or directory
[pod/example-vttablet-zone1-1085274074-76c88d55/vttablet] E0212 20:34:37.559228       1 query_throttler.go:140] Error loading config: open /config/throttler-config.json: no such file or directory
[pod/example-vttablet-zone1-1085274074-76c88d55/vttablet] E0212 20:35:37.559431       1 query_throttler.go:140] Error loading config: open /config/throttler-config.json: no such file or directory
[pod/example-vttablet-zone1-1085274074-76c88d55/vttablet] E0212 20:36:37.559020       1 query_throttler.go:140] Error loading config: open /config/throttler-config.json: no such file or directory
[pod/example-vttablet-zone1-1085274074-76c88d55/vttablet] E0212 20:37:37.559583       1 query_throttler.go:140] Error loading config: open /config/throttler-config.json: no such file or directory
[pod/example-vttablet-zone1-1085274074-76c88d55/vttablet] E0212 20:38:37.559165       1 query_throttler.go:140] Error loading config: open /config/throttler-config.json: no such file or directory
[pod/example-vttablet-zone1-1085274074-76c88d55/vttablet] E0212 20:39:37.559575       1 query_throttler.go:140] Error loading config: open /config/throttler-config.json: no such file or directory
[pod/example-vttablet-zone1-1085274074-76c88d55/vttablet] E0212 20:40:37.559550       1 query_throttler.go:140] Error loading config: open /config/throttler-config.json: no such file or directory
[pod/example-vttablet-zone1-1085274074-76c88d55/vttablet] E0212 20:41:37.559651       1 query_throttler.go:140] Error loading config: open /config/throttler-config.json: no such file or directory
[pod/example-vttablet-zone1-1085274074-76c88d55/vttablet] E0212 20:42:37.559228       1 query_throttler.go:140] Error loading config: open /config/throttler-config.json: no such file or directory
[pod/example-vttablet-zone1-1085274074-76c88d55/vttablet] E0212 20:43:37.560151       1 query_throttler.go:140] Error loading config: open /config/throttler-config.json: no such file or directory
[pod/example-vttablet-zone1-1085274074-76c88d55/vttablet] E0212 20:44:37.559588       1 query_throttler.go:140] Error loading config: open /config/throttler-config.json: no such file or directory
[pod/example-vttablet-zone1-1085274074-76c88d55/vttablet] E0212 20:45:37.559547       1 query_throttler.go:140] Error loading config: open /config/throttler-config.json: no such file or directory
[pod/example-vttablet-zone1-1085274074-76c88d55/vttablet] E0212 20:46:37.558999       1 query_throttler.go:140] Error loading config: open /config/throttler-config.json: no such file or directory
[pod/example-vttablet-zone1-1085274074-76c88d55/vttablet] E0212 20:47:37.559804       1 query_throttler.go:140] Error loading config: open /config/throttler-config.json: no such file or directory
[pod/example-vttablet-zone1-1085274074-76c88d55/vttablet] E0212 20:48:37.559808       1 query_throttler.go:140] Error loading config: open /config/throttler-config.json: no such file or directory
[pod/example-vttablet-zone1-1085274074-76c88d55/vttablet] E0212 20:49:37.559325       1 query_throttler.go:140] Error loading config: open /config/throttler-config.json: no such file or directory
[pod/example-vttablet-zone1-1085274074-76c88d55/vttablet] E0212 20:50:37.559123       1 query_throttler.go:140] Error loading config: open /config/throttler-config.json: no such file or directory
[pod/example-vttablet-zone1-1085274074-76c88d55/vttablet] E0212 20:51:37.559169       1 query_throttler.go:140] Error loading config: open /config/throttler-config.json: no such file or directory
[pod/example-vttablet-zone1-1085274074-76c88d55/vttablet] E0212 20:52:37.558757       1 query_throttler.go:140] Error loading config: open /config/throttler-config.json: no such file or directory
[pod/example-vttablet-zone1-1085274074-76c88d55/vttablet] E0212 20:53:37.559031       1 query_throttler.go:140] Error loading config: open /config/throttler-config.json: no such file or directory
[pod/example-vttablet-zone1-1085274074-76c88d55/vttablet] E0212 20:54:37.558758       1 query_throttler.go:140] Error loading config: open /config/throttler-config.json: no such file or directory
[pod/example-vttablet-zone1-1085274074-76c88d55/vttablet] E0212 20:55:37.559151       1 query_throttler.go:140] Error loading config: open /config/throttler-config.json: no such file or directory
[pod/example-vttablet-zone1-1085274074-76c88d55/vttablet] E0212 20:56:37.558765       1 query_throttler.go:140] Error loading config: open /config/throttler-config.json: no such file or directory
[pod/example-vttablet-zone1-1085274074-76c88d55/vttablet] E0212 20:57:37.559233       1 query_throttler.go:140] Error loading config: open /config/throttler-config.json: no such file or directory
[pod/example-vttablet-zone1-1085274074-76c88d55/vttablet] E0212 20:58:37.559269       1 query_throttler.go:140] Error loading config: open /config/throttler-config.json: no such file or directory
[pod/example-vttablet-zone1-1085274074-76c88d55/vttablet] E0212 20:59:37.559801       1 query_throttler.go:140] Error loading config: open /config/throttler-config.json: no such file or directory
[pod/example-vttablet-zone1-1085274074-76c88d55/vttablet] E0212 21:00:37.559457       1 query_throttler.go:140] Error loading config: open /config/throttler-config.json: no such file or directory
[pod/example-vttablet-zone1-1085274074-76c88d55/vttablet] E0212 21:01:37.559741       1 query_throttler.go:140] Error loading config: open /config/throttler-config.json: no such file or directory
[pod/example-vttablet-zone1-1085274074-76c88d55/vttablet] E0212 21:02:37.559725       1 query_throttler.go:140] Error loading config: open /config/throttler-config.json: no such file or directory
[pod/example-vttablet-zone1-1085274074-76c88d55/vttablet] E0212 21:03:37.559159       1 query_throttler.go:140] Error loading config: open /config/throttler-config.json: no such file or directory
[pod/example-vttablet-zone1-1085274074-76c88d55/vttablet] E0212 21:04:37.559791       1 query_throttler.go:140] Error loading config: open /config/throttler-config.json: no such file or directory
[pod/example-vttablet-zone1-1085274074-76c88d55/vttablet] E0212 21:05:37.558759       1 query_throttler.go:140] Error loading config: open /config/throttler-config.json: no such file or directory
[pod/example-vttablet-zone1-1085274074-76c88d55/vttablet] E0212 21:06:37.559612       1 query_throttler.go:140] Error loading config: open /config/throttler-config.json: no such file or directory
[pod/example-vttablet-zone1-1085274074-76c88d55/vttablet] E0212 21:07:37.559647       1 query_throttler.go:140] Error loading config: open /config/throttler-config.json: no such file or directory
[pod/example-vttablet-zone1-1085274074-76c88d55/vttablet] E0212 21:08:37.559446       1 query_throttler.go:140] Error loading config: open /config/throttler-config.json: no such file or directory
[pod/example-vttablet-zone1-1085274074-76c88d55/vttablet] E0212 21:09:37.558813       1 query_throttler.go:140] Error loading config: open /config/throttler-config.json: no such file or directory
[pod/example-vttablet-zone1-1085274074-76c88d55/vttablet] E0212 21:10:37.559522       1 query_throttler.go:140] Error loading config: open /config/throttler-config.json: no such file or directory
[pod/example-vttablet-zone1-1085274074-76c88d55/vttablet] E0212 21:11:37.559231       1 query_throttler.go:140] Error loading config: open /config/throttler-config.json: no such file or directory
[pod/example-vttablet-zone1-1085274074-76c88d55/vttablet] E0212 21:12:37.559090       1 query_throttler.go:140] Error loading config: open /config/throttler-config.json: no such file or directory
[pod/example-vttablet-zone1-1085274074-76c88d55/vttablet] E0212 21:13:37.559547       1 query_throttler.go:140] Error loading config: open /config/throttler-config.json: no such file or directory
[pod/example-vttablet-zone1-1085274074-76c88d55/vttablet] E0212 21:14:37.559720       1 query_throttler.go:140] Error loading config: open /config/throttler-config.json: no such file or directory
[pod/example-vttablet-zone1-1085274074-76c88d55/vttablet] E0212 21:15:37.559619       1 query_throttler.go:140] Error loading config: open /config/throttler-config.json: no such file or directory
[pod/example-vttablet-zone1-1085274074-76c88d55/vttablet] E0212 21:16:37.559195       1 query_throttler.go:140] Error loading config: open /config/throttler-config.json: no such file or directory
[pod/example-vttablet-zone1-1085274074-76c88d55/vttablet] E0212 21:17:37.559095       1 query_throttler.go:140] Error loading config: open /config/throttler-config.json: no such file or directory
[pod/example-vttablet-zone1-1085274074-76c88d55/vttablet] E0212 21:18:37.559187       1 query_throttler.go:140] Error loading config: open /config/throttler-config.json: no such file or directory
[pod/example-vttablet-zone1-1085274074-76c88d55/vttablet] E0212 21:19:37.559560       1 query_throttler.go:140] Error loading config: open /config/throttler-config.json: no such file or directory
[pod/example-vttablet-zone1-1085274074-76c88d55/vttablet] E0212 21:20:37.559480       1 query_throttler.go:140] Error loading config: open /config/throttler-config.json: no such file or directory
[pod/example-vttablet-zone1-1085274074-76c88d55/vttablet] E0212 21:21:37.560992       1 query_throttler.go:140] Error loading config: open /config/throttler-config.json: no such file or directory
[pod/example-vttablet-zone1-1085274074-76c88d55/vttablet] E0212 21:22:37.559125       1 query_throttler.go:140] Error loading config: open /config/throttler-config.json: no such file or directory
[pod/example-vttablet-zone1-1085274074-76c88d55/vttablet] E0212 21:23:37.559360       1 query_throttler.go:140] Error loading config: open /config/throttler-config.json: no such file or directory
[pod/example-vttablet-zone1-1085274074-76c88d55/vttablet] E0212 21:24:37.559742       1 query_throttler.go:140] Error loading config: open /config/throttler-config.json: no such file or directory
[pod/example-vttablet-zone1-1085274074-76c88d55/vttablet] E0212 21:25:37.559279       1 query_throttler.go:140] Error loading config: open /config/throttler-config.json: no such file or directory
[pod/example-vttablet-zone1-1085274074-76c88d55/vttablet] E0212 21:26:37.559065       1 query_throttler.go:140] Error loading config: open /config/throttler-config.json: no such file or directory
[pod/example-vttablet-zone1-1085274074-76c88d55/vttablet] E0212 21:27:37.559909       1 query_throttler.go:140] Error loading config: open /config/throttler-config.json: no such file or directory
[pod/example-vttablet-zone1-1085274074-76c88d55/vttablet] E0212 21:28:37.559270       1 query_throttler.go:140] Error loading config: open /config/throttler-config.json: no such file or directory
[pod/example-vttablet-zone1-1085274074-76c88d55/vttablet] E0212 21:29:37.559286       1 query_throttler.go:140] Error loading config: open /config/throttler-config.json: no such file or directory
[pod/example-vttablet-zone1-1085274074-76c88d55/vttablet] E0212 21:30:37.559770       1 query_throttler.go:140] Error loading config: open /config/throttler-config.json: no such file or directory
[pod/example-vttablet-zone1-1085274074-76c88d55/vttablet] E0212 21:31:37.565566       1 query_throttler.go:140] Error loading config: open /config/throttler-config.json: no such file or directory
[pod/example-vttablet-zone1-1085274074-76c88d55/vttablet] E0212 21:32:37.558969       1 query_throttler.go:140] Error loading config: open /config/throttler-config.json: no such file or directory
[pod/example-vttablet-zone1-1085274074-76c88d55/vttablet] E0212 21:33:37.559116       1 query_throttler.go:140] Error loading config: open /config/throttler-config.json: no such file or directory
[pod/example-vttablet-zone1-1085274074-76c88d55/vttablet] E0212 21:34:37.559016       1 query_throttler.go:140] Error loading config: open /config/throttler-config.json: no such file or directory
[pod/example-vttablet-zone1-1085274074-76c88d55/vttablet] E0212 21:35:37.559286       1 query_throttler.go:140] Error loading config: open /config/throttler-config.json: no such file or directory
[pod/example-vttablet-zone1-1085274074-76c88d55/vttablet] E0212 21:36:37.559202       1 query_throttler.go:140] Error loading config: open /config/throttler-config.json: no such file or directory
[pod/example-vttablet-zone1-1085274074-76c88d55/vttablet] E0212 21:37:37.559001       1 query_throttler.go:140] Error loading config: open /config/throttler-config.json: no such file or directory
[pod/example-vttablet-zone1-1085274074-76c88d55/vttablet] E0212 21:38:37.559681       1 query_throttler.go:140] Error loading config: open /config/throttler-config.json: no such file or directory
[pod/example-vttablet-zone1-1085274074-76c88d55/vttablet] E0212 21:39:37.559267       1 query_throttler.go:140] Error loading config: open /config/throttler-config.json: no such file or directory
[pod/example-vttablet-zone1-1085274074-76c88d55/vttablet] E0212 21:40:37.559474       1 query_throttler.go:140] Error loading config: open /config/throttler-config.json: no such file or directory
[pod/example-vttablet-zone1-1085274074-76c88d55/vttablet] E0212 21:41:37.559519       1 query_throttler.go:140] Error loading config: open /config/throttler-config.json: no such file or directory
[pod/example-vttablet-zone1-1085274074-76c88d55/vttablet] E0212 21:42:37.559014       1 query_throttler.go:140] Error loading config: open /config/throttler-config.json: no such file or directory
[pod/example-vttablet-zone1-1085274074-76c88d55/vttablet] E0212 21:43:37.559595       1 query_throttler.go:140] Error loading config: open /config/throttler-config.json: no such file or directory
[pod/example-vttablet-zone1-1085274074-76c88d55/vttablet] E0212 21:44:37.558800       1 query_throttler.go:140] Error loading config: open /config/throttler-config.json: no such file or directory
[pod/example-vttablet-zone1-1085274074-76c88d55/vttablet] E0212 21:45:37.558839       1 query_throttler.go:140] Error loading config: open /config/throttler-config.json: no such file or directory
[pod/example-vttablet-zone1-1085274074-76c88d55/vttablet] E0212 21:46:37.559575       1 query_throttler.go:140] Error loading config: open /config/throttler-config.json: no such file or directory
[pod/example-vttablet-zone1-1085274074-76c88d55/vttablet] E0212 21:47:37.559265       1 query_throttler.go:140] Error loading config: open /config/throttler-config.json: no such file or directory
[pod/example-vttablet-zone1-1085274074-76c88d55/vttablet] E0212 21:48:37.559720       1 query_throttler.go:140] Error loading config: open /config/throttler-config.json: no such file or directory
[pod/example-vttablet-zone1-1085274074-76c88d55/vttablet] E0212 21:49:37.560187       1 query_throttler.go:140] Error loading config: open /config/throttler-config.json: no such file or directory
[pod/example-vttablet-zone1-1085274074-76c88d55/vttablet] E0212 21:50:37.559105       1 query_throttler.go:140] Error loading config: open /config/throttler-config.json: no such file or directory
[pod/example-vttablet-zone1-1085274074-76c88d55/vttablet] E0212 21:51:37.559640       1 query_throttler.go:140] Error loading config: open /config/throttler-config.json: no such file or directory
[pod/example-vttablet-zone1-1085274074-76c88d55/vttablet] E0212 21:52:37.559601       1 query_throttler.go:140] Error loading config: open /config/throttler-config.json: no such file or directory
[pod/example-vttablet-zone1-1085274074-76c88d55/vttablet] E0212 21:53:37.559991       1 query_throttler.go:140] Error loading config: open /config/throttler-config.json: no such file or directory
[pod/example-vttablet-zone1-1085274074-76c88d55/vttablet] E0212 21:54:37.559170       1 query_throttler.go:140] Error loading config: open /config/throttler-config.json: no such file or directory
[pod/example-vttablet-zone1-1085274074-76c88d55/vttablet] E0212 21:55:37.559741       1 query_throttler.go:140] Error loading config: open /config/throttler-config.json: no such file or directory
[pod/example-vttablet-zone1-1085274074-76c88d55/vttablet] E0212 21:56:37.560197       1 query_throttler.go:140] Error loading config: open /config/throttler-config.json: no such file or directory
[pod/example-vttablet-zone1-1085274074-76c88d55/vttablet] E0212 21:57:37.559662       1 query_throttler.go:140] Error loading config: open /config/throttler-config.json: no such file or directory
[pod/example-vttablet-zone1-1085274074-76c88d55/vttablet] E0212 21:58:37.559252       1 query_throttler.go:140] Error loading config: open /config/throttler-config.json: no such file or directory
[pod/example-vttablet-zone1-1085274074-76c88d55/vttablet] E0212 21:59:37.559097       1 query_throttler.go:140] Error loading config: open /config/throttler-config.json: no such file or directory
[pod/example-vttablet-zone1-1085274074-76c88d55/vttablet] E0212 22:00:37.563131       1 query_throttler.go:140] Error loading config: open /config/throttler-config.json: no such file or directory
[pod/example-vttablet-zone1-1085274074-76c88d55/vttablet] E0212 22:01:37.558967       1 query_throttler.go:140] Error loading config: open /config/throttler-config.json: no such file or directory
[pod/example-vttablet-zone1-1085274074-76c88d55/vttablet] E0212 22:02:37.559982       1 query_throttler.go:140] Error loading config: open /config/throttler-config.json: no such file or directory
[pod/example-vttablet-zone1-1085274074-76c88d55/vttablet] E0212 22:03:37.559800       1 query_throttler.go:140] Error loading config: open /config/throttler-config.json: no such file or directory
[pod/example-vttablet-zone1-1085274074-76c88d55/vttablet] E0212 22:04:37.558774       1 query_throttler.go:140] Error loading config: open /config/throttler-config.json: no such file or directory
[pod/example-vttablet-zone1-1085274074-76c88d55/vttablet] E0212 22:05:37.559281       1 query_throttler.go:140] Error loading config: open /config/throttler-config.json: no such file or directory
[pod/example-vttablet-zone1-1085274074-76c88d55/vttablet] E0212 22:06:37.559021       1 query_throttler.go:140] Error loading config: open /config/throttler-config.json: no such file or directory
[pod/example-vttablet-zone1-1085274074-76c88d55/vttablet] E0212 22:07:37.559242       1 query_throttler.go:140] Error loading config: open /config/throttler-config.json: no such file or directory
[pod/example-vttablet-zone1-1085274074-76c88d55/vttablet] E0212 22:08:37.559714       1 query_throttler.go:140] Error loading config: open /config/throttler-config.json: no such file or directory
[pod/example-vttablet-zone1-1085274074-76c88d55/vttablet] E0212 22:09:37.559065       1 query_throttler.go:140] Error loading config: open /config/throttler-config.json: no such file or directory
[pod/example-vttablet-zone1-1085274074-76c88d55/vttablet] E0212 22:10:37.558946       1 query_throttler.go:140] Error loading config: open /config/throttler-config.json: no such file or directory
[pod/example-vttablet-zone1-1085274074-76c88d55/vttablet] E0212 22:11:37.558938       1 query_throttler.go:140] Error loading config: open /config/throttler-config.json: no such file or directory
[pod/example-vttablet-zone1-1085274074-76c88d55/vttablet] E0212 22:12:37.558782       1 query_throttler.go:140] Error loading config: open /config/throttler-config.json: no such file or directory
[pod/example-vttablet-zone1-1085274074-76c88d55/vttablet] E0212 22:13:37.560862       1 query_throttler.go:140] Error loading config: open /config/throttler-config.json: no such file or directory
[pod/example-vttablet-zone1-1085274074-76c88d55/vttablet] E0212 22:14:37.559446       1 query_throttler.go:140] Error loading config: open /config/throttler-config.json: no such file or directory
[pod/example-vttablet-zone1-1085274074-76c88d55/vttablet] E0212 22:15:37.559583       1 query_throttler.go:140] Error loading config: open /config/throttler-config.json: no such file or directory
[pod/example-vttablet-zone1-1085274074-76c88d55/vttablet] E0212 22:16:37.559689       1 query_throttler.go:140] Error loading config: open /config/throttler-config.json: no such file or directory
[pod/example-vttablet-zone1-1085274074-76c88d55/vttablet] E0212 22:17:37.558838       1 query_throttler.go:140] Error loading config: open /config/throttler-config.json: no such file or directory
[pod/example-vttablet-zone1-1085274074-76c88d55/vttablet] E0212 22:18:37.559147       1 query_throttler.go:140] Error loading config: open /config/throttler-config.json: no such file or directory
[pod/example-vttablet-zone1-1085274074-76c88d55/vttablet] E0212 22:19:37.559672       1 query_throttler.go:140] Error loading config: open /config/throttler-config.json: no such file or directory
[pod/example-vttablet-zone1-1085274074-76c88d55/vttablet] E0212 22:20:37.559226       1 query_throttler.go:140] Error loading config: open /config/throttler-config.json: no such file or directory
[pod/example-vttablet-zone1-1085274074-76c88d55/vttablet] E0212 22:21:37.561035       1 query_throttler.go:140] Error loading config: open /config/throttler-config.json: no such file or directory
[pod/example-vttablet-zone1-1085274074-76c88d55/vttablet] E0212 22:22:37.559304       1 query_throttler.go:140] Error loading config: open /config/throttler-config.json: no such file or directory
[pod/example-vttablet-zone1-1085274074-76c88d55/vttablet] E0212 22:23:37.559156       1 query_throttler.go:140] Error loading config: open /config/throttler-config.json: no such file or directory
[pod/example-vttablet-zone1-1085274074-76c88d55/vttablet] E0212 22:24:37.559272       1 query_throttler.go:140] Error loading config: open /config/throttler-config.json: no such file or directory
[pod/example-vttablet-zone1-1085274074-76c88d55/vttablet] E0212 22:25:37.561310       1 query_throttler.go:140] Error loading config: open /config/throttler-config.json: no such file or directory
[pod/example-vttablet-zone1-1085274074-76c88d55/vttablet] E0212 22:26:37.558795       1 query_throttler.go:140] Error loading config: open /config/throttler-config.json: no such file or directory
[pod/example-vttablet-zone1-1085274074-76c88d55/vttablet] E0212 22:27:37.559537       1 query_throttler.go:140] Error loading config: open /config/throttler-config.json: no such file or directory
[pod/example-vttablet-zone1-1085274074-76c88d55/vttablet] E0212 22:28:37.559002       1 query_throttler.go:140] Error loading config: open /config/throttler-config.json: no such file or directory
[pod/example-vttablet-zone1-1085274074-76c88d55/vttablet] E0212 22:29:37.563689       1 query_throttler.go:140] Error loading config: open /config/throttler-config.json: no such file or directory
[pod/example-vttablet-zone1-1085274074-76c88d55/vttablet] E0212 22:30:37.559963       1 query_throttler.go:140] Error loading config: open /config/throttler-config.json: no such file or directory
[pod/example-vttablet-zone1-1085274074-76c88d55/vttablet] E0212 22:31:37.560391       1 query_throttler.go:140] Error loading config: open /config/throttler-config.json: no such file or directory
[pod/example-vttablet-zone1-1085274074-76c88d55/vttablet] E0212 22:32:37.559344       1 query_throttler.go:140] Error loading config: open /config/throttler-config.json: no such file or directory
[pod/example-vttablet-zone1-1085274074-76c88d55/vttablet] E0212 22:33:37.559506       1 query_throttler.go:140] Error loading config: open /config/throttler-config.json: no such file or directory
[pod/example-vttablet-zone1-1085274074-76c88d55/vttablet] E0212 22:34:37.559384       1 query_throttler.go:140] Error loading config: open /config/throttler-config.json: no such file or directory
[pod/example-vttablet-zone1-1085274074-76c88d55/vttablet] E0212 22:35:37.559664       1 query_throttler.go:140] Error loading config: open /config/throttler-config.json: no such file or directory
[pod/example-vttablet-zone1-1085274074-76c88d55/vttablet] E0212 22:36:37.559196       1 query_throttler.go:140] Error loading config: open /config/throttler-config.json: no such file or directory
[pod/example-vttablet-zone1-1085274074-76c88d55/vttablet] E0212 22:37:37.563525       1 query_throttler.go:140] Error loading config: open /config/throttler-config.json: no such file or directory
[pod/example-vttablet-zone1-1085274074-76c88d55/vttablet] E0212 22:38:37.563071       1 query_throttler.go:140] Error loading config: open /config/throttler-config.json: no such file or directory
[pod/example-vttablet-zone1-1085274074-76c88d55/vttablet] E0212 22:39:37.563100       1 query_throttler.go:140] Error loading config: open /config/throttler-config.json: no such file or directory
[pod/example-vttablet-zone1-1085274074-76c88d55/vttablet] E0212 22:40:37.560630       1 query_throttler.go:140] Error loading config: open /config/throttler-config.json: no such file or directory
[pod/example-vttablet-zone1-1085274074-76c88d55/vttablet] E0212 22:41:37.560943       1 query_throttler.go:140] Error loading config: open /config/throttler-config.json: no such file or directory
[pod/example-vttablet-zone1-1085274074-76c88d55/vttablet] E0212 22:42:37.558757       1 query_throttler.go:140] Error loading config: open /config/throttler-config.json: no such file or directory
[pod/example-vttablet-zone1-1085274074-76c88d55/vttablet] E0212 22:43:37.560438       1 query_throttler.go:140] Error loading config: open /config/throttler-config.json: no such file or directory
[pod/example-vttablet-zone1-1085274074-76c88d55/vttablet] E0212 22:44:37.559478       1 query_throttler.go:140] Error loading config: open /config/throttler-config.json: no such file or directory
[pod/example-vttablet-zone1-1085274074-76c88d55/vttablet] E0212 22:45:37.562753       1 query_throttler.go:140] Error loading config: open /config/throttler-config.json: no such file or directory
[pod/example-vttablet-zone1-1085274074-76c88d55/vttablet] E0212 22:46:37.566394       1 query_throttler.go:140] Error loading config: open /config/throttler-config.json: no such file or directory
[pod/example-vttablet-zone1-1085274074-76c88d55/vttablet] E0212 22:47:37.559169       1 query_throttler.go:140] Error loading config: open /config/throttler-config.json: no such file or directory
[pod/example-vttablet-zone1-1085274074-76c88d55/vttablet] E0212 22:48:37.559478       1 query_throttler.go:140] Error loading config: open /config/throttler-config.json: no such file or directory
[pod/example-vttablet-zone1-1085274074-76c88d55/vttablet] E0212 22:49:37.559996       1 query_throttler.go:140] Error loading config: open /config/throttler-config.json: no such file or directory
[pod/example-vttablet-zone1-1085274074-76c88d55/vttablet] E0212 22:50:37.559514       1 query_throttler.go:140] Error loading config: open /config/throttler-config.json: no such file or directory
[pod/example-vttablet-zone1-1085274074-76c88d55/vttablet] E0212 22:51:37.559194       1 query_throttler.go:140] Error loading config: open /config/throttler-config.json: no such file or directory
[pod/example-vttablet-zone1-1085274074-76c88d55/vttablet] E0212 22:52:37.559827       1 query_throttler.go:140] Error loading config: open /config/throttler-config.json: no such file or directory
[pod/example-vttablet-zone1-1085274074-76c88d55/vttablet] E0212 22:53:37.559462       1 query_throttler.go:140] Error loading config: open /config/throttler-config.json: no such file or directory
[pod/example-vttablet-zone1-1085274074-76c88d55/vttablet] E0212 22:54:37.559708       1 query_throttler.go:140] Error loading config: open /config/throttler-config.json: no such file or directory
[pod/example-vttablet-zone1-1085274074-76c88d55/vttablet] E0212 22:55:37.559437       1 query_throttler.go:140] Error loading config: open /config/throttler-config.json: no such file or directory
[pod/example-vttablet-zone1-1085274074-76c88d55/vttablet] E0212 22:56:37.559603       1 query_throttler.go:140] Error loading config: open /config/throttler-config.json: no such file or directory
[pod/example-vttablet-zone1-1085274074-76c88d55/vttablet] E0212 22:57:37.559419       1 query_throttler.go:140] Error loading config: open /config/throttler-config.json: no such file or directory
[pod/example-vttablet-zone1-1085274074-76c88d55/vttablet] E0212 22:58:37.559815       1 query_throttler.go:140] Error loading config: open /config/throttler-config.json: no such file or directory
[pod/example-vttablet-zone1-1085274074-76c88d55/vttablet] E0212 22:59:37.559265       1 query_throttler.go:140] Error loading config: open /config/throttler-config.json: no such file or directory
[pod/example-vttablet-zone1-1085274074-76c88d55/vttablet] E0212 23:00:37.559102       1 query_throttler.go:140] Error loading config: open /config/throttler-config.json: no such file or directory
[pod/example-vttablet-zone1-1085274074-76c88d55/vttablet] E0212 23:01:37.559736       1 query_throttler.go:140] Error loading config: open /config/throttler-config.json: no such file or directory
[pod/example-vttablet-zone1-1085274074-76c88d55/vttablet] E0212 23:02:37.559483       1 query_throttler.go:140] Error loading config: open /config/throttler-config.json: no such file or directory
[pod/example-vttablet-zone1-1085274074-76c88d55/vttablet] E0212 23:03:37.558825       1 query_throttler.go:140] Error loading config: open /config/throttler-config.json: no such file or directory
[pod/example-vttablet-zone1-1085274074-76c88d55/vttablet] E0212 23:04:37.560155       1 query_throttler.go:140] Error loading config: open /config/throttler-config.json: no such file or directory
[pod/example-vttablet-zone1-1085274074-76c88d55/vttablet] E0212 23:05:37.559485       1 query_throttler.go:140] Error loading config: open /config/throttler-config.json: no such file or directory
[pod/example-vttablet-zone1-1085274074-76c88d55/vttablet] E0212 23:06:37.558937       1 query_throttler.go:140] Error loading config: open /config/throttler-config.json: no such file or directory
[pod/example-vttablet-zone1-1085274074-76c88d55/vttablet] E0212 23:07:37.559423       1 query_throttler.go:140] Error loading config: open /config/throttler-config.json: no such file or directory
[pod/example-vttablet-zone1-1085274074-76c88d55/vttablet] E0212 23:08:37.561163       1 query_throttler.go:140] Error loading config: open /config/throttler-config.json: no such file or directory
[pod/example-vttablet-zone1-1085274074-76c88d55/vttablet] E0212 23:09:37.560449       1 query_throttler.go:140] Error loading config: open /config/throttler-config.json: no such file or directory
[pod/example-vttablet-zone1-1085274074-76c88d55/vttablet] E0212 23:10:37.558940       1 query_throttler.go:140] Error loading config: open /config/throttler-config.json: no such file or directory
[pod/example-vttablet-zone1-1085274074-76c88d55/vttablet] E0212 23:11:37.559042       1 query_throttler.go:140] Error loading config: open /config/throttler-config.json: no such file or directory
[pod/example-vttablet-zone1-1085274074-76c88d55/vttablet] E0212 23:12:37.559149       1 query_throttler.go:140] Error loading config: open /config/throttler-config.json: no such file or directory
[pod/example-vttablet-zone1-1085274074-76c88d55/vttablet] E0212 23:13:37.563985       1 query_throttler.go:140] Error loading config: open /config/throttler-config.json: no such file or directory
[pod/example-vttablet-zone1-1085274074-76c88d55/vttablet] E0212 23:14:37.561853       1 query_throttler.go:140] Error loading config: open /config/throttler-config.json: no such file or directory
[pod/example-vttablet-zone1-1085274074-76c88d55/vttablet] E0212 23:15:37.559134       1 query_throttler.go:140] Error loading config: open /config/throttler-config.json: no such file or directory
[pod/example-vttablet-zone1-1085274074-76c88d55/vttablet] E0212 23:16:37.565118       1 query_throttler.go:140] Error loading config: open /config/throttler-config.json: no such file or directory
[pod/example-vttablet-zone1-1085274074-76c88d55/vttablet] E0212 23:17:37.559832       1 query_throttler.go:140] Error loading config: open /config/throttler-config.json: no such file or directory
[pod/example-vttablet-zone1-1085274074-76c88d55/vttablet] E0212 23:18:37.559269       1 query_throttler.go:140] Error loading config: open /config/throttler-config.json: no such file or directory
[pod/example-vttablet-zone1-1085274074-76c88d55/vttablet] E0212 23:19:37.560914       1 query_throttler.go:140] Error loading config: open /config/throttler-config.json: no such file or directory
[pod/example-vttablet-zone1-1085274074-76c88d55/vttablet] E0212 23:20:37.559697       1 query_throttler.go:140] Error loading config: open /config/throttler-config.json: no such file or directory
[pod/example-vttablet-zone1-1085274074-76c88d55/vttablet] E0212 23:21:37.558977       1 query_throttler.go:140] Error loading config: open /config/throttler-config.json: no such file or directory
[pod/example-vttablet-zone1-1085274074-76c88d55/vttablet] E0212 23:22:37.560290       1 query_throttler.go:140] Error loading config: open /config/throttler-config.json: no such file or directory
[pod/example-vttablet-zone1-1085274074-76c88d55/vttablet] E0212 23:23:37.559992       1 query_throttler.go:140] Error loading config: open /config/throttler-config.json: no such file or directory
[pod/example-vttablet-zone1-1085274074-76c88d55/vttablet] E0212 23:24:37.559062       1 query_throttler.go:140] Error loading config: open /config/throttler-config.json: no such file or directory
[pod/example-vttablet-zone1-1085274074-76c88d55/vttablet] E0212 23:25:37.559786       1 query_throttler.go:140] Error loading config: open /config/throttler-config.json: no such file or directory
[pod/example-vttablet-zone1-1085274074-76c88d55/vttablet] E0212 23:26:37.559670       1 query_throttler.go:140] Error loading config: open /config/throttler-config.json: no such file or directory
[pod/example-vttablet-zone1-1085274074-76c88d55/vttablet] E0212 23:27:37.564944       1 query_throttler.go:140] Error loading config: open /config/throttler-config.json: no such file or directory
[pod/example-vttablet-zone1-1085274074-76c88d55/vttablet] E0212 23:28:37.569552       1 query_throttler.go:140] Error loading config: open /config/throttler-config.json: no such file or directory
[pod/example-vttablet-zone1-1085274074-76c88d55/vttablet] E0212 23:29:37.565483       1 query_throttler.go:140] Error loading config: open /config/throttler-config.json: no such file or directory
[pod/example-vttablet-zone1-1085274074-76c88d55/vttablet] E0212 23:30:37.561342       1 query_throttler.go:140] Error loading config: open /config/throttler-config.json: no such file or directory
[pod/example-vttablet-zone1-1085274074-76c88d55/vttablet] E0212 23:31:37.561810       1 query_throttler.go:140] Error loading config: open /config/throttler-config.json: no such file or directory
[pod/example-vttablet-zone1-1085274074-76c88d55/vttablet] E0212 23:32:37.561654       1 query_throttler.go:140] Error loading config: open /config/throttler-config.json: no such file or directory
[pod/example-vttablet-zone1-1085274074-76c88d55/vttablet] E0212 23:33:37.560174       1 query_throttler.go:140] Error loading config: open /config/throttler-config.json: no such file or directory
[pod/example-vttablet-zone1-1085274074-76c88d55/vttablet] E0212 23:34:37.563004       1 query_throttler.go:140] Error loading config: open /config/throttler-config.json: no such file or directory
[pod/example-vttablet-zone1-1085274074-76c88d55/vttablet] E0212 23:35:37.560555       1 query_throttler.go:140] Error loading config: open /config/throttler-config.json: no such file or directory
[pod/example-vttablet-zone1-1085274074-76c88d55/vttablet] E0212 23:36:37.560399       1 query_throttler.go:140] Error loading config: open /config/throttler-config.json: no such file or directory
[pod/example-vttablet-zone1-1085274074-76c88d55/vttablet] E0212 23:37:37.560914       1 query_throttler.go:140] Error loading config: open /config/throttler-config.json: no such file or directory
[pod/example-vttablet-zone1-1085274074-76c88d55/vttablet] E0212 23:38:37.558780       1 query_throttler.go:140] Error loading config: open /config/throttler-config.json: no such file or directory
[pod/example-vttablet-zone1-1085274074-76c88d55/vttablet] E0212 23:39:37.559718       1 query_throttler.go:140] Error loading config: open /config/throttler-config.json: no such file or directory
[pod/example-vttablet-zone1-1085274074-76c88d55/vttablet] E0212 23:40:37.559360       1 query_throttler.go:140] Error loading config: open /config/throttler-config.json: no such file or directory
[pod/example-vttablet-zone1-1085274074-76c88d55/vttablet] E0212 23:41:37.559374       1 query_throttler.go:140] Error loading config: open /config/throttler-config.json: no such file or directory
[pod/example-vttablet-zone1-1085274074-76c88d55/vttablet] E0212 23:42:37.559767       1 query_throttler.go:140] Error loading config: open /config/throttler-config.json: no such file or directory
[pod/example-vttablet-zone1-1085274074-76c88d55/vttablet] E0212 23:43:37.560925       1 query_throttler.go:140] Error loading config: open /config/throttler-config.json: no such file or directory
[pod/example-vttablet-zone1-1085274074-76c88d55/vttablet] E0212 23:44:37.560617       1 query_throttler.go:140] Error loading config: open /config/throttler-config.json: no such file or directory
[pod/example-vttablet-zone1-1085274074-76c88d55/vttablet] E0212 23:45:37.558820       1 query_throttler.go:140] Error loading config: open /config/throttler-config.json: no such file or directory
[pod/example-vttablet-zone1-1085274074-76c88d55/vttablet] E0212 23:46:37.564749       1 query_throttler.go:140] Error loading config: open /config/throttler-config.json: no such file or directory
[pod/example-vttablet-zone1-1085274074-76c88d55/vttablet] E0212 23:47:37.560424       1 query_throttler.go:140] Error loading config: open /config/throttler-config.json: no such file or directory
[pod/example-vttablet-zone1-1085274074-76c88d55/vttablet] E0212 23:48:37.559709       1 query_throttler.go:140] Error loading config: open /config/throttler-config.json: no such file or directory
[pod/example-vttablet-zone1-1085274074-76c88d55/vttablet] E0212 23:49:37.561214       1 query_throttler.go:140] Error loading config: open /config/throttler-config.json: no such file or directory
[pod/example-vttablet-zone1-1085274074-76c88d55/vttablet] E0212 23:50:37.559823       1 query_throttler.go:140] Error loading config: open /config/throttler-config.json: no such file or directory
[pod/example-vttablet-zone1-1085274074-76c88d55/vttablet] E0212 23:51:37.563549       1 query_throttler.go:140] Error loading config: open /config/throttler-config.json: no such file or directory
[pod/example-vttablet-zone1-1085274074-76c88d55/vttablet] E0212 23:52:37.559462       1 query_throttler.go:140] Error loading config: open /config/throttler-config.json: no such file or directory
[pod/example-vttablet-zone1-1085274074-76c88d55/vttablet] E0212 23:53:37.561195       1 query_throttler.go:140] Error loading config: open /config/throttler-config.json: no such file or directory
[pod/example-vttablet-zone1-1085274074-76c88d55/vttablet] E0212 23:54:37.559340       1 query_throttler.go:140] Error loading config: open /config/throttler-config.json: no such file or directory
[pod/example-vttablet-zone1-1085274074-76c88d55/vttablet] E0212 23:55:37.559395       1 query_throttler.go:140] Error loading config: open /config/throttler-config.json: no such file or directory
[pod/example-vttablet-zone1-1085274074-76c88d55/vttablet] E0212 23:56:37.560189       1 query_throttler.go:140] Error loading config: open /config/throttler-config.json: no such file or directory
[pod/example-vttablet-zone1-1085274074-76c88d55/vttablet] E0212 23:57:37.560133       1 query_throttler.go:140] Error loading config: open /config/throttler-config.json: no such file or directory
[pod/example-vttablet-zone1-1085274074-76c88d55/vttablet] E0212 23:58:37.559069       1 query_throttler.go:140] Error loading config: open /config/throttler-config.json: no such file or directory
[pod/example-vttablet-zone1-1085274074-76c88d55/vttablet] E0212 23:59:37.559246       1 query_throttler.go:140] Error loading config: open /config/throttler-config.json: no such file or directory
[pod/example-vttablet-zone1-1085274074-76c88d55/vttablet] E0213 00:00:37.558904       1 query_throttler.go:140] Error loading config: open /config/throttler-config.json: no such file or directory
[pod/example-vttablet-zone1-1085274074-76c88d55/vttablet] E0213 00:01:37.559421       1 query_throttler.go:140] Error loading config: open /config/throttler-config.json: no such file or directory
[pod/example-vttablet-zone1-1085274074-76c88d55/vttablet] E0213 00:02:37.559229       1 query_throttler.go:140] Error loading config: open /config/throttler-config.json: no such file or directory
[pod/example-vttablet-zone1-1085274074-76c88d55/vttablet] E0213 00:03:37.560129       1 query_throttler.go:140] Error loading config: open /config/throttler-config.json: no such file or directory
[pod/example-vttablet-zone1-1085274074-76c88d55/vttablet] E0213 00:04:37.559157       1 query_throttler.go:140] Error loading config: open /config/throttler-config.json: no such file or directory
[pod/example-vttablet-zone1-1085274074-76c88d55/vttablet] E0213 00:05:37.559645       1 query_throttler.go:140] Error loading config: open /config/throttler-config.json: no such file or directory
[pod/example-vttablet-zone1-1085274074-76c88d55/vttablet] E0213 00:06:37.559690       1 query_throttler.go:140] Error loading config: open /config/throttler-config.json: no such file or directory
[pod/example-vttablet-zone1-1085274074-76c88d55/vttablet] E0213 00:07:37.559762       1 query_throttler.go:140] Error loading config: open /config/throttler-config.json: no such file or directory
[pod/example-vttablet-zone1-1085274074-76c88d55/vttablet] E0213 00:08:37.559015       1 query_throttler.go:140] Error loading config: open /config/throttler-config.json: no such file or directory
[pod/example-vttablet-zone1-1085274074-76c88d55/vttablet] E0213 00:09:37.558939       1 query_throttler.go:140] Error loading config: open /config/throttler-config.json: no such file or directory
[pod/example-vttablet-zone1-1085274074-76c88d55/vttablet] E0213 00:10:37.560116       1 query_throttler.go:140] Error loading config: open /config/throttler-config.json: no such file or directory
[pod/example-vttablet-zone1-1085274074-76c88d55/vttablet] E0213 00:11:37.559596       1 query_throttler.go:140] Error loading config: open /config/throttler-config.json: no such file or directory
[pod/example-vttablet-zone1-1085274074-76c88d55/vttablet] E0213 00:12:37.559117       1 query_throttler.go:140] Error loading config: open /config/throttler-config.json: no such file or directory
[pod/example-vttablet-zone1-1085274074-76c88d55/vttablet] E0213 00:13:37.559359       1 query_throttler.go:140] Error loading config: open /config/throttler-config.json: no such file or directory
[pod/example-vttablet-zone1-1085274074-76c88d55/vttablet] E0213 00:14:37.559739       1 query_throttler.go:140] Error loading config: open /config/throttler-config.json: no such file or directory
[pod/example-vttablet-zone1-1085274074-76c88d55/vttablet] E0213 00:15:37.559274       1 query_throttler.go:140] Error loading config: open /config/throttler-config.json: no such file or directory
[pod/example-vttablet-zone1-1085274074-76c88d55/vttablet] E0213 00:16:37.560402       1 query_throttler.go:140] Error loading config: open /config/throttler-config.json: no such file or directory
[pod/example-vttablet-zone1-1085274074-76c88d55/vttablet] E0213 00:17:37.558822       1 query_throttler.go:140] Error loading config: open /config/throttler-config.json: no such file or directory
[pod/example-vttablet-zone1-1085274074-76c88d55/vttablet] E0213 00:18:37.559513       1 query_throttler.go:140] Error loading config: open /config/throttler-config.json: no such file or directory
[pod/example-vttablet-zone1-1085274074-76c88d55/vttablet] E0213 00:19:37.558853       1 query_throttler.go:140] Error loading config: open /config/throttler-config.json: no such file or directory
[pod/example-vttablet-zone1-1085274074-76c88d55/vttablet] E0213 00:20:37.560742       1 query_throttler.go:140] Error loading config: open /config/throttler-config.json: no such file or directory
[pod/example-vttablet-zone1-1085274074-76c88d55/vttablet] E0213 00:21:37.559252       1 query_throttler.go:140] Error loading config: open /config/throttler-config.json: no such file or directory
[pod/example-vttablet-zone1-1085274074-76c88d55/vttablet] E0213 00:22:37.558889       1 query_throttler.go:140] Error loading config: open /config/throttler-config.json: no such file or directory
[pod/example-vttablet-zone1-1085274074-76c88d55/vttablet] E0213 00:23:37.559444       1 query_throttler.go:140] Error loading config: open /config/throttler-config.json: no such file or directory
[pod/example-vttablet-zone1-1085274074-76c88d55/vttablet] E0213 00:24:37.564772       1 query_throttler.go:140] Error loading config: open /config/throttler-config.json: no such file or directory
[pod/example-vttablet-zone1-1085274074-76c88d55/vttablet] E0213 00:25:37.564487       1 query_throttler.go:140] Error loading config: open /config/throttler-config.json: no such file or directory
[pod/example-vttablet-zone1-1085274074-76c88d55/vttablet] E0213 00:26:37.559299       1 query_throttler.go:140] Error loading config: open /config/throttler-config.json: no such file or directory
[pod/example-vttablet-zone1-1085274074-76c88d55/vttablet] E0213 00:27:37.559160       1 query_throttler.go:140] Error loading config: open /config/throttler-config.json: no such file or directory
[pod/example-vttablet-zone1-1085274074-76c88d55/vttablet] E0213 00:28:37.559676       1 query_throttler.go:140] Error loading config: open /config/throttler-config.json: no such file or directory
[pod/example-vttablet-zone1-1085274074-76c88d55/vttablet] E0213 00:29:37.558910       1 query_throttler.go:140] Error loading config: open /config/throttler-config.json: no such file or directory
[pod/example-vttablet-zone1-1085274074-76c88d55/vttablet] E0213 00:30:37.559350       1 query_throttler.go:140] Error loading config: open /config/throttler-config.json: no such file or directory
[pod/example-vttablet-zone1-1085274074-76c88d55/vttablet] E0213 00:31:37.561083       1 query_throttler.go:140] Error loading config: open /config/throttler-config.json: no such file or directory
[pod/example-vttablet-zone1-1085274074-76c88d55/vttablet] E0213 00:32:37.573180       1 query_throttler.go:140] Error loading config: open /config/throttler-config.json: no such file or directory
[pod/example-vttablet-zone1-1085274074-76c88d55/vttablet] E0213 00:33:37.559897       1 query_throttler.go:140] Error loading config: open /config/throttler-config.json: no such file or directory
[pod/example-vttablet-zone1-1085274074-76c88d55/vttablet] E0213 00:34:37.563393       1 query_throttler.go:140] Error loading config: open /config/throttler-config.json: no such file or directory
[pod/example-vttablet-zone1-1085274074-76c88d55/vttablet] E0213 00:35:37.561094       1 query_throttler.go:140] Error loading config: open /config/throttler-config.json: no such file or directory
[pod/example-vttablet-zone1-1085274074-76c88d55/vttablet] E0213 00:36:37.560716       1 query_throttler.go:140] Error loading config: open /config/throttler-config.json: no such file or directory
[pod/example-vttablet-zone1-1085274074-76c88d55/vttablet] E0213 00:37:37.559644       1 query_throttler.go:140] Error loading config: open /config/throttler-config.json: no such file or directory
[pod/example-vttablet-zone1-1085274074-76c88d55/vttablet] E0213 00:38:37.559017       1 query_throttler.go:140] Error loading config: open /config/throttler-config.json: no such file or directory
[pod/example-vttablet-zone1-1085274074-76c88d55/vttablet] E0213 00:39:37.559198       1 query_throttler.go:140] Error loading config: open /config/throttler-config.json: no such file or directory
[pod/example-vttablet-zone1-1085274074-76c88d55/vttablet] E0213 00:40:37.560045       1 query_throttler.go:140] Error loading config: open /config/throttler-config.json: no such file or directory
[pod/example-vttablet-zone1-1085274074-76c88d55/vttablet] E0213 00:41:37.562832       1 query_throttler.go:140] Error loading config: open /config/throttler-config.json: no such file or directory
[pod/example-vttablet-zone1-1085274074-76c88d55/vttablet] E0213 00:42:37.559519       1 query_throttler.go:140] Error loading config: open /config/throttler-config.json: no such file or directory
[pod/example-vttablet-zone1-1085274074-76c88d55/vttablet] E0213 00:43:37.559419       1 query_throttler.go:140] Error loading config: open /config/throttler-config.json: no such file or directory
[pod/example-vttablet-zone1-1085274074-76c88d55/vttablet] E0213 00:44:37.564989       1 query_throttler.go:140] Error loading config: open /config/throttler-config.json: no such file or directory
[pod/example-vttablet-zone1-1085274074-76c88d55/vttablet] E0213 00:45:37.560042       1 query_throttler.go:140] Error loading config: open /config/throttler-config.json: no such file or directory
[pod/example-vttablet-zone1-1085274074-76c88d55/vttablet] E0213 00:46:37.560042       1 query_throttler.go:140] Error loading config: open /config/throttler-config.json: no such file or directory
[pod/example-vttablet-zone1-1085274074-76c88d55/vttablet] E0213 00:47:37.560675       1 query_throttler.go:140] Error loading config: open /config/throttler-config.json: no such file or directory
[pod/example-vttablet-zone1-1085274074-76c88d55/vttablet] E0213 00:48:37.560395       1 query_throttler.go:140] Error loading config: open /config/throttler-config.json: no such file or directory
[pod/example-vttablet-zone1-1085274074-76c88d55/vttablet] E0213 00:49:37.560737       1 query_throttler.go:140] Error loading config: open /config/throttler-config.json: no such file or directory
[pod/example-vttablet-zone1-1085274074-76c88d55/vttablet] E0213 00:50:37.559656       1 query_throttler.go:140] Error loading config: open /config/throttler-config.json: no such file or directory
[pod/example-vttablet-zone1-1085274074-76c88d55/vttablet] E0213 00:51:37.559273       1 query_throttler.go:140] Error loading config: open /config/throttler-config.json: no such file or directory
[pod/example-vttablet-zone1-1085274074-76c88d55/vttablet] E0213 00:52:37.559112       1 query_throttler.go:140] Error loading config: open /config/throttler-config.json: no such file or directory
[pod/example-vttablet-zone1-1085274074-76c88d55/vttablet] E0213 00:53:37.559588       1 query_throttler.go:140] Error loading config: open /config/throttler-config.json: no such file or directory
[pod/example-vttablet-zone1-1085274074-76c88d55/vttablet] E0213 00:54:37.559191       1 query_throttler.go:140] Error loading config: open /config/throttler-config.json: no such file or directory
[pod/example-vttablet-zone1-1085274074-76c88d55/vttablet] E0213 00:55:37.559545       1 query_throttler.go:140] Error loading config: open /config/throttler-config.json: no such file or directory
[pod/example-vttablet-zone1-1085274074-76c88d55/vttablet] E0213 00:56:37.559170       1 query_throttler.go:140] Error loading config: open /config/throttler-config.json: no such file or directory
[pod/example-vttablet-zone1-1085274074-76c88d55/vttablet] E0213 00:57:37.559071       1 query_throttler.go:140] Error loading config: open /config/throttler-config.json: no such file or directory
[pod/example-vttablet-zone1-1085274074-76c88d55/vttablet] E0213 00:58:37.559038       1 query_throttler.go:140] Error loading config: open /config/throttler-config.json: no such file or directory
[pod/example-vttablet-zone1-1085274074-76c88d55/vttablet] E0213 00:59:37.558770       1 query_throttler.go:140] Error loading config: open /config/throttler-config.json: no such file or directory
[pod/example-vttablet-zone1-1085274074-76c88d55/vttablet] E0213 01:00:37.559683       1 query_throttler.go:140] Error loading config: open /config/throttler-config.json: no such file or directory
[pod/example-vttablet-zone1-1085274074-76c88d55/vttablet] E0213 01:01:37.559485       1 query_throttler.go:140] Error loading config: open /config/throttler-config.json: no such file or directory
[pod/example-vttablet-zone1-1085274074-76c88d55/vttablet] E0213 01:02:37.559396       1 query_throttler.go:140] Error loading config: open /config/throttler-config.json: no such file or directory
[pod/example-vttablet-zone1-1085274074-76c88d55/vttablet] E0213 01:03:37.559220       1 query_throttler.go:140] Error loading config: open /config/throttler-config.json: no such file or directory
[pod/example-vttablet-zone1-1085274074-76c88d55/vttablet] E0213 01:04:37.559172       1 query_throttler.go:140] Error loading config: open /config/throttler-config.json: no such file or directory
[pod/example-vttablet-zone1-1085274074-76c88d55/vttablet] E0213 01:05:37.559026       1 query_throttler.go:140] Error loading config: open /config/throttler-config.json: no such file or directory
[pod/example-vttablet-zone1-1085274074-76c88d55/vttablet] E0213 01:06:37.559810       1 query_throttler.go:140] Error loading config: open /config/throttler-config.json: no such file or directory
[pod/example-vttablet-zone1-1085274074-76c88d55/vttablet] E0213 01:07:37.559813       1 query_throttler.go:140] Error loading config: open /config/throttler-config.json: no such file or directory
[pod/example-vttablet-zone1-1085274074-76c88d55/vttablet] E0213 01:08:37.559733       1 query_throttler.go:140] Error loading config: open /config/throttler-config.json: no such file or directory
[pod/example-vttablet-zone1-1085274074-76c88d55/vttablet] E0213 01:09:37.558884       1 query_throttler.go:140] Error loading config: open /config/throttler-config.json: no such file or directory
[pod/example-vttablet-zone1-1085274074-76c88d55/vttablet] E0213 01:10:37.559613       1 query_throttler.go:140] Error loading config: open /config/throttler-config.json: no such file or directory
[pod/example-vttablet-zone1-1085274074-76c88d55/vttablet] E0213 01:11:37.558869       1 query_throttler.go:140] Error loading config: open /config/throttler-config.json: no such file or directory
[pod/example-vttablet-zone1-1085274074-76c88d55/vttablet] E0213 01:12:37.559529       1 query_throttler.go:140] Error loading config: open /config/throttler-config.json: no such file or directory
[pod/example-vttablet-zone1-1085274074-76c88d55/vttablet] E0213 01:13:37.559598       1 query_throttler.go:140] Error loading config: open /config/throttler-config.json: no such file or directory
[pod/example-vttablet-zone1-1085274074-76c88d55/vttablet] E0213 01:14:37.559094       1 query_throttler.go:140] Error loading config: open /config/throttler-config.json: no such file or directory
[pod/example-vttablet-zone1-1085274074-76c88d55/vttablet] E0213 01:15:37.558763       1 query_throttler.go:140] Error loading config: open /config/throttler-config.json: no such file or directory
[pod/example-vttablet-zone1-1085274074-76c88d55/vttablet] E0213 01:16:37.558940       1 query_throttler.go:140] Error loading config: open /config/throttler-config.json: no such file or directory
[pod/example-vttablet-zone1-1085274074-76c88d55/vttablet] E0213 01:17:37.559193       1 query_throttler.go:140] Error loading config: open /config/throttler-config.json: no such file or directory
[pod/example-vttablet-zone1-1085274074-76c88d55/vttablet] E0213 01:18:37.559805       1 query_throttler.go:140] Error loading config: open /config/throttler-config.json: no such file or directory
[pod/example-vttablet-zone1-1085274074-76c88d55/vttablet] E0213 01:19:37.558768       1 query_throttler.go:140] Error loading config: open /config/throttler-config.json: no such file or directory
[pod/example-vttablet-zone1-1085274074-76c88d55/vttablet] E0213 01:20:37.558976       1 query_throttler.go:140] Error loading config: open /config/throttler-config.json: no such file or directory
[pod/example-vttablet-zone1-1085274074-76c88d55/vttablet] E0213 01:21:37.558856       1 query_throttler.go:140] Error loading config: open /config/throttler-config.json: no such file or directory
[pod/example-vttablet-zone1-1085274074-76c88d55/vttablet] E0213 01:22:37.559165       1 query_throttler.go:140] Error loading config: open /config/throttler-config.json: no such file or directory
[pod/example-vttablet-zone1-1085274074-76c88d55/vttablet] E0213 01:23:37.559210       1 query_throttler.go:140] Error loading config: open /config/throttler-config.json: no such file or directory
[pod/example-vttablet-zone1-1085274074-76c88d55/vttablet] E0213 01:24:37.559217       1 query_throttler.go:140] Error loading config: open /config/throttler-config.json: no such file or directory
[pod/example-vttablet-zone1-1085274074-76c88d55/vttablet] E0213 01:25:37.559656       1 query_throttler.go:140] Error loading config: open /config/throttler-config.json: no such file or directory
[pod/example-vttablet-zone1-1085274074-76c88d55/vttablet] E0213 01:26:37.559363       1 query_throttler.go:140] Error loading config: open /config/throttler-config.json: no such file or directory
[pod/example-vttablet-zone1-1085274074-76c88d55/vttablet] E0213 01:27:37.559336       1 query_throttler.go:140] Error loading config: open /config/throttler-config.json: no such file or directory
[pod/example-vttablet-zone1-1085274074-76c88d55/vttablet] E0213 01:28:37.558947       1 query_throttler.go:140] Error loading config: open /config/throttler-config.json: no such file or directory
[pod/example-vttablet-zone1-1085274074-76c88d55/vttablet] E0213 01:29:37.559059       1 query_throttler.go:140] Error loading config: open /config/throttler-config.json: no such file or directory
[pod/example-vttablet-zone1-1085274074-76c88d55/vttablet] E0213 01:30:37.559493       1 query_throttler.go:140] Error loading config: open /config/throttler-config.json: no such file or directory
[pod/example-vttablet-zone1-1085274074-76c88d55/vttablet] E0213 01:31:37.558754       1 query_throttler.go:140] Error loading config: open /config/throttler-config.json: no such file or directory
[pod/example-vttablet-zone1-1085274074-76c88d55/vttablet] E0213 01:32:37.558796       1 query_throttler.go:140] Error loading config: open /config/throttler-config.json: no such file or directory
[pod/example-vttablet-zone1-1085274074-76c88d55/vttablet] E0213 01:33:37.559722       1 query_throttler.go:140] Error loading config: open /config/throttler-config.json: no such file or directory
[pod/example-vttablet-zone1-1085274074-76c88d55/vttablet] E0213 01:34:37.559753       1 query_throttler.go:140] Error loading config: open /config/throttler-config.json: no such file or directory
[pod/example-vttablet-zone1-1085274074-76c88d55/vttablet] E0213 01:35:37.559090       1 query_throttler.go:140] Error loading config: open /config/throttler-config.json: no such file or directory
[pod/example-vttablet-zone1-1085274074-76c88d55/vttablet] E0213 01:36:37.559123       1 query_throttler.go:140] Error loading config: open /config/throttler-config.json: no such file or directory
[pod/example-vttablet-zone1-1085274074-76c88d55/vttablet] E0213 01:37:37.558866       1 query_throttler.go:140] Error loading config: open /config/throttler-config.json: no such file or directory
[pod/example-vttablet-zone1-1085274074-76c88d55/vttablet] E0213 01:38:37.559098       1 query_throttler.go:140] Error loading config: open /config/throttler-config.json: no such file or directory
[pod/example-vttablet-zone1-1085274074-76c88d55/vttablet] E0213 01:39:37.559301       1 query_throttler.go:140] Error loading config: open /config/throttler-config.json: no such file or directory
[pod/example-vttablet-zone1-1085274074-76c88d55/vttablet] E0213 01:40:37.559111       1 query_throttler.go:140] Error loading config: open /config/throttler-config.json: no such file or directory
[pod/example-vttablet-zone1-1085274074-76c88d55/vttablet] E0213 01:41:37.559714       1 query_throttler.go:140] Error loading config: open /config/throttler-config.json: no such file or directory
[pod/example-vttablet-zone1-1085274074-76c88d55/vttablet] E0213 01:42:37.559041       1 query_throttler.go:140] Error loading config: open /config/throttler-config.json: no such file or directory
[pod/example-vttablet-zone1-1085274074-76c88d55/vttablet] E0213 01:43:37.559203       1 query_throttler.go:140] Error loading config: open /config/throttler-config.json: no such file or directory
[pod/example-vttablet-zone1-1085274074-76c88d55/vttablet] E0213 01:44:37.559132       1 query_throttler.go:140] Error loading config: open /config/throttler-config.json: no such file or directory
[pod/example-vttablet-zone1-1085274074-76c88d55/vttablet] E0213 01:45:37.559165       1 query_throttler.go:140] Error loading config: open /config/throttler-config.json: no such file or directory
[pod/example-vttablet-zone1-1085274074-76c88d55/vttablet] E0213 01:46:37.559212       1 query_throttler.go:140] Error loading config: open /config/throttler-config.json: no such file or directory
[pod/example-vttablet-zone1-1085274074-76c88d55/vttablet] E0213 01:47:37.559731       1 query_throttler.go:140] Error loading config: open /config/throttler-config.json: no such file or directory
[pod/example-vttablet-zone1-1085274074-76c88d55/vttablet] E0213 01:48:37.559500       1 query_throttler.go:140] Error loading config: open /config/throttler-config.json: no such file or directory
[pod/example-vttablet-zone1-1085274074-76c88d55/vttablet] E0213 01:49:37.559567       1 query_throttler.go:140] Error loading config: open /config/throttler-config.json: no such file or directory
[pod/example-vttablet-zone1-1085274074-76c88d55/vttablet] E0213 01:50:37.559293       1 query_throttler.go:140] Error loading config: open /config/throttler-config.json: no such file or directory
[pod/example-vttablet-zone1-1085274074-76c88d55/vttablet] E0213 01:51:37.559659       1 query_throttler.go:140] Error loading config: open /config/throttler-config.json: no such file or directory
[pod/example-vttablet-zone1-1085274074-76c88d55/vttablet] E0213 01:52:37.559188       1 query_throttler.go:140] Error loading config: open /config/throttler-config.json: no such file or directory
[pod/example-vttablet-zone1-1085274074-76c88d55/vttablet] E0213 01:53:37.558849       1 query_throttler.go:140] Error loading config: open /config/throttler-config.json: no such file or directory
[pod/example-vttablet-zone1-1085274074-76c88d55/vttablet] E0213 01:54:37.558791       1 query_throttler.go:140] Error loading config: open /config/throttler-config.json: no such file or directory
[pod/example-vttablet-zone1-1085274074-76c88d55/vttablet] E0213 01:55:37.559726       1 query_throttler.go:140] Error loading config: open /config/throttler-config.json: no such file or directory
[pod/example-vttablet-zone1-1085274074-76c88d55/vttablet] E0213 01:56:37.559161       1 query_throttler.go:140] Error loading config: open /config/throttler-config.json: no such file or directory
[pod/example-vttablet-zone1-1085274074-76c88d55/vttablet] E0213 01:57:37.558880       1 query_throttler.go:140] Error loading config: open /config/throttler-config.json: no such file or directory
[pod/example-vttablet-zone1-1085274074-76c88d55/vttablet] E0213 01:58:37.559481       1 query_throttler.go:140] Error loading config: open /config/throttler-config.json: no such file or directory
[pod/example-vttablet-zone1-1085274074-76c88d55/vttablet] E0213 01:59:37.559620       1 query_throttler.go:140] Error loading config: open /config/throttler-config.json: no such file or directory
[pod/example-vttablet-zone1-1085274074-76c88d55/vttablet] E0213 02:00:37.559701       1 query_throttler.go:140] Error loading config: open /config/throttler-config.json: no such file or directory
[pod/example-vttablet-zone1-1085274074-76c88d55/vttablet] E0213 02:01:37.559635       1 query_throttler.go:140] Error loading config: open /config/throttler-config.json: no such file or directory
[pod/example-vttablet-zone1-1085274074-76c88d55/vttablet] E0213 02:02:37.559027       1 query_throttler.go:140] Error loading config: open /config/throttler-config.json: no such file or directory
[pod/example-vttablet-zone1-1085274074-76c88d55/vttablet] E0213 02:03:37.559724       1 query_throttler.go:140] Error loading config: open /config/throttler-config.json: no such file or directory
[pod/example-vttablet-zone1-1085274074-76c88d55/vttablet] E0213 02:04:37.559208       1 query_throttler.go:140] Error loading config: open /config/throttler-config.json: no such file or directory
[pod/example-vttablet-zone1-1085274074-76c88d55/vttablet] E0213 02:05:37.559146       1 query_throttler.go:140] Error loading config: open /config/throttler-config.json: no such file or directory
[pod/example-vttablet-zone1-1085274074-76c88d55/vttablet] E0213 02:06:37.559739       1 query_throttler.go:140] Error loading config: open /config/throttler-config.json: no such file or directory
[pod/example-vttablet-zone1-1085274074-76c88d55/vttablet] E0213 02:07:37.559098       1 query_throttler.go:140] Error loading config: open /config/throttler-config.json: no such file or directory
[pod/example-vttablet-zone1-1085274074-76c88d55/vttablet] E0213 02:08:37.558779       1 query_throttler.go:140] Error loading config: open /config/throttler-config.json: no such file or directory
[pod/example-vttablet-zone1-1085274074-76c88d55/vttablet] E0213 02:09:37.559264       1 query_throttler.go:140] Error loading config: open /config/throttler-config.json: no such file or directory
[pod/example-vttablet-zone1-1085274074-76c88d55/vttablet] E0213 02:10:37.559419       1 query_throttler.go:140] Error loading config: open /config/throttler-config.json: no such file or directory
[pod/example-vttablet-zone1-1085274074-76c88d55/vttablet] E0213 02:11:37.559650       1 query_throttler.go:140] Error loading config: open /config/throttler-config.json: no such file or directory
[pod/example-vttablet-zone1-1085274074-76c88d55/vttablet] E0213 02:12:37.559810       1 query_throttler.go:140] Error loading config: open /config/throttler-config.json: no such file or directory
[pod/example-vttablet-zone1-1085274074-76c88d55/mysqld] Flag --db_charset has been deprecated, use --db-charset instead 
[pod/example-vttablet-zone1-1085274074-76c88d55/mysqld] Flag --db_dba_user has been deprecated, use --db-dba-user instead 
[pod/example-vttablet-zone1-1085274074-76c88d55/mysqld] Flag --init_db_sql_file has been deprecated, use --init-db-sql-file instead 
[pod/example-vttablet-zone1-1085274074-76c88d55/mysqld] Flag --mysql_socket has been deprecated, use --mysql-socket instead 
[pod/example-vttablet-zone1-1085274074-76c88d55/mysqld] Flag --socket_file has been deprecated, use --socket-file instead 
[pod/example-vttablet-zone1-1085274074-76c88d55/mysqld] Flag --tablet_uid has been deprecated, use --tablet-uid instead 
[pod/example-vttablet-zone1-1085274074-76c88d55/mysqld] Flag --wait_time has been deprecated, use --wait-time instead 
[pod/example-vttablet-zone1-1085274074-76c88d55/mysqld] I0212 18:42:24.815282       1 mysqlctld.go:122] mycnf file (/vt/vtdataroot/vt_1085274074/my.cnf) doesn't exist, initializing
[pod/example-vttablet-zone1-1085274074-76c88d55/mysqld] I0212 18:42:24.816279       1 dbconfigs.go:377] DBConfigs: allprivs:
[pod/example-vttablet-zone1-1085274074-76c88d55/mysqld]   password: '****'
[pod/example-vttablet-zone1-1085274074-76c88d55/mysqld] app:
[pod/example-vttablet-zone1-1085274074-76c88d55/mysqld]   password: '****'
[pod/example-vttablet-zone1-1085274074-76c88d55/mysqld] appdebug:
[pod/example-vttablet-zone1-1085274074-76c88d55/mysqld]   password: '****'
[pod/example-vttablet-zone1-1085274074-76c88d55/mysqld] charset: utf8mb4
[pod/example-vttablet-zone1-1085274074-76c88d55/mysqld] dba:
[pod/example-vttablet-zone1-1085274074-76c88d55/mysqld]   password: '****'
[pod/example-vttablet-zone1-1085274074-76c88d55/mysqld]   useSsl: true
[pod/example-vttablet-zone1-1085274074-76c88d55/mysqld]   user: vt_dba
[pod/example-vttablet-zone1-1085274074-76c88d55/mysqld] filtered:
[pod/example-vttablet-zone1-1085274074-76c88d55/mysqld]   password: '****'
[pod/example-vttablet-zone1-1085274074-76c88d55/mysqld] repl:
[pod/example-vttablet-zone1-1085274074-76c88d55/mysqld]   password: '****'
[pod/example-vttablet-zone1-1085274074-76c88d55/mysqld] 
[pod/example-vttablet-zone1-1085274074-76c88d55/mysqld] I0212 18:42:24.964935       1 mysqld.go:204] Using flavor: mysql, version: {8 4 6}
[pod/example-vttablet-zone1-1085274074-76c88d55/mysqld] I0212 18:42:24.965369       1 mysqld.go:767] mysqlctl.Init running with contents previously embedded from /vt/secrets/db-init-script/init_db.sql
[pod/example-vttablet-zone1-1085274074-76c88d55/mysqld] I0212 18:42:24.965383       1 mysqld.go:749] mysqlctl.InitConfig
[pod/example-vttablet-zone1-1085274074-76c88d55/mysqld] I0212 18:42:24.965390       1 mysqld.go:1070] creating directory /vt/vtdataroot/vt_1085274074
[pod/example-vttablet-zone1-1085274074-76c88d55/mysqld] I0212 18:42:24.965550       1 mysqld.go:1104] creating directory /vt/vtdataroot/vt_1085274074/data
[pod/example-vttablet-zone1-1085274074-76c88d55/mysqld] I0212 18:42:24.965625       1 mysqld.go:1104] creating directory /vt/vtdataroot/vt_1085274074/innodb
[pod/example-vttablet-zone1-1085274074-76c88d55/mysqld] I0212 18:42:24.965679       1 mysqld.go:1104] creating directory /vt/vtdataroot/vt_1085274074/relay-logs
[pod/example-vttablet-zone1-1085274074-76c88d55/mysqld] I0212 18:42:24.965727       1 mysqld.go:1104] creating directory /vt/vtdataroot/vt_1085274074/bin-logs
[pod/example-vttablet-zone1-1085274074-76c88d55/mysqld] I0212 18:42:24.965767       1 mysqld.go:1080] creating directory /vt/vtdataroot/vt_1085274074/data
[pod/example-vttablet-zone1-1085274074-76c88d55/mysqld] I0212 18:42:24.965778       1 mysqld.go:1080] creating directory /vt/vtdataroot/vt_1085274074/innodb/data
[pod/example-vttablet-zone1-1085274074-76c88d55/mysqld] I0212 18:42:24.965817       1 mysqld.go:1080] creating directory /vt/vtdataroot/vt_1085274074/innodb/logs
[pod/example-vttablet-zone1-1085274074-76c88d55/mysqld] I0212 18:42:24.965859       1 mysqld.go:1080] creating directory /vt/vtdataroot/vt_1085274074/tmp
[pod/example-vttablet-zone1-1085274074-76c88d55/mysqld] I0212 18:42:24.965899       1 mysqld.go:1080] creating directory /vt/vtdataroot/vt_1085274074/relay-logs
[pod/example-vttablet-zone1-1085274074-76c88d55/mysqld] I0212 18:42:24.965909       1 mysqld.go:1080] creating directory /vt/vtdataroot/vt_1085274074/bin-logs
[pod/example-vttablet-zone1-1085274074-76c88d55/mysqld] I0212 18:42:24.965938       1 mysqld.go:907] make_mycnf hook doesn't exist, reading template files
[pod/example-vttablet-zone1-1085274074-76c88d55/mysqld] I0212 18:42:24.965987       1 mysqld.go:981] loaded extra MySQL config from: /vt/config/mycnf/rbr.cnf
[pod/example-vttablet-zone1-1085274074-76c88d55/mysqld] I0212 18:42:24.966011       1 mysqld.go:981] loaded extra MySQL config from: /vt/config/mycnf/log-error.cnf
[pod/example-vttablet-zone1-1085274074-76c88d55/mysqld] I0212 18:42:24.966033       1 mysqld.go:981] loaded extra MySQL config from: /vt/config/mycnf/socket.cnf
[pod/example-vttablet-zone1-1085274074-76c88d55/mysqld] I0212 18:42:24.966247       1 mysqld.go:863] Installing data dir with mysqld --initialize-insecure
[pod/example-vttablet-zone1-1085274074-76c88d55/mysqld] I0212 18:42:41.327315       1 mysqld.go:361] Mysqld.Start(1770921761): No mysqld_start hook, running mysqld_safe directly
[pod/example-vttablet-zone1-1085274074-76c88d55/mysqld] I0212 18:42:41.327506       1 mysqld.go:401] Mysqld.Start(1770921761) &exec.Cmd{Path:"/usr/bin/mysqld_safe", Args:[]string{"/usr/bin/mysqld_safe", "--defaults-file=/vt/vtdataroot/vt_1085274074/my.cnf", "--basedir=/usr"}, Env:[]string{"PATH=/vt/bin:/usr/local/sbin:/usr/local/bin:/usr/sbin:/usr/bin:/sbin:/bin", "HOSTNAME=example-vttablet-zone1-1085274074-76c88d55", "POD_IP=10.0.4.122", "VTROOT=/vt", "VTDATAROOT=/vt/vtdataroot", "VT_MYSQL_ROOT=/usr", "MYSQL_FLAVOR=MySQL80", "EXTRA_MY_CNF=/vt/config/mycnf/rbr.cnf:/vt/config/mycnf/log-error.cnf:/vt/config/mycnf/socket.cnf", "EXAMPLE_VTCTLD_625EE430_PORT_15999_TCP_PROTO=tcp", "VTGATE_NLB_INTERNAL_PORT_3306_TCP_PORT=3306", "KUBERNETES_SERVICE_PORT_HTTPS=443", "EXAMPLE_ZONE1_VTGATE_BC6CDE92_SERVICE_PORT_GRPC=15999", "EXAMPLE_ZONE1_VTGATE_BC6CDE92_PORT_15999_TCP_ADDR=172.20.1.91", "EXAMPLE_VTGATE_AE7DF4B6_PORT_15999_TCP_PROTO=tcp", "EXAMPLE_VTCTLD_625EE430_PORT_15000_TCP=tcp://172.20.226.0:15000", "KUBERNETES_PORT_443_TCP_ADDR=172.20.0.1", "EXAMPLE_VTADMIN_72EAF1BA_PORT_15001_TCP_PORT=15001", "EXAMPLE_ZONE1_VTGATE_BC6CDE92_PORT_15000_TCP_PROTO=tcp", "EXAMPLE_ZONE1_VTGATE_BC6CDE92_PORT_15000_TCP_PORT=15000", "EXAMPLE_ETCD_FAF13DE3_CLIENT_SERVICE_PORT=2379", "EXAMPLE_VTCTLD_625EE430_SERVICE_HOST=172.20.226.0", "EXAMPLE_VTCTLD_625EE430_PORT_15999_TCP_PORT=15999", "VTGATE_NLB_INTERNAL_PORT_3306_TCP_PROTO=tcp", "KUBERNETES_PORT_443_TCP_PROTO=tcp", "EXAMPLE_VTADMIN_72EAF1BA_PORT_15000_TCP=tcp://172.20.144.112:15000", "EXAMPLE_VTADMIN_72EAF1BA_PORT_15000_TCP_PORT=15000", "EXAMPLE_VTGATE_AE7DF4B6_PORT=tcp://172.20.154.103:15000", "EXAMPLE_VTGATE_AE7DF4B6_PORT_15000_TCP=tcp://172.20.154.103:15000", "EXAMPLE_VTCTLD_625EE430_PORT_15999_TCP_ADDR=172.20.226.0", "VTGATE_NLB_INTERNAL_SERVICE_HOST=172.20.107.29", "EXAMPLE_ZONE1_VTGATE_BC6CDE92_PORT_15999_TCP_PORT=15999", "EXAMPLE_VTGATE_AE7DF4B6_PORT_15999_TCP=tcp://172.20.154.103:15999", "EXAMPLE_VTGATE_AE7DF4B6_PORT_3306_TCP_PORT=3306", "EXAMPLE_ETCD_FAF13DE3_CLIENT_PORT=tcp://172.20.174.237:2379", "VTGATE_NLB_INTERNAL_PORT_3306_TCP=tcp://172.20.107.29:3306", "EXAMPLE_ZONE1_VTGATE_BC6CDE92_SERVICE_PORT_MYSQL=3306", "EXAMPLE_ETCD_FAF13DE3_CLIENT_PORT_2379_TCP_PORT=2379", "EXAMPLE_ETCD_FAF13DE3_CLIENT_PORT_2379_TCP_ADDR=172.20.174.237", "EXAMPLE_VTADMIN_72EAF1BA_PORT_15000_TCP_ADDR=172.20.144.112", "EXAMPLE_ZONE1_VTGATE_BC6CDE92_SERVICE_PORT_WEB=15000", "EXAMPLE_ETCD_FAF13DE3_CLIENT_SERVICE_PORT_CLIENT=2379", "EXAMPLE_VTCTLD_625EE430_PORT_15000_TCP_PORT=15000", "VTGATE_NLB_INTERNAL_SERVICE_PORT=3306", "VTGATE_NLB_INTERNAL_PORT_3306_TCP_ADDR=172.20.107.29", "EXAMPLE_VTADMIN_72EAF1BA_SERVICE_HOST=172.20.144.112", "EXAMPLE_VTADMIN_72EAF1BA_PORT_15001_TCP=tcp://172.20.144.112:15001", "EXAMPLE_ZONE1_VTGATE_BC6CDE92_PORT_3306_TCP_PROTO=tcp", "EXAMPLE_VTGATE_AE7DF4B6_PORT_15000_TCP_ADDR=172.20.154.103", "EXAMPLE_ETCD_FAF13DE3_CLIENT_SERVICE_HOST=172.20.174.237", "EXAMPLE_ETCD_FAF13DE3_CLIENT_PORT_2379_TCP=tcp://172.20.174.237:2379", "VTGATE_NLB_INTERNAL_SERVICE_PORT_MYSQL=3306", "KUBERNETES_SERVICE_PORT=443", "EXAMPLE_VTADMIN_72EAF1BA_PORT_15001_TCP_ADDR=172.20.144.112", "EXAMPLE_ZONE1_VTGATE_BC6CDE92_PORT_3306_TCP_ADDR=172.20.1.91", "EXAMPLE_VTGATE_AE7DF4B6_SERVICE_HOST=172.20.154.103", "EXAMPLE_VTGATE_AE7DF4B6_SERVICE_PORT_WEB=15000", "EXAMPLE_VTGATE_AE7DF4B6_PORT_15999_TCP_PORT=15999", "EXAMPLE_VTGATE_AE7DF4B6_PORT_3306_TCP_PROTO=tcp", "EXAMPLE_ETCD_FAF13DE3_CLIENT_PORT_2379_TCP_PROTO=tcp", "EXAMPLE_ZONE1_VTGATE_BC6CDE92_SERVICE_HOST=172.20.1.91", "EXAMPLE_ZONE1_VTGATE_BC6CDE92_SERVICE_PORT=15000", "EXAMPLE_VTGATE_AE7DF4B6_PORT_15999_TCP_ADDR=172.20.154.103", "EXAMPLE_VTCTLD_625EE430_PORT_15000_TCP_PROTO=tcp", "KUBERNETES_PORT_443_TCP=tcp://172.20.0.1:443", "KUBERNETES_PORT_443_TCP_PORT=443", "EXAMPLE_ZONE1_VTGATE_BC6CDE92_PORT=tcp://172.20.1.91:15000", "EXAMPLE_ZONE1_VTGATE_BC6CDE92_PORT_3306_TCP=tcp://172.20.1.91:3306", "EXAMPLE_ZONE1_VTGATE_BC6CDE92_PORT_3306_TCP_PORT=3306", "EXAMPLE_VTGATE_AE7DF4B6_PORT_3306_TCP=tcp://172.20.154.103:3306", "EXAMPLE_VTCTLD_625EE430_SERVICE_PORT_GRPC=15999", "EXAMPLE_VTCTLD_625EE430_PORT_15999_TCP=tcp://172.20.226.0:15999", "VTGATE_NLB_INTERNAL_PORT=tcp://172.20.107.29:3306", "KUBERNETES_SERVICE_HOST=172.20.0.1", "EXAMPLE_VTADMIN_72EAF1BA_SERVICE_PORT=15000", "EXAMPLE_ZONE1_VTGATE_BC6CDE92_PORT_15999_TCP_PROTO=tcp", "EXAMPLE_VTGATE_AE7DF4B6_SERVICE_PORT=15000", "EXAMPLE_VTGATE_AE7DF4B6_SERVICE_PORT_MYSQL=3306", "EXAMPLE_VTADMIN_72EAF1BA_SERVICE_PORT_WEB=15000", "EXAMPLE_VTADMIN_72EAF1BA_PORT_15000_TCP_PROTO=tcp", "EXAMPLE_ZONE1_VTGATE_BC6CDE92_PORT_15000_TCP=tcp://172.20.1.91:15000", "EXAMPLE_VTGATE_AE7DF4B6_SERVICE_PORT_GRPC=15999", "EXAMPLE_VTGATE_AE7DF4B6_PORT_15000_TCP_PROTO=tcp", "EXAMPLE_VTCTLD_625EE430_SERVICE_PORT=15000", "EXAMPLE_VTCTLD_625EE430_PORT_15000_TCP_ADDR=172.20.226.0", "EXAMPLE_VTGATE_AE7DF4B6_PORT_15000_TCP_PORT=15000", "EXAMPLE_VTADMIN_72EAF1BA_SERVICE_PORT_API=15001", "EXAMPLE_ZONE1_VTGATE_BC6CDE92_PORT_15000_TCP_ADDR=172.20.1.91", "EXAMPLE_ZONE1_VTGATE_BC6CDE92_PORT_15999_TCP=tcp://172.20.1.91:15999", "EXAMPLE_VTCTLD_625EE430_SERVICE_PORT_WEB=15000", "EXAMPLE_VTCTLD_625EE430_PORT=tcp://172.20.226.0:15000", "EXAMPLE_VTADMIN_72EAF1BA_PORT_15001_TCP_PROTO=tcp", "EXAMPLE_VTGATE_AE7DF4B6_PORT_3306_TCP_ADDR=172.20.154.103", "KUBERNETES_PORT=tcp://172.20.0.1:443", "EXAMPLE_VTADMIN_72EAF1BA_PORT=tcp://172.20.144.112:15000", "HOME=/home/vitess", "LD_LIBRARY_PATH=/usr/lib/mysql", "LD_PRELOAD="}, Dir:"/usr", Stdin:io.Reader(nil), Stdout:io.Writer(nil), Stderr:io.Writer(nil), ExtraFiles:[]*os.File(nil), SysProcAttr:(*syscall.SysProcAttr)(nil), Process:(*os.Process)(nil), ProcessState:(*os.ProcessState)(nil), ctx:context.Context(nil), Err:error(nil), Cancel:(func() error)(nil), WaitDelay:0, childIOFiles:[]io.Closer(nil), parentIOPipes:[]io.Closer(nil), goroutine:[]func() error(nil), goroutineErr:(<-chan error)(nil), ctxResult:(<-chan exec.ctxResult)(nil), createdByStack:[]uint8(nil), lookPathErr:error(nil), cachedLookExtensions:struct { in string; out string }{in:"", out:""}}
[pod/example-vttablet-zone1-1085274074-76c88d55/mysqld] I0212 18:42:41.328843       1 mysqld.go:567] Waiting for mysqld socket file (/vt/socket/mysql.sock) to be ready...
[pod/example-vttablet-zone1-1085274074-76c88d55/mysqld] I0212 18:42:42.216812       1 mysqld.go:413] Mysqld.Start(1770921761) stderr: 2026-02-12T18:42:42.216238Z mysqld_safe Logging to '/vt/config/stderr.symlink'.
[pod/example-vttablet-zone1-1085274074-76c88d55/mysqld] I0212 18:42:42.217073       1 mysqld.go:419] Mysqld.Start(1770921761) stdout: 2026-02-12T18:42:42.216238Z mysqld_safe Logging to '/vt/config/stderr.symlink'.
[pod/example-vttablet-zone1-1085274074-76c88d55/mysqld] I0212 18:42:42.328667       1 mysqld.go:413] Mysqld.Start(1770921761) stderr: 2026-02-12T18:42:42.323164Z mysqld_safe Starting mysqld daemon with databases from /vt/vtdataroot/vt_1085274074/data
[pod/example-vttablet-zone1-1085274074-76c88d55/mysqld] I0212 18:42:42.328937       1 mysqld.go:419] Mysqld.Start(1770921761) stdout: 2026-02-12T18:42:42.323164Z mysqld_safe Starting mysqld daemon with databases from /vt/vtdataroot/vt_1085274074/data
[pod/example-vttablet-zone1-1085274074-76c88d55/mysqld] I0212 18:42:42.915116       1 mysqld.go:413] Mysqld.Start(1770921761) stderr: 2026-02-12T18:42:42.389692Z 0 [System] [MY-015015] [Server] MySQL Server - start.
[pod/example-vttablet-zone1-1085274074-76c88d55/mysqld] I0212 18:42:42.915358       1 mysqld.go:413] Mysqld.Start(1770921761) stderr: 2026-02-12T18:42:42.905894Z 0 [Warning] [MY-011070] [Server] 'binlog_format' is deprecated and will be removed in a future release.
[pod/example-vttablet-zone1-1085274074-76c88d55/mysqld] I0212 18:42:42.918295       1 mysqld.go:413] Mysqld.Start(1770921761) stderr: 2026-02-12T18:42:42.911081Z 0 [System] [MY-010116] [Server] /usr/sbin/mysqld (mysqld 8.4.6) starting as process 566
[pod/example-vttablet-zone1-1085274074-76c88d55/mysqld] I0212 18:42:42.928942       1 mysqld.go:413] Mysqld.Start(1770921761) stderr: 2026-02-12T18:42:42.925899Z 1 [System] [MY-013576] [InnoDB] InnoDB initialization has started.
[pod/example-vttablet-zone1-1085274074-76c88d55/mysqld] I0212 18:42:43.937897       1 mysqld.go:413] Mysqld.Start(1770921761) stderr: 2026-02-12T18:42:43.937758Z 1 [System] [MY-013577] [InnoDB] InnoDB initialization has ended.
[pod/example-vttablet-zone1-1085274074-76c88d55/mysqld] I0212 18:42:44.735891       1 mysqld.go:413] Mysqld.Start(1770921761) stderr: 2026-02-12T18:42:44.735836Z 0 [Warning] [MY-010068] [Server] CA certificate ca.pem is self signed.
[pod/example-vttablet-zone1-1085274074-76c88d55/mysqld] I0212 18:42:44.735927       1 mysqld.go:413] Mysqld.Start(1770921761) stderr: 2026-02-12T18:42:44.735901Z 0 [System] [MY-013602] [Server] Channel mysql_main configured to support TLS. Encrypted connections are now supported for this channel.
[pod/example-vttablet-zone1-1085274074-76c88d55/mysqld] I0212 18:42:44.781582       1 mysqld.go:413] Mysqld.Start(1770921761) stderr: 2026-02-12T18:42:44.781505Z 0 [System] [MY-010931] [Server] /usr/sbin/mysqld: ready for connections. Version: '8.4.6'  socket: '/vt/socket/mysql.sock'  port: 3306  MySQL Community Server - GPL.
[pod/example-vttablet-zone1-1085274074-76c88d55/mysqld] I0212 18:42:45.375659       1 servenv_unix.go:57] Version: 23.0.0 (Git revision bee41a670a0e18e7400364712263bab171ee89dc branch 'HEAD') built on Tue Nov  4 14:37:43 UTC 2025 by vitess@buildkitsandbox using go1.25.1 linux/amd64
[pod/example-vttablet-zone1-1085274074-76c88d55/mysqld] E0212 18:42:45.376013       1 syslogger.go:171] can't connect to syslog: Unix syslog delivery error
[pod/example-vttablet-zone1-1085274074-76c88d55/mysqld] I0212 18:42:45.376469       1 grpc_server.go:237] Setting grpc max message size to 16777216
[pod/example-vttablet-zone1-1085274074-76c88d55/mysqld] I0212 18:42:45.376559       1 grpc_server.go:446] Building interceptors with 0 unary interceptors and 0 stream interceptors
[pod/example-vttablet-zone1-1085274074-76c88d55/mysqld] I0212 18:42:45.376705       1 service_map.go:67] Registering mysqlctl for grpc, disable it with -grpc-mysqlctl service-map parameter
[pod/example-vttablet-zone1-1085274074-76c88d55/mysqld] I0212 18:42:45.379909       1 unix_socket.go:55] Listening on socket file /vt/socket/mysqlctl.sock for gRPC
[pod/example-vttablet-zone1-1085274074-76c88d55/mysqld] I0212 18:42:52.541711       1 mysqld.go:413] Mysqld.Start(1770921761) stderr: 2026-02-12T18:42:52.541649Z 20 [System] [MY-010916] [Server] @@GLOBAL.GTID_PURGED was changed from '' to '96212b72-0842-11f1-a59b-c660c62f48c7:1'.
[pod/example-vttablet-zone1-1085274074-76c88d55/mysqld] I0212 18:42:52.541828       1 mysqld.go:413] Mysqld.Start(1770921761) stderr: 2026-02-12T18:42:52.541806Z 20 [System] [MY-010917] [Server] @@GLOBAL.GTID_EXECUTED was changed from '' to '96212b72-0842-11f1-a59b-c660c62f48c7:1'.
[pod/example-vttablet-zone1-1085274074-76c88d55/mysqld] I0212 18:42:52.559426       1 mysqld.go:413] Mysqld.Start(1770921761) stderr: 2026-02-12T18:42:52.559175Z 20 [System] [MY-010597] [Repl] 'CHANGE REPLICATION SOURCE TO FOR CHANNEL '' executed'. Previous state source_host='', source_port= 3306, source_log_file='', source_log_pos= 4, source_bind=''. New state source_host='10.0.3.237', source_port= 3306, source_log_file='', source_log_pos= 4, source_bind=''.
[pod/example-vttablet-zone1-1085274074-76c88d55/mysqld] I0212 18:42:52.575595       1 mysqld.go:413] Mysqld.Start(1770921761) stderr: 2026-02-12T18:42:52.575525Z 32 [Warning] [MY-010897] [Repl] Storing MySQL user name or password information in the connection metadata repository is not secure and is therefore not recommended. Please consider using the USER and PASSWORD connection options for START REPLICA; see the 'START REPLICA Syntax' in the MySQL Manual for more information.
[pod/example-vttablet-zone1-1085274074-76c88d55/mysqld] I0212 18:42:52.623615       1 mysqld.go:413] Mysqld.Start(1770921761) stderr: 2026-02-12T18:42:52.623546Z 32 [System] [MY-014002] [Repl] Replica receiver thread for channel '': connected to source 'vt_repl@10.0.3.237:3306' with server_uuid=96212b72-0842-11f1-a59b-c660c62f48c7, server_id=1590358374. Starting GTID-based replication.
[pod/example-vttablet-zone1-1085274074-76c88d55/init-vt-root] + mkdir -p /mnt/vt/bin
[pod/example-vttablet-zone1-1085274074-76c88d55/init-vt-root] + cp --no-clobber /vt/bin/mysqlctld /mnt/vt/bin/
[pod/example-vttablet-zone1-1085274074-76c88d55/init-vt-root] + mkdir -p /mnt/vt/config
[pod/example-vttablet-zone1-1085274074-76c88d55/init-vt-root] + [[ -d /vt/config/mycnf ]]
[pod/example-vttablet-zone1-1085274074-76c88d55/init-vt-root] + mkdir -p /mnt/vt/config/mycnf
[pod/example-vttablet-zone1-1085274074-76c88d55/init-vt-root] + mkdir -p /mnt/vt/vtdataroot
[pod/example-vttablet-zone1-1085274074-76c88d55/init-vt-root] + ln -sf /dev/stderr /mnt/vt/config/stderr.symlink
[pod/example-vttablet-zone1-1085274074-76c88d55/init-vt-root] + echo 'log-error = /vt/config/stderr.symlink'
[pod/example-vttablet-zone1-1085274074-76c88d55/init-vt-root] + echo binlog_format=row
[pod/example-vttablet-zone1-1085274074-76c88d55/init-vt-root] + echo 'socket = /vt/socket/mysql.sock'
[pod/example-vttablet-zone1-1085274074-76c88d55/init-mysql-socket] + cd /vt/vtdataroot
[pod/example-vttablet-zone1-1085274074-76c88d55/init-mysql-socket] ++ find . -mindepth 2 -maxdepth 2 -path './vt_*/my.cnf'
[pod/example-vttablet-zone1-0942943782-67bcbcdb/mysqld] Flag --db_charset has been deprecated, use --db-charset instead 
[pod/example-vttablet-zone1-0942943782-67bcbcdb/mysqld] Flag --db_dba_user has been deprecated, use --db-dba-user instead 
[pod/example-vttablet-zone1-0942943782-67bcbcdb/mysqld] Flag --init_db_sql_file has been deprecated, use --init-db-sql-file instead 
[pod/example-vttablet-zone1-0942943782-67bcbcdb/mysqld] Flag --mysql_socket has been deprecated, use --mysql-socket instead 
[pod/example-vttablet-zone1-0942943782-67bcbcdb/mysqld] Flag --socket_file has been deprecated, use --socket-file instead 
[pod/example-vttablet-zone1-0942943782-67bcbcdb/mysqld] Flag --tablet_uid has been deprecated, use --tablet-uid instead 
[pod/example-vttablet-zone1-0942943782-67bcbcdb/mysqld] Flag --wait_time has been deprecated, use --wait-time instead 
[pod/example-vttablet-zone1-0942943782-67bcbcdb/mysqld] I0212 18:42:29.987609       1 mysqlctld.go:122] mycnf file (/vt/vtdataroot/vt_0942943782/my.cnf) doesn't exist, initializing
[pod/example-vttablet-zone1-0942943782-67bcbcdb/mysqld] I0212 18:42:29.991421       1 dbconfigs.go:377] DBConfigs: allprivs:
[pod/example-vttablet-zone1-0942943782-67bcbcdb/mysqld]   password: '****'
[pod/example-vttablet-zone1-0942943782-67bcbcdb/mysqld] app:
[pod/example-vttablet-zone1-0942943782-67bcbcdb/mysqld]   password: '****'
[pod/example-vttablet-zone1-0942943782-67bcbcdb/mysqld] appdebug:
[pod/example-vttablet-zone1-0942943782-67bcbcdb/mysqld]   password: '****'
[pod/example-vttablet-zone1-0942943782-67bcbcdb/mysqld] charset: utf8mb4
[pod/example-vttablet-zone1-0942943782-67bcbcdb/mysqld] dba:
[pod/example-vttablet-zone1-0942943782-67bcbcdb/mysqld]   password: '****'
[pod/example-vttablet-zone1-0942943782-67bcbcdb/mysqld]   useSsl: true
[pod/example-vttablet-zone1-0942943782-67bcbcdb/mysqld]   user: vt_dba
[pod/example-vttablet-zone1-0942943782-67bcbcdb/mysqld] filtered:
[pod/example-vttablet-zone1-0942943782-67bcbcdb/mysqld]   password: '****'
[pod/example-vttablet-zone1-0942943782-67bcbcdb/mysqld] repl:
[pod/example-vttablet-zone1-0942943782-67bcbcdb/mysqld]   password: '****'
[pod/example-vttablet-zone1-0942943782-67bcbcdb/mysqld] 
[pod/example-vttablet-zone1-0942943782-67bcbcdb/mysqld] I0212 18:42:30.244621       1 mysqld.go:204] Using flavor: mysql, version: {8 4 6}
[pod/example-vttablet-zone1-0942943782-67bcbcdb/mysqld] I0212 18:42:30.244689       1 mysqld.go:767] mysqlctl.Init running with contents previously embedded from /vt/secrets/db-init-script/init_db.sql
[pod/example-vttablet-zone1-0942943782-67bcbcdb/mysqld] I0212 18:42:30.244697       1 mysqld.go:749] mysqlctl.InitConfig
[pod/example-vttablet-zone1-0942943782-67bcbcdb/mysqld] I0212 18:42:30.244702       1 mysqld.go:1070] creating directory /vt/vtdataroot/vt_0942943782
[pod/example-vttablet-zone1-0942943782-67bcbcdb/mysqld] I0212 18:42:30.244869       1 mysqld.go:1104] creating directory /vt/vtdataroot/vt_0942943782/data
[pod/example-vttablet-zone1-0942943782-67bcbcdb/mysqld] I0212 18:42:30.244949       1 mysqld.go:1104] creating directory /vt/vtdataroot/vt_0942943782/innodb
[pod/example-vttablet-zone1-0942943782-67bcbcdb/mysqld] I0212 18:42:30.245005       1 mysqld.go:1104] creating directory /vt/vtdataroot/vt_0942943782/relay-logs
[pod/example-vttablet-zone1-0942943782-67bcbcdb/mysqld] I0212 18:42:30.245069       1 mysqld.go:1104] creating directory /vt/vtdataroot/vt_0942943782/bin-logs
[pod/example-vttablet-zone1-0942943782-67bcbcdb/mysqld] I0212 18:42:30.245128       1 mysqld.go:1080] creating directory /vt/vtdataroot/vt_0942943782/data
[pod/example-vttablet-zone1-0942943782-67bcbcdb/mysqld] I0212 18:42:30.245145       1 mysqld.go:1080] creating directory /vt/vtdataroot/vt_0942943782/innodb/data
[pod/example-vttablet-zone1-0942943782-67bcbcdb/mysqld] I0212 18:42:30.245254       1 mysqld.go:1080] creating directory /vt/vtdataroot/vt_0942943782/innodb/logs
[pod/example-vttablet-zone1-0942943782-67bcbcdb/mysqld] I0212 18:42:30.245856       1 mysqld.go:1080] creating directory /vt/vtdataroot/vt_0942943782/tmp
[pod/example-vttablet-zone1-0942943782-67bcbcdb/mysqld] I0212 18:42:30.245929       1 mysqld.go:1080] creating directory /vt/vtdataroot/vt_0942943782/relay-logs
[pod/example-vttablet-zone1-0942943782-67bcbcdb/mysqld] I0212 18:42:30.245945       1 mysqld.go:1080] creating directory /vt/vtdataroot/vt_0942943782/bin-logs
[pod/example-vttablet-zone1-0942943782-67bcbcdb/mysqld] I0212 18:42:30.245977       1 mysqld.go:907] make_mycnf hook doesn't exist, reading template files
[pod/example-vttablet-zone1-0942943782-67bcbcdb/mysqld] I0212 18:42:30.246098       1 mysqld.go:981] loaded extra MySQL config from: /vt/config/mycnf/rbr.cnf
[pod/example-vttablet-zone1-0942943782-67bcbcdb/mysqld] I0212 18:42:30.246132       1 mysqld.go:981] loaded extra MySQL config from: /vt/config/mycnf/log-error.cnf
[pod/example-vttablet-zone1-0942943782-67bcbcdb/mysqld] I0212 18:42:30.246168       1 mysqld.go:981] loaded extra MySQL config from: /vt/config/mycnf/socket.cnf
[pod/example-vttablet-zone1-0942943782-67bcbcdb/mysqld] I0212 18:42:30.246357       1 mysqld.go:863] Installing data dir with mysqld --initialize-insecure
[pod/example-vttablet-zone1-0942943782-67bcbcdb/mysqld] I0212 18:42:45.495093       1 mysqld.go:361] Mysqld.Start(1770921765): No mysqld_start hook, running mysqld_safe directly
[pod/example-vttablet-zone1-0942943782-67bcbcdb/mysqld] I0212 18:42:45.495188       1 mysqld.go:401] Mysqld.Start(1770921765) &exec.Cmd{Path:"/usr/bin/mysqld_safe", Args:[]string{"/usr/bin/mysqld_safe", "--defaults-file=/vt/vtdataroot/vt_0942943782/my.cnf", "--basedir=/usr"}, Env:[]string{"PATH=/vt/bin:/usr/local/sbin:/usr/local/bin:/usr/sbin:/usr/bin:/sbin:/bin", "HOSTNAME=example-vttablet-zone1-0942943782-67bcbcdb", "VTROOT=/vt", "VTDATAROOT=/vt/vtdataroot", "VT_MYSQL_ROOT=/usr", "MYSQL_FLAVOR=MySQL80", "EXTRA_MY_CNF=/vt/config/mycnf/rbr.cnf:/vt/config/mycnf/log-error.cnf:/vt/config/mycnf/socket.cnf", "POD_IP=10.0.3.237", "EXAMPLE_VTGATE_AE7DF4B6_PORT_15000_TCP_PORT=15000", "VTGATE_NLB_INTERNAL_PORT=tcp://172.20.107.29:3306", "VTGATE_NLB_INTERNAL_PORT_3306_TCP_PORT=3306", "KUBERNETES_PORT_443_TCP=tcp://172.20.0.1:443", "EXAMPLE_ZONE1_VTGATE_BC6CDE92_PORT_15000_TCP_PROTO=tcp", "EXAMPLE_ZONE1_VTGATE_BC6CDE92_PORT_15999_TCP_ADDR=172.20.1.91", "EXAMPLE_ZONE1_VTGATE_BC6CDE92_PORT_3306_TCP=tcp://172.20.1.91:3306", "EXAMPLE_VTCTLD_625EE430_PORT_15999_TCP_ADDR=172.20.226.0", "EXAMPLE_VTADMIN_72EAF1BA_SERVICE_HOST=172.20.144.112", "EXAMPLE_VTADMIN_72EAF1BA_PORT_15001_TCP_PORT=15001", "EXAMPLE_VTGATE_AE7DF4B6_PORT_15999_TCP_ADDR=172.20.154.103", "VTGATE_NLB_INTERNAL_SERVICE_PORT_MYSQL=3306", "VTGATE_NLB_INTERNAL_PORT_3306_TCP_PROTO=tcp", "EXAMPLE_ZONE1_VTGATE_BC6CDE92_SERVICE_HOST=172.20.1.91", "EXAMPLE_VTCTLD_625EE430_SERVICE_HOST=172.20.226.0", "EXAMPLE_VTADMIN_72EAF1BA_PORT=tcp://172.20.144.112:15000", "EXAMPLE_VTADMIN_72EAF1BA_PORT_15000_TCP_PORT=15000", "KUBERNETES_SERVICE_HOST=172.20.0.1", "KUBERNETES_PORT=tcp://172.20.0.1:443", "EXAMPLE_ETCD_FAF13DE3_CLIENT_PORT=tcp://172.20.174.237:2379", "EXAMPLE_VTCTLD_625EE430_PORT_15000_TCP_ADDR=172.20.226.0", "EXAMPLE_VTADMIN_72EAF1BA_SERVICE_PORT_API=15001", "EXAMPLE_VTGATE_AE7DF4B6_PORT=tcp://172.20.154.103:15000", "KUBERNETES_PORT_443_TCP_PROTO=tcp", "KUBERNETES_PORT_443_TCP_PORT=443", "EXAMPLE_ETCD_FAF13DE3_CLIENT_PORT_2379_TCP_PORT=2379", "EXAMPLE_ZONE1_VTGATE_BC6CDE92_PORT_3306_TCP_ADDR=172.20.1.91", "EXAMPLE_VTADMIN_72EAF1BA_PORT_15000_TCP_ADDR=172.20.144.112", "EXAMPLE_VTADMIN_72EAF1BA_PORT_15001_TCP=tcp://172.20.144.112:15001", "EXAMPLE_VTGATE_AE7DF4B6_PORT_15999_TCP=tcp://172.20.154.103:15999", "KUBERNETES_PORT_443_TCP_ADDR=172.20.0.1", "EXAMPLE_ETCD_FAF13DE3_CLIENT_PORT_2379_TCP=tcp://172.20.174.237:2379", "VTGATE_NLB_INTERNAL_SERVICE_PORT=3306", "KUBERNETES_SERVICE_PORT_HTTPS=443", "EXAMPLE_ZONE1_VTGATE_BC6CDE92_PORT_3306_TCP_PROTO=tcp", "EXAMPLE_VTCTLD_625EE430_PORT_15000_TCP_PROTO=tcp", "EXAMPLE_VTADMIN_72EAF1BA_PORT_15000_TCP_PROTO=tcp", "EXAMPLE_VTGATE_AE7DF4B6_PORT_15000_TCP_ADDR=172.20.154.103", "EXAMPLE_ZONE1_VTGATE_BC6CDE92_SERVICE_PORT=15000", "EXAMPLE_ZONE1_VTGATE_BC6CDE92_PORT_15000_TCP_PORT=15000", "EXAMPLE_ZONE1_VTGATE_BC6CDE92_PORT_15999_TCP=tcp://172.20.1.91:15999", "EXAMPLE_VTCTLD_625EE430_SERVICE_PORT=15000", "EXAMPLE_VTADMIN_72EAF1BA_PORT_15001_TCP_ADDR=172.20.144.112", "EXAMPLE_VTGATE_AE7DF4B6_PORT_3306_TCP_ADDR=172.20.154.103", "EXAMPLE_ETCD_FAF13DE3_CLIENT_PORT_2379_TCP_PROTO=tcp", "EXAMPLE_ZONE1_VTGATE_BC6CDE92_SERVICE_PORT_MYSQL=3306", "EXAMPLE_VTCTLD_625EE430_PORT_15000_TCP=tcp://172.20.226.0:15000", "EXAMPLE_VTCTLD_625EE430_PORT_15999_TCP=tcp://172.20.226.0:15999", "EXAMPLE_VTCTLD_625EE430_PORT_15999_TCP_PORT=15999", "EXAMPLE_VTGATE_AE7DF4B6_PORT_15000_TCP=tcp://172.20.154.103:15000", "VTGATE_NLB_INTERNAL_SERVICE_HOST=172.20.107.29", "VTGATE_NLB_INTERNAL_PORT_3306_TCP_ADDR=172.20.107.29", "EXAMPLE_ZONE1_VTGATE_BC6CDE92_SERVICE_PORT_WEB=15000", "EXAMPLE_ZONE1_VTGATE_BC6CDE92_SERVICE_PORT_GRPC=15999", "EXAMPLE_ZONE1_VTGATE_BC6CDE92_PORT_15999_TCP_PROTO=tcp", "EXAMPLE_VTCTLD_625EE430_SERVICE_PORT_WEB=15000", "EXAMPLE_VTADMIN_72EAF1BA_SERVICE_PORT_WEB=15000", "EXAMPLE_VTGATE_AE7DF4B6_PORT_15999_TCP_PORT=15999", "KUBERNETES_SERVICE_PORT=443", "EXAMPLE_ETCD_FAF13DE3_CLIENT_SERVICE_PORT=2379", "EXAMPLE_VTADMIN_72EAF1BA_SERVICE_PORT=15000", "EXAMPLE_ETCD_FAF13DE3_CLIENT_PORT_2379_TCP_ADDR=172.20.174.237", "EXAMPLE_ZONE1_VTGATE_BC6CDE92_PORT_15000_TCP=tcp://172.20.1.91:15000", "EXAMPLE_ZONE1_VTGATE_BC6CDE92_PORT_15999_TCP_PORT=15999", "EXAMPLE_ZONE1_VTGATE_BC6CDE92_PORT_3306_TCP_PORT=3306", "EXAMPLE_VTCTLD_625EE430_PORT=tcp://172.20.226.0:15000", "EXAMPLE_VTADMIN_72EAF1BA_PORT_15000_TCP=tcp://172.20.144.112:15000", "EXAMPLE_VTADMIN_72EAF1BA_PORT_15001_TCP_PROTO=tcp", "EXAMPLE_VTGATE_AE7DF4B6_SERVICE_HOST=172.20.154.103", "EXAMPLE_VTGATE_AE7DF4B6_SERVICE_PORT=15000", "EXAMPLE_VTGATE_AE7DF4B6_SERVICE_PORT_GRPC=15999", "EXAMPLE_VTGATE_AE7DF4B6_PORT_15999_TCP_PROTO=tcp", "EXAMPLE_ZONE1_VTGATE_BC6CDE92_PORT=tcp://172.20.1.91:15000", "EXAMPLE_ZONE1_VTGATE_BC6CDE92_PORT_15000_TCP_ADDR=172.20.1.91", "EXAMPLE_VTCTLD_625EE430_PORT_15000_TCP_PORT=15000", "EXAMPLE_ETCD_FAF13DE3_CLIENT_SERVICE_HOST=172.20.174.237", "EXAMPLE_VTCTLD_625EE430_SERVICE_PORT_GRPC=15999", "EXAMPLE_VTCTLD_625EE430_PORT_15999_TCP_PROTO=tcp", "EXAMPLE_VTGATE_AE7DF4B6_SERVICE_PORT_WEB=15000", "VTGATE_NLB_INTERNAL_PORT_3306_TCP=tcp://172.20.107.29:3306", "EXAMPLE_ETCD_FAF13DE3_CLIENT_SERVICE_PORT_CLIENT=2379", "EXAMPLE_VTGATE_AE7DF4B6_SERVICE_PORT_MYSQL=3306", "EXAMPLE_VTGATE_AE7DF4B6_PORT_15000_TCP_PROTO=tcp", "EXAMPLE_VTGATE_AE7DF4B6_PORT_3306_TCP=tcp://172.20.154.103:3306", "EXAMPLE_VTGATE_AE7DF4B6_PORT_3306_TCP_PROTO=tcp", "EXAMPLE_VTGATE_AE7DF4B6_PORT_3306_TCP_PORT=3306", "HOME=/home/vitess", "LD_LIBRARY_PATH=/usr/lib/mysql", "LD_PRELOAD="}, Dir:"/usr", Stdin:io.Reader(nil), Stdout:io.Writer(nil), Stderr:io.Writer(nil), ExtraFiles:[]*os.File(nil), SysProcAttr:(*syscall.SysProcAttr)(nil), Process:(*os.Process)(nil), ProcessState:(*os.ProcessState)(nil), ctx:context.Context(nil), Err:error(nil), Cancel:(func() error)(nil), WaitDelay:0, childIOFiles:[]io.Closer(nil), parentIOPipes:[]io.Closer(nil), goroutine:[]func() error(nil), goroutineErr:(<-chan error)(nil), ctxResult:(<-chan exec.ctxResult)(nil), createdByStack:[]uint8(nil), lookPathErr:error(nil), cachedLookExtensions:struct { in string; out string }{in:"", out:""}}
[pod/example-vttablet-zone1-0942943782-67bcbcdb/mysqld] I0212 18:42:45.496068       1 mysqld.go:567] Waiting for mysqld socket file (/vt/socket/mysql.sock) to be ready...
[pod/example-vttablet-zone1-0942943782-67bcbcdb/mysqld] I0212 18:42:46.239875       1 mysqld.go:413] Mysqld.Start(1770921765) stderr: 2026-02-12T18:42:46.238789Z mysqld_safe Logging to '/vt/config/stderr.symlink'.
[pod/example-vttablet-zone1-0942943782-67bcbcdb/mysqld] I0212 18:42:46.239944       1 mysqld.go:419] Mysqld.Start(1770921765) stdout: 2026-02-12T18:42:46.238789Z mysqld_safe Logging to '/vt/config/stderr.symlink'.
[pod/example-vttablet-zone1-0942943782-67bcbcdb/mysqld] I0212 18:42:46.325214       1 mysqld.go:413] Mysqld.Start(1770921765) stderr: 2026-02-12T18:42:46.322381Z mysqld_safe Starting mysqld daemon with databases from /vt/vtdataroot/vt_0942943782/data
[pod/example-vttablet-zone1-0942943782-67bcbcdb/mysqld] I0212 18:42:46.325260       1 mysqld.go:419] Mysqld.Start(1770921765) stdout: 2026-02-12T18:42:46.322381Z mysqld_safe Starting mysqld daemon with databases from /vt/vtdataroot/vt_0942943782/data
[pod/example-vttablet-zone1-0942943782-67bcbcdb/mysqld] I0212 18:42:47.000066       1 mysqld.go:413] Mysqld.Start(1770921765) stderr: 2026-02-12T18:42:46.368903Z 0 [System] [MY-015015] [Server] MySQL Server - start.
[pod/example-vttablet-zone1-0942943782-67bcbcdb/mysqld] I0212 18:42:47.000263       1 mysqld.go:413] Mysqld.Start(1770921765) stderr: 2026-02-12T18:42:46.982906Z 0 [Warning] [MY-011070] [Server] 'binlog_format' is deprecated and will be removed in a future release.
[pod/example-vttablet-zone1-0942943782-67bcbcdb/mysqld] I0212 18:42:47.000361       1 mysqld.go:413] Mysqld.Start(1770921765) stderr: 2026-02-12T18:42:46.985740Z 0 [System] [MY-010116] [Server] /usr/sbin/mysqld (mysqld 8.4.6) starting as process 567
[pod/example-vttablet-zone1-0942943782-67bcbcdb/mysqld] I0212 18:42:47.006617       1 mysqld.go:413] Mysqld.Start(1770921765) stderr: 2026-02-12T18:42:47.006560Z 1 [System] [MY-013576] [InnoDB] InnoDB initialization has started.
[pod/example-vttablet-zone1-0942943782-67bcbcdb/mysqld] I0212 18:42:48.105082       1 mysqld.go:413] Mysqld.Start(1770921765) stderr: 2026-02-12T18:42:48.105040Z 1 [System] [MY-013577] [InnoDB] InnoDB initialization has ended.
[pod/example-vttablet-zone1-0942943782-67bcbcdb/mysqld] I0212 18:42:48.816767       1 mysqld.go:413] Mysqld.Start(1770921765) stderr: 2026-02-12T18:42:48.816723Z 0 [Warning] [MY-010068] [Server] CA certificate ca.pem is self signed.
[pod/example-vttablet-zone1-0942943782-67bcbcdb/mysqld] I0212 18:42:48.816951       1 mysqld.go:413] Mysqld.Start(1770921765) stderr: 2026-02-12T18:42:48.816890Z 0 [System] [MY-013602] [Server] Channel mysql_main configured to support TLS. Encrypted connections are now supported for this channel.
[pod/example-vttablet-zone1-0942943782-67bcbcdb/mysqld] I0212 18:42:48.864719       1 mysqld.go:413] Mysqld.Start(1770921765) stderr: 2026-02-12T18:42:48.864474Z 0 [System] [MY-010931] [Server] /usr/sbin/mysqld: ready for connections. Version: '8.4.6'  socket: '/vt/socket/mysql.sock'  port: 3306  MySQL Community Server - GPL.
[pod/example-vttablet-zone1-0942943782-67bcbcdb/mysqld] I0212 18:42:48.881975       1 mysqld.go:413] Mysqld.Start(1770921765) stderr: 2026-02-12T18:42:48.881363Z 8 [Warning] [MY-013360] [Server] Plugin sha256_password reported: ''sha256_password' is deprecated and will be removed in a future release. Please use caching_sha2_password instead'
[pod/example-vttablet-zone1-0942943782-67bcbcdb/mysqld] I0212 18:42:48.981811       1 mysqld.go:413] Mysqld.Start(1770921765) stderr: 2026-02-12T18:42:48.981763Z 9 [Warning] [MY-013360] [Server] Plugin sha256_password reported: ''sha256_password' is deprecated and will be removed in a future release. Please use caching_sha2_password instead'
[pod/example-vttablet-zone1-0942943782-67bcbcdb/mysqld] I0212 18:42:49.082955       1 mysqld.go:413] Mysqld.Start(1770921765) stderr: 2026-02-12T18:42:49.082675Z 10 [Warning] [MY-013360] [Server] Plugin sha256_password reported: ''sha256_password' is deprecated and will be removed in a future release. Please use caching_sha2_password instead'
[pod/example-vttablet-zone1-0942943782-67bcbcdb/mysqld] I0212 18:42:49.183393       1 mysqld.go:413] Mysqld.Start(1770921765) stderr: 2026-02-12T18:42:49.183344Z 11 [Warning] [MY-013360] [Server] Plugin sha256_password reported: ''sha256_password' is deprecated and will be removed in a future release. Please use caching_sha2_password instead'
[pod/example-vttablet-zone1-0942943782-67bcbcdb/mysqld] I0212 18:42:49.284231       1 mysqld.go:413] Mysqld.Start(1770921765) stderr: 2026-02-12T18:42:49.284184Z 12 [Warning] [MY-013360] [Server] Plugin sha256_password reported: ''sha256_password' is deprecated and will be removed in a future release. Please use caching_sha2_password instead'
[pod/example-vttablet-zone1-0942943782-67bcbcdb/mysqld] I0212 18:42:49.341948       1 mysqld.go:413] Mysqld.Start(1770921765) stderr: 2026-02-12T18:42:49.341899Z 13 [Warning] [MY-013360] [Server] Plugin sha256_password reported: ''sha256_password' is deprecated and will be removed in a future release. Please use caching_sha2_password instead'
[pod/example-vttablet-zone1-0942943782-67bcbcdb/mysqld] I0212 18:42:49.385531       1 mysqld.go:413] Mysqld.Start(1770921765) stderr: 2026-02-12T18:42:49.385451Z 14 [Warning] [MY-013360] [Server] Plugin sha256_password reported: ''sha256_password' is deprecated and will be removed in a future release. Please use caching_sha2_password instead'
[pod/example-vttablet-zone1-0942943782-67bcbcdb/mysqld] I0212 18:42:49.486292       1 mysqld.go:413] Mysqld.Start(1770921765) stderr: 2026-02-12T18:42:49.486244Z 15 [Warning] [MY-013360] [Server] Plugin sha256_password reported: ''sha256_password' is deprecated and will be removed in a future release. Please use caching_sha2_password instead'
[pod/example-vttablet-zone1-0942943782-67bcbcdb/mysqld] I0212 18:42:49.525300       1 servenv_unix.go:57] Version: 23.0.0 (Git revision bee41a670a0e18e7400364712263bab171ee89dc branch 'HEAD') built on Tue Nov  4 14:37:43 UTC 2025 by vitess@buildkitsandbox using go1.25.1 linux/amd64
[pod/example-vttablet-zone1-0942943782-67bcbcdb/mysqld] E0212 18:42:49.525640       1 syslogger.go:171] can't connect to syslog: Unix syslog delivery error
[pod/example-vttablet-zone1-0942943782-67bcbcdb/mysqld] I0212 18:42:49.526110       1 grpc_server.go:237] Setting grpc max message size to 16777216
[pod/example-vttablet-zone1-0942943782-67bcbcdb/mysqld] I0212 18:42:49.526193       1 grpc_server.go:446] Building interceptors with 0 unary interceptors and 0 stream interceptors
[pod/example-vttablet-zone1-0942943782-67bcbcdb/mysqld] I0212 18:42:49.526328       1 service_map.go:67] Registering mysqlctl for grpc, disable it with -grpc-mysqlctl service-map parameter
[pod/example-vttablet-zone1-0942943782-67bcbcdb/mysqld] I0212 18:42:49.529216       1 unix_socket.go:55] Listening on socket file /vt/socket/mysqlctl.sock for gRPC
